a_109_eoa2	A.109EOA-2	typeFighter	a_109_eoa2_default	Italy	6	1820	Helicopter
a_10a_early	A-10A Thunderbolt II (Early)	typeFighter	a_10a_default	USA	6	7257	Aircraft
a_10a_late	A-10A Thunderbolt II (Late)	typeFighter	a_10a_default	USA	7	7257	Aircraft
a_10c	A-10C Thunderbolt II	typeFighter	a_10c_default	USA	7	7257	Aircraft
a_129_a	A-129 International Prototype	typeFighter	a_129_a_default	Italy	6	1000	Helicopter
a_129_cbt	A129CBT Mangusta	typeFighter	a_129_cbt_default	Italy	7	1000	Helicopter
a_129_d	AH-129D Mangusta	typeFighter	a_129_d_default	Italy	7	1000	Helicopter
a_20g_30_ussr	A-20G-30 Havoc	typeBomber	a_20g_30_default	USSR / Russia	3	2165	Aircraft
a_29_hudson	A-29	typeBomber	a_29_hudson_bombs	China	2	0	Aircraft
a_4b	A-4B Skyhawk	typeFighter	a_4b_default	USA	6	3100	Aircraft
a_4e_early	A-4E Skyhawk Early	typeFighter	a_4e_early_default	USA	6	3720	Aircraft
a_4e_early_iaf	A-4E Early (M) Skyhawk	typeFighter	a_4e_early_default	Israel	6	3720	Aircraft
a_4e_late_iaf	A-4E Skyhawk	typeFighter	a_4e_late_iaf_default	Israel	6	3720	Aircraft
a_4h	A-4H Skyhawk	typeFighter	a_4h_iaf_default	Israel	6	3720	Aircraft
a_4n	A-4N Skyhawk II (Ayit)	typeFighter	a_4n_default	Israel	6	4153	Aircraft
a_5c	A-5C	typeFighter	a_5c_default	China	7	2000	Aircraft
a_6e_tram	A-6E TRAM Intruder	typeFighter	a_6e_tram_default	USA	7	8165	Aircraft
a_7d	A-7D Corsair II	typeBomber	a_7d_default	USA	7	7260	Aircraft
a_7e	A-7E Corsair II	typeBomber	a_7e_default	USA	7	7260	Aircraft
a_7e_thailand	A-7E Corsair II	typeBomber	a_7e_default	Japan	7	7260	Aircraft
a_7k	A-7K Corsair II	typeBomber	a_7k_default	USA	7	8130	Aircraft
a-20g	A-20G-25 Havoc	typeBomber	a20g_default	USA	2	0	Aircraft
a-26b	A-26B-50	typeStormovik	a_26b_100lbs	USA	4	2500	Aircraft
a-26b_10	A-26B-10	typeStormovik	a_26b_default	USA	4	2500	Aircraft
a-26c	A-26C-45 Invader	typeStormovik	a_26c_default	USA	4	0	Aircraft
a-26c-45-dt	A-26C-45DT	typeStormovik	a_26c_default	USA	4	0	Aircraft
a2d	A2D-1 Skyshark	typeFighter	a2d_default	USA	5	4000	Aircraft
a-35b	A-35B	typeFighter	a_35b_250lbs	France	2	0	Aircraft
a5m4	A5M4	typeFighter	a5m4_default	Japan	1	0	Aircraft
a5m4_hagiri	Hagiri's A5M4	typeFighter	a5m4_default	Japan	1	0	Aircraft
a6m2_mod11	A6M2 mod. 11	typeFighter	a6m2_default	Japan	2	0	Aircraft
a6m2_n_zero	A6M2-N	typeFighter	a6m2n_default	Japan	2	0	Aircraft
a6m2_zero	A6M2 Reisen	typeFighter	a6m2_default	Japan	2	0	Aircraft
a6m2_zero_china	A6M2 Reisen	typeFighter	a6m2_default	China	3	0	Aircraft
a6m2_zero_usa	A6M2 Reisen	typeFighter	a6m2_default	USA	3	0	Aircraft
a6m3_mod22_zero	A6M3 Reisen mod. 22	typeFighter	a6m3_default	Japan	3	0	Aircraft
a6m3_mod22ko_zero	A6M3 Reisen mod. 22Ko	typeFighter	A6M3_mod22ko_default	Japan	3	0	Aircraft
a6m3_zero	A6M3 Reisen	typeFighter	a6m3_default	Japan	3	150	Aircraft
a6m5_zero	A6M5 Reisen	typeFighter	a6m5_default	Japan	3	0	Aircraft
a6m5_zero_china	A6M5 Reisen	typeFighter	a6m5_default	China	3	0	Aircraft
a6m5hei	A6M5 Hei	typeFighter	A6M5_default	Japan	4	0	Aircraft
a6m5ko	A6M5 Ko Reisen	typeFighter	a6m5ko_default	Japan	4	0	Aircraft
a6m5otsu	A6M5 Otsu	typeFighter	A6M5_default	Japan	4	0	Aircraft
a6m6c	A6M6c	typeFighter	A6M6c_default	Japan	4	0	Aircraft
a7he1	A7He1	typeFighter	he_112b_0_default	Japan	2	0	Aircraft
a7m1	A7M1 Reppu (NK9H)	typeFighter	a7m_default	Japan	4	0	Aircraft
a7m2	A7M2 Reppu	typeFighter	a7m_default	Japan	4	0	Aircraft
ab_205a_1	AB 205 A-1	typeFighter	ab_205a_1_default	Italy	5	1820	Helicopter
ah_1f	AH-1F	typeFighter	ah_1f_default	USA	6	1450	Helicopter
ah_1f_event	AH-1F	typeFighter	ah_1f_event_default	USA	6	1450	Helicopter
ah_1f_iaf	AH-1F Tzefa D/E	typeFighter	ah_1f_iaf_default	Israel	6	1450	Helicopter
ah_1g	AH-1G	typeFighter	ah_1g_default	USA	5	1450	Helicopter
ah_1g_iaf	AH-1G Tzefa A	typeFighter	ah_1g_iaf_default	Israel	5	1450	Helicopter
ah_1q_iaf	AH-1Q Tzefa B	typeFighter	ah_1q_iaf_default	Israel	6	1450	Helicopter
ah_1s	AH-1S Kisarazu	typeFighter	ah_1s_default	Japan	6	1450	Helicopter
ah_1s_early	AH-1E	typeFighter	ah_1s_default	Japan	6	1450	Helicopter
ah_1s_late	AH-1S	typeFighter	ah_1s_default	Japan	6	1450	Helicopter
ah_1w	AH-1W	typeFighter	ah_1w_default	USA	6	1450	Helicopter
ah_1w_china	AH-1W	typeFighter	ah_1w_default	China	6	1450	Helicopter
ah_1z	AH-1Z	typeFighter	ah_1g_default	USA	7	1100	Helicopter
ah_2_rooivalk	Rooivalk Mk1F CSH	typeFighter	ah_2_rooivalk_default	Great Britain	6	2000	Helicopter
ah_56a	AH-56A	typeFighter	ah_56a_default	USA	6	5000	Helicopter
ah_60_iaf	AH-60 Battle Hawk	typeFighter	ah_60_iaf_default	Israel	7	3000	Helicopter
ah_64a	AH-64A	typeFighter	ah_64a_default	USA	6	5000	Helicopter
ah_64a_greece_usa	AH-64A (GR)	typeFighter	ah_64a_greece_usa_default	USA	6	5000	Helicopter
ah_64a_iaf	AH-64A Peten	typeFighter	ah_64a_iaf_default	Israel	6	1000	Helicopter
ah_64a_killstreak	AH-64A	typeFighter	ah_64a_killstreak_default	USA	6	5000	Helicopter
ah_64a_peten	AH-64A Peten	typeFighter	ah_64a_peten_default	USA	6	5000	Helicopter
ah_64a_peten_iaf	AH-64A Peten	typeFighter	ah_64a_default	Israel	6	5000	Helicopter
ah_64d	AH-64D	typeFighter	ah_64d_default	USA	7	5000	Helicopter
ah_64d_i_saraph	AH-64D-I Saraph	typeFighter	ah_64d_i_saraph_default	Israel	7	1000	Helicopter
ah_64d_japan	AH-64DJP	typeFighter	ah_64d_japan_default	Japan	7	5000	Helicopter
ah_64d_lightweight_japan	AH-64DJP (All Terrain mod)	typeFighter	ah_64d_japan_default	Japan	7	5000	Helicopter
ah_64d_netherlands	AH-64D	typeFighter	ah_64d_default	France	7	5000	Helicopter
ah_64e	AH-64E	typeFighter	ah_64e_default	USA	7	5000	Helicopter
ah_64e_britain	AH Mk.2 Apache	typeFighter	ah_64e_default	Great Britain	7	5000	Helicopter
ah_64e_china	AH-64E	typeFighter	ah_64e_china_default	China	7	5000	Helicopter
ah_64e_indonesia	AH-64E	typeFighter	ah_64e_default	Japan	7	5000	Helicopter
ah_64e_netherlands	AH-64E	typeFighter	ah_64e_default	France	7	5000	Helicopter
ah_6m	AH-6M Littlebird	typeFighter	ah_6m_default	USA	6	815	Helicopter
ah_mk1	AH Mk.1 Apache	typeFighter	ah_mk1_default	Great Britain	7	5000	Helicopter
ahs	Attack Helicopter System	typeFighter	ahs_default	Sweden	7	5000	Helicopter
aichi_e13a	Aichi E13A1 Model 11	typeFighter	aichi_e13a_default	Japan	1	0	Aircraft
alpha_jet_a	Alpha Jet A	typeFighter	alpha_jet_a_default	Germany	6	1930	Aircraft
alpha_jet_a_jabog41	Alpha Jet A, Jagdbombergeschwader 41	typeFighter	alpha_jet_a_default	Germany	6	1930	Aircraft
alpha_jet_a_thailand	Alpha Jet A	typeFighter	alpha_jet_a_default	Japan	6	1930	Aircraft
alpha_jet_e	Alpha Jet E	typeFighter	alpha_jet_e_default	France	6	1930	Aircraft
alpha_jet_th_phase_1	Alpha Jet TH (Phase 1)	typeFighter	alpha_jet_th_phase_1_default	Japan	6	1930	Aircraft
am_1_mauler	AM-1 Mauler	typeFighter	default	USA	4	4830	Aircraft
amx	AMX Ghibli	typeFighter	amx_default	Italy	7	3800	Aircraft
amx_a_1a_brazil	AMX A-1A Ghibli	typeFighter	amx_a_1a_brazil_default	Italy	7	3800	Aircraft
ar_2	Ar-2	typeBomber	ar2_default	USSR / Russia	1	1530	Aircraft
arado-196a-3	Ar 196 A-3	typeFighter	ar_196a_3_default	Germany	1	0	Aircraft
arado-196a-5	Ar 196 A-5	typeFighter	ar_196a_3_default	Sweden	1	0	Aircraft
arado-234	Ar 234 B-2	typeBomber	arado234_default	Germany	5	1600	Aircraft
arado-234c-3	Ar 234 C-3	typeBomber	arado234_default	Germany	5	1600	Aircraft
ariete	Ariete	typeFighter	sagittario_2_default	Italy	6	0	Aircraft
attaker_fb1	Attacker FB 1	typeFighter	attaker_fb1_default	Great Britain	5	0	Aircraft
attaker_fb2	Attacker FB.2	typeFighter	attaker_fb1_default	Great Britain	5	0	Aircraft
av_8a	AV-8A Harrier	typeFighter	av_8a_default	USA	6	4000	Aircraft
av_8b_na	AV-8B (NA) Harrier	typeFighter	av_8b_plus_default	USA	7	4200	Aircraft
av_8b_plus	AV-8B Plus Harrier	typeFighter	av_8b_plus_default	USA	8	4200	Aircraft
av_8b_plus_italy	AV-8B Plus Harrier	typeFighter	av_8b_plus_default	Italy	8	4200	Aircraft
av_8c	AV-8C Harrier	typeFighter	av_8c_default	USA	6	4000	Aircraft
av_8s_late_thailand	AV-8S Matador (Late)	typeFighter	av_8s_late_thailand_default	Japan	7	4000	Aircraft
av_8s_thailand	AV-8S Matador (Early)	typeFighter	av_8s_thailand_default	Japan	6	4000	Aircraft
avenger_mk1	Avenger Mk II	typeBomber	tbf_1c_default	Great Britain	2	1020	Aircraft
b_10b	B-10B	typeBomber	b_10b_250lb	USA	1	2050	Aircraft
b_18a	B-18A	typeBomber	b_18a_default	USA	1	0	Aircraft
b_239_finland	Brewster Model 239	typeFighter	b_239_finland_default	Sweden	2	0	Aircraft
b_24d	B-24D-25-CO Liberator	typeBomber	b_24d_default	USA	4	0	Aircraft
b_25j_1	B-25J-1 Mitchell	typeBomber	b_25j_20_default	USA	2	0	Aircraft
b_25j_20	B-25J-20 Mitchell	typeBomber	b_25j_20_default	USA	2	0	Aircraft
b_25j_30	B-25J-30 Mitchell	typeBomber	b_25j_20_default	Other	0	0	Aircraft
b_25j_30_china	B-25J-30 Mitchell	typeBomber	b_25j_20_default	China	3	0	Aircraft
b_25j_30_france	B-25J-30 Mitchell	typeBomber	b_25j_20_default	Other	0	0	Aircraft
b_25j_30_vvs_ussr	B-25J-30 Mitchell	typeBomber	b_25j_30_12xfab50	USSR / Russia	3	0	Aircraft
b_26b_c	B-26B Marauder	typeBomber	b_26b_c_default	USA	3	0	Aircraft
b_26c_france	B-26C Marauder	typeBomber	b_26b_c_default	France	3	0	Aircraft
b_34	B-34	typeBomber	b_34_250lbs_bombs	USA	2	0	Aircraft
b_48_firecrest	Firecrest	typeFighter	b_48_firecrest_default	Great Britain	2	820	Aircraft
b_52h	B-52H	typeBomber	b_52h_default	USA	6	31500	Aircraft
b_57b_japan_killstreak	B-57B Canberra	typeBomber	b_57b_1xmark7	Other	0	0	Aircraft
b_57b_killstreak	B-57B Canberra	typeBomber	b_57b_1xmark7	Other	0	0	Aircraft
b_66b	B-66B Destroyer	typeBomber	b_66b_default	USA	6	5550	Aircraft
b-17e	B-17E Flying Fortress	typeBomber	B-17e_default	USA	3	0	Aircraft
b-17e_japan	B-17E Flying Fortress	typeBomber	b-17e_japan_8x500lbs	Japan	4	0	Aircraft
b-17e_late	B-17E Flying Fortress /Late	typeBomber	B-17e_default	USA	3	0	Aircraft
b-17g	B-17G-60-VE Flying Fortress	typeBomber	B17G_default	USA	4	0	Aircraft
b-17g_iaf	B-17G Flying Fortress	typeBomber	b-17g_iaf_default	Israel	4	0	Aircraft
b-29	B-29A-BN Superfortress	typeBomber	B29_default	USA	4	0	Aircraft
b-29_france_killstreak	B-29A-BN Superfortress	typeBomber	b_29_1xmk6	Other	0	0	Aircraft
b-29_germany_killstreak	B-29A-BN Superfortress	typeBomber	b_29_1xmk6	Other	0	0	Aircraft
b-29_iaf_killstreak	B-29A-BN Superfortress	typeBomber	b_29_1xmk6	Other	0	0	Aircraft
b-29_italy_killstreak	B-29A-BN Superfortress	typeBomber	b_29_1xmk6	Other	0	0	Aircraft
b-29_japan_killstreak	B-29A-BN Superfortress	typeBomber	b_29_1xmk6	Other	0	0	Aircraft
b-29_killstreak	B-29A-BN Superfortress	typeBomber	b_29_1xmk6	Other	0	0	Aircraft
b-29_sweden_killstreak	B-29A-BN Superfortress	typeBomber	b_29_1xmk6	Other	0	0	Aircraft
b-29_uk_killstreak	Washington B.Mk.I Superfortress	typeBomber	b_29_1xmk6	Other	0	0	Aircraft
b-57	B-57A Canberra	typeBomber	b-57_9x500lbs	USA	5	0	Aircraft
b-57b	B-57B Canberra	typeBomber	b-57b_21x250lbs	USA	5	4010	Aircraft
b5n2	B5N2	typeBomber	b5n2_default	Japan	1	0	Aircraft
b6n1	B6N1 Model 11	typeBomber	b6n1_default	Japan	1	0	Aircraft
b6n2	B6N2 Model 12	typeBomber	b6n2_default	Japan	2	0	Aircraft
b6n2a	B6N2a Model 12Ko	typeBomber	b6n2a_default	Japan	2	0	Aircraft
b7a2	B7A2 Ryusei	typeBomber	b7a2_10xmod6_bombs	Japan	3	0	Aircraft
b7a2_homare_23	B7A2 (Homare 23) Ryusei	typeBomber	b7a2_10xmod6_bombs	Japan	3	0	Aircraft
ba_65_a80	Ba.65 A.80	typeFighter	ba_65_a80_default	Italy	1	0	Aircraft
ba_65_k14_l	Ba.65 (K.14) L	typeFighter	ba_65_k14_l_default	Italy	1	0	Aircraft
bb-1	BB-1	typeStormovik	bb-1_default	USSR / Russia	1	1245	Aircraft
be_6	Be-6	typeBomber	be_6_fab250	USSR / Russia	4	4400	Aircraft
beaufighter_mk1_40mm	Beaufighter Mk I Prototype (40-mm)	typeFighter	beaufighter_mk1_40mm_default	Great Britain	2	0	Aircraft
beaufighter_mk21	Beaufighter Mk 21	typeFighter	beaufighter_mk21_default	Great Britain	2	930	Aircraft
beaufighter_mk6c	Beaufighter Mk VIc	typeFighter	beaufighter_mk6c_default	Great Britain	2	0	Aircraft
beaufighter_mkx	Beaufighter Mk X	typeFighter	beaufighter_mkx_default	Great Britain	2	930	Aircraft
beaufort_mkviii	Beaufort Mk VIII	typeBomber	beaufort_mkviii_default	Great Britain	1	0	Aircraft
bf_109t_2	Bf 109 T-2	typeFighter	bf_109t_2_default	Germany	2	0	Aircraft
bf_110g_4	Bf 110 G-4	typeFighter	bf-110g_4_default	Germany	3	1700	Aircraft
bf_110g_4_hungary	Bf 110 G-4	typeFighter	bf-110g_4_default	Italy	3	1700	Aircraft
bf-109a_1	Flegel's Bf 109 A	typeFighter	bf-109a_1_default	Germany	1	0	Aircraft
bf-109b_2	Bf 109 B-1 Late	typeFighter	bf-109b_2_default	Germany	1	0	Aircraft
bf-109c_1	Bf 109 C-1	typeFighter	bf-109c_1_default	Germany	1	0	Aircraft
bf-109c_1_promo	Bf 109 C-1	typeFighter	bf-109c_1_default	Germany	1	0	Aircraft
bf-109e-1	Bf 109 E-1	typeFighter	Bf-109E-3_default	Germany	2	0	Aircraft
bf-109e-3	Bf 109 E-3	typeFighter	Bf-109E-3_default	Germany	2	0	Aircraft
bf-109e-3_japan	Bf 109 E-7	typeFighter	Bf-109E-4_default	Japan	2	0	Aircraft
bf-109e-4	Bf 109 E-4	typeFighter	Bf-109E-4_default	Germany	2	0	Aircraft
bf-109e-7	Bf 109 E-7/U2	typeFighter	Bf-109E-7_default	Germany	2	0	Aircraft
bf-109f-1	Bf 109 F-1	typeFighter	Bf-109F-1_default	Germany	2	0	Aircraft
bf-109f-2	Bf 109 F-2	typeFighter	Bf-109F-2_default	Germany	2	0	Aircraft
bf-109f-4	Bf 109 F-4	typeFighter	Bf-109F-4_default	Germany	3	0	Aircraft
bf-109f-4_hungary	Bf 109 F-4	typeFighter	Bf-109F-4_default	Italy	3	0	Aircraft
bf-109f-4_trop	Bf 109 F-4/trop	typeFighter	Bf-109F-4_default	Germany	3	0	Aircraft
bf-109f-4_usa	Bf 109 F-4	typeFighter	Bf-109F-4_default	USA	3	0	Aircraft
bf-109g-10	Bf 109 G-10	typeFighter	Bf-109G-10_default	Germany	4	0	Aircraft
bf-109g-14	Bf 109 G-14	typeFighter	Bf-109G-14_default	Germany	4	0	Aircraft
bf-109g-14as	Bf 109 G-14/AS	typeFighter	Bf-109G-14_default	Italy	4	0	Aircraft
bf-109g-2	Bf 109 G-2/trop	typeFighter	Bf-109G-2_default	Germany	4	0	Aircraft
bf-109g-2_finland	Bf 109 G-2	typeFighter	Bf-109G-2_default	Sweden	4	0	Aircraft
bf-109g-2_hungary	Bf 109 G-2	typeFighter	Bf-109G-2_default	Italy	4	0	Aircraft
bf-109g-2_romania	Bf 109 G-2	typeFighter	Bf-109G-2_default	Germany	3	0	Aircraft
bf-109g-6	Bf 109 G-6	typeFighter	Bf-109G-6_default	Germany	4	0	Aircraft
bf-109g-6_erla_finland	Bf 109 G-6 Erla	typeFighter	Bf-109G-6_default	Sweden	4	0	Aircraft
bf-109g-6_finland	Bf 109 G-6	typeFighter	Bf-109G-6_default	Sweden	4	0	Aircraft
bf-109k-4	Bf 109 K-4	typeFighter	Bf_109K4_default	Germany	4	0	Aircraft
bf-109z	Bf 109 Z-1	typeFighter	bf-109z_default	Germany	4	0	Aircraft
bf-110c-4	Bf 110 C-7	typeFighter	Bf-110C-4_default	Germany	2	1700	Aircraft
bf-110c-6	Bf 110 C-6	typeFighter	bf-110c-6_default	Germany	2	0	Aircraft
bf-110f-2	Bf 110 F-2	typeFighter	bf-110f-2_default	Germany	2	1700	Aircraft
bf-110g-2	Bf 110 G-2	typeFighter	bf-110f-2_default	Germany	3	1700	Aircraft
bf2c_1	BF2C-1 Goshawk	typeFighter	bf2c_1_default	USA	1	250	Aircraft
bi	BI	typeFighter	bi_default	USSR / Russia	5	0	Aircraft
blenheim_mkiv	Blenheim Mk IV	typeBomber	BlenheimMKIV_default	Great Britain	1	0	Aircraft
bo_105cb2	BO 105 CB-2	typeFighter	bo_105cb2_default	Germany	5	950	Helicopter
bo_105pah1	BO 105 PAH-1	typeFighter	bo_105pah1_default	Germany	6	950	Helicopter
bo_105pah1_a1	BO 105 PAH-1A1	typeFighter	bo_105pah1_a1_default	Germany	6	950	Helicopter
boomerang_mki	Boomerang Mk I	typeFighter	boomerang_default	Great Britain	2	0	Aircraft
boomerang_mkii	Boomerang Mk II	typeFighter	boomerang_default	Great Britain	2	0	Aircraft
boston_mk_1	Boston Mk I	typeBomber	boston_mk_1_default	Great Britain	2	0	Aircraft
br_20_dr	B.R.20DR	typeBomber	br_20_12x50kg_t	Italy	1	0	Aircraft
br_20m_m1	B.R.20M M1	typeBomber	br_20_default	Italy	1	0	Aircraft
br_693_ab2	Br.693AB2	typeBomber	br_693_ab2_default	France	1	0	Aircraft
breda_88	Breda 88 (P.XI)	typeFighter	breda_88_default	Italy	1	0	Aircraft
brigand_b1	Brigand B 1	typeBomber	brigand_b1_default	Great Britain	3	1690	Aircraft
btd-1	BTD-1 Destroyer	typeBomber	btd_1_default	USA	3	1930	Aircraft
buccaneer_s1	Buccaneer S.1	typeFighter	buccaneer_s1_default	Great Britain	6	3900	Aircraft
buccaneer_s2	Buccaneer S.2	typeFighter	buccaneer_s2_default	Great Britain	6	7780	Aircraft
buccaneer_s2b	Buccaneer S.2B	typeFighter	buccaneer_s2b_default	Great Britain	7	7780	Aircraft
bv-138c-1	BV 138 C-1	typeBomber	bv-138c-1_default	Germany	1	0	Aircraft
bv-155b-1	BV 155 B-1	typeFighter	bv-155b-1_default	Germany	3	0	Aircraft
bv-238	BV 238	typeBomber	bv-238_default	Germany	2	0	Aircraft
c_3604	C-3604	typeStormovik	c_3604_default	Germany	2	410	Aircraft
c-47	C-47	typeBomber	c_47_default	Other	0	0	Aircraft
canberra_bimk6	Canberra B (I) Mk 6	typeBomber	canberra_500lb_mc	Great Britain	5	2450	Aircraft
canberra_bimk6_france_killstreak	Canberra B Mk 6	typeBomber	canberra_1xmark7	Other	0	0	Aircraft
canberra_bimk6_germany_killstreak	Canberra B Mk 6	typeBomber	canberra_1xmark7	Other	0	0	Aircraft
canberra_bimk6_iaf_killstreak	Canberra B Mk 6	typeBomber	canberra_1xmark7	Other	0	0	Aircraft
canberra_bimk6_italy_killstreak	Canberra B Mk 6	typeBomber	canberra_1xmark7	Other	0	0	Aircraft
canberra_bimk6_japan_killstreak	Canberra B Mk 6	typeBomber	canberra_1xmark7	Other	0	0	Aircraft
canberra_bimk6_killstreak	Canberra B Mk 6	typeBomber	canberra_1xmark7	Other	0	0	Aircraft
canberra_bimk6_sweden_killstreak	Canberra B Mk 6	typeBomber	canberra_1xmark7	Other	0	0	Aircraft
canberra_bimk6_usa_killstreak	Canberra B Mk 6	typeBomber	canberra_1xmark7	Other	0	0	Aircraft
canberra_bmk2	Canberra B Mk 2	typeBomber	canberra_bmk2_500lbs	Great Britain	5	3700	Aircraft
caudron_cr714	C.R.714	typeFighter	Caudron_CR714_default	France	1	0	Aircraft
cf_188a_canada	CF-188A Hornet	typeFighter	cf_188a_default	Great Britain	8	7700	Aircraft
corsair_fmk2	Corsair F Mk II	typeFighter	f4u-1a_default	Great Britain	2	0	Aircraft
cr_32	CR.32	typeFighter	cr_32_default	Italy	1	0	Aircraft
cr_32_bis	CR.32 bis	typeFighter	cr_32_bis_default	Italy	1	0	Aircraft
cr_32_quater	CR.32 quater	typeFighter	cr_32_quater_default	Italy	1	0	Aircraft
cw_21	CW-21	typeFighter	cw_21_default	China	1	0	Aircraft
d_371	D.371	typeFighter	d371_default	France	1	0	Aircraft
d_371_hs9	D.371 H.S.9	typeFighter	d371_default	France	1	0	Aircraft
d_373	D.373	typeFighter	d373_default	France	1	0	Aircraft
d_500	D.500	typeFighter	d_500_default	France	1	0	Aircraft
d_501	D.501	typeFighter	d_500_default	France	1	0	Aircraft
d_510	Pallier's D.510	typeFighter	d_500_default	France	1	0	Aircraft
d_510c	D.510C	typeFighter	d_500_default	China	1	0	Aircraft
d_520	D.520	typeFighter	d520_default	Great Britain	2	0	Aircraft
d_520_france	D.520	typeFighter	d520_default	France	2	0	Aircraft
d_521	D.521	typeFighter	d520_default	Great Britain	2	0	Aircraft
d3a1	D3A1	typeBomber	d3a1_default	Japan	1	0	Aircraft
d4y1	D4Y1	typeBomber	d4y_default	Japan	2	0	Aircraft
d4y2	D4Y2	typeBomber	d4y_default	Japan	2	520	Aircraft
d4y3	D4Y3 Ko	typeBomber	d4y_default	Japan	2	775	Aircraft
db_3a_china	DB-3A	typeBomber	db_3_default	China	2	2980	Aircraft
db_3b	DB-3B	typeBomber	db_3b_default	USSR / Russia	2	2980	Aircraft
db_7	DB-7	typeBomber	DB-7_default	Great Britain	2	0	Aircraft
db_lk	DB-LK	typeBomber	db_lk_default	USSR / Russia	1	2160	Aircraft
dh_110_sea_vixen	DH.110 Sea Vixen F.A.W. Mk.2	typeFighter	dh110_sea_vixen_default	Great Britain	5	1830	Aircraft
do_17e_1	Do 17 E-1	typeBomber	do_17e_1_10_SC50	Germany	1	0	Aircraft
do_17z_2	Do 17 Z-2	typeBomber	do_17z_2_10_SC50	Germany	1	0	Aircraft
do_17z_7	Do 17 Z-7	typeBomber	do_17z_7_default	Germany	1	0	Aircraft
do_217e_2	Do 217 E-2	typeBomber	do_217_e2_e4_default	Germany	3	4000	Aircraft
do_217e_4	Do 217 E-4	typeBomber	do_217_e2_e4_default	Germany	3	4000	Aircraft
do_217j_1	Do 217 J-1	typeBomber	do_217j_1_default	Germany	1	0	Aircraft
do_217j_2	Do 217 J-2	typeBomber	do_217j_2_default	Germany	1	0	Aircraft
do_217k_1	Do 217 K-1	typeBomber	do_217_k1_m1_default	Germany	4	4000	Aircraft
do_217m_1	Do 217 M-1	typeBomber	do_217_k1_m1_default	Germany	4	4000	Aircraft
do_217n_1	Do 217 N-1	typeBomber	do_217n_1_default	Germany	2	0	Aircraft
do_217n_2	Do 217 N-2	typeBomber	do_217n_2_default	Germany	2	0	Aircraft
do_335a_0	Do 335 A-0	typeFighter	do_335a_0_default	Germany	3	0	Aircraft
do_335a_1	Do 335 A-1	typeFighter	do_335a_1_default	Germany	3	0	Aircraft
do_335b_2	Do 335 B-2	typeFighter	do_335b_2_default	Germany	4	0	Aircraft
douglas_a_1h	A-1H Skyraider	typeFighter	douglas_a_1h_default	USA	4	4575	Aircraft
douglas_ad_2	AD-2 Skyraider	typeStormovik	douglas_ad_2_default	USA	4	3629	Aircraft
douglas_ad_4	AD-4 Skyraider	typeFighter	douglas_ad_4_default	USA	4	4490	Aircraft
douglas_ad_4_france	AD-4 Skyraider	typeFighter	douglas_ad_4_france_default	France	4	4490	Aircraft
douglas_ad_4na_france	AD-4NA Skyraider	typeFighter	douglas_ad_4na_default	France	4	3629	Aircraft
dummy_plane		typeFighter	dummy_plane_default	Other	0	0	Aircraft
e7k2	E7K2	typeFighter	e7k2_default	Japan	1	0	Aircraft
e8n2	E8N2	typeFighter	e8n2_default	Japan	1	0	Aircraft
ef_2000_aesa	EF-2000 (AESA)	typeFighter	ef_2000_aesa_default	Germany	9	7500	Aircraft
ef_2000_block_10	EF-2000 Typhoon (Block 10 T2)	typeFighter	ef_2000_block_10_default	Germany	9	7500	Aircraft
ef_2000_fgr4	EF-2000 Typhoon FGR.4	typeFighter	typhoon_fgr4_default	Great Britain	9	7500	Aircraft
ef_2000_typhoon_aesa	EF-2000 Typhoon (AESA)	typeFighter	ef_2000_aesa_default	Great Britain	9	7500	Aircraft
ef_2000a	F-2000A Typhoon	typeFighter	f_2000a_default	Italy	9	7500	Aircraft
ef_2000a_aesa	F-2000A (AESA) Typhoon	typeFighter	ef_2000_aesa_default	Italy	9	7500	Aircraft
er-2_ach30b_early	Yer-2 (ACh-30B) Early	typeBomber	er-2_ach30b_20xfab100	USSR / Russia	4	5320	Aircraft
er-2_ach30b_late	Yer-2 (ACh-30B) Late	typeBomber	er-2_ach30b_20xfab100	USSR / Russia	4	5320	Aircraft
er-2_m105_mv3	Yer-2 (M-105)	typeBomber	er_2_m105_tat_12xfab50	USSR / Russia	3	5320	Aircraft
er-2_m105_tat	Yer-2 (M-105) TAT-BT	typeBomber	er_2_m105_tat_12xfab50	USSR / Russia	3	5320	Aircraft
er-2_m105r_lu2b	Yer-2 (M-105R) LU-MV-2B	typeBomber	er_2_m105_tat_12xfab50	USSR / Russia	3	5320	Aircraft
er-2_m105r_tat	Yer-2 (M-105R) TAT-BT	typeBomber	er_2_m105_tat_12xfab50	USSR / Russia	3	5320	Aircraft
etndard_4m	Etendard IVM	typeFighter	etendard_4m_default	France	6	1610	Aircraft
f_100f_china	F-100F Super Sabre	typeFighter	f_100f_default	China	6	2270	Aircraft
f_101c	F-101C Voodoo	typeFighter	f_101c_default	USA	6	0	Aircraft
f_105d_japan_killstreak	F-105D Thunderchief	typeFighter	f_105d_killstreak_default	Other	0	5800	Aircraft
f_105d_killstreak	F-105D Thunderchief	typeFighter	f_105d_killstreak_default	Other	0	5800	Aircraft
f_106a_1972	F-106A "Six Shooter"	typeFighter	f_106a_1972_default	USA	6	3000	Aircraft
f_111a	F-111A Aardvark	typeFighter	f_111a_default	USA	7	18125	Aircraft
f_111c_raaf	F-111C Aardvark	typeFighter	f_111c_default	Great Britain	7	18125	Aircraft
f_111f	F-111F Aardvark	typeFighter	f_111f_default	USA	7	18125	Aircraft
f_111f_iaf_killstreak	F-111F Aardvark	typeFighter	f_111f_killstreak_default	Other	0	18125	Aircraft
f_111f_japan_killstreak	F-111F Aardvark	typeFighter	f_111f_killstreak_default	Other	0	18125	Aircraft
f_111f_killstreak	F-111F Aardvark	typeFighter	f_111f_killstreak_default	Other	0	18125	Aircraft
f_117	F-117	typeFighter	f_117_default	USA	6	8165	Aircraft
f_14a_early	F-14A Tomcat (Early)	typeFighter	f_14a_early_default	USA	8	6580	Aircraft
f_14a_iriaf	F-14A Tomcat (Early) IRIAF	typeFighter	f_14a_iriaf_default	USA	8	6580	Aircraft
f_14b	F-14B Tomcat	typeFighter	f_14b_default	USA	8	6580	Aircraft
f_14d	F-14D Super Tomcat	typeFighter	f_14d_default	USA	8	6580	Aircraft
f_15a	F-15A Eagle	typeFighter	f_15a_default	USA	8	7711	Aircraft
f_15a_iaf	F-15A Baz	typeFighter	f_15a_default	Israel	8	7711	Aircraft
f_15c_baz_msip	F-15C Baz (Improved) Meshupar	typeFighter	f_15c_baz_msip_default	Israel	8	11793	Aircraft
f_15c_golden_eagle	F-15C Golden Eagle	typeFighter	f_15c_golden_eagle_default	USA	9	11793	Aircraft
f_15c_msip2	F-15C MSIP II Eagle	typeFighter	f_15c_msip2_default	USA	8	11793	Aircraft
f_15e	F-15E Strike Eagle	typeFighter	f_15e_default	USA	8	11793	Aircraft
f_15i_raam	F-15I Ra’am	typeFighter	f_15i_raam_default	Israel	8	11793	Aircraft
f_15j	F-15J Eagle	typeFighter	f_15j_default	Japan	8	11793	Aircraft
f_15j_kai	F-15J(M) Eagle	typeFighter	f_15j_kai_default	Japan	8	11793	Aircraft
f_16a_block_10	F-16A Block 10 Fighting Falcon	typeFighter	f_16a_block_10_default	USA	8	5420	Aircraft
f_16a_block_10_iaf	F-16A Block 10 Netz	typeFighter	f_16a_block_10_iaf_default	Israel	8	5420	Aircraft
f_16a_block_10_netz_mod	F-16A Block 10 Netz (Mod)	typeFighter	f_16a_block_10_netz_mod_default	Israel	8	5420	Aircraft
f_16a_block_10_norway	F-16A Block 10 Fighting Falcon	typeFighter	f_16a_block_10_norway_default	Sweden	8	5420	Aircraft
f_16a_block_15_adf	F-16A Block 15 ADF Fighting Falcon	typeFighter	f_16a_block_15_adf_default	USA	8	5420	Aircraft
f_16a_block_15_adf_britain_killstreak	F-16A Block 15 ADF Fighting Falcon	typeFighter	f_16a_block_15_adf_killstreak_default	Other	0	5420	Aircraft
f_16a_block_15_adf_france_killstreak	F-16A Block 15 ADF Fighting Falcon	typeFighter	f_16a_block_15_adf_killstreak_default	Other	0	5420	Aircraft
f_16a_block_15_adf_germany_killstreak	F-16A Block 15 ADF Fighting Falcon	typeFighter	f_16a_block_15_adf_killstreak_default	Other	0	5420	Aircraft
f_16a_block_15_adf_italy	F-16A Block 15 ADF Fighting Falcon	typeFighter	f_16a_block_15_adf_italy_default	Italy	8	5420	Aircraft
f_16a_block_15_adf_italy_killstreak	F-16A Block 15 ADF Fighting Falcon	typeFighter	f_16a_block_15_adf_killstreak_default	Other	0	5420	Aircraft
f_16a_block_15_adf_killstreak	F-16A Block 15 ADF Fighting Falcon	typeFighter	f_16a_block_15_adf_killstreak_default	Other	0	5420	Aircraft
f_16a_block_15_adf_sweden_killstreak	F-16A Block 15 ADF Fighting Falcon	typeFighter	f_16a_block_15_adf_killstreak_default	Other	0	5420	Aircraft
f_16a_block_15_belgium	F-16A Block 15 Fighting Falcon	typeFighter	f_16a_block_15_belgium_default	France	8	5873	Aircraft
f_16a_block_15_ocu_belgium	F-16A Block 15 OCU Fighting Falcon	typeFighter	f_16a_block_15_ocu_belgium_default	France	8	5420	Aircraft
f_16a_block_15_ocu_thailand	F-16A Block 15 OCU Fighting Falcon	typeFighter	f_16a_block_15_ocu_thailand_default	Japan	8	5873	Aircraft
f_16a_block_20_mlu	F-16A Block 20 MLU Fighting Falcon	typeFighter	f_16a_block_20_mlu_default	China	8	5420	Aircraft
f_16a_block_20_mlu_killstreak	F-16A Block 20 MLU Fighting Falcon	typeFighter	f_16a_block_15_adf_killstreak_default	Other	0	5420	Aircraft
f_16a_block_5_netherlands	F-16A Block 5 Fighting Falcon	typeFighter	f_16a_block_10_default	France	8	5420	Aircraft
f_16a_block_72v_china	F-16V Block 72 Fighting Falcon	typeFighter	f_16a_block_72v_china_default	China	9	5420	Aircraft
f_16aj	F-16AJ Fighting Falcon	typeFighter	f_16aj_default	Japan	8	5420	Aircraft
f_16am_block_15_mlu_belgium	F-16AM Block 15 MLU Fighting Falcon	typeFighter	f_16am_block_15_mlu_belgium_default	France	8	5420	Aircraft
f_16am_block_20_mlu_netherlands	F-16AM Block 20 MLU Fighting Falcon	typeFighter	f_16am_block_20_mlu_netherlands_default	France	8	5420	Aircraft
f_16am_block_20_mlu_norway	F-16AM Block 20 MLU Fighting Falcon	typeFighter	f_16am_block_20_mlu_norway_default	Sweden	8	5420	Aircraft
f_16c_block_40_barak_2	F-16C Block 40 Barak II	typeFighter	f_16c_block_40_barak_2_default	Israel	8	5420	Aircraft
f_16c_block_50	F-16CM Block 50 Fighting Falcon	typeFighter	f_16c_block_50_default	USA	8	5420	Aircraft
f_16c_block_50_missile_test	F-16CM Block 50 Fighting Falcon	typeFighter	f_16c_block_50_default	Other	0	5420	Aircraft
f_16c_block_52_aesa	F-16CM Block 52 PoBIT Fighting Falcon	typeFighter	f_16c_block_52_aesa_default	USA	9	5420	Aircraft
f_16d_block_40_barak_2	F-16D Block 40 Barak II	typeFighter	f_16d_block_40_barak_2_default	Israel	8	5420	Aircraft
f_16d_block_40_barak_2_killstreak	F-16D Block 40 Barak II	typeFighter	f_16d_block_40_barak_2_killstreak_default	Other	0	5420	Aircraft
f_16d_block_40_barak_2_missile_test	F-16D Block 40 Barak II	typeFighter	f_16d_block_40_barak_2_6x_derby_default	Other	0	5420	Aircraft
f_16i_sufa	F-16I Sufa	typeFighter	f_16i_sufa_default	Israel	8	5420	Aircraft
f_16xl	F-16XL-1	typeFighter	f_16xl_default	USA	8	6804	Aircraft
f_20a	F-20A Tigershark	typeFighter	f_20a_default	USA	8	3600	Aircraft
f_222_2	F.222.2	typeBomber	f_222_50kg_gammn	France	1	0	Aircraft
f_2a	F-2A	typeFighter	f_2a_default	Japan	8	5900	Aircraft
f_2a_adtw	F-2A ADTW	typeFighter	f_2a_adtw_default	Japan	8	5900	Aircraft
f_2a_killstreak	F-2A	typeFighter	f_2a_killstreak_default	Other	0	5900	Aircraft
f_47n_25_re_china	F-47N-25-RE Thunderbolt	typeFighter	f_47n_25_re_china_default	China	3	1970	Aircraft
f_4e_event	F-4E Phantom II	typeFighter	f_4e_event_default	USA	7	7257	Aircraft
f_6c_pakistan	F-6C	typeFighter	f_6c_pakistan_default	China	6	1600	Aircraft
f1	Mitsubishi F-1	typeFighter	f1_default	Japan	6	4000	Aircraft
f-100a_china	F-100A Super Sabre	typeFighter	f_100a_default	China	6	1010	Aircraft
f-100d	F-100D Super Sabre	typeFighter	f_100_default	USA	6	3220	Aircraft
f-100d_france	F-100D Super Sabre	typeFighter	f_100_default	France	6	3220	Aircraft
f-104a	F-104A Starfighter	typeFighter	f_104a_default	USA	6	0	Aircraft
f-104a_china	F-104A Starfighter	typeFighter	f_104a_default	China	6	0	Aircraft
f-104c	F-104C Starfighter	typeFighter	f_104c_default	USA	6	1500	Aircraft
f-104g	F-104G Starfighter	typeFighter	f_104g_default	Germany	7	2721	Aircraft
f-104g_belgium	F-104G Starfighter	typeFighter	f_104g_default	France	7	2721	Aircraft
f-104g_china	F-104G Starfighter	typeFighter	f_104g_default	China	7	2721	Aircraft
f-104g_italy	F-104G Starfighter	typeFighter	f-104g_italy_default	Italy	6	2721	Aircraft
f-104j	F-104J Starfighter	typeFighter	f_104j_default	Japan	6	2721	Aircraft
f-104s	F-104S Starfighter	typeFighter	f_104s_default	Italy	7	3400	Aircraft
f-104s_asa	F-104S.ASA Starfighter	typeFighter	f-104s_asa_default	Italy	7	3400	Aircraft
f-104s_cb	F-104S Starfighter TAF	typeFighter	f-104s_cb_default	Italy	7	3400	Aircraft
f-105d	F-105D Thunderchief	typeFighter	f_105d_default	USA	7	5800	Aircraft
f11f_1_late	F11F-1 Tiger	typeFighter	f11f_1_late_default	USA	6	1550	Aircraft
f1m2	F1M2	typeFighter	f1m2_default	Japan	1	0	Aircraft
f2a-1	F2A-1 Buffalo	typeFighter	f2a-1_default	USA	1	0	Aircraft
f2a-1_thach	John Thach's F2A-1 Buffalo	typeFighter	f2a-1_default	USA	1	0	Aircraft
f2a-3	F2A-3 Buffalo	typeFighter	f2a-3_default	USA	2	0	Aircraft
f2g-1	F2G-1	typeFighter	f2g-1_default	USA	4	0	Aircraft
f2h-2	F2H-2 Banshee	typeFighter	f2h_2_default	USA	5	907	Aircraft
f3d_1	F3D-1	typeFighter	f3d_default	USA	5	0	Aircraft
f3f-2	F3F-2	typeFighter	f3f-2_default	USA	1	0	Aircraft
f3f-2_galer	Galer's F3F-2	typeFighter	f3f-2_default	USA	1	0	Aircraft
f3h-2	F3H-2 Demon	typeFighter	f3h-2_default	USA	6	1850	Aircraft
f-4c	F-4C Phantom II	typeFighter	f4c_default	USA	7	7257	Aircraft
f4d_1	F4D-1 Skyray	typeFighter	f4d-1_default	USA	6	3000	Aircraft
f-4e	F-4E Phantom II	typeFighter	f_4e_default	USA	7	7257	Aircraft
f-4e_iaf	F-4E Kurnass	typeFighter	f_4e_iaf_default	Israel	7	7257	Aircraft
f-4e_kurnass_2000	F-4E Kurnass 2000	typeFighter	kurnass_2000_default	Israel	8	7257	Aircraft
f-4ej	F-4EJ Phantom II	typeFighter	f_4ej_default	Japan	7	7400	Aircraft
f-4ej_adtw	F-4EJ Phantom II ADTW	typeFighter	f_4ej_adtw_default	Japan	7	7400	Aircraft
f-4ej_kai	F-4EJ Kai Phantom II	typeFighter	f_4ej_kai_default	Japan	8	7400	Aircraft
f-4f	F-4F Phantom II (Early)	typeFighter	f_4f_default	Germany	7	7257	Aircraft
f-4f_kws_lv	F-4F KWS LV (ICE) Phantom II	typeFighter	f_4f_kws_lv_default	Germany	8	7257	Aircraft
f-4f_late	F-4F Phantom II	typeFighter	f_4f_default	Germany	7	7257	Aircraft
f4f-3	F4F-3 Wildcat	typeFighter	f4f-3_default	USA	2	0	Aircraft
f4f-4	F4F-4 Wildcat	typeFighter	f4f-4_default	USA	2	0	Aircraft
f4f-4_martlet_mk4	Martlet Mk IV	typeFighter	f4f-4_default	Great Britain	2	0	Aircraft
f-4j	F-4J Phantom II	typeFighter	f_4j_default	USA	7	7400	Aircraft
f-4jk	F-4J(UK) Phantom II	typeFighter	f_4jk_default	Great Britain	7	7257	Aircraft
f-4k	Phantom FG.1	typeFighter	f_4k_default	Great Britain	7	7257	Aircraft
f-4m_fgr2	Phantom FGR.2	typeFighter	f_4m_fgr2_default	Great Britain	7	7257	Aircraft
f-4s	F-4S Phantom II	typeFighter	f_4s_default	USA	7	7257	Aircraft
f4u-1a	F4U-1A Corsair	typeFighter	f4u-1a_default	USA	2	0	Aircraft
f4u-1a_japan	F4U-1A Corsair	typeFighter	f4u-1a_default	Japan	2	0	Aircraft
f4u-1a_usmc	F4U-1A (USMC) Corsair	typeFighter	f4u-1a_default	USA	2	0	Aircraft
f4u-1c	F4U-1C Corsair	typeFighter	f4u-1c_default	USA	4	0	Aircraft
f4u-1d	F4U-1D Corsair	typeFighter	f4u-1d_default	USA	2	0	Aircraft
f4u-4	F4U-4 Corsair	typeFighter	f4u-4_default	USA	3	1600	Aircraft
f4u-4b	F4U-4B Corsair	typeFighter	f4u-4b_default	USA	4	1600	Aircraft
f4u-4b_vmf_214	F4U-4B VMF-214	typeFighter	f4u-4b_default	USA	4	1600	Aircraft
f4u-6_au-1	AU-1 Corsair	typeFighter	f4u-6_default	USA	4	3730	Aircraft
f4u-7	F4U-7 Corsair	typeFighter	f4u-7_default	France	4	3730	Aircraft
f-5a	F-5A Freedom Fighter	typeFighter	f_5a_default	USA	7	7257	Aircraft
f-5a_china	F-5A Freedom Fighter	typeFighter	f_5a_china_default	China	7	7257	Aircraft
f-5a_thailand	F-5A Freedom Fighter	typeFighter	f_5a_default	Japan	7	7257	Aircraft
f-5ag_norway	F-5A(G) Tiger-PAWS	typeFighter	f_5ag_default	Sweden	7	7257	Aircraft
f-5c	F-5C Skoshi Tiger	typeFighter	f_5c_default	USA	7	7257	Aircraft
f-5e	F-5E Tiger II	typeFighter	f_5e_default	USA	7	7257	Aircraft
f-5e_aidc	AIDC F-5E	typeFighter	f_5e_aidc_default	China	7	7257	Aircraft
f-5e_fcu_thailand	F-5E FCU	typeFighter	f_5e_fcu_default	Japan	7	7257	Aircraft
f-5e_switzerland	F-5E Tiger II	typeFighter	f_5e_default	Germany	7	7257	Aircraft
f-5t_thailand	F-5T Tigris SCU	typeFighter	f_5t_default	Japan	7	7257	Aircraft
f-5th_thailand	F-5TH Super Tigris TCU	typeFighter	f_5th_thailand_default	Japan	8	7257	Aircraft
f6f-3	F6F-5 Hellcat	typeFighter	f6f-5_default	USA	2	1815	Aircraft
f6f-5_france	F6F-5 Hellcat	typeFighter	f6f-5_default	France	2	1815	Aircraft
f6f-5n	F6F-5N Hellcat	typeFighter	f6f-5n_default	USA	3	1815	Aircraft
f6f-5n_france	F6F-5N Hellcat	typeFighter	f6f-5n_default	France	4	1815	Aircraft
f7f1	F7F-1 Tigercat	typeFighter	f7f1_early_default	USA	4	0	Aircraft
f7f3	F7F-3 Tigercat	typeFighter	f7f3_early_default	USA	4	2100	Aircraft
f-80	F-80C-10 Shooting Star	typeFighter	f_80_default	USA	5	2190	Aircraft
f-80a	F-80A-5 Shooting Star	typeFighter	f_80a_default	USA	5	0	Aircraft
f-82e	F-82E Twin Mustang	typeFighter	f_82e_default	USA	4	2726	Aircraft
f-84b	F-84B-26 Thunderjet	typeFighter	f_84b_default	USA	5	2710	Aircraft
f-84f	F-84F Thunderstreak	typeFighter	f_84f_default	USA	5	2700	Aircraft
f-84f_france	F-84F Thunderstreak	typeFighter	f_84f_default	France	6	2700	Aircraft
f-84f_germany	F-84F Thunderstreak	typeFighter	f_84f_default	Germany	6	2700	Aircraft
f-84f_iaf	F-84F Thunderstreak	typeFighter	f_84f_default	France	6	2700	Aircraft
f-84f_israel_iaf	F-84F Thunderstreak	typeFighter	f_84f_default	Israel	6	2700	Aircraft
f-84f_italy	F-84F Thunderstreak	typeFighter	f_84f_default	Italy	6	2700	Aircraft
f-84g	F-84G-21-RE Thunderjet	typeFighter	f_84g_default	USA	5	2710	Aircraft
f-84g_china	F-84G-21-RE Thunderjet	typeFighter	f_84g_default	China	5	2710	Aircraft
f-84g_france	F-84G-26-RE Thunderjet	typeFighter	f_84g_default	France	5	2710	Aircraft
f-84g_italy	F-84G-21-RE Thunderjet	typeFighter	f_84g_default	Italy	5	2710	Aircraft
f-84g_thailand	F-84G-21-RE Thunderjet	typeFighter	f_84g_default	Japan	5	2710	Aircraft
f-84g-31-re_china	F-84G-31-RE Thunderjet	typeFighter	f_84g_default	China	5	2710	Aircraft
f-86_canadair_german	CL-13A Sabre Mk 5	typeFighter	f_86_default	Germany	6	0	Aircraft
f-86_cl_13_mk4_italy	CL-13 Sabre Mk.4	typeFighter	f_86_default	Italy	5	0	Aircraft
f-86_cl_13b_mk6	CL-13B Sabre Mk.6	typeFighter	f_86_default	Germany	6	0	Aircraft
f-86a-5	F-86A-5 Sabre	typeFighter	f_86_default	USA	5	0	Aircraft
f-86f-2	F-86F-2 Sabre	typeFighter	f_86_default	USA	6	0	Aircraft
f-86f-25	F-86F-25 Sabre	typeFighter	f_86_default	USA	5	0	Aircraft
f-86f-30_china	F-86F-30 Sabre	typeFighter	f_86_default	China	5	0	Aircraft
f-86f-30_japan	F-86F-30 Sabre ▅	typeFighter	f_86_default	Japan	5	0	Aircraft
f-86f-35	F-86F-35 Sabre	typeFighter	f_86_default	USA	5	0	Aircraft
f-86f-40_china	F-86F-40 Sabre	typeFighter	f_86_default	China	5	0	Aircraft
f-86f-40_japan	F-86F-40 Sabre ▅	typeFighter	f_86_default	Japan	5	0	Aircraft
f-86f-40_japan_blue_impulse	F-86F-40 JASDF▅ Sabre	typeFighter	f_86_default	Japan	5	0	Aircraft
f-86k_late	F-86K Sabre	typeFighter	f_86k_default	France	6	0	Aircraft
f-86k_late_german	F-86K Sabre	typeFighter	f_86k_default	Germany	6	0	Aircraft
f-86k_late_italy	F-86K Sabre	typeFighter	f_86k_default	Italy	6	0	Aircraft
f-89b	F-89B	typeFighter	f_89_default	USA	5	0	Aircraft
f-89d	F-89D	typeFighter	f_89_default	USA	5	0	Aircraft
f-8e	F-8E Crusader	typeFighter	f_8e_default	USA	7	3000	Aircraft
f-8e_fn	F-8E(FN) Crusader II	typeFighter	f_8e_fn_default	France	7	0	Aircraft
f8f1	F8F-1 Bearcat	typeFighter	f8f1_default	USA	3	1750	Aircraft
f8f1b	F8F-1B Bearcat	typeFighter	f8f1_default	USA	4	1750	Aircraft
f8f1b_france	F8F-1B Bearcat	typeFighter	f8f1_france_default	France	4	1750	Aircraft
f8u-2	F8U-2 Crusader II	typeFighter	f8u-2_default	USA	6	1000	Aircraft
f9f-2	F9F-2 Panther	typeFighter	f9f5_default	USA	5	1460	Aircraft
f9f-5	F9F-5 Panther	typeFighter	f9f5_default	USA	5	1460	Aircraft
f9f-8	F9F-8 Cougar	typeFighter	f9f_8_default	USA	5	1820	Aircraft
fa_18a	F/A-18A Hornet	typeFighter	fa_18a_default	USA	8	7700	Aircraft
fa_18a_hug_2_raaf	AF/A-18A (HUG 2.4) Hornet	typeFighter	fa_18a_hug_2_raaf_default	Great Britain	8	7700	Aircraft
fa_18a_raaf	F/A-18A Hornet	typeFighter	fa_18a_default	Great Britain	8	7700	Aircraft
fa_18c_early	F/A-18C (Early) Hornet	typeFighter	fa_18c_early_default	USA	8	7700	Aircraft
fa_18c_finland	F-18C Hornet	typeFighter	fa_18c_finland_default	Sweden	8	7700	Aircraft
fa_18c_late	F/A-18C (Late) Hornet	typeFighter	fa_18c_late_default	USA	8	7700	Aircraft
fa_18c_late_switzerland	F/A-18C (Late) Hornet	typeFighter	fa_18c_late_switzerland_default	Germany	8	7700	Aircraft
fa_18c_mlu_2_finland	F/A-18C MLU 2 Hornet	typeFighter	fa_18c_mlu_2_finland_default	Sweden	8	7700	Aircraft
fa_18c_switzerland	F/A-18C Hornet	typeFighter	fa_18c_switzerland_default	Germany	8	7700	Aircraft
fa_18d_late_malaysia	F/A-18D (Late) Hornet	typeFighter	fa_18d_late_malaysia_default	Japan	8	7700	Aircraft
fa_18e_block_2	F/A-18E (Block 2) Super Hornet	typeFighter	fa_18e_block_2_default	USA	9	8100	Aircraft
fa_18f_block_2_raaf	F/A-18F (Block 2) Super Hornet	typeFighter	fa_18f_block_2_raaf_default	Great Britain	9	8100	Aircraft
fairey_3f_mk3b	Fairey IIIF Mk.IIIB	typeFighter	fairey_3f_mk3b_default	Great Britain	1	0	Aircraft
fc_20_bis	F.C.20 Bis	typeFighter	fc_20_bis_default	Italy	1	0	Aircraft
ffa_p16	FFA P-16	typeFighter	ffa_p16_default	Germany	6	3000	Aircraft
ffvs_j22_a	J22-A	typeFighter	j22_default	Sweden	2	0	Aircraft
ffvs_j22_b	J22-B	typeFighter	j22_default	Sweden	3	0	Aircraft
fiat_cr42	CR.42 Falco	typeFighter	fiat_cr42_default	Germany	1	0	Aircraft
fiat_cr42_italy	CR.42 Falco	typeFighter	fiat_cr42_default	Italy	1	0	Aircraft
fiat_cr42_j11	J11	typeFighter	fiat_cr42_default	Sweden	1	0	Aircraft
fiat_cr42_marcolin	Marcolin's C.R.42 CN	typeFighter	fiat_cr42_default	Germany	1	0	Aircraft
fiat_cr42_marcolin_italy	Marcolin's C.R.42 CN	typeFighter	fiat_cr42_default	Italy	1	0	Aircraft
fiat_g50_seria2	G.50 Freccia serie 2	typeFighter	fiat_g50_seria2_default	Germany	1	0	Aircraft
fiat_g50_seria2_italy	G.50 Freccia serie 2	typeFighter	fiat_g50_seria2_default	Italy	1	0	Aircraft
fiat_g50_seria7as	G.50 Freccia AS serie 7	typeFighter	fiat_g50_seria7as_default	Germany	1	0	Aircraft
fiat_g50_seria7as_italy	G.50 Freccia AS serie 7	typeFighter	fiat_g50_seria7as_default	Italy	1	0	Aircraft
fiat_g91_ps	G.91 pre-serie	typeFighter	fiat_g91_default	Italy	5	630	Aircraft
fiat_g91_r1	G.91 R/1	typeFighter	fiat_g91_r1_default	Italy	5	630	Aircraft
fiat_g91_r3	G.91 R/3	typeFighter	fiat_g91_r3_default	Germany	6	1250	Aircraft
fiat_g91_r4	G.91 R/4	typeFighter	fiat_g91_r4_default	Italy	5	830	Aircraft
fiat_g91_r4_german	G.91 R/4	typeFighter	fiat_g91_r4_default	Germany	5	830	Aircraft
fiat_g91_y	G.91 Y	typeFighter	fiat_g91y_default	Italy	6	1815	Aircraft
fiat_g91_ys	G.91 YS	typeFighter	fiat_g91_default	Italy	6	2060	Aircraft
firebrand_tf4	Firebrand TF Mk IV	typeFighter	default	Great Britain	2	940	Aircraft
firefly_mk1	Firefly F Mk I	typeFighter	firefly_mk1_default	Great Britain	3	0	Aircraft
firefly_mk4_netherlands	Firefly F.Mk.IV	typeFighter	firefly_mk4_netherlands_default	France	3	1140	Aircraft
firefly_mk5	Firefly FR Mk V	typeFighter	firefly_mk5_default	Great Britain	3	1140	Aircraft
fj_4b	FJ-4B Fury	typeFighter	fj_4b_default	USA	6	2675	Aircraft
fj_4b_agm_12b	FJ-4B VMF-232 Fury	typeFighter	fj_4b_default	USA	6	2675	Aircraft
fokker_d21_mod20	Fokker D.XXI	typeFighter	fokker_d21_mod20_default	Sweden	2	0	Aircraft
fokker_d21_netherlands	Fokker D.XXI	typeFighter	fokker_d21_netherlands	France	1	0	Aircraft
fokker_d21_serie3_finland	Fokker D.XXI Series 3	typeFighter	fokker_d21_mod20_default	Sweden	1	0	Aircraft
fokker_d23	Fokker D.XXIII	typeFighter	fokker_dr1_default	France	2	0	Aircraft
fokker_d7	Fokker D.VII	typeFighter	fokker_dr1_default	Germany	1	0	Aircraft
fokker_g1a	Fokker G.I Mercury	typeFighter	fokker_g1a_default	France	2	500	Aircraft
fr_1_fireball	FR-1 Fireball	typeFighter	fr_1_fireball_default	USA	3	1300	Aircraft
fury_mk1	Fury Mk I	typeFighter	nimrod_default	Great Britain	1	0	Aircraft
fury_mk2	Fury Mk II	typeFighter	nimrod_default	Great Britain	1	0	Aircraft
fw_189c_0	Fw 189 C	typeStormovik	fw_189c_0_default	Germany	2	0	Aircraft
fw_190a_5_u14	Fw 190 A-5/U14	typeFighter	fw_190a_5_default	Germany	3	0	Aircraft
fw_190f_8_hungary	Fw 190 F-8	typeFighter	Fw-190F-8_default	Italy	4	1220	Aircraft
fw_200c_1	Fw 200 C-1	typeBomber	fw_200c_1_6xSC250	Germany	2	3100	Aircraft
fw-189a-1	Fw 189 A-1	typeBomber	FW-189A_default	Germany	1	0	Aircraft
fw-190a-1	Fw 190 A-1	typeFighter	Fw-190A-5_default	Germany	2	0	Aircraft
fw-190a-4	Fw 190 A-4	typeFighter	Fw-190A-5_default	Germany	3	0	Aircraft
fw-190a-5	Fw 190 A-5/U12	typeFighter	Fw-190A-5_default	Germany	4	0	Aircraft
fw-190a-5_cannons	Fw 190 A-5	typeFighter	Fw-190A-5_default	Germany	4	0	Aircraft
fw-190a-5_cannons_tutorial	Fw 190 A-5	typeFighter	Fw-190A-5_default	Other	0	0	Aircraft
fw-190a-5_japan	Fw 190 A-5	typeFighter	Fw-190A-5_default	Japan	4	0	Aircraft
fw-190a-5_u2	Fw 190 A-5/U2	typeFighter	Fw-190A-5_default	Germany	3	0	Aircraft
fw-190a-8	Fw 190 A-8	typeFighter	Fw-190A-8_default	Germany	4	0	Aircraft
fw-190a-8_france	NC.900	typeFighter	Fw-190A-8_default	France	4	0	Aircraft
fw-190a-8_usa	Fw 190 A-8	typeFighter	Fw-190A-8_default	USA	4	0	Aircraft
fw-190c	Fw 190 C	typeFighter	Fw-190C_default	Germany	4	0	Aircraft
fw-190d-12	Fw 190 D-12	typeFighter	fw-190d-9_default	Germany	4	710	Aircraft
fw-190d-13	Fw 190 D-13	typeFighter	fw-190d-12_default	Germany	4	710	Aircraft
fw-190d-9	Fw 190 D-9	typeFighter	fw-190d-9_default	Germany	3	710	Aircraft
fw-190d-9_ussr	Fw 190 D-9	typeFighter	Fw-190D-9_default	USSR / Russia	4	0	Aircraft
fw-190f-8	Fw 190 F-8	typeFighter	Fw-190F-8_default	Germany	4	1220	Aircraft
g_55_serie1	G.55 Centauro serie 1	typeFighter	g_55_serie1_default	Italy	4	0	Aircraft
g_55_serie1_ss0	G.55 sottoserie 0	typeFighter	g_55_serie1_ss0_default	Italy	3	0	Aircraft
g_55s	G.55S	typeFighter	g_55s_default	Italy	4	0	Aircraft
g_56	G.56	typeFighter	g_56_default	Italy	4	0	Aircraft
g_lynx	G-LYNX	typeFighter	g_lynx_default	Great Britain	6	570	Helicopter
g4m1	G4M1	typeBomber	g4m1_type97mod6	Japan	2	0	Aircraft
g5n1	G5N1 Shinzan	typeBomber	g5n1_type97mod6	Japan	3	0	Aircraft
g5n2	G5N2 Shinzan	typeBomber	g5n1_type97mod6	Other	0	0	Aircraft
g8n1	G8N1 Renzan	typeBomber	g8n1_type97mod6	Japan	4	0	Aircraft
g8n2	G8N2 Renzan	typeBomber	g8n2_default	Other	0	0	Aircraft
gl_832	GL.832HY	typeFighter	gl_832_default	France	1	0	Aircraft
gladiator_j8a	J8A	typeFighter	gladiator_mk2_default	Sweden	1	0	Aircraft
gladiator_j8a_iacobi	Iacobi's J8A	typeFighter	gladiator_mk2_default	Sweden	1	0	Aircraft
gladiator_mk1_belgium	Gladiator Mk I	typeFighter	gladiator_mk1_belgium_default	France	1	0	Aircraft
gladiator_mk1_china	Gladiator Mk I	typeFighter	gladiator_mk2_default	China	1	0	Aircraft
gladiator_mk2	Gladiator Mk II	typeFighter	gladiator_mk2_default	Great Britain	1	0	Aircraft
gladiator_mk2_france	Gladiator Mk IIF	typeFighter	gladiator_mk2_default	Great Britain	1	0	Aircraft
gladiator_mk2_navy	Sea Gladiator Mk I	typeFighter	gladiator_mk2_default	Great Britain	1	0	Aircraft
gladiator_mk2_silver	Gladiator Mk IIS	typeFighter	gladiator_mk2_default	Great Britain	1	0	Aircraft
gladiator_mk2_tuck	Tuck's Gladiator Mk II	typeFighter	gladiator_mk2_default	Great Britain	1	0	Aircraft
go229_v3	Ho 229 V3	typeFighter	go_229_default	Germany	5	0	Aircraft
h_34	H-34	typeFighter	h_34_default	USA	5	0	Helicopter
h_34_france	H-34	typeFighter	h_34_default	France	5	0	Helicopter
h6k4	H6K4	typeBomber	h6k4_default	Japan	1	0	Aircraft
h-75a-1_finland	Hawk H-75A-1	typeFighter	p_40e_default	Other	0	0	Aircraft
h-75a-1_france	H-75A-1	typeFighter	h_75a_1_france_default	France	1	0	Aircraft
h-75a-1_france39	Curtiss H75-C1-39	typeFighter	p_40e_default	Other	0	0	Aircraft
h-75a-2_finland	Hawk H-75A-2	typeFighter	h_75a_2_finland_default	Germany	2	0	Aircraft
h-75a-2_france	Curtiss H75-C1-2	typeFighter	p_40e_default	Other	0	0	Aircraft
h-75a-2_luftwaffe	Hawk H-75A-2	typeFighter	p_40e_default	Other	0	0	Aircraft
h-75a-3_finland	Hawk H-75A-3	typeFighter	p_40e_default	Other	0	0	Aircraft
h-75a-3_france	Curtiss H75-C1-3	typeFighter	p_40e_default	Other	0	0	Aircraft
h-75a-3_france_vishy	Curtiss H75-C1-V	typeFighter	p_40e_default	Other	0	0	Aircraft
h-75a-4_finland	Hawk H-75A-4	typeFighter	p_40e_default	Other	0	0	Aircraft
h-75a-4_france	H-75A-4	typeFighter	h_75a_1_france_default	France	1	0	Aircraft
h-75a-4_luftwaffe	Hawk H-75A-4	typeFighter	p_40e_default	Other	0	0	Aircraft
h-75a-4_raf	Mohawk Mk IV	typeFighter	p_40e_default	Other	0	0	Aircraft
h-75a-5	Hawk H-75A-5	typeFighter	p_40e_default	Other	0	0	Aircraft
h-75a-6	Hawk H-75A-6	typeFighter	p_40e_default	Other	0	0	Aircraft
h-75a-7	Hawk H-75A-7	typeFighter	p_40e_default	Other	0	0	Aircraft
h-75m	H-75M (H-75A-8)	typeFighter	h_75m_china_default	Other	0	0	Aircraft
h-75m_china	H-75M (H-75A-8)	typeFighter	h_75m_china_default	China	1	0	Aircraft
h-75n	Hawk H-75N	typeFighter	p_40e_default	Other	0	0	Aircraft
h8k2	H8K2	typeBomber	h8k2_2xtype91mod2_torpedo	Japan	2	0	Aircraft
h8k3	H8K3	typeBomber	h8k2_2xtype91mod2_torpedo	Japan	2	0	Aircraft
halifax_mk3	Halifax B Mk IIIa	typeBomber	halifax_mk3_250lb_gp	Great Britain	3	6000	Aircraft
harrier_frs1	Sea Harrier FRS.1	typeFighter	harrier_frs1_default	Great Britain	7	4000	Aircraft
harrier_frs1_early	Sea Harrier FRS.1 Early	typeFighter	harrier_frs1_default	Great Britain	7	4000	Aircraft
harrier_gr1	Harrier GR.1	typeFighter	harrier_gr1_default	Great Britain	6	4000	Aircraft
harrier_gr3	Harrier GR.3	typeFighter	harrier_gr3_default	Great Britain	6	4000	Aircraft
harrier_gr7	Harrier GR.7	typeFighter	harrier_gr7_default	Great Britain	8	4250	Aircraft
harrier_t10	Harrier T.10	typeFighter	harrier_t10_default	Great Britain	7	4200	Aircraft
hawk_200	Hawk 200	typeFighter	hawk_200_default	Great Britain	7	3500	Aircraft
hawk_200_rda	Hawk 200 RDA	typeFighter	hawk_200_rda_default	Great Britain	7	3500	Aircraft
hawk_209_indonesia	Hawk 209	typeFighter	hawk_209_indonesia_default	Japan	7	3500	Aircraft
hawk_iii	Hawk III	typeFighter	hawk_iii_default	China	1	0	Aircraft
he_100d_1	He 100 D-1	typeFighter	he_100d_1_default	Germany	1	0	Aircraft
he_112a_0	He 112 A-0	typeFighter	he_112a_0_default	Germany	1	0	Aircraft
he_112b_0	He 112 B-0	typeFighter	he_112b_0_default	Germany	2	0	Aircraft
he_112b_1	He 112 B-1/U2	typeFighter	he_112b_0_default	Germany	2	0	Aircraft
he_112b_1_italy	He 112 B-1/U2	typeFighter	he_112b_0_default	Italy	2	0	Aircraft
he_112b_2	He 112 B-2/U2	typeFighter	he_112b_0_default	Germany	2	0	Aircraft
he_112v_5	He 112 V-5	typeFighter	he_112v_5_default	Germany	1	0	Aircraft
he_115a_2_sweden	T 2	typeBomber	he_115a_2_default	Sweden	1	0	Aircraft
he_115c_1	He 115 C-1	typeBomber	he_115c_1_default	Germany	1	0	Aircraft
he_219a_7	He 219 A-7	typeFighter	he_219a_7_default	Germany	4	0	Aircraft
he-111h-16_winter	He 111 H-16	typeBomber	He_111H16_50kg	Germany	2	0	Aircraft
he-111h-2	He 111 H-3	typeBomber	he-111h-2_32_50kg	Germany	1	0	Aircraft
he-111h-6	He 111 H-6	typeBomber	He_111H6_32_50kg	Germany	2	0	Aircraft
he-162a-1	He 162 A-1	typeFighter	He_162A2_default	Germany	5	0	Aircraft
he-162a-2	He 162 A-2	typeFighter	He_162A2_default	Germany	5	0	Aircraft
he-177a-3	He 177 A-3/R3 Greif	typeBomber	he-177a-3_default	Germany	4	10820	Aircraft
he-177a-5	He 177 A-5	typeBomber	he-177a-5_default	Germany	4	10820	Aircraft
he51a1	He 51 A-1	typeFighter	he51a1_default	Germany	1	0	Aircraft
he51b_2w	He 51 B-2 /Hydroplane	typeFighter	he51b_2w_default	Germany	1	0	Aircraft
he51b1	He 51 B-1	typeFighter	he51b1_default	Germany	1	0	Aircraft
he51c1	He 51 C-1	typeFighter	he51c1_default	Germany	1	0	Aircraft
he51c1_late	He 51 C-1 /Late	typeFighter	he51c1_late_default	Germany	1	0	Aircraft
hellcat_fmk1	Hellcat Mk II	typeFighter	f6f-5_default	Great Britain	3	1815	Aircraft
hkp2	HKP2	typeFighter	hkp2_default	Sweden	5	0	Helicopter
hkp3c	HKP3C	typeFighter	hkp3c_default	Sweden	5	0	Helicopter
hkp9a_cb2	HKP9A	typeFighter	hkp9a_cb2_default	Sweden	6	0	Helicopter
hkp9a_cb3_fc	HKP9A (FC)	typeFighter	hkp9a_cb3_fc_default	Sweden	6	0	Helicopter
hornet_mk1	Hornet Mk.I	typeFighter	hornet_default	Great Britain	4	1040	Aircraft
hornet_mk3	Hornet Mk.III	typeFighter	hornet_default	Great Britain	4	1040	Aircraft
hp_12	H.P.12	typeBomber	hp_12_default	Great Britain	1	0	Aircraft
hp52_hampden_mk1_late	Hampden Mk I	typeBomber	hp52_hampden_tbmk1_default	Great Britain	1	0	Aircraft
hp52_hampden_tbmk1	Hampden TB Mk I	typeBomber	hp52_hampden_tbmk1_default	Great Britain	1	2450	Aircraft
hp52_hampden_tbmk1_ussr_utk1	Hampden TB Mk I UTK-1	typeBomber	hp52_hampden_tbmk1_ussr_utk1_default	USSR / Russia	1	2450	Aircraft
hs-123a-1	Hs 123 A-1	typeBomber	hs_123a_1_bombs	Germany	1	0	Aircraft
hs-123a-1_china	Hs 123 A-1	typeBomber	hs_123a_1_bombs	China	1	0	Aircraft
hs-129b-2	Hs 129 B-2	typeBomber	hs_129b_2_default	Germany	2	0	Aircraft
hs-129b-2_romania	Hs 129 B-2 (Romanian Air Force)	typeBomber	hs_129b_2_default	Germany	3	0	Aircraft
hs-129b-2_romania_italy	Hs 129 B-2 (Romanian Air Force)	typeBomber	hs_129b_2_default	Italy	3	0	Aircraft
hs-129b-3	Hs 129 B-3	typeBomber	hs_129b_3_default	Germany	2	0	Aircraft
hudson_mk_v	Hudson Mk V	typeBomber	hudson_mk_v_bombs	Great Britain	2	0	Aircraft
hunter_f1	Hunter F.1	typeFighter	hunter_f1_default	Great Britain	6	0	Aircraft
hunter_f50_sweden	J34	typeFighter	hunter_f50_sweden_default	Sweden	6	2800	Aircraft
hunter_f58_switzerland	Hunter F.58	typeFighter	hunter_f58_default	Germany	6	2000	Aircraft
hunter_f58a_1971_switzerland	Hunter F.58A (1971)	typeFighter	hunter_f58a_1971_default	Germany	6	2000	Aircraft
hunter_f6	Hunter F.6	typeFighter	hunter_f6_default	Great Britain	6	2800	Aircraft
hunter_f6_holland	Hunter F.6	typeFighter	hunter_f6_default	France	6	2800	Aircraft
hunter_f9_rhodesia	Hunter FGA.9	typeFighter	hunter_f9_default	Great Britain	6	2800	Aircraft
hurricane_mk1	Hurricane Mk I Late	typeFighter	hurricane_mk1_default	Great Britain	2	0	Aircraft
hurricane_mk1_late	Hurricane Mk I Late	typeFighter	hurricane_mk1_default	Other	0	0	Aircraft
hurricane_mk1_late_ep	Hurricane Mk.I/L FAA M	typeFighter	hurricane_mk1_default	Great Britain	2	0	Aircraft
hurricane_mk1_late_finland	Hurricane Mk I Late	typeFighter	hurricane_mk1_late_finland_default	Sweden	2	0	Aircraft
hurricane_mk1b	Sea Hurricane Mk IB	typeFighter	hurricane_mk1_default	Great Britain	2	0	Aircraft
hurricane_mk1c	Sea Hurricane Mk IC	typeFighter	hurricane_mk1_default	Great Britain	2	0	Aircraft
hurricane_mk4	Hurricane Mk IV	typeFighter	hurricane_default	Great Britain	2	0	Aircraft
hurricanemkii	Hurricane Mk IIB/Trop	typeFighter	hurricane_real	Great Britain	2	0	Aircraft
hurricanemkii_ussr	Hurricane Mk IIB	typeFighter	hurricane_ussr_real	USSR / Russia	2	0	Aircraft
i_180	I-180S	typeFighter	I-180_default	USSR / Russia	2	0	Aircraft
i_180_event01	I-180S (defective)	typeFighter	I-180_default	Other	0	0	Aircraft
i_180_event02	I-180S (defective)	typeFighter	I-180_default	Other	0	0	Aircraft
i_180_event03	I-180S (defective)	typeFighter	I-180_default	Other	0	0	Aircraft
i_180_event04	I-180S (defective)	typeFighter	I-180_default	Other	0	0	Aircraft
i_185_m71_standard	I-185 (M-71)	typeFighter	i-185_m71_default	USSR / Russia	3	510	Aircraft
i_185_m82	I-185 (M-82)	typeFighter	i-185_m82_default	USSR / Russia	3	510	Aircraft
i_225	I-225	typeFighter	i_225_default	USSR / Russia	4	0	Aircraft
i_29	I-29	typeFighter	i_29_default	USSR / Russia	2	0	Aircraft
i-15_1934	I-15 WR	typeFighter	I-15_default	USSR / Russia	1	0	Aircraft
i-15_1935	I-15 M-22	typeFighter	I-15_default	USSR / Russia	1	0	Aircraft
i-15_1935_moscow	I-15 M-25	typeFighter	I-15_default	USSR / Russia	1	0	Aircraft
i-153_m62	I-153 M-62 Chaika	typeFighter	I153_m62_default	USSR / Russia	1	0	Aircraft
i-153_m62_china	I-153 M-62	typeFighter	I153_m62_default	China	1	0	Aircraft
i-153_m62_zhukovskiy	Zhukovsky's I-153-M62	typeFighter	I153_m62_default	USSR / Russia	1	0	Aircraft
i-153p	I-153P Chaika	typeFighter	I153_default	USSR / Russia	2	0	Aircraft
i-15bis	I-15bis	typeFighter	I-15bis_default	USSR / Russia	1	0	Aircraft
i-15bis_china	I-15bis	typeFighter	I-15bis_default	China	1	0	Aircraft
i-15bis_krasnolutsky	Krasnolutsky's I-15bis	typeFighter	i-15bis_krasnolutsky_default	USSR / Russia	1	0	Aircraft
i-16_chung_28	I-16 Chung 28	typeFighter	I16_type5_default	China	1	0	Aircraft
i-16_type10	I-16 type 10 Ishak	typeFighter	i_16_type10_default	USSR / Russia	1	0	Aircraft
i-16_type10_china	I-16 type 10	typeFighter	i_16_type10_default	China	2	0	Aircraft
i-16_type17_china	I-16 type 17	typeFighter	I16_type28_default	China	2	0	Aircraft
i-16_type18	I-16 type 18 Ishak	typeFighter	I16_type18_default	USSR / Russia	1	0	Aircraft
i-16_type24	I-16 type 24 Ishak	typeFighter	i_16_type24_default	USSR / Russia	1	0	Aircraft
i-16_type27	I-16 type 27 Ishak	typeFighter	i_16_type27_default	USSR / Russia	2	0	Aircraft
i-16_type28	I-16 type 28 Ishak	typeFighter	I16_type28_default	USSR / Russia	2	0	Aircraft
i-16_type5	I-16 type 5 Ishak	typeFighter	I16_type5_default	USSR / Russia	1	0	Aircraft
i-16_type5_1935_china	I-16 type 5	typeFighter	I16_type5_default	China	1	0	Aircraft
ia_58a_pucara	IA.58A Pucara	typeFighter	ia_58a_pucara_default	Germany	4	2650	Aircraft
iar_316b	IAR 316B	typeFighter	iar_316b_default	France	5	1820	Helicopter
iar_81c	IAR-81C	typeFighter	iar_81c_default	Italy	2	480	Aircraft
iar_81c_db_605	IAR-81C (DB 605)	typeFighter	iar_81c_default	Italy	3	480	Aircraft
iar_93b	IAR-93B	typeFighter	iar_93b_default	Italy	6	7711	Aircraft
il_2_1941	IL-2 (1941)	typeStormovik	il_2_1941_default	USSR / Russia	2	625	Aircraft
il_2_1942_luftwaffe	IL-2 (1942)	typeStormovik	il_2_1942_luft_default	Germany	2	600	Aircraft
il_2_37_1943	IL-2-37	typeStormovik	default	USSR / Russia	2	0	Aircraft
il_2_m82	IL-2 M-82	typeStormovik	il_2_m82_default	USSR / Russia	2	625	Aircraft
il_28	IL-28	typeBomber	il_28_12xfab100	USSR / Russia	5	0	Aircraft
il_28_china	H-5	typeBomber	il_28_china_12xfab100	China	5	0	Aircraft
il_28_china_killstreak	IL-28	typeBomber	il_28_1xrds4	Other	0	0	Aircraft
il_28_german	IL-28	typeBomber	il_28_12xfab100	Germany	5	0	Aircraft
il_28_hungary	IL-28	typeBomber	il_28_12xfab100	Italy	5	0	Aircraft
il_28_killstreak	IL-28	typeBomber	il_28_1xrds4	Other	0	0	Aircraft
il_28sh	IL-28Sh	typeBomber	il_28sh_12xfab100	USSR / Russia	5	3010	Aircraft
il_2m_1943	IL-2M (1943)	typeStormovik	default	USSR / Russia	3	625	Aircraft
il_8_1944	IL-8 (1944)	typeStormovik	il_8_1944_default	USSR / Russia	3	1025	Aircraft
il-10	IL-10	typeStormovik	IL10_default	USSR / Russia	4	600	Aircraft
il-10_1946	IL-10 (1946)	typeStormovik	IL10_default	USSR / Russia	4	600	Aircraft
il-10_1946_china	IL-10 (1946)	typeStormovik	IL10_default	China	4	600	Aircraft
il-10_1946_hungary	IL-10 Párduc	typeStormovik	IL10_default	Italy	4	600	Aircraft
il-2i	IL-2 (1942)	typeStormovik	IL2I_default	USSR / Russia	2	625	Aircraft
il-2m	IL-2M type 3	typeStormovik	default	USSR / Russia	3	625	Aircraft
il-2m_mstitel	IL-2M "Avenger"	typeStormovik	default	USSR / Russia	3	625	Aircraft
il-4	IL-4	typeBomber	il_4_default	USSR / Russia	2	2900	Aircraft
intruder_mk_1	Havoc Mk I	typeBomber	intruder_mk_1_default	Great Britain	2	0	Aircraft
itp_m1	ITP (M-1)	typeFighter	itp_m1_default	USSR / Russia	3	0	Aircraft
j_10a	J-10A (Early)	typeFighter	j_10a_default	China	8	7000	Aircraft
j_10a_killstreak	J-10A	typeFighter	j_10a_default	Other	0	7000	Aircraft
j_10c	J-10C	typeFighter	j_10c_default	China	9	7000	Aircraft
j_11	J-11	typeFighter	j_11_default	China	8	8040	Aircraft
j_11a	J-11A	typeFighter	j_11a_default	China	8	8040	Aircraft
j_11b	J-11B	typeFighter	j_11b_default	China	8	8040	Aircraft
j_15t	J-15T	typeFighter	j_15t_default	China	9	6500	Aircraft
j_22m1a	J-22M1A	typeFighter	j_22m1a_default	USSR / Russia	6	7711	Aircraft
j_7_mk2	J-7II	typeFighter	j_7_mk2_default	China	6	2000	Aircraft
j_7d	J-7D	typeFighter	j_7d_default	China	7	1600	Aircraft
j_7e	J-7E	typeFighter	j_7e_default	China	7	2000	Aircraft
j_8b	J-8B	typeFighter	j_8b_default	China	7	4500	Aircraft
j_8f	J-8F	typeFighter	j_8f_default	China	8	4500	Aircraft
j_8f_missile_test	J-8F	typeFighter	j_8f_4x_pl8_2x_pl12_default	Other	0	4500	Aircraft
j1n1_mod11_early	J1N1	typeBomber	j1n1_default	Japan	2	0	Aircraft
j2m2	J2M2 Raiden	typeFighter	j2m3_default	Japan	3	0	Aircraft
j2m3	J2M3 Raiden	typeFighter	j2m3_default	Japan	4	0	Aircraft
j2m4_kai	J2M4 Kai Raiden	typeFighter	j2m3_default	Japan	4	0	Aircraft
j2m5	J2M5 Raiden	typeFighter	j2m3_default	Japan	4	0	Aircraft
j2m5_30mm	J2M5 (Type 5) Raiden	typeFighter	j2m3_default	Japan	4	0	Aircraft
j5n1	J5N1	typeBomber	j5n1_default	Japan	3	0	Aircraft
j6b	J6B	typeFighter	j6b_default	Sweden	1	0	Aircraft
j6k1	J6K1	typeFighter	j6k1_default	Japan	4	0	Aircraft
j7w1	J7W1 Shinden	typeFighter	j7w1_default	Japan	4	0	Aircraft
j8m1	Ki-200 Shusui	typeFighter	J8M1_default	Japan	5	0	Aircraft
j9_early	J9 Early	typeFighter	j9_default	Sweden	2	0	Aircraft
jaguar_a	Jaguar A	typeFighter	jaguar_a_default	France	7	4000	Aircraft
jaguar_a_germany_killstreak	Jaguar A	typeFighter	jaguar_a_killstreak_default	Other	0	0	Aircraft
jaguar_a_iaf_killstreak	Jaguar A	typeFighter	jaguar_a_killstreak_default	Other	0	0	Aircraft
jaguar_a_italy_killstreak	Jaguar A	typeFighter	jaguar_a_killstreak_default	Other	0	0	Aircraft
jaguar_a_japan_killstreak	Jaguar A	typeFighter	jaguar_a_killstreak_default	Other	0	0	Aircraft
jaguar_a_killstreak	Jaguar A	typeFighter	jaguar_a_killstreak_default	Other	0	0	Aircraft
jaguar_a_sweden_killstreak	Jaguar A	typeFighter	jaguar_a_killstreak_default	Other	0	0	Aircraft
jaguar_a_uk_killstreak	Jaguar A	typeFighter	jaguar_a_killstreak_default	Other	0	0	Aircraft
jaguar_a_usa_killstreak	Jaguar A	typeFighter	jaguar_a_killstreak_default	Other	0	0	Aircraft
jaguar_e	Jaguar E	typeFighter	jaguar_e_default	France	7	4000	Aircraft
jaguar_gr1	Jaguar GR.1	typeFighter	jaguar_gr1_default	Great Britain	6	4070	Aircraft
jaguar_gr1a	Jaguar GR.1A	typeFighter	jaguar_gr1a_default	Great Britain	7	4100	Aircraft
jaguar_is	Jaguar IS	typeFighter	jaguar_is_default	Great Britain	7	4100	Aircraft
javelin_fmk9	Javelin F.(A.W.) Mk.9	typeFighter	javelin_fmk9_default	Great Britain	6	0	Aircraft
jf_17	JF-17 Thunder	typeFighter	jf_17_default	China	8	3400	Aircraft
jh_7	JH-7 Block 02 Flying Leopard	typeFighter	jh_7_default	China	7	5285	Aircraft
jh_7a	JH-7A Flying Leopard	typeFighter	jh_7a_default	China	8	5285	Aircraft
jh_7a_killstreak	JH-7A Flying Leopard	typeFighter	jh_7a_default	Other	0	5285	Aircraft
jh_7a_prototype	JH-7A (Prototype) Flying Leopard	typeFighter	jh_7a_prototype_default	China	8	5285	Aircraft
jh_7a2	JH-7A2 Flying Leopard	typeFighter	jh_7a2_default	China	8	5285	Aircraft
ju-188a-2	Ju 188 A-2	typeBomber	ju-188A-2_default	Germany	4	3050	Aircraft
ju-288c	Ju 288 C	typeBomber	Ju-288C_default	Germany	4	5050	Aircraft
ju-388j	Ju 388 J	typeBomber	Ju-388J_default	Germany	4	0	Aircraft
ju-52	Ju 52	typeBomber	Ju52_default	Other	0	0	Aircraft
ju-87b-2	Ju 87 B-2	typeBomber	Ju87_B2_default	Germany	1	1220	Aircraft
ju-87d-3	Ju 87 D-3	typeBomber	Ju87_D3_default	Germany	2	1840	Aircraft
ju-87d-3_italy	Ju 87 D-3	typeBomber	ju-87d-3_italy_default	Italy	2	1220	Aircraft
ju-87d-5	Ju 87 D-5	typeBomber	Ju-87D-5_default	Germany	2	1840	Aircraft
ju-87g_1	Ju 87 G-1	typeBomber	Ju-87G-1_default	Germany	1	0	Aircraft
ju-87g_2	Ju 87 G-2	typeBomber	Ju-87G-2_default	Germany	1	0	Aircraft
ju-87r-2	Ju 87 R-2	typeBomber	Ju-87R-2_default	Germany	1	1220	Aircraft
ju-87r-2_italy	Ju 87 R-2	typeBomber	ju-87r-2_italy_default	Italy	1	1220	Aircraft
ju-87r-2_snake	Ju 87 R-2 Libya	typeBomber	Ju-87R-2_default	Germany	1	1220	Aircraft
ju-88a-1	Ju 88 A-1	typeBomber	ju_88a_1_10x50	Germany	2	2450	Aircraft
ju-88a-4	Ju 88 A-4	typeBomber	ju_88a_4_10x50	Germany	2	2450	Aircraft
ju-88a-4_finland	Ju 88 A-4	typeBomber	ju_88a_4_10x50	Sweden	2	2450	Aircraft
ju-88c-6	Ju 88 C-6	typeBomber	Ju-88C-6_default	Germany	2	0	Aircraft
ka_29	Ka-29	typeFighter	ka_29_default	USSR / Russia	6	2710	Helicopter
ka_50	Ka-50	typeFighter	ka_50_default	USSR / Russia	6	3017	Helicopter
ka_52	Ka-52	typeFighter	ka_52_default	USSR / Russia	7	3018	Helicopter
kfir_c10_colombia	Kfir C.10 (Block 60)	typeFighter	kfir_c10_colombia_default	Israel	8	5500	Aircraft
kfir_c2	Kfir C.2	typeFighter	kfir_c2_default	Israel	7	4295	Aircraft
kfir_c7	Kfir C.7	typeFighter	kfir_c7_default	Israel	7	5775	Aircraft
kfir_canard	Kfir Canard	typeFighter	kfir_canard_default	Israel	7	4295	Aircraft
ki_10_1	Ki-10-I	typeFighter	Ki-10_II_default	Japan	1	0	Aircraft
ki_10_1_commander	Ki-10-I C	typeFighter	Ki-10_II_default	Japan	1	0	Aircraft
ki_10_2	Ki-10-II	typeFighter	Ki-10_II_default	Japan	1	0	Aircraft
ki_10_2_commander	Ki-10-II C	typeFighter	Ki-10_II_default	Japan	1	0	Aircraft
ki_100_2	Ki-100-II	typeFighter	ki_100_2_default	Japan	3	0	Aircraft
ki_100_early	Ki-100	typeFighter	ki_61_2_default	Japan	3	0	Aircraft
ki_102_otsu	Ki-102 Otsu	typeBomber	ki-102_otsu_default	Japan	2	0	Aircraft
ki_108	Ki-108 Kai	typeBomber	ki-108_default	Japan	3	0	Aircraft
ki_109	Ki-109	typeBomber	ki_109_default	Japan	1	0	Aircraft
ki_21_1hei	Ki-21-I Hei	typeBomber	ki_21_1hei_type94mod5	Japan	2	0	Aircraft
ki_21_1ko	Ki-21-Ia	typeBomber	ki_21_1ko_type94mod5	Japan	1	0	Aircraft
ki_32	Ki-32	typeBomber	ki_32_default	Japan	1	0	Aircraft
ki_43_1	Ki-43-I Hayabusa	typeFighter	ki_43_1_default	Japan	1	0	Aircraft
ki_43_2	Ki-43-II Hayabusa	typeFighter	ki_43_2_default	Japan	1	0	Aircraft
ki_43_2_late	Ki-43-II Hayabusa	typeFighter	ki_43_2_default	USA	2	0	Aircraft
ki_43_3_ko	Ki-43-III Ko Hayabusa	typeFighter	ki_43_2_default	China	1	0	Aircraft
ki_43_3_otsu	Ki-43-III Otsu Hayabusa	typeFighter	ki_43_2_default	Japan	3	0	Aircraft
ki_44_1	Ki-44-I Shoki	typeFighter	ki_43_2_default	Japan	2	0	Aircraft
ki_44_1_ep	Ki-44-I 34 Shoki	typeFighter	ki_43_2_default	Japan	2	0	Aircraft
ki_44_2_hei	Ki-44-II Hei Shoki	typeFighter	ki_44_2_default	Japan	2	0	Aircraft
ki_44_2_hei_china	Ki-44-II Hei Shoki	typeFighter	ki_44_2_default	China	3	0	Aircraft
ki_44_2_otsu	Ki-44-II Otsu Shoki	typeFighter	ki_44_2_default	Japan	2	0	Aircraft
ki_48_2_otsu	Ki-48-II Otsu	typeBomber	ki_48_2_otsu_ki_148	Japan	2	0	Aircraft
ki_48_2_otsu_event	Ki-48-II Otsu	typeBomber	ki_48_2_otsu_ki_148	Other	0	0	Aircraft
ki_61_1a_hei	Ki-61-I Hei Hien	typeFighter	ki_61_hei_default	Japan	4	0	Aircraft
ki_61_1a_hei_ep	Tada's Ki-61-I Hei Hien	typeFighter	ki_61_hei_default	Japan	4	0	Aircraft
ki_61_1a_ko	Ki-61-I Ko Hien	typeFighter	ki_61_ko_default	Japan	2	0	Aircraft
ki_61_1a_otsu	Ki-61-I Otsu Hien	typeFighter	ki_61_otsu_default	Japan	2	0	Aircraft
ki_61_1a_otsu_china	Ki-61-I Otsu Hien	typeFighter	ki_61_otsu_default	China	3	0	Aircraft
ki_61_1a_otsu_usa	Ki-61-Ib Hien	typeFighter	ki_61_otsu_default	USA	2	0	Aircraft
ki_61_1a_tei	Ki-61-I Tei Hien	typeFighter	ki_61_otsu_default	Japan	3	0	Aircraft
ki_61_2_early	Ki-61-II Otsu Kai	typeFighter	ki_61_2_default	Japan	3	0	Aircraft
ki_67_1_ko	Ki-67-I Ko	typeBomber	ki_67_type94mod5	Japan	3	0	Aircraft
ki_67_1_otsu	Ki-67-I Otsu	typeBomber	ki_67_type94mod5	Japan	3	0	Aircraft
ki_84_hei	Ki-84 Hei Hayate	typeFighter	ki_84_ko_default	Japan	4	0	Aircraft
ki_84_ko	Ki-84 Ko Hayate	typeFighter	ki_84_ko_default	Japan	4	0	Aircraft
ki_84_ko_china	Ki-84 Ko Hayate	typeFighter	ki_84_ko_default	China	4	0	Aircraft
ki_84_otsu	Ki-84 Otsu Hayate	typeFighter	ki_84_ko_default	Japan	4	0	Aircraft
ki_87	Ki-87	typeFighter	ki_87_default	Japan	4	0	Aircraft
ki_94_2	Ki-94-II	typeFighter	ki_94_2_default	Japan	4	0	Aircraft
ki-27_otsu	Ki-27 Otsu	typeFighter	ki_27_default	Japan	1	0	Aircraft
ki-27_otsu_china	Ki-27 Otsu	typeFighter	ki_27_default	China	1	0	Aircraft
ki-27_otsu_ep	Ki-27 Otsu Tachiarai	typeFighter	ki_27_default	Japan	1	0	Aircraft
ki-45_hei	Ki-45 Hei Toryu	typeFighter	ki-45_hei_default	Japan	1	0	Aircraft
ki-45_hei_tei	Ki-45 Hei/Tei Toryu	typeFighter	ki-45_hei_tei_default	Other	0	0	Aircraft
ki-45_hei_tei_china	Ki-45 Hei/Tei Toryu	typeFighter	ki-45_hei_tei_default	China	2	0	Aircraft
ki-45_ko	Ki-45 Ko Toryu	typeFighter	ki-45_ko_default	Japan	1	0	Aircraft
ki-45_ko_tei	Ki-45 Ko/Tei Toryu	typeFighter	ki-45_ko_tei_default	Other	0	0	Aircraft
ki-45_otsu	Ki-45 Otsu Toryu	typeFighter	ki-45_otsu_default	Japan	1	0	Aircraft
ki-45_tei	Ki-45 Tei Toryu	typeFighter	ki-45_tei_default	Japan	1	0	Aircraft
ki-49_1	Ki-49-I Donryu	typeBomber	ki49_1_default	Japan	2	0	Aircraft
ki-49_2a	Ki-49-IIa Donryu	typeBomber	ki49_2a_default	Japan	2	0	Aircraft
ki-49_2b	Ki-49-IIb Donryu	typeBomber	ki49_default	Japan	3	0	Aircraft
ki-49_2b_late	Ki-49-IIb Donryu /Late	typeBomber	ki49_2b_late_default	Japan	3	0	Aircraft
ki-83	Ki-83	typeBomber	ki-83_default	Japan	4	0	Aircraft
ki-96	Ki-96	typeBomber	ki-96_default	Japan	3	0	Aircraft
kitsuka	Kikka	typeFighter	kitsuka_default	Japan	5	850	Aircraft
kor_1	KOR-1	typeFighter	kor_1_default	USSR / Russia	1	0	Aircraft
kor_2	KOR-2	typeBomber	kor_2_default	USSR / Russia	1	0	Aircraft
l_39za	L-39ZA Albatros	typeFighter	l_39za_default	USSR / Russia	5	1150	Aircraft
l_39za_art_thailand	L-39ZA/ART Albatros	typeFighter	l_39za_art_thailand_default	Japan	5	1150	Aircraft
la_174	La-174	typeFighter	mig_9_default	USSR / Russia	5	0	Aircraft
la_200_toriy	La-200	typeFighter	la_200_toriy_default	USSR / Russia	5	0	Aircraft
la-11	La-11	typeFighter	LA9_default	USSR / Russia	4	0	Aircraft
la-11_china	La-11	typeFighter	LA9_default	China	4	0	Aircraft
la-15	La-15	typeFighter	mig_9_default	USSR / Russia	5	0	Aircraft
la-5_type37_early	La-5	typeFighter	LA5_FN_default	USSR / Russia	2	0	Aircraft
la-5_type39	La-5F	typeFighter	LA5_FN_default	USSR / Russia	2	0	Aircraft
la-5fn	La-5FN	typeFighter	LA5_FN_default	USSR / Russia	3	0	Aircraft
la-5fn_luftwaffe	La-5FN	typeFighter	LA5_FN_default	Germany	3	0	Aircraft
la-7	La-7	typeFighter	LA7_default	USSR / Russia	3	0	Aircraft
la-7_dolgushin	Dolgushin's La-7	typeFighter	LA7_default	USSR / Russia	4	0	Aircraft
la-7b-20	La-7B-20	typeFighter	LA7_default	USSR / Russia	4	0	Aircraft
la-9	La-9	typeFighter	LA9_default	USSR / Russia	4	0	Aircraft
la-9_china	La-9	typeFighter	LA9_default	China	4	0	Aircraft
lagg-3-1	LaGG-3-1	typeFighter	LaGG-3-1_default	Other	0	0	Aircraft
lagg-3-11	LaGG-3-11	typeFighter	LaGG-3-11_default	USSR / Russia	2	300	Aircraft
lagg-3-23	LaGG-3-23	typeFighter	LaGG-3-23_default	USSR / Russia	2	300	Aircraft
lagg-3-29	LaGG-3-29	typeFighter	LaGG-3-29_default	Other	0	300	Aircraft
lagg-3-34	LaGG-3-34	typeFighter	LaGG-3-34_default	USSR / Russia	2	0	Aircraft
lagg-3-35	LaGG-3-35	typeFighter	LaGG-3-35_default	USSR / Russia	2	300	Aircraft
lagg-3-4	LaGG-3-4	typeFighter	LaGG-3-4_default	USSR / Russia	2	0	Aircraft
lagg-3-66	LaGG-3-66	typeFighter	LaGG-3-66_default	USSR / Russia	2	300	Aircraft
lagg-3-8	LaGG-3-8	typeFighter	LaGG-3-8_default	USSR / Russia	2	0	Aircraft
lagg-i-301	I-301	typeFighter	I-301_default	USSR / Russia	2	0	Aircraft
lancaster_mk1	Lancaster B Mk I	typeBomber	lancaster_mk3_default	Great Britain	4	0	Aircraft
lancaster_mk3	Lancaster B Mk III	typeBomber	lancaster_mk3_default	Great Britain	4	0	Aircraft
lancaster_mr7_france	Lancaster MR.7	typeBomber	lancaster_mr7_france_default	France	4	0	Aircraft
late_298d	Late 298D	typeFighter	late_298d_default	France	1	675	Aircraft
leo_451_early	LeO 451 early	typeBomber	leo_451_default	France	2	2100	Aircraft
leo_451_late	LeO 451 late	typeBomber	leo_451_default	France	2	2100	Aircraft
li-2	Li-2	typeBomber	LI2_default	Other	0	0	Aircraft
lightning_f53	Lightning F.53	typeFighter	lightning_f35_default	Great Britain	6	2000	Aircraft
lightning_f6	Lightning F.6	typeFighter	lightning_f6_default	Great Britain	6	0	Aircraft
lincoln_b2	Lincoln B Mk II	typeBomber	lincoln_default	Great Britain	4	0	Aircraft
loire_130	Loire 130C	typeFighter	loire_130_default	France	1	0	Aircraft
lynx_ah_mk1	Lynx AH.Mk.1	typeFighter	lynx_ah_mk1_default	Great Britain	6	570	Helicopter
m_346fa	M-346FA Master	typeFighter	m_346fa_default	Italy	8	2800	Aircraft
martin_139wc	Martin 139WC	typeBomber	martin_default	China	1	0	Aircraft
marut_mk1	HF-24 Marut	typeFighter	marut_mk1_default	Great Britain	5	4100	Aircraft
maryland_mk1_france	Martin 167-A3	typeBomber	maryland_mk1_default	France	1	0	Aircraft
mb_151c1	M.B.151C.1	typeFighter	mb_151c1_default	France	1	0	Aircraft
mb_152c1	M.B.152C1	typeFighter	mb_152c1_default	France	2	0	Aircraft
mb_157	M.B.157	typeFighter	mb_157_default	France	3	0	Aircraft
mb_162	M.B.162	typeBomber	mb_162_6x200kg_6x100kg_default	France	3	0	Aircraft
mb_174_a3	M.B.174A-3	typeBomber	mb_174_a3_8x50kg_default	France	1	0	Aircraft
mb_175t	M.B.175T	typeBomber	mb_175t_default	France	2	0	Aircraft
mb_326b	MB-326B	typeFighter	mb_326b_default	Italy	5	1685	Aircraft
mb_326k	MB-326K	typeFighter	mb_326k_default	Italy	5	1685	Aircraft
mb_5	MB.5	typeFighter	mb_5_default	Great Britain	4	0	Aircraft
mbr-2	MBR-2-M-34	typeBomber	mbr-2_8x50	USSR / Russia	1	0	Aircraft
mc200_serie3	C. 200 Saetta serie 3	typeFighter	mc200_default	Germany	1	0	Aircraft
mc200_serie3_italy	C. 200 Saetta serie 3	typeFighter	mc200_default	Italy	2	0	Aircraft
mc200_serie7	C. 200 Saetta serie 7	typeFighter	mc200_default	Germany	1	0	Aircraft
mc200_serie7_italy	C. 200 Saetta serie 7	typeFighter	mc200_default	Italy	2	0	Aircraft
mc-202	C. 202 Folgore	typeFighter	MC202_default	Germany	1	0	Aircraft
mc-202_d	C. 202D Folgore	typeFighter	MC202_default	Italy	2	0	Aircraft
mc-202_ec	C. 202EC	typeFighter	c_202_ec_default	Italy	3	0	Aircraft
mc-202_italy	C. 202 Folgore	typeFighter	MC202_default	Italy	2	0	Aircraft
mc-205_n2	C. 205N2	typeFighter	mc-205_n2_default	Italy	3	0	Aircraft
mc-205_serie1	C. 205 serie 1	typeFighter	mc-205_serie1_default	Italy	2	0	Aircraft
mc-205_serie3	C. 205 serie 3	typeFighter	mc-205_serie3_default	Italy	4	0	Aircraft
md_450b_barougan	M.D.450B Barougan	typeFighter	md_450b_barougan_default	France	5	1100	Aircraft
md_450b_ouragan	M.D.450B Ouragan	typeFighter	md_450b_ouragan	France	5	1100	Aircraft
md_450b_ouragan_iaf	M.D.450B Ouragan	typeFighter	md_450b_ouragan	Israel	5	1100	Aircraft
md_450b_ouragan_iaf_29	M.D.450B Ouragan (29)	typeFighter	md_450b_ouragan	Israel	5	1100	Aircraft
md_452_mystere_2a	M.D.452 Mystere IIA	typeFighter	md_450_default	France	5	0	Aircraft
md_452_mystere_2c_preproduction	M.D.452 Mystere IIC pre-production	typeFighter	md_452_default	France	5	0	Aircraft
md_454_mystere_4a	M.D.454 Mystere IVA	typeFighter	md_454_mystere_4a_default	France	6	1100	Aircraft
md_454_mystere_4a_iaf	M.D.454 Mystere IVA	typeFighter	md_454_mystere_4a_iaf_default	Israel	6	1860	Aircraft
md_460	Super Mystere B2	typeFighter	md_460_default	France	6	1200	Aircraft
md_460_saar	Super Mystere B2 Sa'ar	typeFighter	md_460_saar_default	Israel	6	3160	Aircraft
md_460_sambad	Super Mystere B2 Sambad	typeFighter	md_460_sambad_default	Israel	6	1100	Aircraft
md_460_usa	Super Mystere B2	typeFighter	md_460_default	Other	0	1200	Aircraft
md_460_yt_cup_2019	Super Mystere B2	typeFighter	md_460_default	France	6	1200	Aircraft
md_500_tow_late	MD500-TOW Lahatut	typeFighter	md_500_tow_late_default	Israel	5	465	Helicopter
me_210_v22_japan	Me 210 V22	typeFighter	me_210_v22_japan_default	Japan	2	1100	Aircraft
me_210a_1	Me 210 A-1 Hornisse	typeFighter	me_210a_1_default	Germany	2	1100	Aircraft
me_210ca_1_40_mm_hungary	Me 210 Ca-1 36.M Hornisse	typeFighter	me_210ca_1_40_mm_hungary_default	Italy	3	1100	Aircraft
me_210ca_1_hungary	Me 210 Ca-1 Hornisse	typeFighter	me_210ca_1_hungary_default	Italy	3	1100	Aircraft
me_264	Me 264	typeBomber	me_264_default	Germany	3	5200	Aircraft
me-163b	Me 163 B	typeFighter	ME_163B_default	Germany	5	0	Aircraft
me-163b-0	Me 163 B-0	typeFighter	me-163b_0_default	Germany	5	0	Aircraft
me-262a1_u1	Me 262 A-1a/U1	typeFighter	me-262a_1_u1_default	Germany	5	0	Aircraft
me-262a-1a	Me 262 A-1a Schwalbe	typeFighter	ME_262A_1A_default	Germany	5	0	Aircraft
me-262a-1a_early	Me 262 A-1a/Jabo	typeFighter	ME_262A_1A_default	Germany	5	0	Aircraft
me-262a-1a_u4	Me 262 A-1/U4 Pulkzerstörer	typeFighter	ME_262A_1A_default	Germany	4	0	Aircraft
me-262a-2a	Me 262 A-2a Sturmvogel	typeFighter	me-262a-2a_default	Germany	5	0	Aircraft
me-262c-1a	Me 262 C-1a Heimatschützer I	typeFighter	ME_262A_1A_default	Germany	5	0	Aircraft
me-262c-2b	Me 262 C-2b Heimatschützer II	typeFighter	ME_262A_1A_default	Germany	5	0	Aircraft
me-410a-1	Me 410 A-1	typeFighter	Me_410A-1_default	Germany	3	0	Aircraft
me-410a-1_u2	Me 410 A-1/U2	typeFighter	Me_410A-1_U2_default	Germany	3	0	Aircraft
me-410a-1_u4	Me 410 A-1/U4	typeFighter	Me_410A-1_U4_default	Germany	2	0	Aircraft
me-410b-1	Me 410 B-1	typeFighter	Me_410A-1_default	Germany	3	0	Aircraft
me-410b-1_u2	Me 410 B-1/U2	typeFighter	Me_410A-1_U2_default	Germany	3	0	Aircraft
me-410b-2_u4	Me 410 B-2/U4	typeFighter	Me_410A-1_U4_default	Germany	2	0	Aircraft
me-410b-6_r3	Me 410 B-6/R3	typeFighter	Me_410B-6_R3_default	Germany	4	0	Aircraft
meteor_fmk3	Meteor F Mk 3	typeFighter	meteor_fmk3_default	Great Britain	5	0	Aircraft
meteor_fmk3_navy	Sea Meteor F Mk 3	typeFighter	meteor_fmk3_navy_default	Great Britain	5	0	Aircraft
meteor_fmk4_lw	Meteor F Mk 4 type G.41F	typeFighter	meteor_fmk3_default	Great Britain	5	0	Aircraft
meteor_fmk4_sw	Meteor F Mk 4 type G.41G	typeFighter	meteor_fmk3_default	Great Britain	5	0	Aircraft
meteor_fmk8	Meteor F Mk 8 G.41K	typeFighter	meteor_fmk8_default	Great Britain	5	0	Aircraft
meteor_fmk8_belgium	Meteor F Mk.8	typeFighter	meteor_fmk8_belgium_default	France	5	500	Aircraft
meteor_fmk8_iaf	Meteor F Mk.8	typeFighter	meteor_fmk8_default	Israel	5	0	Aircraft
meteor_fmk8_reaper	Meteor F Mk.8 Reaper	typeFighter	meteor_fmk8_default	Great Britain	5	0	Aircraft
meteor_frmk9_iaf	Meteor FR Mk.9	typeFighter	meteor_frmk9_iaf_default	Israel	5	0	Aircraft
meteor_nfmk13	Meteor NF Mk.13	typeFighter	meteor_nfmk13_default	Israel	5	0	Aircraft
mh_60l_dap	MH-60L DAP Black Hawk	typeFighter	mh_60l_dap_default	USA	7	3000	Helicopter
mi_24a	Mi-24A	typeFighter	mi_24a_default	USSR / Russia	5	3017	Helicopter
mi_24d	Mi-24D	typeFighter	mi_24d_default	USSR / Russia	5	3017	Helicopter
mi_24d_german	Mi-24D	typeFighter	mi_24d_default	Germany	6	3017	Helicopter
mi_24d_hungary	Mi-24D	typeFighter	mi_24d_default	Italy	5	3017	Helicopter
mi_24p	Mi-24P	typeFighter	mi_24p_default	USSR / Russia	6	2400	Helicopter
mi_24p_german	Mi-24P	typeFighter	mi_24p_german_default	Germany	6	2400	Helicopter
mi_24p_german_hfs80	Mi-24P HFS 80	typeFighter	mi_24p_german_default	Germany	6	2400	Helicopter
mi_24p_hungary	Mi-24P	typeFighter	mi_24p_default	Italy	6	2400	Helicopter
mi_24v	Mi-24V	typeFighter	mi_24v_default	USSR / Russia	6	2400	Helicopter
mi_24v_hungary	Mi-24V	typeFighter	mi_24v_default	Italy	6	2400	Helicopter
mi_28a_sweden	Mi-28A	typeFighter	mi_28a_sweden_default	Sweden	6	2050	Helicopter
mi_28n	Mi-28N	typeFighter	mi_28n_default	USSR / Russia	7	2050	Helicopter
mi_28n_killstreak	Mi-28N	typeFighter	mi_28n_killstreak_default	USSR / Russia	7	2050	Helicopter
mi_28nm	Mi-28NM	typeFighter	mi_28nm_default	USSR / Russia	7	2050	Helicopter
mi_35m	Mi-35M	typeFighter	mi_35m_default	USSR / Russia	6	2400	Helicopter
mi_35m_killstreak	Mi-35M	typeFighter	mi_35m_killstreak_default	USSR / Russia	6	2400	Helicopter
mi_35m_pakistan	Mi-35M	typeFighter	mi_35m_pakistan_default	China	6	2400	Helicopter
mi_35p	Mi-35P	typeFighter	mi_35p_default	USSR / Russia	7	2400	Helicopter
mi_35p_indonesia	Mi-35	typeFighter	mi_24p_default	Japan	6	2400	Helicopter
mi_4av	Mi-4AV	typeFighter	mi_4av_default	USSR / Russia	5	1820	Helicopter
mi_8amtsh	Mi-8AMTSh	typeFighter	mi_8amtsh_default	USSR / Russia	6	2500	Helicopter
mi_8amtsh_vn	Mi-8AMTSh-VN	typeFighter	mi_8amtsh_vn_default	USSR / Russia	7	2500	Helicopter
mi_8tb	Mi-8TB	typeFighter	mi_8tb_default	Germany	5	2500	Helicopter
mi_8tv	Mi-8TV	typeFighter	mi_8tv_default	USSR / Russia	5	2500	Helicopter
mig_21_2000_iaf	MiG-21 2000	typeFighter	mig_21_2000_iaf_default	Israel	7	1300	Aircraft
mig_21_bis_finland	MiG-21bis	typeFighter	mig_21_bis_finland_default	Sweden	7	1300	Aircraft
mig_23bn	MiG-23BN	typeFighter	mig_23bn_default	Germany	6	3050	Aircraft
mig_23m	MiG-23M	typeFighter	mig_23m_default	USSR / Russia	7	2000	Aircraft
mig_23mf_germany	MiG-23MF	typeFighter	mig_23mf_default	Germany	7	2000	Aircraft
mig_23mf_hungary	MiG-23MF	typeFighter	mig_23mf_default	Italy	7	2000	Aircraft
mig_23ml	MiG-23ML	typeFighter	mig_23ml_default	USSR / Russia	7	2000	Aircraft
mig_23mla	MiG-23MLA	typeFighter	mig_23mla_default	Germany	7	2000	Aircraft
mig_23mld	MiG-23MLD	typeFighter	mig_23mld_default	USSR / Russia	7	2000	Aircraft
mig_25pd	MiG-25PD	typeFighter	mig_25pd_default	USSR / Russia	7	3000	Aircraft
mig_27k	MiG-27K	typeFighter	mig_27k_default	USSR / Russia	7	4100	Aircraft
mig_27m	MiG-27M	typeFighter	mig_27m_default	USSR / Russia	7	4100	Aircraft
mig_29_9_12	MiG-29 (9-12)	typeFighter	mig_29_9_12_default	USSR / Russia	8	3090	Aircraft
mig_29_9_12_germany	MiG-29 (9-12A)	typeFighter	mig_29_9_12_germany_default	Germany	8	3090	Aircraft
mig_29_9_12_sniper	MiG-29 Sniper	typeFighter	mig_29_9_12_sniper_r60mk_default	Italy	8	3090	Aircraft
mig_29_9_12b_hungary	MiG-29 (9-12B)	typeFighter	mig_29_9_12_germany_default	Italy	8	3090	Aircraft
mig_29_9_12g	MiG-29 (9-12G)	typeFighter	mig_29_9_12g_default	Germany	8	3090	Aircraft
mig_29_9_13	MiG-29 (9-13)	typeFighter	mig_29_9_13_default	USSR / Russia	8	3090	Aircraft
mig_29kr_9_41r	MiG-29KR (9-41R)	typeFighter	mig_29kr_9_41r_default	USSR / Russia	8	4500	Aircraft
mig_29m_9_15	MiG-29M (9-15)	typeFighter	mig_29m_9_15_default	USSR / Russia	8	4500	Aircraft
mig_29n	MiG-29N (9-12SD)	typeFighter	mig_29n_default	Japan	8	3090	Aircraft
mig_29smt_9_19	MiG-29SMT (9-19)	typeFighter	mig_29smt_9_19_default	USSR / Russia	8	4500	Aircraft
mig_29smt_9_19_killstreak	MiG-29SMT (9-19)	typeFighter	mig_29smt_9_19_killstreak_default	Other	0	4500	Aircraft
mig_29smt_9_19_missile_test	MiG-29SMT (9-19)	typeFighter	mig_29smt_9_19_6x_r77_default	Other	0	4500	Aircraft
mig_3_series_1_15	MiG-3-15	typeFighter	mig_3_series_1_15_default	USSR / Russia	1	0	Aircraft
mig_3_series_1_15_bk_pod	MiG-3-15 (BK)	typeFighter	mig_3_series_1_15_default	USSR / Russia	2	0	Aircraft
mig_3_series_34	MiG-3-34	typeFighter	mig_3_series_34_default	USSR / Russia	2	0	Aircraft
mig-15	MiG-15bis	typeFighter	mig_15bis_nr23_default	USSR / Russia	5	0	Aircraft
mig-15_ns23	MiG-15	typeFighter	mig_15bis_nr23_default	USSR / Russia	5	0	Aircraft
mig-15bis_ish	MiG-15bis ISh	typeFighter	mig_15bis_ish_default	USSR / Russia	5	0	Aircraft
mig-15bis_nr23_china	J-2	typeFighter	mig_15bis_nr23_default	China	5	0	Aircraft
mig-15bis_nr23_german	MiG-15bis	typeFighter	mig_15bis_nr23_default	Germany	5	0	Aircraft
mig-15bis_nr23_hungary	MiG-15bis	typeFighter	mig_15bis_nr23_default	Italy	5	0	Aircraft
mig-15bis_ns23	MiG-15bis NS-23	typeFighter	mig_15bis_nr23_default	Other	0	0	Aircraft
mig-15bis_ns23_china	MiG-15bis NS-23	typeFighter	mig_15bis_nr23_default	Other	0	0	Aircraft
mig-17	MiG-17	typeFighter	mig_17_default	USSR / Russia	6	0	Aircraft
mig-17_china	J-4	typeFighter	mig_17_default	China	5	0	Aircraft
mig-17_cuba	MiG-17AS	typeFighter	mig_17_default	USSR / Russia	6	0	Aircraft
mig-17_f5	Shenyang F-5	typeFighter	mig_17_default	China	6	0	Aircraft
mig-17p_lim_5p	Lim-5P	typeFighter	mig_17p_lim_5p_default	Germany	6	0	Aircraft
mig-17pf_hungary	MiG-17PF	typeFighter	mig_17pf_hungary_default	Italy	6	0	Aircraft
mig-19j_6a	J-6A	typeFighter	mig_19j_6a_default	China	6	1600	Aircraft
mig-19pt	MiG-19PT	typeFighter	mig_19pt_default	USSR / Russia	6	1600	Aircraft
mig-19s	MiG-19S	typeFighter	mig_19s_default	Germany	6	1600	Aircraft
mig-21_bis	MiG-21bis	typeFighter	mig_21_bis_default	USSR / Russia	7	1300	Aircraft
mig-21_bis_event	MiG-21bis	typeFighter	mig-21_bis_event_4x_r3r	USSR / Russia	7	1300	Aircraft
mig-21_bis_lazur	MiG-21bis "Lazur-M"	typeFighter	mig_21_bis_lazur_default	Germany	7	1300	Aircraft
mig-21_bis_sau	MiG-21bis-SAU	typeFighter	mig_21_bis_sau_default	Germany	7	1300	Aircraft
mig-21_bis_sau_hungary	MiG-21bis-SAU	typeFighter	mig_21_bis_sau_default	Italy	7	1300	Aircraft
mig-21_bison	MiG-21 Bison	typeFighter	mig_21_bison_default	Great Britain	8	1300	Aircraft
mig-21_f13	MiG-21F-13	typeFighter	mig_21_f13_default	USSR / Russia	6	1300	Aircraft
mig-21_mf	MiG-21MF	typeFighter	mig_21_mf_default	Germany	7	1300	Aircraft
mig-21_mf_hungary	MiG-21MF	typeFighter	mig_21_mf_default	Italy	7	1300	Aircraft
mig-21_pfm	MiG-21PFM	typeFighter	mig-21_pfm_default	USSR / Russia	6	2000	Aircraft
mig-21_s	MiG-21S (R-13-300)	typeFighter	mig_21_s_default	USSR / Russia	6	1350	Aircraft
mig-21_smt	MiG-21SMT	typeFighter	mig_21_smt_default	USSR / Russia	7	1300	Aircraft
mig-21_sps_k	MiG-21 SPS-K	typeFighter	mig-21_sps_k_default	Germany	6	1300	Aircraft
mig-9	MiG-9	typeFighter	mig_9_default	USSR / Russia	5	0	Aircraft
mig-9_china	MiG-9	typeFighter	mig_9_default	China	5	0	Aircraft
mig-9_late_china	MiG-9 late	typeFighter	mig_9_ussr_default	China	5	0	Aircraft
mig-9_ussr	MiG-9 Late	typeFighter	mig_9_ussr_default	USSR / Russia	5	0	Aircraft
mirage_2000_5ei	Mirage 2000-5Ei	typeFighter	mirage_2000_5ei_default	China	8	6200	Aircraft
mirage_2000_5f	Mirage 2000-5F	typeFighter	mirage_2000_5f_default	France	8	6200	Aircraft
mirage_2000_5f_missile_test	Mirage 2000-5F	typeFighter	mirage_2000_5f_4x_mica_em_2x_r_550_magic_2_default	Other	0	6200	Aircraft
mirage_2000c_s4	Mirage 2000C-S4	typeFighter	mirage_2000c_s4_default	France	8	6200	Aircraft
mirage_2000c_s5	Mirage 2000C-S5	typeFighter	mirage_2000c_s5_default	France	8	6200	Aircraft
mirage_2000d_r1	Mirage 2000D-R1	typeFighter	mirage_2000d_r1_default	France	8	6300	Aircraft
mirage_2000d_rmv	Mirage 2000D-RMV	typeFighter	mirage_2000d_rmv_default	France	8	6200	Aircraft
mirage_3c	Mirage IIIC	typeFighter	mirage_3c_default	France	7	3000	Aircraft
mirage_3cj	Mirage IIICJ (Shahak)	typeFighter	mirage_3cj_default	Israel	7	3000	Aircraft
mirage_3e	Mirage IIIE	typeFighter	mirage_3e_default	France	7	3000	Aircraft
mirage_3s_c70_switzerland	Mirage IIIS C.70	typeFighter	mirage_3s_c70_switzerland_default	Germany	7	3000	Aircraft
mirage_4000	Mirage 4000	typeFighter	mirage_4000_default	France	8	8000	Aircraft
mirage_5ba	Mirage 5BA	typeFighter	mirage_5ba_default	France	7	3500	Aircraft
mirage_5f	Mirage 5F	typeFighter	mirage_5f_default	France	7	4000	Aircraft
mirage_f1c	Mirage F1C	typeFighter	mirage_f1c_default	France	7	3000	Aircraft
mirage_f1c_200	Mirage F1C-200	typeFighter	mirage_f1c_default	France	7	3000	Aircraft
mirage_f1ct	Mirage F1CT	typeFighter	mirage_f1ct_default	France	7	4000	Aircraft
mirage_milan	Milan	typeFighter	mirage_milan_default	France	6	3000	Aircraft
morko_morane	Mörkö-Morane	typeFighter	morko_morane_default	Sweden	2	0	Aircraft
mosquito_b_mk16	Mosquito B.Mk.XVI	typeBomber	mosquito_b_mk16_default	Great Britain	3	3720	Aircraft
mosquito_f_mk2_norway	Mosquito F.Mk.II	typeBomber	mosquito_f_mk2_default	Sweden	3	0	Aircraft
mosquito_fb_mk18	Mosquito FB Mk XVIII	typeBomber	mosquito_fb_mk6_default	Great Britain	3	0	Aircraft
mosquito_fb_mk26_china	Mosquito FB.Mk.26	typeBomber	mosquito_fb_mk6_default	China	3	0	Aircraft
mosquito_fb_mk6	Mosquito FB Mk VI	typeBomber	mosquito_fb_mk6_default	Great Britain	3	0	Aircraft
mosquito_fb_mk6_ash_norway	Mosquito FB Mk VI ASH	typeBomber	mosquito_fb_mk6_default	Sweden	3	0	Aircraft
mosquito_fb_mk6_norway	Mosquito FB Mk VI	typeBomber	mosquito_fb_mk6_default	Sweden	3	0	Aircraft
mosquito_j30_sweden	Mosquito J30	typeBomber	mosquito_j30_sweden_default	Sweden	3	0	Aircraft
mosquito_nf_mk2	Mosquito NF.Mk.II	typeBomber	mosquito_nf_mk2_default	Great Britain	3	0	Aircraft
mosquito_tr_mk33	Mosquito TR.Mk.33	typeBomber	mosquito_fb_mk6_default	Great Britain	3	0	Aircraft
ms_405c1	M.S.405C1	typeFighter	ms_405_default	France	1	0	Aircraft
ms_406c1	M.S.406C1	typeFighter	ms_406c1_default	France	1	0	Aircraft
ms_410c1	M.S.410	typeFighter	ms_410c1_default	France	2	0	Aircraft
n1k1_ja	N1K1-Ja	typeFighter	n1k1_ja_default	Japan	4	0	Aircraft
n1k1_kyuofu	N1K1 Kyofu	typeFighter	n1k1_kyuofu_default	Japan	2	0	Aircraft
n1k2_j	N1K2-J Shiden-Kai	typeFighter	n1k2_j_default	Japan	4	0	Aircraft
n1k2_jko	N1K2-Ja Shiden-Kai	typeFighter	n1k2_jko_default	Japan	4	0	Aircraft
nc_223_3	N.C.223.3	typeBomber	f_223_50kg_gammn	France	2	0	Aircraft
nesher	Nesher	typeFighter	nesher_default	Israel	7	5775	Aircraft
nf_5a_netherlands	NF-5A Freedom Fighter	typeFighter	nf_5a_netherlands_default	France	7	7257	Aircraft
nimrod_mk1	Nimrod Mk I	typeFighter	nimrod_default	Great Britain	1	0	Aircraft
nimrod_mk2	Nimrod Mk II	typeFighter	nimrod_default	Great Britain	1	0	Aircraft
nt_a_10a_early	A-10A Thunderbolt II (Early) (Nuclear Escalation)	typeFighter	nt_a_10a_default	USA	7	7257	Aircraft
nt_a_6e_tram	A-6E TRAM Intruder (Nuclear Escalation)	typeFighter	nt_a_6e_tram_default	USA	7	8165	Aircraft
nt_a_7e	A-7E Corsair II (Nuclear Escalation)	typeBomber	nt_a_7e_default	USA	7	7260	Aircraft
nt_b_52h	B-52H (Nuclear Escalation)	typeBomber	nt_b_52h_default	USA	7	0	Aircraft
nt_f_4e	F-4E Phantom II (Nuclear Escalation)	typeFighter	nt_f_4e_default	USA	7	7257	Aircraft
nt_mig_23mld	MiG-23MLD (Nuclear Escalation)	typeFighter	nt_mig_23mld_default	USSR / Russia	7	2000	Aircraft
nt_su_24m	Su-24M (Nuclear Escalation)	typeFighter	nt_su_24m_default	USSR / Russia	7	8000	Aircraft
nt_su_25t	Su-25T (Nuclear Escalation)	typeFighter	nt_su_25t_default	USSR / Russia	7	4400	Aircraft
nt_tu_95m	Tu-95M (Nuclear Escalation)	typeBomber	nt_tu_95m_default	USSR / Russia	7	0	Aircraft
o3u_1	OS3U-1 Corsair	typeFighter	o3u_1_default	USA	1	0	Aircraft
oh_58d	OH-58D Kiowa Warrior	typeFighter	oh_58d_default	USA	6	650	Helicopter
oh_58d_china	OH-58D Kiowa Warrior	typeFighter	oh_58d_default	China	6	650	Helicopter
os2u_1	OS2U-1 Kingfisher	typeBomber	os2u_default	USA	1	0	Aircraft
os2u_1_naval	OS2U-1 Kingfisher	typeBomber	os2u_naval_default	USA	1	0	Aircraft
os2u_3	OS2U-3 Kingfisher	typeBomber	os2u_default	USA	1	0	Aircraft
osprey_mk4	Osprey Mk IV	typeFighter	osprey_mk4_default	Great Britain	1	0	Aircraft
p_108a_serie2	P.108A serie 2	typeStormovik	default	Italy	1	0	Aircraft
p_108b_serie1	P.108B serie 1	typeBomber	p_108b_34x50kg_t	Italy	3	0	Aircraft
p_108b_serie2	P.108B serie 2	typeBomber	p_108b_34x50kg_t	Italy	3	0	Aircraft
p1y1_mod11	P1Y1 mod. 11 "Ginga"	typeBomber	P1Y1_default	Japan	3	0	Aircraft
p1y1_mod11_china	P1Y1 mod. 11 "Ginga"	typeBomber	P1Y1_default	China	2	0	Aircraft
p-26a_33	P-26A-33 Peashooter	typeFighter	P-26A_1933_default	USA	1	0	Aircraft
p-26a_34	P-26A-34 Peashooter	typeFighter	P-26A_1934_default	USA	1	0	Aircraft
p-26a_34_m2	P-26A-34 M2 Peashooter	typeFighter	P-26A_1934_default	USA	1	0	Aircraft
p-26a_35	P-26A-35 Peashooter	typeFighter	P-26A_1935_default	Other	0	0	Aircraft
p-26b_35	P-26B-35 Peashooter	typeFighter	P-26B_1935_default	USA	1	0	Aircraft
p-36a	P-36A Hawk	typeFighter	p_40e_default	USA	1	0	Aircraft
p-36a_brown	Brown's P-36A Hawk	typeFighter	p_40e_default	Other	0	0	Aircraft
p-36a_rasmussen	Rasmussen's P-36A Hawk	typeFighter	p_40e_default	USA	1	0	Aircraft
p-36c	P-36C Hawk	typeFighter	p_40e_default	USA	1	0	Aircraft
p-36c_rb	P-36C Hawk	typeFighter	p_40e_default	USA	1	0	Aircraft
p-36g	P-36G Hawk	typeFighter	p_40e_default	USA	2	0	Aircraft
p-38e	P-38E Lightning	typeFighter	p-38e_default	USA	2	0	Aircraft
p-38g	P-38G-1 Lightning	typeFighter	p-38g_default	USA	2	0	Aircraft
p-38g_metal	XP-38G	typeFighter	p-38g_default	USA	2	0	Aircraft
p-38j	P-38J-15 Lightning	typeFighter	p-38j_default	USA	3	0	Aircraft
p-38j_marge	Richard Bong's P-38J-15 Lightning	typeFighter	p-38j_default	USA	4	0	Aircraft
p-38k	P-38K Lightning	typeFighter	p-38k_default	USA	4	0	Aircraft
p-38l	P-38L-5-LO Lightning	typeFighter	p-38l_default	USA	3	0	Aircraft
p-38l_1_china_rocaf	P-38L-1 Lightning	typeFighter	p-38l_default	China	3	0	Aircraft
p-39k_1	P-39K-1 Airacobra	typeFighter	p_39_n_default	USSR / Russia	2	0	Aircraft
p-39n	P-39N-0 Airacobra	typeFighter	p_39_n_default	USA	2	0	Aircraft
p-39n_su	Pokryshkin's P-39N-0 Airacobra	typeFighter	p_39_n_su_default	USSR / Russia	3	0	Aircraft
p-39q_15	P-39Q-15 Airacobra	typeFighter	p_39_q_default	USSR / Russia	3	0	Aircraft
p-39q_25_france	P-39Q-25 Airacobra	typeFighter	p_39_q_default	France	3	0	Aircraft
p-39q_5	P-39Q-5 Airacobra	typeFighter	p_39_q_default	USA	2	0	Aircraft
p-400	P-400	typeFighter	p_400_default	USA	2	0	Aircraft
p-40c	P-40C Warhawk	typeFighter	p_40e_default	USA	2	0	Aircraft
p-40c_china	H-81A-2	typeFighter	p_40e_default	China	2	0	Aircraft
p-40e	P-40E-1 Warhawk	typeFighter	p_40e_default	USA	2	0	Aircraft
p-40e_china	P-40E-1 Kittyhawk	typeFighter	p_40e_default	China	2	0	Aircraft
p-40e_td	P-40E-1 TD	typeFighter	p_40e_default	USA	2	0	Aircraft
p-40e_ussr	P-40E-1 Kittyhawk	typeFighter	p_40e_ussr_default	USSR / Russia	2	0	Aircraft
p-40f_10	P-40F-10 Warhawk	typeFighter	p_40f_default	USA	2	0	Aircraft
p-40f-5_france_ep	P-40F-5 Lafayette	typeFighter	p_40f_default	France	2	0	Aircraft
p-43a-1	P-43A-1	typeFighter	p_43a_1_default	USA	2	0	Aircraft
p-43a-1_china	P-43A-1	typeFighter	p_43a_1_default	China	2	0	Aircraft
p-47d	P-47D-25 Thunderbolt	typeFighter	p-47d_25_default	USA	3	1970	Aircraft
p-47d_16_re_germany	P-47D-16-RE Thunderbolt	typeFighter	P_47D_default	Germany	3	0	Aircraft
p-47d_22_re	P-47D-22-RE Thunderbolt	typeFighter	p-47d_22_re_default	USA	3	1340	Aircraft
p-47d_22_re_france	P-47D-22-RE Thunderbolt	typeFighter	P_47D_default	France	3	0	Aircraft
p-47d_23_ra_china_rocaf	P-47D-23-RA Thunderbolt	typeFighter	P_47D_default	China	3	0	Aircraft
p-47d_23_re	P-47D-23 RE Thunderbolt	typeFighter	P_47D_default	Other	0	0	Aircraft
p-47d_30_china	P-47D-30 Thunderbolt	typeFighter	p-47d_25_default	China	3	1970	Aircraft
p-47d_30_italy	P-47D-30 Thunderbolt	typeFighter	p-47m-1-re_default	Italy	3	1970	Aircraft
p-47d_luftwaffe	P-47D Thunderbolt	typeFighter	P_47D_default	Germany	3	0	Aircraft
p-47d_ussr	P-47D-27 Thunderbolt	typeFighter	P_47D_default	USSR / Russia	3	0	Aircraft
p-47d-28	P-47D-28 Thunderbolt	typeFighter	p-47d-28_default	USA	3	1970	Aircraft
p-47m-1-re	Bostwick's P-47M-1-RE Thunderbolt	typeFighter	p-47m-1-re_default	USA	4	1970	Aircraft
p-47m-1-re_boxted	Lanovski's P-47M-1-RE Thunderbolt	typeFighter	p-47m-1-re_default	USA	4	1970	Aircraft
p-47n-15	P-47N-15 Thunderbolt	typeFighter	p-47n-15_default	USA	3	1970	Aircraft
p-51_a-36	A-36 Apache	typeStormovik	a-36_default	USA	2	0	Aircraft
p-51_mk1	P-51 Mustang	typeFighter	P_51B_default	Other	0	0	Aircraft
p-51_mk1a_usaaf	P-51 Mustang	typeFighter	P_51B_default	USA	3	0	Aircraft
p-51a_tl	P-51A Mustang	typeFighter	p-51a_tl_default	USA	2	0	Aircraft
p-51b	Mustang Mk IA	typeFighter	P_51B_default	Great Britain	3	0	Aircraft
p-51b_7_sweden	J26 David	typeFighter	p_51b_7_sweden_default	Sweden	3	0	Aircraft
p-51c-10_france	F-6C-10-NA	typeFighter	p_51c_default	France	3	0	Aircraft
p-51c-10-nt	P-51C-10 Mustang	typeFighter	p_51c_default	USA	2	0	Aircraft
p-51c-11-nt_china	P-51C-11-NT	typeFighter	p-51c-11-nt_china_default	China	3	1340	Aircraft
p-51c-11-nt_japan	P-51C-11-NT	typeFighter	p_51c_default	Japan	3	0	Aircraft
p-51d-10	Wetmore's P-51D-10 Mustang	typeFighter	p_51d_5_default	USA	4	1500	Aircraft
p-51d-20_china	P-51D-20 Mustang	typeFighter	p-51d-20_default	China	3	1510	Aircraft
p-51d-20-na	P-51D-20-NA Mustang	typeFighter	p-51d-20_default	USA	4	1510	Aircraft
p-51d-20-na_iaf	P-51D-20-NA Mustang	typeFighter	p-51d-20-na_iaf_default	Israel	4	1500	Aircraft
p-51d-20-na_j26	J26	typeFighter	j26_default	Sweden	3	0	Aircraft
p-51d-30_usaaf_korea	P-51D-30 Mustang	typeFighter	p-51d-30_default	USA	4	1510	Aircraft
p-51d-5	P-51D-5 Mustang	typeFighter	p_51d_5_default	USA	3	1500	Aircraft
p-51h-5_na	P-51H-5-NA	typeFighter	p_51h_5_default	USA	4	1500	Aircraft
p-51k	P-51K Mustang	typeFighter	p-51d-20_default	China	3	1510	Aircraft
p-59a	P-59A	typeFighter	p_59a_default	USA	4	0	Aircraft
p-61a_1	P-61A-11	typeFighter	default	USA	3	0	Aircraft
p-61c_1	P-61C-1	typeFighter	default	USA	3	2900	Aircraft
p-63a-10	P-63A-10 Kingcobra	typeFighter	p_63a_10_default	USA	3	0	Aircraft
p-63a-10_ussr	P-63A-10 Kingcobra	typeFighter	p_63a_10_default	USSR / Russia	4	0	Aircraft
p-63a-5	P-63A-5 Kingcobra	typeFighter	p_63a_5_default	USA	3	0	Aircraft
p-63a-5_ussr	P-63A-5 Kingcobra	typeFighter	p_63a_5_default	USSR / Russia	3	0	Aircraft
p-63c-5	P-63C-5 Kingcobra	typeFighter	p_63c_5_default	USA	3	0	Aircraft
p-63c-5_france	P-63C-5 Kingcobra	typeFighter	p_63a_10_default	France	3	0	Aircraft
p-63c-5_kingcobra_animal_version	Kingcobra	typeFighter	p_63c_5_default	USA	3	0	Aircraft
p-63c-5_ussr	P-63C-5 Kingcobra	typeFighter	p_63c_5_default	USSR / Russia	4	0	Aircraft
p-66	P-66	typeFighter	p_66_default	China	2	0	Aircraft
pb4y-2	PB4Y-2 Privateer	typeBomber	pb4y-2_20x100lbs_bombs	USA	3	0	Aircraft
pb4y-2_china	PB4Y-2 Privateer	typeBomber	pb4y-2_20x100lbs_bombs	China	4	0	Aircraft
pb4y-2_france	PB4Y-2 Privateer	typeBomber	pb4y-2_20x100lbs_bombs	France	4	0	Aircraft
pbj_1h	PBJ-1H	typeBomber	default	USA	3	0	Aircraft
pbj_1j	PBJ-1J	typeBomber	default	USA	3	0	Aircraft
pbj_1j_1	PBJ-1J Mitchell	typeBomber	b_25j_20_default	Other	0	0	Aircraft
pbm_1	PBM-1 "Mariner"	typeBomber	PBM-1_default	USA	1	0	Aircraft
pbm_3	PBM-3 "Mariner"	typeBomber	PBM-3_default	USA	2	0	Aircraft
pbm_5a	PBM-5A "Mariner"	typeBomber	pbm_5a_default	USA	3	5800	Aircraft
pby-5	PBY-5 Catalina	typeBomber	pby_5_default	USA	1	2200	Aircraft
pby-5a	PBY-5A Catalina	typeBomber	pby_5_16x100lbs	USA	1	2200	Aircraft
pby-5a_late_france	PBY-5A Catalina (Late)	typeBomber	pby_5a_late_france_16x100lbs	France	1	2200	Aircraft
pby-5a_raf	Catalina Mk IIIa	typeBomber	pby_5_16x100lbs	Great Britain	1	2200	Aircraft
pby-5a_ussr	PBY-5A Catalina	typeBomber	pby_5_16x100lbs	USSR / Russia	1	2200	Aircraft
pe-2-1	Pe-2-1 Peshka	typeBomber	pe_2_1_default	USSR / Russia	2	1065	Aircraft
pe-2-110	Pe-2-110 Peshka	typeBomber	pe_2_31_default	USSR / Russia	3	1050	Aircraft
pe-2-205	Pe-2-205 Peshka	typeBomber	pe_2_31_default	USSR / Russia	3	1050	Aircraft
pe-2-31	Pe-2-31 Peshka	typeBomber	pe_2_31_default	USSR / Russia	2	1065	Aircraft
pe-2-359	Pe-2-359 Peshka	typeBomber	pe_2_31_default	USSR / Russia	3	1050	Aircraft
pe-2-359_china	Pe-2-359 Peshka	typeBomber	pe_2_31_default	China	4	1050	Aircraft
pe-2-83	Pe-2-83 Peshka	typeBomber	pe_2_31_default	USSR / Russia	2	1065	Aircraft
pe-3	Pe-3	typeBomber	pe_3_default	USSR / Russia	1	720	Aircraft
pe-3_bis	Pe-3bis	typeBomber	pe_3_default	USSR / Russia	2	720	Aircraft
pe-3_early	Pe-3 Early	typeBomber	pe_3_default	USSR / Russia	1	720	Aircraft
pe-8_m82	Pe-8	typeBomber	Pe-8_default	USSR / Russia	3	0	Aircraft
po_2op_event	Po-2OP	typeFighter	po_2op_event_default	Other	0	0	Aircraft
po-2	Po-2	typeBomber	Po2_default	USSR / Russia	1	307	Aircraft
po-2_nw	Po-2 Night Witch	typeFighter	Po-2_default	USSR / Russia	1	0	Aircraft
po-2m	Po-2M	typeBomber	po-2m_default	USSR / Russia	1	307	Aircraft
potez_630	Potez 630	typeFighter	potez_630_default	France	2	0	Aircraft
potez_631	Potez 631	typeFighter	potez_631_default	France	2	0	Aircraft
potez_633	Potez 633	typeFighter	potez_633_bombs_50kg_default	France	1	0	Aircraft
pv_2d	PV-2D Harpoon	typeBomber	pv_2d_bombs	USA	3	3800	Aircraft
pyorremyrsky	VL Pyörremyrsky	typeFighter	pyorremyrsky_default	Sweden	3	0	Aircraft
q_5_early	Q-5 early	typeFighter	q_5_early_default	China	6	1500	Aircraft
q_5a	Q-5A	typeFighter	q_5a_default	China	6	2000	Aircraft
q_5l	Q-5L	typeFighter	q_5l_default	China	7	2000	Aircraft
quing_6	Qing-6	typeBomber	quing_6_fab250	China	4	4400	Aircraft
r2y2_kai	R2Y2 Keiun-Kai V3	typeFighter	r2y2_default	Japan	5	0	Aircraft
r2y2_v1	R2Y2 Keiun-Kai V1	typeFighter	r2y2_default	Japan	5	0	Aircraft
r2y2_v2	R2Y2 Keiun-Kai V2	typeFighter	r2y2_default	Japan	5	0	Aircraft
rafale_c_f3	Rafale C F3-R	typeFighter	rafale_c_f3_default	France	9	9500	Aircraft
rafale_m_f3r	Rafale M F3-R	typeFighter	rafale_c_f3_default	France	9	9500	Aircraft
rah_66	RAH-66 Comanche	typeFighter	rah_66_default	USA	6	1000	Helicopter
re_2000_ga	Re.2000 G.A.	typeFighter	re_2000_ga_default	Italy	1	0	Aircraft
re_2000_ga_ep	Re.2000 G.A. Red 5	typeFighter	re_2000_ga_default	Italy	2	0	Aircraft
re_2000_heja_1	Héja I	typeFighter	re_2000_heja_1_default	Italy	1	0	Aircraft
re_2000_heja_2	Héja II	typeFighter	re_2000_ga_default	Italy	1	0	Aircraft
re_2000_int	Re.2000 serie 1	typeFighter	re_2000_int_default	Italy	1	0	Aircraft
re_2000_j20	J20	typeFighter	re_2000_int_default	Sweden	2	0	Aircraft
re_2001_cb	Re.2001 CB	typeFighter	re_2001_serie1_default	Italy	2	710	Aircraft
re_2001_cn	Re.2001 CN	typeFighter	re_2001_cn_default	Italy	3	0	Aircraft
re_2001_serie1	Re.2001 serie 1	typeFighter	re_2001_serie1_default	Italy	2	0	Aircraft
re_2001_serie1_ep	Re.2001 serie 1 gruppo 22	typeFighter	re_2001_serie1_default	Italy	2	0	Aircraft
re_2002_early	Re.2002 Early	typeFighter	re_2002_early_default	Italy	2	660	Aircraft
re_2005_serie0	Re.2005 serie 0	typeFighter	re_2005_serie0_default	Italy	4	710	Aircraft
re_2005_vdm	Re.2005 MM.495 (VDM)	typeFighter	re_2005_vdm_default	Italy	4	710	Aircraft
ro_43	Ro.43	typeFighter	ro_43_default	Italy	1	0	Aircraft
ro_44	Ro.44	typeFighter	ro_44_gefault	Italy	1	0	Aircraft
ro_57_quadriarma	Ro.57 Quadriarma	typeFighter	ro_57_quadriarma_default	Italy	2	850	Aircraft
s_199	S-199 (Sakeen)	typeFighter	s-199_default	Israel	4	0	Aircraft
s_81_ar125	S.81	typeBomber	s_81_28x50kg_t	Italy	1	0	Aircraft
sa_313b	SA 313B Alouette II	typeFighter	sa_313b_default	Germany	5	0	Helicopter
sa_313b_france	SA 313B Alouette II	typeFighter	sa_313b_default	France	5	0	Helicopter
sa_316b	SA 316B Alouette III	typeFighter	sa_316b_default	France	5	0	Helicopter
sa_341f	SA.341F Gazelle	typeFighter	sa_341f_default	France	6	400	Helicopter
sa_342l_china	SA.342L Gazelle	typeFighter	sa_342l_china_default	China	5	800	Helicopter
sa_342m	SA.342M Gazelle	typeFighter	sa_342m_default	France	6	400	Helicopter
saab_105g	SAAB-105G	typeFighter	saab_105g_default	Sweden	5	2350	Aircraft
saab_105oe	SAAB-105OE	typeFighter	saab_105oe_default	Sweden	5	1940	Aircraft
saab_a21a_3	A21A-3	typeFighter	saab_a21a_3_default	Sweden	4	775	Aircraft
saab_a21rb	A21RB	typeFighter	saab_a21rb_default	Sweden	5	810	Aircraft
saab_a32a	A32A	typeFighter	saab_a32a_default	Sweden	6	2050	Aircraft
saab_a32a_red_adam	A32A «Röd Adam»	typeFighter	saab_a32a_red_adam_default	Sweden	6	2050	Aircraft
saab_aj37	AJ37 Viggen	typeFighter	saab_aj37_default	Sweden	7	5000	Aircraft
saab_ajs37	AJS37 Viggen	typeFighter	saab_ajs37_default	Sweden	7	5000	Aircraft
saab_ajs37_early	AJS37 Viggen (Early)	typeFighter	saab_ajs37_default	Sweden	7	5000	Aircraft
saab_b17a	B17A	typeBomber	saab_b17a_default	Sweden	1	520	Aircraft
saab_b17b	B17B	typeFighter	saab_b17b_default	Sweden	1	460	Aircraft
saab_b17bs	S17BS	typeFighter	saab_b17bs_default	Sweden	1	0	Aircraft
saab_b18a	B18A	typeBomber	saab_b18a_default	Sweden	2	1430	Aircraft
saab_b18b	B18B	typeFighter	saab_b18b_default	Sweden	3	1620	Aircraft
saab_b3c	B3C	typeBomber	saab_b3c_default	Sweden	1	0	Aircraft
saab_f35_wdns	Saab F-35 Draken	typeFighter	saab_f35_wdns_default	Sweden	7	4500	Aircraft
saab_j21a_1	J21A-1	typeFighter	saab_j21a_1_default	Sweden	4	0	Aircraft
saab_j21a_2	J21A-2	typeFighter	saab_j21a_2_default	Sweden	4	0	Aircraft
saab_j21ra	J21RA	typeFighter	saab_j21ra_default	Sweden	5	0	Aircraft
saab_j29a	J29A Tunnan	typeFighter	saab_j29_default	Sweden	5	0	Aircraft
saab_j29b	A29B Tunnan	typeFighter	saab_j29d_default	Sweden	5	800	Aircraft
saab_j29d	J29D Tunnan	typeFighter	saab_j29d_default	Sweden	5	800	Aircraft
saab_j29f	J29F Tunnan	typeFighter	saab_j29f_default	Sweden	6	800	Aircraft
saab_j32b	J32B Lansen	typeFighter	saab_j32b_default	Sweden	6	520	Aircraft
saab_j35a	J35A Draken	typeFighter	saab_j35a_default	Sweden	6	660	Aircraft
saab_j35d	J35D Draken	typeFighter	saab_j35d_default	Sweden	7	660	Aircraft
saab_j35xs	Saab J35XS Draken	typeFighter	saab_j35xs_default	Sweden	7	1500	Aircraft
saab_ja37	JA37C Jaktviggen	typeFighter	saab_ja37_default	Sweden	7	5000	Aircraft
saab_ja37d	JA37D Viggen	typeFighter	saab_ja37d_default	Sweden	8	5000	Aircraft
saab_ja37di	JA37DI Viggen	typeFighter	saab_ja37di_default	Sweden	8	5000	Aircraft
saab_ja37di_f21	JA37DI Viggen F21	typeFighter	saab_ja37di_f21_default	Sweden	8	5000	Aircraft
saab_jas39a	JAS39A Gripen	typeFighter	saab_jas39a_default	Sweden	8	5000	Aircraft
saab_jas39c	JAS39C Gripen	typeFighter	saab_jas39c_default	Sweden	8	5000	Aircraft
saab_jas39c_hungary	JAS39EBS HU C Gripen	typeFighter	saab_jas39c_south_africa_default	Italy	8	5000	Aircraft
saab_jas39c_south_africa	JAS39C Gripen	typeFighter	saab_jas39c_south_africa_default	Great Britain	8	5000	Aircraft
saab_jas39c_south_africa_missile_test	JAS39C Gripen	typeFighter	saab_jas39c_south_africa_rockets_aim_9m_r_darter_default	Other	0	5000	Aircraft
saab_jas39c_thailand	JAS39C Gripen	typeFighter	saab_jas39c_south_africa_default	Japan	8	5000	Aircraft
saab_jas39d	JAS39D Gripen	typeFighter	saab_jas39d_default	Sweden	8	5000	Aircraft
saab_jas39e	JAS39E Gripen	typeFighter	saab_jas39e_default	Sweden	9	7200	Aircraft
saab_sk60b	SK60B	typeFighter	saab_sk60b_default	Sweden	5	1100	Aircraft
saab_t18b_1	T18B	typeFighter	saab_t18b_1_default	Sweden	3	1620	Aircraft
saab_t18b_2	T18B (57)	typeFighter	saab_t18b_2_default	Sweden	3	1620	Aircraft
sagittario_2	Sagittario 2	typeFighter	sagittario_2_default	Italy	6	0	Aircraft
sb_25j_netherlands	SB-25J Strafer	typeBomber	sb_25j_netherlands_default	France	3	0	Aircraft
sb_2m_100	SB 2M-100A	typeBomber	sb_2m_100_6xfab100	USSR / Russia	1	0	Aircraft
sb_2m_100a	SB 2M-100A	typeBomber	sb_2m_100_6xfab100	Other	0	0	Aircraft
sb_2m_100a_spain	SB 2M-100A /Spanish	typeBomber	sb_2m_100_6xfab100	Other	0	0	Aircraft
sb_2m_103_mv3	SB 2M-103 MV-3	typeBomber	sb_2m_103c_default	USSR / Russia	1	1600	Aircraft
sb_2m_103c	SB 2M-103	typeBomber	sb_2m_103c_default	USSR / Russia	1	1600	Aircraft
sb_2m_103u	SB 2M-103U	typeBomber	sb_2m_103c_default	USSR / Russia	1	1600	Aircraft
sb_2m_103u_china	SB 2M-103U	typeBomber	sb_2m_103c_default	China	2	1600	Aircraft
sb_2m_103u_mv3	SB 2M-103U MV-3	typeBomber	sb_2m_103c_default	USSR / Russia	1	1600	Aircraft
sb_2m_105	SB 2M-105	typeBomber	sb_2m_105_default	USSR / Russia	1	1600	Aircraft
sb2c_1c	SB2C-1C Helldiver	typeBomber	sb2c_1c_default	USA	2	0	Aircraft
sb2c_4	SB2C-4 Helldiver	typeBomber	sb2c_4_5in_rockets	USA	2	1040	Aircraft
sb2c_5_france	SB2C-5 Helldiver	typeBomber	sb2c_5_5in_rockets	France	3	2260	Aircraft
sb2c_5_thailand	SB2C-5 Helldiver	typeBomber	sb2c_5_5in_rockets	Japan	3	2260	Aircraft
sb2u-2	SB2U-2	typeBomber	sb2u_2_default	USA	1	725	Aircraft
sb2u-3	SB2U-3	typeBomber	sb2u_3_default	USA	1	725	Aircraft
sbd-3	SBD-3 Dauntless	typeBomber	sbd_3_default	USA	1	750	Aircraft
sc_1	SC-1 Seahawk	typeFighter	sc_1_default	USA	1	0	Aircraft
scimitar_f1	Scimitar F Mk.1	typeFighter	scimitar_f1_default	Great Britain	6	1920	Aircraft
scout_ah_mk1	Scout AH.Mk.1	typeFighter	scout_ah_mk1_default	Great Britain	5	0	Helicopter
sea_fury_fb11	Sea Fury FB 11	typeFighter	default	Great Britain	4	990	Aircraft
sea_fury_fb51	Sea Fury FB 51	typeFighter	default	France	4	990	Aircraft
sea_harrier_fa2	Sea Harrier FA 2	typeFighter	sea_harrier_fa2_default	Great Britain	8	4000	Aircraft
sea_hawk_fga50_netherlands	Sea Hawk Mk.50	typeFighter	sea_hawk_default	France	5	1250	Aircraft
sea_hawk_fga6	Sea Hawk FGA.6	typeFighter	sea_hawk_default	Great Britain	5	1250	Aircraft
sea_hawk_mk100	Sea Hawk Mk.100	typeFighter	sea_hawk_mk100_default	Germany	5	1250	Aircraft
sea_venom_faw20	Sea Venom FAW 20	typeFighter	sea_venom_faw20_default	Great Britain	5	0	Aircraft
seafire_fr47	Seafire FR 47	typeFighter	default	Great Britain	4	0	Aircraft
seafire_mk17	Seafire F Mk XVII	typeFighter	default	Great Britain	4	0	Aircraft
seafire_mk3	Seafire LF Mk.III	typeFighter	seafire_mk3_default	Great Britain	3	0	Aircraft
seafire_mk3_france	Seafire LF Mk.III	typeFighter	seafire_mk3_default	France	4	0	Aircraft
shackleton_mr_mk_2	Shackleton MR.Mk.2	typeBomber	shackleton_mr_mk_2_default	Great Britain	4	0	Aircraft
sm_79_1936	S.M.79 Sparviero serie 1 (1936)	typeBomber	12_100lb_bombs	Germany	2	0	Aircraft
sm_79_1936_italy	S.M.79 Sparviero serie 1 (1936)	typeBomber	12_100lb_bombs	Italy	1	0	Aircraft
sm_79_1937	S.M.79 Sparviero serie 4 (1937)	typeBomber	12_100lb_bombs	Germany	2	0	Aircraft
sm_79_1937_italy	S.M.79 Sparviero serie 4 (1937)	typeBomber	12_100lb_bombs	Other	0	0	Aircraft
sm_79_1939	S.M.79 Sparviero serie 8 (1939)	typeBomber	12_100lb_bombs	Germany	2	0	Aircraft
sm_79_1939_italy	S.M.79 Sparviero serie 8 (1939)	typeBomber	12_100lb_bombs	Italy	1	0	Aircraft
sm_79_1941	S.M.79 Sparviero AS (1941)	typeBomber	12_100lb_bombs	Germany	2	0	Aircraft
sm_79_1941_italy	S.M.79 Sparviero AS (1941)	typeBomber	12_100lb_bombs	Italy	2	0	Aircraft
sm_79_1942	S.M.79 Sparviero bis/N (1942)	typeBomber	12_100lb_bombs	Germany	2	0	Aircraft
sm_79_1942_italy	S.M.79 Sparviero bis/N (1942)	typeBomber	12_100lb_bombs	Other	0	0	Aircraft
sm_79_1943	S.M.79 Sparviero bis/T.M (1943)	typeBomber	12_100lb_bombs	Germany	2	0	Aircraft
sm_79_1943_italy	S.M.79 Sparviero bis/T.M (1943)	typeBomber	12_100lb_bombs	Italy	2	0	Aircraft
sm_79_iar	S.M.79 Sparviero B (1936)	typeBomber	12_100lb_bombs	Germany	2	0	Aircraft
sm_79_iar_italy	S.M.79 Sparviero B (1936)	typeBomber	12_100lb_bombs	Italy	2	0	Aircraft
sm_91	SM.91	typeFighter	sm_91_default	Italy	2	0	Aircraft
sm_92	SM.92	typeFighter	sm_92_default	Italy	3	1650	Aircraft
so_4050_vautour_2a	S.O.4050 Vautour IIA	typeBomber	so_4050_vautour_2a_default	France	6	4400	Aircraft
so_4050_vautour_2a_iaf	Vautour IIA IDF/AF	typeBomber	so_4050_vautour_2a_iaf_default	France	6	4400	Aircraft
so_4050_vautour_2a_israel_iaf	Vautour IIA	typeBomber	so_4050_vautour_2a_iaf_default	Israel	6	4400	Aircraft
so_4050_vautour_2b	S.O.4050 Vautour IIB	typeBomber	so_4050_vautour_2b_default	France	6	4400	Aircraft
so_4050_vautour_2n	S.O.4050 Vautour IIN 'Classique' (V2N)	typeBomber	so_4050_vautour_2n_fr_default	France	6	4400	Aircraft
so_4050_vautour_2n_iaf	Vautour IIN 'Classique' (V2N)	typeBomber	so_4050_vautour_2n_iaf_default	Israel	6	4400	Aircraft
so_4050_vautour_2n_late	S.O.4050 Vautour IIN 'Monobloc' (V2-1N)	typeFighter	so_4050_vautour_2n_late_default	France	5	4400	Aircraft
so_8000_narval	S.O.8000 Narval	typeFighter	so_8000_narval_default	France	4	0	Aircraft
soc_1	SOC-1 Seagull	typeBomber	soc_1_default	USA	1	0	Aircraft
spad_13	SPAD S.XIII	typeFighter	spad_13_default	Great Britain	1	0	Aircraft
spitfire_f22	Spitfire F Mk 22	typeFighter	default	Great Britain	4	700	Aircraft
spitfire_f24	Spitfire F Mk 24	typeFighter	default	Great Britain	4	700	Aircraft
spitfire_fr_mk14e	Prendergast's Spitfire FR Mk XIVe	typeFighter	default	Great Britain	4	0	Aircraft
spitfire_fr_mk14e_belgium	Spitfire FR Mk XIVe	typeFighter	default	France	4	0	Aircraft
spitfire_ix	Spitfire LF Mk IX	typeFighter	SpitfireIX_default	Great Britain	4	500	Aircraft
spitfire_ix_early	Spitfire F Mk IX	typeFighter	SpitfireIX_default	Great Britain	3	500	Aircraft
spitfire_ix_plagis	Plagis' Spitfire LF Mk IXc	typeFighter	SpitfireIX_default	Great Britain	4	500	Aircraft
spitfire_ix_tutorial	Spitfire LF Mk IX	typeFighter	SpitfireIX_default	Other	0	500	Aircraft
spitfire_ix_usa	Spitfire LF Mk IXc	typeFighter	SpitfireIX_default	USA	4	500	Aircraft
spitfire_ix_ussr	Spitfire Mk IXc	typeFighter	SpitfireIX_default	USSR / Russia	4	0	Aircraft
spitfire_lf_mk9c_cw_greece	Spitfire LF Mk IXc (CW)	typeFighter	SpitfireIX_default	Israel	4	500	Aircraft
spitfire_lf_mk9e_iaf	Spitfire LF Mk IX (Clipped Wings)	typeFighter	SpitfireIX_default	Israel	4	0	Aircraft
spitfire_lf_mk9e_weisman	Ezer Weizman's Spitfire LF Mk IXe	typeFighter	SpitfireIX_default	Israel	4	0	Aircraft
spitfire_mk1	Spitfire Mk Ia	typeFighter	spitfire_mk1_default	Great Britain	2	0	Aircraft
spitfire_mk14c	Spitfire F Mk XIVc	typeFighter	default	Great Britain	4	0	Aircraft
spitfire_mk14e	Spitfire F Mk XIVe	typeFighter	default	Great Britain	4	0	Aircraft
spitfire_mk18e	Spitfire F Mk XVIIIe	typeFighter	default	Great Britain	4	0	Aircraft
spitfire_mk5b	Spitfire Mk Vb/trop	typeFighter	Spitfire_mk5b_default	Great Britain	2	0	Aircraft
spitfire_mk5b_float	Spitfire Mk Vb (Float)	typeFighter	Spitfire_mk5b_default	Great Britain	2	0	Aircraft
spitfire_mk5b_italy	Spitfire Mk Vb/trop	typeFighter	Spitfire_mk5b_default	Italy	3	0	Aircraft
spitfire_mk5b_notrop	Spitfire Mk Vb	typeFighter	Spitfire_mk5b_default	Great Britain	2	0	Aircraft
spitfire_mk5c	Spitfire Mk Vc/trop	typeFighter	Spitfire_mk5c_default	Great Britain	3	0	Aircraft
spitfire_mk5c_notrop	Spitfire Mk Vc	typeFighter	Spitfire_mk5c_default	Great Britain	3	0	Aircraft
spitfire_mk9b	Spitfire Mk IXb	typeFighter	SpitfireIX_default	Other	0	500	Aircraft
spitfire_mk9c_4cannons	Spitfire F Mk IXc	typeFighter	spitfire_ix_default	Great Britain	3	500	Aircraft
spitfire_mk9c_iaf	Spitfire Mk IXc	typeFighter	SpitfireIX_default	Israel	4	0	Aircraft
spitfire_xvi	Spitfire F Mk XVI	typeFighter	spitfire_xvi_default	Great Britain	3	0	Aircraft
spitfiremkii	Spitfire Mk IIb	typeFighter	SpitfireMkII_default	Great Britain	2	0	Aircraft
spitfiremkiia	Spitfire Mk IIa	typeFighter	spitfire_mk1_default	Great Britain	2	0	Aircraft
spitfiremkiia_ep	Spitfire Mk.IIa Venture I	typeFighter	spitfire_mk1_default	Great Britain	2	0	Aircraft
stirling_mk1	Stirling B Mk I	typeBomber	stirling_mk1_27x250lbs	Great Britain	3	0	Aircraft
stirling_mk3	Stirling B Mk III	typeBomber	stirling_mk3_27x250lbs	Great Britain	3	0	Aircraft
strikemaster_mk88	Strikemaster Mk.88	typeFighter	strikemaster_mk88_default	Great Britain	4	1380	Aircraft
su_17m2	Su-17M2	typeFighter	su_17m2_default	USSR / Russia	7	4125	Aircraft
su_17m4	Su-17M4	typeFighter	su_17m4_default	USSR / Russia	7	4160	Aircraft
su_17m4_china_killstreak	Su-17M4	typeFighter	su_17m4_killstreak_default	Other	0	4160	Aircraft
su_17m4_killstreak	Su-17M4	typeFighter	su_17m4_killstreak_default	Other	0	4160	Aircraft
su_22m3	Su-22M3	typeFighter	su_22m3_default	USSR / Russia	7	4155	Aircraft
su_22m3_hungary	Su-22M3	typeFighter	su_22m3_default	Italy	7	4155	Aircraft
su_22m4	Su-22M4	typeFighter	su_22m4_default	Germany	7	4160	Aircraft
su_22m4_de_wtd61	Su-22M4 WTD61	typeFighter	su_22m4_de_wtd61_default	Germany	7	4160	Aircraft
su_22um3k	Su-22UM3K	typeFighter	su_22um3k_default	Germany	7	4100	Aircraft
su_24m	Su-24M	typeFighter	su_24m_default	USSR / Russia	7	8000	Aircraft
su_24m_china_killstreak	Su-24M	typeFighter	su_24m_default	Other	0	8000	Aircraft
su_24m_killstreak	Su-24M	typeFighter	su_24m_default	Other	0	8000	Aircraft
su_25	Su-25	typeFighter	su_25_default	USSR / Russia	6	4400	Aircraft
su_25_558arz	Su-25BM 558 ARZ	typeFighter	su_25_558arz_default	USSR / Russia	7	4400	Aircraft
su_25k	Su-25K	typeFighter	su_25k_default	USSR / Russia	6	4400	Aircraft
su_25sm3	Su-25SM3	typeFighter	su_25sm3_default	USSR / Russia	8	4400	Aircraft
su_25t	Su-25T	typeFighter	su_25t_default	USSR / Russia	7	4400	Aircraft
su_25tm	Su-39	typeFighter	su_25tm_default	USSR / Russia	7	4420	Aircraft
su_27	Su-27	typeFighter	su_27_default	USSR / Russia	8	8040	Aircraft
su_27sm	Su-27SM	typeFighter	su_27sm_default	USSR / Russia	8	8040	Aircraft
su_30mk2v_venezuela	Su-30MK2 AMV	typeFighter	su_30mk2v_venezuela_default	USSR / Russia	8	8040	Aircraft
su_30mkk	Su-30MKK	typeFighter	su_30mkk_default	China	8	8040	Aircraft
su_30mkm	Su-30MKM	typeFighter	su_30mkm_default	Japan	9	8040	Aircraft
su_30sm	Su-30SM	typeFighter	su_30sm_default	USSR / Russia	9	8040	Aircraft
su_30sm2	Su-30SM2	typeFighter	su_30sm2_default	USSR / Russia	9	8040	Aircraft
su_33	Su-33	typeFighter	su_33_default	USSR / Russia	8	6500	Aircraft
su_34	Su-34	typeFighter	su_34_default	USSR / Russia	8	8040	Aircraft
su_6_single	Su-6	typeStormovik	su_6_single_default	USSR / Russia	4	517	Aircraft
su-11	Su-11	typeFighter	su_11_default	USSR / Russia	5	0	Aircraft
su-2_m82	Su-2 (M-82)	typeStormovik	su-2_m82_default	USSR / Russia	1	1245	Aircraft
su-2_mv5	Su-2 MV-5	typeStormovik	su-2_m82_default	USSR / Russia	1	1245	Aircraft
su-2_tss1	Su-2 TSS-1	typeStormovik	su-2_m82_default	USSR / Russia	1	1245	Aircraft
su-6_am42	Su-6 (AM-42)	typeStormovik	su_6_am42_default	USSR / Russia	4	680	Aircraft
su-6_m71	Su-6 (M-71F)	typeStormovik	su_6_m71_default	USSR / Russia	3	631	Aircraft
su-7b	Su-7B	typeFighter	su_7b_default	USSR / Russia	6	2050	Aircraft
su-7bkl	Su-7BKL	typeFighter	su_7bkl_default	USSR / Russia	6	2600	Aircraft
su-7bkl_china_killstreak	Su-7BKL	typeFighter	su_7bkl_killstreak_default	Other	0	0	Aircraft
su-7bkl_killstreak	Su-7BKL	typeFighter	su_7bkl_killstreak_default	Other	0	0	Aircraft
su-7bmk	Su-7BMK	typeFighter	su_7bmk_default	USSR / Russia	6	2600	Aircraft
su-8	Su-8	typeFighter	su-8_default	USSR / Russia	4	1450	Aircraft
su-9	Su-9	typeFighter	su_9_default	USSR / Russia	5	0	Aircraft
sunderland_mk3a	Sunderland Mk IIIa	typeBomber	sunderland_mk3a_250lbs	Great Britain	2	0	Aircraft
sunderland_mk5	Sunderland Mk V	typeBomber	sunderland_mk5_250lbs	Great Britain	2	0	Aircraft
super_etendard_97	Super Etendard (SEM)	typeFighter	super_etendard_97_default	France	7	2410	Aircraft
super_hind_mk3	Superhind MK IV	typeFighter	super_hind_mk3_default	Great Britain	6	2400	Helicopter
swift_f1	Swift F.1	typeFighter	swift_default	Great Britain	5	0	Aircraft
swift_f7	Swift F.7	typeFighter	swift_default	Great Britain	5	0	Aircraft
swordfish_mk1	Swordfish Mk I	typeBomber	swordfish_mk1_4x250lb	Great Britain	1	705	Aircraft
swordfish_mk2	Swordfish Mk II	typeBomber	swordfish_mk1_rockets	Great Britain	1	705	Aircraft
t_129_atak	T129 ATAK	typeFighter	t_129_atak_default	Italy	6	2000	Helicopter
t2	Mitsubishi T-2	typeFighter	t2_default	Japan	6	4000	Aircraft
t2_early	Mitsubishi T-2 Early	typeFighter	t2_early_default	Japan	6	4000	Aircraft
ta_154a_1	Ta 154 A-1	typeFighter	ta_154a_1_default	Germany	3	0	Aircraft
ta-152c	Ta 152 C-3	typeFighter	Ta_15C_default	Germany	4	0	Aircraft
ta-152h-1	Ta 152 H-1	typeFighter	Ta_152H1_default	Germany	4	0	Aircraft
tandem_mai	Tandem MAI	typeStormovik	tandem_mai_default	USSR / Russia	1	0	Aircraft
tb_3_m17_32	TB-3M-17-32	typeBomber	tb_3_m17_32_default	USSR / Russia	1	0	Aircraft
tbd-1_1938	TBD-1 Devastator	typeBomber	tbd_1_12x100lbs	USA	1	1050	Aircraft
tbf-1c	TBF-1C Avenger	typeBomber	tbf_1c_default	USA	1	1020	Aircraft
tempest_mk2	Tempest Mk II	typeFighter	tempest_mk2_default	Great Britain	4	0	Aircraft
tempest_mkv	Tempest Mk V	typeFighter	tempest_mkv_default	Great Britain	4	0	Aircraft
tempest_mkv_luftwaffe	Tempest Mk V	typeFighter	tempest_mkv_default	Germany	4	0	Aircraft
tempest_mkv_vikkers	Tempest Mk V (Vickers P)	typeFighter	_tempest_mkv_vikkers_default	Great Britain	2	0	Aircraft
thunderbolt_mk1	Thunderbolt Mk.1	typeFighter	p-47d_22_re_default	Great Britain	3	1340	Aircraft
tiger_hac_france	EC-665 Tiger HAC	typeFighter	tiger_hac_france_default	France	7	1000	Helicopter
tiger_had_block2_france	EC-665 Tiger HAD Block 2	typeFighter	tiger_had_france_default	France	7	1000	Helicopter
tiger_had_france	EC-665 Tiger HAD	typeFighter	tiger_had_france_default	France	7	1000	Helicopter
tiger_had_spain	EC-665 Tigre HAD-E	typeFighter	tiger_had_spain_default	Germany	7	1000	Helicopter
tiger_hap_france	EC-665 Tiger HAP	typeFighter	tiger_hap_france_default	France	6	1000	Helicopter
tiger_uht	EC-665 Tiger UHT	typeFighter	tiger_uht_default	Germany	7	1000	Helicopter
tis_ma	TIS MA	typeBomber	tis_ma_default	USSR / Russia	3	0	Aircraft
tornado_adv	Tornado ADV	typeFighter	tornado_adv_default	Italy	7	7257	Aircraft
tornado_f3	Tornado F.3	typeFighter	tornado_f3_default	Great Britain	7	7257	Aircraft
tornado_f3_late	Tornado F.3 Late	typeFighter	tornado_f3_late_default	Great Britain	8	7257	Aircraft
tornado_gr1	Tornado GR.1	typeFighter	tornado_gr1_default	Great Britain	7	7257	Aircraft
tornado_gr4	Tornado GR.4	typeFighter	tornado_gr4_default	Great Britain	8	7257	Aircraft
tornado_ids_de_assta1	Tornado IDS ASSTA1	typeFighter	tornado_ids_assta1_default	Germany	7	7257	Aircraft
tornado_ids_de_assta1_britain_killstreak	Tornado IDS ASSTA1	typeFighter	tornado_ids_assta1_killstreak_default	Other	0	7257	Aircraft
tornado_ids_de_assta1_france_killstreak	Tornado IDS ASSTA1	typeFighter	tornado_ids_assta1_killstreak_default	Other	0	7257	Aircraft
tornado_ids_de_assta1_italy_killstreak	Tornado IDS ASSTA1	typeFighter	tornado_ids_assta1_killstreak_default	Other	0	7257	Aircraft
tornado_ids_de_assta1_killstreak	Tornado IDS ASSTA1	typeFighter	tornado_ids_assta1_killstreak_default	Other	0	7257	Aircraft
tornado_ids_de_assta1_sweden_killstreak	Tornado IDS ASSTA1	typeFighter	tornado_ids_assta1_killstreak_default	Other	0	7257	Aircraft
tornado_ids_de_assta3_sle	Tornado IDS SLE	typeFighter	tornado_ids_de_assta3_sle_default	Germany	8	7257	Aircraft
tornado_ids_de_mfg	Tornado IDS Marineflieger	typeFighter	tornado_ids_de_mfg_default	Germany	8	7257	Aircraft
tornado_ids_de_wtd61	Tornado IDS WTD61	typeFighter	tornado_ids_de_mfg_default	Germany	7	7257	Aircraft
tornado_ids_it	Tornado IDS	typeFighter	tornado_ids_it_mod95_default	Italy	7	7257	Aircraft
tornado_ids_it_mod95	Tornado IDS (1995)	typeFighter	tornado_ids_it_mod95_default	Italy	7	7257	Aircraft
tornado_ids_it_mod95_killstreak	Tornado IDS (1995)	typeFighter	tornado_ids_assta1_killstreak_default	Other	0	7257	Aircraft
tornado_ids_it_ret8	Tornado IDS MLU (RET.8)	typeFighter	tornado_ids_it_ret8_default	Italy	7	7257	Aircraft
tu_14t	Tu-14T	typeBomber	tu_14t_default	USSR / Russia	5	0	Aircraft
tu_4	Tu-4	typeBomber	tu-4_default	USSR / Russia	5	0	Aircraft
tu_4_china	Tu-4	typeBomber	tu-4_default	China	5	0	Aircraft
tu_4_china_killstreak	Tu-4	typeBomber	tu_4_1xrds4	Other	0	0	Aircraft
tu_4_killstreak	Tu-4	typeBomber	tu_4_1xrds4	Other	0	0	Aircraft
tu_95m	Tu-95M	typeBomber	tu_95m_nt_default	USSR / Russia	6	13000	Aircraft
tu-1	Tu-1	typeFighter	tu-1_default	USSR / Russia	4	3050	Aircraft
tu-2	Tu-2S	typeBomber	tu-2_default	USSR / Russia	4	3250	Aircraft
tu-2_early	Tu-2	typeBomber	tu-2_default	USSR / Russia	3	3250	Aircraft
tu-2_postwar	Tu-2S-44	typeBomber	tu-2_default	USSR / Russia	4	3250	Aircraft
tu-2_postwar_china	Tu-2S-44	typeBomber	tu-2_default	China	4	3250	Aircraft
tu-2_postwar_late	Tu-2S-59	typeBomber	tu-2_default	USSR / Russia	4	3250	Aircraft
tu-2_postwar_late_hungary	Tu-2S-59	typeBomber	tu-2_default	Italy	4	3250	Aircraft
typhoon_mk1a	Typhoon Mk Ia	typeFighter	typhoon_mk1a_default	Great Britain	2	0	Aircraft
typhoon_mk1b	Typhoon Mk Ib	typeFighter	typhoon_mk1b_default	Great Britain	3	0	Aircraft
typhoon_mk1b_late	Typhoon Mk Ib /Late	typeFighter	typhoon_mk1b_late_default	Great Britain	3	0	Aircraft
uav_quadcopter	UAV Raven's Eye	typeFighter	ucav_scout_default	USA	7	0	Aircraft
ucav_mq_1_predator	MQ-1	typeFighter	ucav_mq_1_predator_default	USA	7	0	Aircraft
ucav_mq_1_predator_france_killstreak	MQ-1	typeFighter	ucav_mq_1_predator_default	Other	0	0	Aircraft
ucav_mq_1_predator_germany_killstreak	MQ-1	typeFighter	ucav_mq_1_predator_default	Other	0	0	Aircraft
ucav_mq_1_predator_iaf_killstreak	MQ-1	typeFighter	ucav_mq_1_predator_default	Other	0	0	Aircraft
ucav_mq_1_predator_italy_killstreak	MQ-1	typeFighter	ucav_mq_1_predator_default	Other	0	0	Aircraft
ucav_mq_1_predator_japan_killstreak	MQ-1	typeFighter	ucav_mq_1_predator_default	Other	0	0	Aircraft
ucav_mq_1_predator_sweden_killstreak	MQ-1	typeFighter	ucav_mq_1_predator_default	Other	0	0	Aircraft
ucav_mq_1_predator_uk_killstreak	MQ-1	typeFighter	ucav_mq_1_predator_default	Other	0	0	Aircraft
ucav_mq_1_predator_usa_killstreak	MQ-1	typeFighter	ucav_mq_1_predator_default	Other	0	0	Aircraft
ucav_orion	Orion	typeFighter	ucav_orion_default	USSR / Russia	7	1000	Aircraft
ucav_orion_killstreak	Orion	typeFighter	ucav_orion_default	Other	0	1000	Aircraft
ucav_recon_micro	Recon Micro	typeFighter	ucav_scout_default	USA	7	0	Aircraft
ucav_recon_micro_flir	Recon Micro	typeFighter	ucav_scout_default	USA	7	0	Aircraft
ucav_wing_loong_i	Wing Loong I	typeFighter	ucav_wing_loong_default	China	7	1000	Aircraft
ucav_wing_loong_i_killstreak	Wing Loong I	typeFighter	ucav_wing_loong_default	Other	0	1000	Aircraft
uh_1b	UH-1B	typeFighter	uh_1b_default	USA	5	1820	Helicopter
uh_1b_japan	UH-1B Hiyodori	typeFighter	uh_1b_japan_default	Japan	5	1820	Helicopter
uh_1c	UH-1C	typeFighter	uh_1c_default	USA	5	1820	Helicopter
uh_1c_xm_30	UH-1C XM-30	typeFighter	uh_1c_xm_30_default	USA	5	1820	Helicopter
uh_1d	UH-1D	typeFighter	uh_1d_default	Germany	5	1820	Helicopter
v_11g	V-11	typeFighter	v_11g_default	China	1	0	Aircraft
v_12d	V-12D	typeFighter	v_12d_default	China	1	0	Aircraft
v_156_b1	Chesapeake Mk I	typeBomber	v_156_b1_default	Great Britain	1	745	Aircraft
v_156_f	V-156-F	typeBomber	v_156_f_default	France	1	0	Aircraft
vampire_fb5	Vampire F.B.5	typeFighter	vampire_fb5_default	Great Britain	5	0	Aircraft
vampire_fb5_j28b	A28B	typeFighter	vampire_fb5_default	Sweden	5	0	Aircraft
vampire_fb52_finland	Vampire FB 52A	typeFighter	vampire_fb5_default	Sweden	5	0	Aircraft
vampire_fb52a_italy	Vampire FB 52A	typeFighter	vampire_fb5_default	Italy	5	0	Aircraft
vb_10_02	VB.10-02	typeFighter	vb_10_02_default	France	3	0	Aircraft
vb_10c1	VB.10C-1	typeFighter	vb_10c_1_default	France	3	0	Aircraft
venom_fb4	Venom FB.4	typeFighter	venom_fb4_default	Great Britain	5	0	Aircraft
vg_33	V.G.33C-1	typeFighter	vg_33_default	France	2	0	Aircraft
vl_myrsky_2_late	VL Myrsky II	typeFighter	vl_myrsky_2_late_default	Sweden	2	0	Aircraft
walrus_mk1	Walrus Mk.I	typeBomber	walrus_mk1_default	Great Britain	1	0	Aircraft
washington_b1	Washington B.Mk.I	typeBomber	B29_default	Great Britain	5	0	Aircraft
wasp_has_mk1	Wasp HAS.Mk.1	typeFighter	wasp_has_mk1_default	Great Britain	5	0	Helicopter
welkin_fmk1	Welkin F.Mk.I	typeFighter	welkin_fmk1_default	Great Britain	4	0	Aircraft
wellington_mk10	Wellington Mk X	typeBomber	wellington_default	Great Britain	2	0	Aircraft
wellington_mk1c	Wellington Mk Ic	typeBomber	wellington_default	Great Britain	2	0	Aircraft
wellington_mk1c_late	Wellington Mk Ic /Late	typeBomber	wellington_default	Great Britain	2	0	Aircraft
wellington_mk1c_luftwaffe	Wellington Mk Ic	typeBomber	wellington_default	Germany	2	0	Aircraft
wellington_mk3	Wellington Mk III	typeBomber	wellington_default	Great Britain	2	0	Aircraft
wessex_mk5	Wessex HU Mk.5	typeFighter	wessex_mk5_default	Great Britain	5	2088	Helicopter
whirlwind_mk1	Whirlwind Mk I	typeBomber	whirlwind_mk1_default	Great Britain	3	0	Aircraft
whirlwind_p9	Whirlwind P.9	typeBomber	whirlwind_mk1_default	Great Britain	3	0	Aircraft
wirraway	Wirraway	typeBomber	wirraway_default	Great Britain	1	640	Aircraft
wm_21	WM-21 Sólyom	typeBomber	wm_21_default	Italy	1	120	Aircraft
wm_23	WM-23 Ezüst Nyíl	typeFighter	wm_23_default	Italy	2	0	Aircraft
wyvern_s4	Wyvern S.4	typeFighter	wyvern_s4_default	Great Britain	4	1500	Aircraft
xa_38	XA-38 Grizzly	typeStormovik	xa_38_default	USA	4	1000	Aircraft
xf5f	XF5F Skyrocket	typeFighter	xf5f_default	USA	3	0	Aircraft
xf5u_1	XF5U-1	typeFighter	xf5u_1_default	USA	4	2500	Aircraft
xp-50	XP-50	typeFighter	xp-50_default	USA	3	0	Aircraft
xp-55	XP-55 Ascender	typeFighter	xp-55_default	USA	3	0	Aircraft
yah_64	YAH-64	typeFighter	yah_64_default	USA	6	5000	Helicopter
yak_1_litvyak	Yak-1 Litvyak	typeFighter	default	USSR / Russia	2	0	Aircraft
yak_130_early	Yak-130	typeFighter	yak_130_early_default	USSR / Russia	6	3000	Aircraft
yak_141	Yak-141	typeFighter	yak_141_default	USSR / Russia	8	3000	Aircraft
yak_2_kabb	Yak-2 KABB	typeFighter	yak_2_kabb_default	USSR / Russia	1	0	Aircraft
yak-1_early	Yak-1 (19 series)	typeFighter	default	USSR / Russia	2	0	Aircraft
yak-15	Yak-15	typeFighter	yak-15_default	USSR / Russia	5	0	Aircraft
yak-15_early	Yak-15P	typeFighter	yak-15_early_default	USSR / Russia	5	0	Aircraft
yak-17	Yak-17	typeFighter	yak-17_default	USSR / Russia	5	0	Aircraft
yak-1b	Yak-1B	typeFighter	Yak1b_default	USSR / Russia	2	0	Aircraft
yak-1b_luftwaffe	Yak-1B	typeFighter	Yak1b_default	Germany	2	0	Aircraft
yak-23	Yak-23	typeFighter	yak-23_default	USSR / Russia	5	0	Aircraft
yak-28b	Yak-28B	typeBomber	yak_28b_default	USSR / Russia	6	0	Aircraft
yak-3	Yak-3	typeFighter	Yak3_default	USSR / Russia	3	0	Aircraft
yak-3_eremin	Eremin's Yak-3(e)	typeFighter	Yak3_default	USSR / Russia	3	0	Aircraft
yak-3_france	Yak-3	typeFighter	Yak3_default	France	3	0	Aircraft
yak-3_vk107	Yak-3 (VK-107)	typeFighter	Yak3_default	USSR / Russia	4	0	Aircraft
yak-30d	Yak-30D	typeFighter	yak_30d_default	USSR / Russia	6	0	Aircraft
yak-38	Yak-38	typeFighter	yak_38_default	USSR / Russia	6	1460	Aircraft
yak-38m	Yak-38M	typeFighter	yak_38m_default	USSR / Russia	6	1460	Aircraft
yak-3p	Yak-3P	typeFighter	Yak3p_default	USSR / Russia	4	0	Aircraft
yak-3t	Yak-3T	typeFighter	Yak3_default	USSR / Russia	4	0	Aircraft
yak-3u	Yak-3U	typeFighter	LA9_default	USSR / Russia	4	0	Aircraft
yak-4	Yak-4	typeBomber	yak-4_default	USSR / Russia	1	0	Aircraft
yak-7b	Yak-7B	typeFighter	Yak7b_default	USSR / Russia	2	0	Aircraft
yak-9	Yak-9	typeFighter	Yak9_default	USSR / Russia	2	0	Aircraft
yak-9b	Yak-9B	typeFighter	Yak9b_default	USSR / Russia	2	0	Aircraft
yak-9k	Yak-9K	typeFighter	Yak9_default	USSR / Russia	3	0	Aircraft
yak-9m	Golovachev's Yak-9M	typeFighter	Yak9_default	USSR / Russia	3	0	Aircraft
yak-9p	Yak-9P	typeFighter	Yak9p_default	USSR / Russia	4	0	Aircraft
yak-9p_hungary	Yak-9P	typeFighter	Yak9p_default	Italy	4	0	Aircraft
yak-9t	Yak-9T	typeFighter	Yak9_default	USSR / Russia	3	0	Aircraft
yak-9t_france	Challe's ▄Yak-9T	typeFighter	Yak9_default	France	3	0	Aircraft
yak-9u	Yak-9U	typeFighter	Yak9u_default	USSR / Russia	3	0	Aircraft
yak-9ut	Yak-9UT	typeFighter	Yak9u_default	USSR / Russia	4	0	Aircraft
yp-38	YP-38	typeFighter	p-38g_default	USA	2	0	Aircraft
z_10	Z-10	typeFighter	z_10_default	China	7	1200	Helicopter
z_1007_bis_serie3	Z.1007 bis serie 3	typeBomber	z_1007_18x50kg	Italy	2	2250	Aircraft
z_1007_bis_serie5	Z.1007 bis serie 5	typeBomber	z_1007_18x50kg	Italy	2	2250	Aircraft
z_10a	Z-10A	typeFighter	z_10_default	China	7	1200	Helicopter
z_10me	Z-10ME	typeFighter	z_10_default	China	7	1200	Helicopter
z_11wa	Z-11WA	typeFighter	z_11wa_default	China	5	800	Helicopter
z_19	Z-19	typeFighter	z_19_default	China	6	2000	Helicopter
z_19e	Z-19E	typeFighter	z_19e_default	China	6	2000	Helicopter
z_9w	Z-9W	typeFighter	z_9w_default	China	6	800	Helicopter
z_9wa	Z-9WA	typeFighter	z_9wa_default	China	6	800	Helicopter
zeppelin	Zeppelin LZ 62 (L 30) R	typeBomber	zeppelin_default	Germany	1	0	Aircraft
uav_inf_fpv_strike_drone	FPV Strike Drone	typeFighter	uav_inf_fpv_strike_drone_common	International	8	0	Drone
fau-1	V-1 (Fi 103)	typeTransport	fau-1_default	Event / Experimental	0	0	Drone
