cn_al_khalid_1	Al-Khalid-I	cn_al_khalid_1_default	China	7	typeMediumTank	gameData/Weapons/groundModels_weapons/125mm_ZPT_98_user_cannon.blk	49	48000	1200	75	10	0	0
cn_antelope_tc_1l_ads	Antelope	cn_antelope_tc_1l_ads_default	China	7	typeSPAA	gameData/Weapons/groundModels_weapons/127mm_tc_1l_rocket_launcher_user_cannon.blk	4	5500	145	75	30	0	0
cn_bt_5	BT-5	ussr_bt_5_default	China	1	typeLightTank	gameData/Weapons/groundModels_weapons/45mm_20K_user_cannon.blk	86	13700	400	75	10	0	0
cn_cm_25	CM25	cn_cm_25_default	China	6	typeTankDestroyer	gameData/Weapons/groundModels_weapons/127mm_BGM_71_tow_launcher_user_cannon.blk	10	17550	215	75	10	0	0
cn_cm_34	CM34	cn_cm_34_default	China	6	typeLightTank	gameData/Weapons/groundModels_weapons/30mm_Bushmaster_2_Mk_44_user_cannon.blk	420	5500	450	75	30	0	0.09
cn_cm11	CM11	cn_cm11_default	China	6	typeMediumTank	gameData/Weapons/groundModels_weapons/105mm_M68A1_user_cannon.blk	56	43650	750	75	10	0	0
cn_gmc_cckw_353_m45_quad	CCKW 353 (M45)	cn_gmc_cckw_353_m45_quad_default	China	2	typeSPAA	gameData/Weapons/groundModels_weapons/12_7mm_M2_HB_user_machinegun_for_M15.blk	800	11050	94	75	30	0	0.03
cn_hj_9	AFT09	cn_hj_9_default	China	6	typeTankDestroyer	gameData/Weapons/groundModels_weapons/152mm_hj_9_launcher_user_cannon.blk	12	5500	320	75	30	0	0
cn_hq_11	HQ11	cn_hq_11_default	China	8	typeSPAA	gameData/Weapons/groundModels_weapons/250mm_FM_3000_user_cannon.blk	8	50000	550	60	10	0	0
cn_hq_17	HQ17	cn_hq_17_default	China	8	typeSPAA	gameData/Weapons/dummy_weapon.blk	1	31800	780	75	10	0	0
cn_is_2_1943	IS-2	ussr_is_2_default	China	4	typeHeavyTank	gameData/Weapons/groundModels_weapons/122mm_D25T_user_cannon.blk	28	44000	520	75	10	0	0
cn_is_2_1943_no402	IS-2 No.402	ussr_is_2_default	China	4	typeHeavyTank	gameData/Weapons/groundModels_weapons/122mm_D25T_user_cannon.blk	28	44000	520	75	10	0	0
cn_is_2_1944	IS-2 (1944)	cn_is_2_1944_default	China	4	typeHeavyTank	gameData/Weapons/groundModels_weapons/122mm_D25T_user_cannon.blk	28	44000	520	75	10	0	0
cn_isu_122	ISU-122	ussr_isu_122_default	China	3	typeTankDestroyer	gameData/Weapons/groundModels_weapons/122mm_A19_user_cannon.blk	30	46000	520	75	10	0	0
cn_isu_152	ISU-152	ussr_isu_152_default	China	3	typeTankDestroyer	gameData/Weapons/groundModels_weapons/152mm_ML20S_user_cannon.blk	20	46000	520	75	10	0	0
cn_lvt_4_zis_2	LVT(A)(4) (ZiS-2)	us_lvt_4_zis_2_default	China	2	typeLightTank	gameData/Weapons/groundModels_weapons/57mm_ZIS2_user_cannon.blk	76	15615	250	75	10	4	0
cn_m_41d	M41D	cn_m_41d_default	China	6	typeLightTank	gameData/Weapons/groundModels_weapons/76mm_M32K1_user_cannon.blk	65	23040	500	75	10	0	0
cn_m10	M10 GMC	cn_m10_default	China	2	typeTankDestroyer	gameData/Weapons/groundModels_weapons/76mm_M7_for_M10_user_cannon.blk	54	30000	410	75	10	5	0
cn_m113a1_tow	M113A1 (TOW)	it_m113a1_tow_default	China	5	typeTankDestroyer	gameData/Weapons/groundModels_weapons/127mm_bgm_71b_tow_rocket_launcher.blk	10	17550	215	75	10	0	0
cn_m18_hellcat	M18 GMC	us_m18_hellcat_default	China	4	typeLightTank	gameData/Weapons/groundModels_weapons/76mm_M1_open_turret_user_cannon.blk	45	17690	460	75	10	6.060606	0
cn_m1a2t	M1A2T	cn_m1a2t_default	China	8	typeMediumTank	gameData/Weapons/groundModels_weapons/120mm_m256_m1a2t_user_cannon.blk	42	54000	1519	75	10	5	0.5
cn_m24_chaffee	M24	us_m24_chaffee_default	China	3	typeLightTank	gameData/Weapons/groundModels_weapons/75mm_M6_user_cannon.blk	48	18400	296	75	10	0	0
cn_m36	M36 GMC	us_m36_default	China	3	typeTankDestroyer	gameData/Weapons/groundModels_weapons/90mm_M3_open_turret_without_MB_user_cannon.blk	47	30000	500	75	10	6.993007	0
cn_m3a3_stuart	M3A3 Stuart	cn_m3a3_stuart_default	China	2	typeLightTank	gameData/Weapons/groundModels_weapons/37mm_M6_user_cannon.blk	174	11520	262	75	10	0	0
cn_m3a3_stuart_1st_ptg	M3A3 (1st PTG)	cn_m3a3_stuart_default	China	2	typeLightTank	gameData/Weapons/groundModels_weapons/37mm_M6_user_cannon.blk	174	11520	262	75	10	0	0
cn_m41_a3_walker_bulldog	M41A3	us_m41_walker_bulldog_default	China	3	typeLightTank	gameData/Weapons/groundModels_weapons/76mm_M32_user_cannon.blk	65	23040	500	75	10	0	0
cn_m42_duster	M42	us_m42_duster_default	China	3	typeSPAA	gameData/Weapons/groundModels_weapons/40mm_M2_user_cannon.blk	240	22600	500	75	10	0	0.25
cn_m48a1_patton_iii	M48A1	us_m48a1_patton_III_default	China	5	typeMediumTank	gameData/Weapons/groundModels_weapons/90mm_M41_user_cannon.blk	60	43650	810	75	10	5.9988	0
cn_m4a1_76w_sherman	M4A1 (75) W	cn_m4a1_76w_sherman_default	China	3	typeMediumTank	gameData/Weapons/groundModels_weapons/75mm_m3_user_cannon.blk	71	31800	400	75	10	0	0
cn_m4a4_sherman	M4A4	cn_m4a4_sherman_default	China	2	typeMediumTank	gameData/Weapons/groundModels_weapons/75mm_m3_user_cannon.blk	98	31800	425	75	10	0	0
cn_m4a4_sherman_1st_ptg	M4A4 (1st PTG)	cn_m4a4_sherman_1st_ptg_default	China	2	typeMediumTank	gameData/Weapons/groundModels_weapons/75mm_m3_user_cannon.blk	98	31800	425	75	10	0	0
cn_m55	M55	us_m55_default	China	3	typeTankDestroyer	gameData/Weapons/groundModels_weapons/203mm_m47_user_cannon.blk	10	50000	810	60	10	0	0.25
cn_m5a1_stuart	M5A1	us_m5a1_stuart_default	China	2	typeLightTank	gameData/Weapons/groundModels_weapons/37mm_M6_user_cannon.blk	147	15615	296	75	10	0	0
cn_m60a3_tts	M60A3 TTS	cn_m60a3_tts_default	China	6	typeMediumTank	gameData/Weapons/groundModels_weapons/105mm_M68_XM_user_cannon.blk	63	43650	750	75	10	0	0
cn_m8_greyhound	M8 LAC	us_m8_greyhound_default	China	1	typeLightTank	gameData/Weapons/groundModels_weapons/37mm_M6_user_cannon.blk	80	5500	110	75	30	3.528582	0.25
cn_m8_scott	M8 HMC	us_m8_scott_default	China	1	typeTankDestroyer	gameData/Weapons/groundModels_weapons/75mm_M2_howitzer_user_cannon.blk	46	15615	296	75	10	0	0
cn_mbt2000	MBT-2000	cn_mbt2000_default	China	7	typeMediumTank	gameData/Weapons/groundModels_weapons/125mm_ZPT_98_user_cannon.blk	49	50000	1200	75	10	0	0
cn_mbt2000_sm	MBT-2000	cn_mbt2000_sm_default	China	7	typeMediumTank	gameData/Weapons/groundModels_weapons/125mm_ZPT_98_user_cannon.blk	49	50000	1200	75	10	0	0
cn_object_122tm	Object 122MT "MC"	cn_object_122tm_default	China	6	typeMediumTank	gameData/Weapons/groundModels_weapons/120mm_122TM_user_cannon.blk	40	35500	650	75	10	0	0
cn_object_211	Object 211	cn_object_211_default	China	3	typeLightTank	gameData/Weapons/groundModels_weapons/85mm_Type_62_85_TC_user_cannon.blk	47	50000	400	75	10	0	1
cn_oplot_t	Oplot-M	jp_oplot_t_default	China	8	typeMediumTank	gameData/Weapons/groundModels_weapons/125mm_KBA_3_user_cannon.blk	46	51100	1200	75	10	0	0
cn_pgz_04a	PGZ04A	cn_pgz_04a_default	China	6	typeSPAA	gameData/Weapons/groundModels_weapons/25mm_PG87_PGZ_user_cannon.blk	258	37000	383	75	10	0	0
cn_pgz_09	PGZ09	cn_pgz_09_default	China	6	typeSPAA	gameData/Weapons/groundModels_weapons/35mm_PG_99_35_2_user_cannon.blk	240	46000	800	75	10	0	0.045
cn_pgz_625_fb10	CS/SA5	cn_pgz_625_fb10_default	China	8	typeSPAA	gameData/Weapons/groundModels_weapons/30mm_pgz_625_user_cannon.blk	800	5500	485	75	30	0	0
cn_pgz_88	PGZ88	cn_pgz_88_default	China	5	typeSPAA	gameData/Weapons/groundModels_weapons/37mm_type_76_user_cannon.blk	250	46000	580	75	10	0	0.3
cn_plz_05	PLZ05	cn_plz_05_default	China	5	typeTankDestroyer	gameData/Weapons/groundModels_weapons/155mm_PL05_user_cannon.blk	30	31800	800	75	10	0	1
cn_plz_83	PLZ83	cn_plz_83_default	China	4	typeTankDestroyer	gameData/Weapons/groundModels_weapons/152mm_pl_66_gai_user_cannon.blk	30	31800	520	75	10	0	0
cn_plz_83_130	PLZ83-130	cn_plz_83_130_default	China	5	typeTankDestroyer	gameData/Weapons/groundModels_weapons/130mm_pl_59a_gai_user_cannon.blk	38	31800	520	75	10	0	0
cn_pt_76	PT-76	cn_pt_76_default	China	3	typeLightTank	gameData/Weapons/groundModels_weapons/76mm_D56_T_user_cannon.blk	40	26500	240	75	10	0	0
cn_ptl_02	PTL02	cn_ptl_02_default	China	6	typeLightTank	gameData/Weapons/groundModels_weapons/100mm_PTP86_user_cannon.blk	30	5500	320	75	30	6.666667	0
cn_ptz_89	PTZ89	cn_ptz_89_default	China	6	typeTankDestroyer	gameData/Weapons/groundModels_weapons/120mm_PTZ89_user_cannon.blk	30	64000	520	75	10	0	0
cn_qn506	QN506	cn_qn506_default	China	7	typeLightTank	gameData/Weapons/groundModels_weapons/30mm_ZPZ02_user_cannon.blk	200	17550	520	75	10	0	0.1
cn_sdkfz_222_early	Sd.Kfz.222	cn_sdkfz_222_early_default	China	1	typeSPAA	gameData/Weapons/groundModels_weapons/20mm_KwK30_222_user_cannon.blk	180	11050	75	75	30	0	0.08
cn_su_100_1945	SU-100	ussr_su_100_1945_default	China	4	typeTankDestroyer	gameData/Weapons/groundModels_weapons/100mm_D10S_user_cannon.blk	33	31600	520	75	10	0	0
cn_su_76m_1943	SU-76M	ussr_su_76m_1943_default	China	1	typeTankDestroyer	gameData/Weapons/groundModels_weapons/76mm_ZIS3_user_cannon.blk	60	9800	140	75	10	5	0
cn_t_26_1940	T-26	ussr_t_26_1940_default	China	1	typeLightTank	gameData/Weapons/groundModels_weapons/45mm_20K_user_cannon.blk	107	9800	90	75	10	0	0
cn_t_26_no531	T-26 No.531	ussr_t_26_1940_default	China	1	typeLightTank	gameData/Weapons/groundModels_weapons/45mm_20K_user_cannon.blk	107	9800	90	75	10	0	0
cn_t_34_1942	T-34 (1943)	ussr_t_34_1942_default	China	3	typeMediumTank	gameData/Weapons/groundModels_weapons/76mm_F34_user_cannon.blk	100	26500	500	75	10	6.451613	0
cn_t_34_85_d_5t	T-34-85 (S-53)	ussr_t_34_85_zis_53_default	China	3	typeMediumTank	gameData/Weapons/groundModels_weapons/85mm_ZiS_S_53_user_cannon.blk	60	30000	500	75	10	0	0
cn_t_34_85_zis_53_no215	T-34-85 No.215	ussr_t_34_85_zis_53_default	China	4	typeMediumTank	gameData/Weapons/groundModels_weapons/85mm_ZiS_S_53_user_cannon.blk	60	30000	500	75	10	0	0
cn_t_62	T-62 N545	t_62_default	China	6	typeMediumTank	gameData/Weapons/groundModels_weapons/115mm_U5TS_user_cannon.blk	40	37000	580	75	10	0	0
cn_t_80ud_478be	T-80UD/BE	cn_t_80ud_478be_default	China	7	typeMediumTank	gameData/Weapons/groundModels_weapons/125mm_2A46_M1_T_80UD_user_cannon.blk	45	50000	1000	75	10	0	0
cn_tor_m1	Tor-M1	cn_tor_m1_default	China	8	typeSPAA	gameData/Weapons/dummy_weapon.blk	1	31800	780	75	10	0	0
cn_type_58	T-34-85 Gai	cn_type_58_default	China	3	typeMediumTank	gameData/Weapons/groundModels_weapons/85mm_Type_56_user_cannon.blk	55	30000	520	75	10	0	0
cn_type_59	Type 59	cn_type_59_default	China	5	typeMediumTank	gameData/Weapons/groundModels_weapons/100mm_Type59_user_cannon.blk	34	35500	520	75	10	7.496252	0
cn_type_59d	ZTZ59D1	cn_type_59_default	China	6	typeMediumTank	gameData/Weapons/groundModels_weapons/105mm_Type_83_user_cannon.blk	37	35500	520	75	10	7.496252	0
cn_type_62	Type 62	ussr_type_62_default	China	4	typeMediumTank	gameData/Weapons/groundModels_weapons/85mm_Type_62_85_TC_user_cannon.blk	47	20500	430	75	10	0	0
cn_type_63_i	Type 63	cn_type_63_I_default	China	4	typeLightTank	gameData/Weapons/groundModels_weapons/85mm_Type_62_85_TC_user_cannon.blk	47	26500	400	75	10	7.042254	0
cn_type_64	M64	cn_type_64_default	China	4	typeLightTank	gameData/Weapons/groundModels_weapons/76mm_M1_open_turret_user_cannon.blk	25	23040	500	75	10	6.060606	0
cn_type_65_aa	Phòng không T-34	cn_type_65_aa_default	China	3	typeSPAA	gameData/Weapons/groundModels_weapons/37mm_type_65_user_cannon.blk	195	30000	500	75	10	0	0
cn_type_69	Type 69	type_69_default	China	5	typeMediumTank	gameData/Weapons/groundModels_weapons/100mm_Type69_user_cannon.blk	44	37000	580	75	10	0	0
cn_type_69_2a	Type 69-IIa	cn_type_69_2a_default	China	5	typeMediumTank	gameData/Weapons/groundModels_weapons/100mm_Type69_II_user_cannon.blk	44	35500	580	75	10	0	0
cn_type_69_2g	T-69 II G	cn_type_69_2g_default	China	6	typeMediumTank	gameData/Weapons/groundModels_weapons/105mm_ZPL94_user_cannon.blk	44	35500	580	75	10	0	0
cn_type_86	ZBD86	cn_zbd_86_default	China	5	typeLightTank	gameData/Weapons/groundModels_weapons/73mm_Type_85_user_cannon.blk	40	13200	300	75	10	0	0.1
cn_type_95_ha_go	Ha-Go	jp_type_95_ha_go_default	China	1	typeLightTank	gameData/Weapons/groundModels_weapons/37mm_type_94_user_cannon.blk	119	9700	120	75	10	2.857143	0
cn_type_97_chi_ha	Chi-Ha	jp_type_97_chi_ha_default	China	1	typeLightTank	gameData/Weapons/groundModels_weapons/57mm_Type97_user_cannon.blk	120	9700	200	75	10	3.333333	0
cn_type_97_kai	Chi-Ha Kai	jp_type_97_kai_default	China	2	typeLightTank	gameData/Weapons/groundModels_weapons/47mm_Type1_user_cannon.blk	104	9700	200	75	10	0	0
cn_vt_4	VT4	cn_vt_4_default	China	8	typeMediumTank	gameData/Weapons/groundModels_weapons/125mm_ZPT_98_user_cannon.blk	38	50000	1200	75	10	6.666667	0
cn_vt_4b	VT4A1	cn_vt_4b_default	China	8	typeMediumTank	gameData/Weapons/groundModels_weapons/125mm_ZPT_98_vt4b_user_cannon.blk	38	50000	1300	75	10	6.666667	0
cn_vt_5	VT5	cn_vt_5_default	China	7	typeLightTank	gameData/Weapons/groundModels_weapons/105mm_ZPL151A_user_cannon.blk	38	50000	884	75	10	0	0
cn_wma_301	WMA301	cn_wma_301_default	China	6	typeLightTank	gameData/Weapons/groundModels_weapons/105mm_AT_WMA_user_cannon.blk	30	5500	320	75	30	6.666667	0
cn_wz_1001	WZ1001(E) LCT	cn_wz_1001_default	China	8	typeMediumTank	gameData/Weapons/groundModels_weapons/125mm_l54_cn_user_cannon.blk	34	50000	1500	75	10	0	0
cn_wz_141	WZ141-1	cn_wz_141_default	China	4	typeLightTank	gameData/Weapons/groundModels_weapons/105mm_type_75_user_cannon.blk	9	54000	176	75	10	0	0
cn_wz_305	WZ305	cn_wz_305_default	China	5	typeSPAA	gameData/Weapons/groundModels_weapons/57mm_WA_318_user_cannon.blk	152	28000	580	60	10	0	0
cn_zbd_04a	ZBD04A	cn_zbd_04a_default	China	7	typeLightTank	gameData/Weapons/groundModels_weapons/30mm_zpt_99_user_cannon.blk	500	13200	600	75	10	0	0.045
cn_zsd63_pg87	ZSD63/PG87	cn_zsd63_pg87_default	China	4	typeSPAA	gameData/Weapons/groundModels_weapons/25mm_PG87_user_cannon.blk	240	46000	260	75	10	0	0.045
cn_zsl_92	ZSL92	cn_zsl_92_default	China	4	typeSPAA	gameData/Weapons/groundModels_weapons/25mm_zpt90_user_cannon.blk	400	5500	320	75	30	0	0.3
cn_ztl_11	ZTL11	cn_ztl_11_default	China	7	typeLightTank	gameData/Weapons/groundModels_weapons/105mm_ZPL98A_user_cannon.blk	40	5500	450	75	30	0	0
cn_zts_63_1980	ZTS63	cn_zts_63_1980_default	China	5	typeLightTank	gameData/Weapons/groundModels_weapons/85mm_Type_63_user_cannon.blk	47	20500	400	75	10	0	0
cn_ztz_59a	ZTZ59A	cn_ztz_59a_default	China	5	typeMediumTank	gameData/Weapons/groundModels_weapons/100mm_Type59_user_cannon.blk	34	35500	520	75	10	7.496252	0
cn_ztz_88a	ZTZ88A	cn_ztz_88a_default	China	6	typeMediumTank	gameData/Weapons/groundModels_weapons/105mm_ZPL94_user_cannon.blk	45	50000	730	75	10	0	0
cn_ztz_88b	ZTZ88B	cn_ztz_88b_default	China	6	typeMediumTank	gameData/Weapons/groundModels_weapons/105mm_88B_105T_user_cannon.blk	45	50000	730	75	10	7.496252	0
cn_ztz_96	ZTZ96	cn_ztz_96_default	China	6	typeMediumTank	gameData/Weapons/groundModels_weapons/125mm_Type_88C_user_cannon.blk	40	50000	730	75	10	0	0
cn_ztz_96a	ZTZ96A	cn_ztz_96a_default	China	7	typeMediumTank	gameData/Weapons/groundModels_weapons/125mm_Type_88C_user_cannon.blk	40	50000	800	75	10	0	0
cn_ztz_96a_prot	ZTZ96A (P)	cn_ztz_96a_prot_default	China	7	typeMediumTank	gameData/Weapons/groundModels_weapons/125mm_Type_88C_user_cannon.blk	40	50000	800	75	10	0	0
cn_ztz_96a_race	ZTZ96A	cn_ztz_96a_default	China	6	typeMediumTank	gameData/Weapons/groundModels_weapons/125mm_Type_88C_user_cannon.blk	40	50000	900	75	10	0	0
cn_ztz_96b	ZTZ96B	cn_ztz_96_default	China	7	typeMediumTank	gameData/Weapons/groundModels_weapons/125mm_Type_99A_user_cannon.blk	40	50000	1200	75	10	6.666667	0
cn_ztz_99	ZTZ99-II	cn_ztz_99_default	China	7	typeMediumTank	gameData/Weapons/groundModels_weapons/125mm_ZPT_98_user_cannon.blk	39	50000	1200	75	10	0	0
cn_ztz_99_w	ZTZ99-III	cn_ztz_99_w_default	China	7	typeMediumTank	gameData/Weapons/groundModels_weapons/125mm_ZPT_98_user_cannon.blk	39	50000	1200	75	10	0	0
cn_ztz_99a	ZTZ99A	cn_ztz_99a_default	China	8	typeMediumTank	gameData/Weapons/groundModels_weapons/125mm_Type_99A_user_cannon.blk	39	50000	1500	75	10	6.666667	0
fr_amc_34	AMC.34 YR	fr_amc_34_default	France	1	typeLightTank	gameData/Weapons/groundModels_weapons/47mm_SA_34_user_cannon.blk	76	9700	120	75	10	0	0
fr_amc_35	AMC.35 (ACG.1)	fr_amc_35_default	France	1	typeLightTank	gameData/Weapons/groundModels_weapons/47mm_SA_35_user_cannon.blk	96	9700	180	75	10	0	0
fr_amd_35	AMD.35	fr_amd_35_default	France	1	typeLightTank	gameData/Weapons/groundModels_weapons/25mm_SA_34_user_cannon.blk	48	5500	105	75	30	0	0.2
fr_amd_35_kwk39	AMD.35 (PaK)	fr_amd_35_kwk39_default	France	2	typeLightTank	gameData/Weapons/groundModels_weapons/50mm_KwK39_1_user_cannon.blk	18	5500	105	75	30	0	0.2
fr_amd_35_sa35	AMD.35 (SA35)	fr_amd_35_sa35_default	France	1	typeLightTank	gameData/Weapons/groundModels_weapons/47mm_SA_35_user_cannon.blk	30	5500	105	75	30	0	0.2
fr_aml_90	AML-90	fr_aml_90_default	France	5	typeLightTank	gameData/Weapons/groundModels_weapons/90mm_DEFA_D921_user_cannon.blk	20	5500	90	75	30	0	0.2
fr_amr_35_zt3	AMR.35 ZT3	fr_amr_35_zt3_default	France	1	typeTankDestroyer	gameData/Weapons/groundModels_weapons/25mm_SA_34_user_cannon.blk	78	54000	82	75	10	0	0
fr_amx_10m_acra	AMX-10M	fr_amx_10m_acra_default	France	5	typeTankDestroyer	gameData/Weapons/groundModels_weapons/142mm_ACRA_user_cannon.blk	46	47000	280	75	10	0	0
fr_amx_10p	AMX-10P	fr_amx_10p_default	France	4	typeSPAA	gameData/Weapons/groundModels_weapons/20mm_m693_amx_10_user_cannon.blk	800	29200	300	75	10	0	0.02
fr_amx_10rc	AMX-10RC	fr_amx_10rc_default	France	6	typeLightTank	gameData/Weapons/groundModels_weapons/105mm_Modele_F2_user_cannon.blk	38	5500	280	75	30	0	0
fr_amx_13_75	AMX-13	fr_amx_13_75_default	France	4	typeLightTank	gameData/Weapons/groundModels_weapons/75mm_SA_50_user_cannon.blk	36	18400	270	75	10	0	0
fr_amx_13_75_ss11	AMX-13 (SS.11)	fr_amx_13_75_ss11_default	France	4	typeLightTank	gameData/Weapons/groundModels_weapons/75mm_SA_50_user_cannon.blk	36	18400	270	75	10	0	0
fr_amx_13_90	AMX-13-90	fr_amx_13_90_default	France	5	typeLightTank	gameData/Weapons/groundModels_weapons/90mm_CN_90_F3_user_cannon.blk	34	18400	270	75	10	0	0
fr_amx_13_chaffee	AMX-13-M24	fr_amx_13_chaffee_default	France	2	typeLightTank	gameData/Weapons/groundModels_weapons/75mm_M6_user_cannon.blk	48	18400	270	75	10	0	0
fr_amx_13_dca_40	AMX-13 DCA 40	fr_amx_13_dca_40_default	France	3	typeSPAA	gameData/Weapons/groundModels_weapons/40mm_Mle51_t1_user_cannon.blk	404	18400	270	75	10	0	0
fr_amx_13_fl_11	AMX-13 (FL11)	fr_amx_13_fl_11_default	France	3	typeLightTank	gameData/Weapons/groundModels_weapons/75mm_SA_49_user_cannon.blk	37	18400	270	75	10	0	0
fr_amx_13_hot	AMX-13 (HOT)	fr_amx_13_hot_default	France	6	typeLightTank	gameData/Weapons/groundModels_weapons/75mm_SA_50_user_cannon.blk	36	18400	270	75	10	0	0
fr_amx_30	AMX-30	fr_amx_30_default	France	5	typeMediumTank	gameData/Weapons/groundModels_weapons/105mm_CN_105_F1_user_cannon.blk	50	31800	680	75	10	0	0
fr_amx_30_1972	AMX-30 (1972)	fr_amx_30_1972_default	France	5	typeMediumTank	gameData/Weapons/groundModels_weapons/105mm_CN_105_F1_user_cannon.blk	47	31800	680	75	10	0	0
fr_amx_30_acra	AMX-30 ACRA	fr_amx_30_ACRA_default	France	6	typeMediumTank	gameData/Weapons/groundModels_weapons/142mm_ACRA_user_cannon.blk	36	31800	680	75	10	12.00048	0
fr_amx_30_auf_1	AuF1	fr_amx_30_auf_1_default	France	4	typeTankDestroyer	gameData/Weapons/groundModels_weapons/155mm_GCT_F1_user_cannon.blk	42	31800	680	75	10	0	0
fr_amx_30_b2	AMX-30B2	fr_amx_30_b2_default	France	6	typeMediumTank	gameData/Weapons/groundModels_weapons/105mm_CN_105_F1_user_cannon.blk	47	31800	680	75	10	0	0
fr_amx_30_b2_brenus	AMX-30B2 BRENUS	fr_amx_30_b2_brenus_default	France	6	typeMediumTank	gameData/Weapons/groundModels_weapons/105mm_CN_105_F1_user_cannon.blk	47	31800	750	75	10	0	0
fr_amx_30_dca	AMX-30 S DCA	fr_amx_30_dca_default	France	6	typeSPAA	gameData/Weapons/groundModels_weapons/30mm_HSS_831A_user_cannon.blk	600	31800	680	75	10	0	0
fr_amx_30_roland	Roland 1	fr_amx_30_roland_default	France	7	typeSPAA	gameData/Weapons/groundModels_weapons/163mm_roland_launcher_user_cannon.blk	10	31800	680	75	10	0	0
fr_amx_30_super	AMX-30 Super	fr_amx_30_b2_default	France	6	typeMediumTank	gameData/Weapons/groundModels_weapons/105mm_CN_105_F1_user_cannon.blk	50	31800	850	75	10	0	0
fr_amx_32	AMX-32	fr_amx_32_default	France	6	typeMediumTank	gameData/Weapons/groundModels_weapons/120mm_GIAT_CN120_25_G1_user_cannon.blk	38	54000	800	75	10	0	0.5
fr_amx_32_105	AMX-32 (105)	fr_amx_32_105_default	France	6	typeMediumTank	gameData/Weapons/groundModels_weapons/105mm_CN_105_F1_user_cannon.blk	47	54000	700	75	10	0	0.5
fr_amx_40	AMX-40	fr_amx_40_default	France	7	typeMediumTank	gameData/Weapons/groundModels_weapons/120mm_GIAT_CN120_25_G1_user_cannon.blk	38	54000	1300	75	10	0	1.2
fr_amx_50	AMX-50 (TOA100)	fr_amx_50_default	France	5	typeMediumTank	gameData/Weapons/groundModels_weapons/100mm_SA_47_user_cannon.blk	50	54000	1000	75	10	0	0
fr_amx_50_1950	AMX-50 (TO90/930)	fr_amx_50_1950_default	France	5	typeMediumTank	gameData/Weapons/groundModels_weapons/90mm_Char_25t_user_cannon.blk	52	54000	1000	75	10	0	0
fr_amx_50_foch	AMX-50 Foch	fr_amx_50_foch_default	France	5	typeTankDestroyer	gameData/Weapons/groundModels_weapons/120mm_SA_46_user_cannon.blk	48	47000	1000	75	10	0	0
fr_amx_50_surbaisse	AMX-50 Surbaissé	fr_amx_50_surbaisse_default	France	5	typeHeavyTank	gameData/Weapons/groundModels_weapons/120mm_SA_46_Surbaisse_user_cannon.blk	46	57800	850	75	10	0	0
fr_amx_50_surblinde	AMX-50 Surblindé	fr_amx_50_surblinde_default	France	5	typeHeavyTank	gameData/Weapons/groundModels_weapons/120mm_SA_46_Surbaisse_user_cannon.blk	51	54000	1000	75	10	0	0
fr_amx_elc_901	ELC 901	fr_amx_elc_bis_default	France	4	typeLightTank	gameData/Weapons/groundModels_weapons/90mm_D915_user_cannon.blk	40	31800	164	75	10	0	0.5
fr_amx_elc_bis	ELC bis	fr_amx_elc_bis_default	France	4	typeLightTank	gameData/Weapons/groundModels_weapons/90mm_D915_user_cannon.blk	53	31800	180	75	10	0	0.5
fr_amx_m4	AMX M4	fr_amx_m4_default	France	4	typeMediumTank	gameData/Weapons/groundModels_weapons/90mm_SA47_user_cannon.blk	49	54000	1000	75	10	0	0
fr_amx_vtt_dca	VTT DCA	fr_amx_vtt_dca_default	France	2	typeSPAA	gameData/Weapons/groundModels_weapons/12_7mm_M2_HB_user_machinegun_for_M15.blk	800	18400	270	75	10	0	0.03
fr_arl_44	ARL-44	fr_arl_44_default	France	3	typeHeavyTank	gameData/Weapons/groundModels_weapons/90mm_SA45_ARL_user_cannon.blk	37	31800	600	75	10	0	0
fr_arl_44_acl1	ARL-44 (ACL-1)	fr_arl_44_acl1_default	France	3	typeHeavyTank	gameData/Weapons/groundModels_weapons/75mm_SA_46_user_cannon.blk	37	31800	600	75	10	0	0
fr_b1_bis	B1 bis	fr_b1_bis_default	France	2	typeHeavyTank	gameData/Weapons/groundModels_weapons/47mm_SA_35_user_cannon.blk	50	31800	307	75	10	4	0
fr_b1_ter	B1 ter	fr_b1_ter_default	France	2	typeHeavyTank	gameData/Weapons/groundModels_weapons/47mm_SA_35_user_cannon.blk	60	31800	350	75	10	4	0
fr_bat_chat_25t	Char 25t	fr_bat_chat_25t_default	France	5	typeLightTank	gameData/Weapons/groundModels_weapons/90mm_Char_25t_user_cannon.blk	52	18400	500	75	10	0	0
fr_cckw_353_bofors	CCKW 353 AA	fr_cckw_353_bofors_default	France	2	typeSPAA	gameData/Weapons/groundModels_weapons/40mm_Bofors_L60_user_cannon.blk	384	11050	94	75	30	0	0.9
fr_char_2c	2C	fr_char_2c_default	France	2	typeHeavyTank	gameData/Weapons/groundModels_weapons/75mm_APX_1897_user_cannon.blk	128	31800	500	75	10	0	0
fr_char_2c_bis	2C bis	fr_char_2c_bis_default	France	1	typeHeavyTank	gameData/Weapons/groundModels_weapons/155mm_Schneider_155_C_user_cannon.blk	24	31800	500	75	10	0	0
fr_citroen_kegresse_p4t	P.7.T AA	fr_citroen_kegresse_p4t_default	France	1	typeSPAA	gameData/Weapons/groundModels_weapons/13_2mm_Hotchkiss_Mle_1930_user_machinegun.blk	360	8750	20	75	10	0	0
fr_crotale_ng	ItO 90M	fr_crotale_ng_default	France	8	typeSPAA	gameData/Weapons/dummy_weapon.blk	1	5500	251	75	30	0	0
fr_crusader_mk_2	Crusader Mk.II	uk_crusader_mk_2_default	France	2	typeLightTank	gameData/Weapons/groundModels_weapons/40mm_QF_2pdr_user_cannon.blk	110	31800	340	75	10	0	0
fr_cv_9035_nl	CV 9035NL	fr_cv_9035_nl_default	France	7	typeLightTank	gameData/Weapons/groundModels_weapons/35mm_bushmaster_3_user_cannon.blk	210	47000	815	75	10	0	0.15
fr_fcm_36	FCM.36	fr_fcm_36_default	France	1	typeLightTank	gameData/Weapons/groundModels_weapons/37mm_SA_18_user_cannon.blk	102	54000	105	75	10	0	0
fr_hotchkiss_h35	H.35	fr_hotchkiss_h35_default	France	1	typeLightTank	gameData/Weapons/groundModels_weapons/37mm_SA_18_user_cannon.blk	100	9700	75	75	10	0	0
fr_hotchkiss_h39	H.39	fr_hotchkiss_h39_default	France	1	typeLightTank	gameData/Weapons/groundModels_weapons/37mm_SA_38_user_cannon.blk	100	9700	120	75	10	0	0
fr_hotchkiss_h39_cambronne	H.39 "Cambronne"	fr_hotchkiss_h39_default	France	1	typeLightTank	gameData/Weapons/groundModels_weapons/37mm_SA_38_user_cannon.blk	100	9700	120	75	10	0	0
fr_jaguar_ebrc	EBRC Jaguar	fr_jaguar_ebrc_default	France	7	typeLightTank	gameData/Weapons/groundModels_weapons/40mm_CTC_user_cannon.blk	183	5500	500	75	30	0	0.05
fr_leclerc_azur	Leclerc AZUR	fr_leclerc_azur_default	France	8	typeMediumTank	gameData/Weapons/groundModels_weapons/120mm_GIAT_CN120_26_F1_user_cannon.blk	40	47000	1500	75	10	0	0.37
fr_leclerc_s1	Leclerc	fr_leclerc_s1_default	France	8	typeMediumTank	gameData/Weapons/groundModels_weapons/120mm_GIAT_CN120_26_F1_user_cannon.blk	40	47000	1500	75	10	0	0.37
fr_leclerc_s2	Leclerc S2	fr_leclerc_s2_default	France	8	typeMediumTank	gameData/Weapons/groundModels_weapons/120mm_GIAT_CN120_26_F1_user_cannon.blk	40	47000	1500	75	10	0	0.37
fr_leclerc_sxxi	Leclerc SXXI	fr_leclerc_sxxi_default	France	8	typeMediumTank	gameData/Weapons/groundModels_weapons/120mm_GIAT_CN120_26_F1_user_cannon.blk	40	47000	1500	75	10	0	0.37
fr_leopard_1a5be	Leopard 1A5BE	fr_leopard_1a5be_default	France	6	typeMediumTank	gameData/Weapons/groundModels_weapons/105mm_L7A3_Radpanzer_user_cannon.blk	60	47000	830	75	10	0	0
fr_leopard_2a4nl	Leopard 2A4NL	fr_leopard_2a4nl_default	France	7	typeMediumTank	gameData/Weapons/groundModels_weapons/120mm_Rheinmetall_L44_user_cannon.blk	42	47000	1500	75	10	5.9988	0.37
fr_leopard_2a4nl_les	Leopard 2 (OTCo)	germ_leopard_2a4_default	France	7	typeMediumTank	gameData/Weapons/groundModels_weapons/120mm_Rheinmetall_L44_user_cannon.blk	42	47000	1500	75	10	5.9988	0.37
fr_leopard_2a5nl	Leopard 2A5NL	fr_leopard_2a5nl_default	France	8	typeMediumTank	gameData/Weapons/groundModels_weapons/120mm_Rheinmetall_L44_2A5_user_cannon.blk	42	47000	1500	75	10	5.9988	0.37
fr_leopard_2a6nl	Leopard 2A6NL	fr_leopard_2a6nl_default	France	8	typeMediumTank	gameData/Weapons/groundModels_weapons/120mm_Rheinmetall_L55_user_cannon.blk	42	47000	1500	75	10	5.9988	0.37
fr_lorraine_100	CA Lorraine	fr_lorraine_100_default	France	4	typeTankDestroyer	gameData/Weapons/groundModels_weapons/100mm_SA_47_CA_user_cannon.blk	40	47000	600	75	10	0	0
fr_lorraine_155	Lorraine 155 Mle.50	fr_lorraine_155_default	France	3	typeTankDestroyer	gameData/Weapons/groundModels_weapons/155mm_Obusier_Modele_1950_user_cannon.blk	30	47000	600	75	10	0	0
fr_lorraine_37l	Lorraine 37L	fr_lorraine_37l_default	France	1	typeTankDestroyer	gameData/Weapons/groundModels_weapons/47mm_SA_37_user_cannon.blk	22	5500	70	75	10	0	0
fr_lorraine_40t	Lorraine 40t	fr_lorraine_40t_default	France	5	typeMediumTank	gameData/Weapons/groundModels_weapons/100mm_SA_47_user_cannon.blk	49	54000	850	75	10	0	0
fr_lvt_bofors	LVT-4/40	fr_lvt_bofors_default	France	2	typeLightTank	gameData/Weapons/groundModels_weapons/40mm_Bofors_L60_user_cannon.blk	384	15615	250	75	10	0	0
fr_m10	M10 GMC	us_m10_default	France	2	typeTankDestroyer	gameData/Weapons/groundModels_weapons/76mm_M7_for_M10_user_cannon.blk	54	30000	410	75	10	5	0
fr_m26_pershing	M26	us_m26_pershing_default	France	4	typeMediumTank	gameData/Weapons/groundModels_weapons/90mm_M3_user_cannon.blk	70	41560	500	75	10	0	0
fr_m36b2_cefeo	M36B2	fr_m36b2_cefeo_default	France	3	typeTankDestroyer	gameData/Weapons/groundModels_weapons/90mm_M3_M36B2_user_cannon.blk	47	30000	410	75	10	6.993007	0
fr_m3a3_stuart	M3A3 Stuart	cn_m3a3_stuart_default	France	2	typeLightTank	gameData/Weapons/groundModels_weapons/37mm_M6_user_cannon.blk	174	11520	262	75	10	0	0
fr_m44	M44	us_m44_default	France	3	typeTankDestroyer	gameData/Weapons/groundModels_weapons/155mm_m45_user_cannon.blk	24	7000	500	75	10	0	0.25
fr_m46_patton	M46	us_m46_patton_default	France	4	typeMediumTank	gameData/Weapons/groundModels_weapons/90mm_M3A1_user_cannon.blk	70	43650	810	75	10	0	0
fr_m4a1_sherman	M4A1	us_m4a1_1942_sherman_default	France	2	typeMediumTank	gameData/Weapons/groundModels_weapons/75mm_m3_user_cannon.blk	90	31800	400	75	10	0	0
fr_m4a1_sherman_fl_10	M4A1 (FL10)	fr_m4a1_sherman_fl_10_default	France	3	typeMediumTank	gameData/Weapons/groundModels_weapons/75mm_SA_50_user_cannon.blk	60	31800	400	75	10	0	0
fr_m4a3_105_sherman	M4A3 (105)	us_m4a3_105_sherman_default	France	2	typeMediumTank	gameData/Weapons/groundModels_weapons/105mm_M4_user_cannon.blk	66	33390	500	75	10	0	0
fr_m4a3e2_sherman_jumbo	M4A3E2	us_m4a3e2_sherman_jumbo_default	France	3	typeHeavyTank	gameData/Weapons/groundModels_weapons/75mm_m3_user_cannon.blk	104	31800	500	75	10	0	0
fr_m4a4_cn_75_50	M4A4 (SA50)	fr_m4a4_cn_75_50_default	France	3	typeMediumTank	gameData/Weapons/groundModels_weapons/75mm_SA_50_M4A4_user_cannon.blk	62	31800	400	75	10	0	0
fr_m4a4_sherman	M4A4	cn_m4a4_sherman_default	France	3	typeMediumTank	gameData/Weapons/groundModels_weapons/75mm_m3_user_cannon.blk	98	31800	425	75	10	0	0
fr_m55	M55	us_m55_default	France	3	typeTankDestroyer	gameData/Weapons/groundModels_weapons/203mm_m47_user_cannon.blk	10	50000	810	60	10	0	0.25
fr_marder_clovis	CLOVIS	germ_marder_clovis_default	France	5	typeLightTank	gameData/Weapons/groundModels_weapons/105mm_CN_105_G1_user_cannon.blk	38	28500	720	75	10	0	0.2
fr_marder_df_105	DF105	germ_marder_df_105_default	France	5	typeLightTank	gameData/Weapons/groundModels_weapons/105mm_CN_105_57_user_cannon.blk	38	28500	720	75	10	0	0.2
fr_mars_15	MARS 15	fr_mars_15_default	France	6	typeLightTank	gameData/Weapons/groundModels_weapons/90mm_CN_90_F4_user_cannon.blk	30	31800	400	75	10	0	0
fr_msc	MSC	fr_msc_default	France	7	typeMediumTank	gameData/Weapons/groundModels_weapons/120mm_giat_cn120_26_f1_msc_user_cannon.blk	35	47000	1500	75	10	0	0.37
fr_panhard_ebr_1951	E.B.R. (1951)	fr_panhard_ebr_1951_default	France	3	typeLightTank	gameData/Weapons/groundModels_weapons/75mm_SA_49_user_cannon.blk	60	18400	200	75	30	0	0
fr_panhard_ebr_1954	E.B.R. (1954)	fr_panhard_ebr_1954_default	France	4	typeLightTank	gameData/Weapons/groundModels_weapons/75mm_SA_50_user_cannon.blk	36	18400	200	75	30	0	0
fr_panhard_ebr_1963	E.B.R. (1963)	fr_panhard_ebr_1963_default	France	5	typeLightTank	gameData/Weapons/groundModels_weapons/90mm_CN_90_F2_user_cannon.blk	47	18400	200	75	30	0	0.3
fr_pzkpfw_v_panther_dauphine	Panther "Dauphiné"	fr_pzkpfw_V_panther_dauphine_default	France	4	typeMediumTank	gameData/Weapons/groundModels_weapons/75mm_Kwk42_user_cannon.blk	82	43000	600	75	10	0	0.43
fr_renault_d2	D2	fr_renault_d2_default	France	1	typeMediumTank	gameData/Weapons/groundModels_weapons/47mm_SA_35_user_cannon.blk	108	31800	150	75	10	4	0
fr_renault_r39	R.35 (SA38)	fr_renault_r39_default	France	1	typeLightTank	gameData/Weapons/groundModels_weapons/37mm_SA_38_user_cannon.blk	58	9700	82	75	10	0	0
fr_saint_chamond	St-Chamond	fr_saint_chamond_default	France	1	typeMediumTank	gameData/Weapons/groundModels_weapons/75mm_1897_user_cannon.blk	106	46000	90	75	10	0	0
fr_samp_t_fcs	FSAF SAMP/T (Mamba) (TADS)	fr_samp_t_launcher_default	France	8	typeSPAA	gameData/Weapons/dummy_weapon.blk	1	5500	450	75	30	0	0
fr_samp_t_launcher	FSAF SAMP/T (Mamba) (TEL)	fr_samp_t_launcher_default	France	8	typeSPAA	gameData/Weapons/dummy_weapon.blk	1	5500	450	75	30	0	0
fr_sk105_a2	SK-105A2	germ_sk105_a2_default	France	6	typeLightTank	gameData/Weapons/groundModels_weapons/105mm_PzK_M57_user_cannon.blk	42	31800	320	75	10	0	0
fr_somua_s35	S.35	fr_somua_s35_default	France	1	typeMediumTank	gameData/Weapons/groundModels_weapons/47mm_SA_35_user_cannon.blk	84	31800	190	75	10	4	0
fr_somua_sau40	SAu 40	fr_somua_sau40_default	France	1	typeTankDestroyer	gameData/Weapons/groundModels_weapons/75mm_APX_user_cannon.blk	101	31800	190	75	10	0	0
fr_somua_sm	Somua SM	fr_somua_sm_default	France	5	typeHeavyTank	gameData/Weapons/groundModels_weapons/100mm_SA_47_user_cannon.blk	50	54000	1000	75	10	0	0
fr_tpk_641_vpc	TPK 6.41	fr_tpk_641_vpc_default	France	3	typeSPAA	gameData/Weapons/groundModels_weapons/20mm_Oerlikon_KAD_B17_user_cannon.blk	600	11050	160	75	30	0	0.02
fr_vab_santal	SANTAL	fr_vab_santal_default	France	6	typeSPAA	gameData/Weapons/groundModels_weapons/90mm_atam_mistral_user_cannon.blk	12	5500	300	75	30	0	0
fr_vbci	VBCI	fr_vbci_default	France	6	typeLightTank	gameData/Weapons/groundModels_weapons/25mm_cn25_m811_user_cannon.blk	600	5500	550	75	30	0	0.01
fr_vbci2_mct30	VBCI-2 (MCT30)	fr_vbci2_mct30_default	France	6	typeLightTank	gameData/Weapons/groundModels_weapons/30mm_Bushmaster_2_Mk_44_MCT30_user_cannon.blk	450	5500	600	75	30	0	0.02
fr_vcac_mephisto	MEPHISTO	fr_vcac_mephisto_default	France	6	typeTankDestroyer	gameData/Weapons/dummy_weapon.blk	1	5500	300	75	30	0	0
fr_vextra_105	Vextra 105	fr_vextra_105_default	France	7	typeLightTank	gameData/Weapons/groundModels_weapons/105mm_giat_105_g1_user_cannon.blk	35	5500	700	75	30	0	0
germ_9a33bm3	Osa-AK	ussr_9a33bm3_default	Germany	7	typeSPAA	gameData/Weapons/dummy_weapon.blk	1	5500	300	75	30	0	0
germ_9a35_m	Strela-10M	ussr_9a35_m2_default	Germany	7	typeSPAA	gameData/Weapons/groundModels_weapons/120mm_9m37m_rocket_launcher.blk	8	12300	240	75	10	0	0
germ_a7v	A7V	germ_a7v_default	Germany	1	typeMediumTank	gameData/Weapons/groundModels_weapons/57mm_maxim_nordenfelt_user_cannon.blk	180	31800	200	75	10	0	0.1
germ_a7v_event	A7V	germ_a7v_default	Event / Experimental	1	typeMediumTank	gameData/Weapons/groundModels_weapons/57mm_maxim_nordenfelt_user_cannon.blk	180	31800	340	75	10	5	0.1
germ_amd_35_kwk	P204(f) KwK 38	germ_amd_35_kwk_default	Germany	1	typeLightTank	gameData/Weapons/groundModels_weapons/50mm_KwK38_open_turret_user_cannon.blk	26	5500	105	75	30	0	0
germ_amd_35_kwk39	P204(f) KwK 39/1	fr_amd_35_kwk39_default	Germany	2	typeLightTank	gameData/Weapons/groundModels_weapons/50mm_KwK39_1_user_cannon.blk	18	5500	105	75	30	0	0.2
germ_apc_m113	M113	us_apc_m113_default	Event / Experimental	0	typeTankDestroyer	gameData/Weapons/groundModels_weapons/12_7mm_M2_HB_user_machinegun.blk	1000	17550	215	75	10	0	0
germ_at_gun_flak36	3.7 cm FlaK 36	germ_at_gun_flak36_default	Event / Experimental	0	typeLightTank	gameData/Weapons/groundModels_weapons/37mm_FlaK36_user_cannon.blk	318	9700	1	0	0	0	0.045
germ_at_gun_pak36	3.7 cm AT PaK	germ_at_gun_pak36_default	Event / Experimental	0	typeLightTank	gameData/Weapons/groundModels_weapons/37mm_KwK36_user_cannon.blk	318	9700	1	0	0	0	0.25
germ_at_gun_pak38	5 cm AT PaK 38	germ_at_gun_pak38_default	Event / Experimental	0	typeLightTank	gameData/Weapons/groundModels_weapons/50mm_PaK38_user_cannon.blk	318	9700	1	0	0	0	0.25
germ_at_gun_pak40	7.5 cm PaK 40	germ_at_gun_pak40_default	Event / Experimental	0	typeLightTank	gameData/Weapons/groundModels_weapons/75mm_PaK40_3_L46_user_cannon.blk	318	9700	1	0	0	0	0.25
germ_begleitpanzer_57	Begleitpanzer 57	germ_begleitpanzer_57_default	Germany	6	typeLightTank	gameData/Weapons/groundModels_weapons/57mm_Bofors_L70_Mk_1_user_cannon.blk	144	28500	600	75	10	0	0.2
germ_beutepanzer_mk_iv	Beutepanzer IV	germ_beutepanzer_mk_iv_default	Germany	1	typeMediumTank	gameData/Weapons/groundModels_weapons/57mm_maxim_nordenfelt_user_cannon.blk	141	31800	125	75	10	0	0
germ_beutepanzer_mk_iv_event	Beutepanzer IV	germ_beutepanzer_mk_iv_default	Event / Experimental	1	typeMediumTank	gameData/Weapons/groundModels_weapons/57mm_maxim_nordenfelt_user_cannon.blk	141	31800	212.5	75	10	0	0
germ_bmp_1_ddr	SPz BMP-1	ussr_bmp_1_default	Germany	5	typeLightTank	gameData/Weapons/groundModels_weapons/73mm_2A28_user_cannon.blk	40	13200	300	75	10	0	0.1
germ_boxer_3105	Boxer MGS	germ_boxer_3105_default	Germany	7	typeLightTank	gameData/Weapons/groundModels_weapons/105mm_cockerill_hp_user_cannon.blk	42	5500	720	75	30	0	0.5
germ_boxer_swatrinf	sWaTrgInf	germ_boxer_swatrinf_default	Germany	7	typeLightTank	gameData/Weapons/groundModels_weapons/30mm_Rheinmetall_MK_30_2_ABM_KF41_user_cannon.blk	348	5500	815	75	30	0	0.05
germ_erprobungstrager_3_achs_turm	Turm III	germ_erprobungstrager_3_achs_turm_default	Germany	5	typeMediumTank	gameData/Weapons/groundModels_weapons/105mm_L7A3_user_cannon.blk	47	47000	856	75	10	5	0
germ_flakpanzer_38t_gepard	Flakpanzer 38	germ_flakpanzer_38t_Gepard_default	Germany	1	typeSPAA	gameData/Weapons/groundModels_weapons/20mm_FlaK38_user_cannon.blk	1080	9800	150	75	10	0	0.045
germ_flakpanzer_i_ausf_a	Flakpanzer I	germ_flakpanzer_I_ausf_A_default	Germany	1	typeSPAA	gameData/Weapons/groundModels_weapons/20mm_FlaK38_user_cannon.blk	320	5500	60	75	10	0	0.045
germ_flakpanzer_iv_kugelblitz	Kugelblitz	germ_flakpanzer_IV_Kugelblitz_default	Germany	4	typeSPAA	gameData/Weapons/groundModels_weapons/30mm_MK103_38_user_cannon.blk	600	22300	300	75	10	0	0
germ_flakpanzer_iv_ostwind	Ostwind	germ_flakpanzer_IV_Ostwind_default	Germany	3	typeSPAA	gameData/Weapons/groundModels_weapons/37mm_FlaK43_user_cannon.blk	1000	22300	300	75	10	0	0
germ_flakpanzer_iv_ostwind_2	Ostwind II	germ_flakpanzer_IV_Ostwind_2_default	Germany	3	typeSPAA	gameData/Weapons/groundModels_weapons/37mm_FlaK44_user_cannon.blk	496	22300	300	75	10	0	0
germ_flakpanzer_iv_ostwind_2_net	Ostwind Ost	germ_flakpanzer_IV_Ostwind_2_default	Germany	3	typeSPAA	gameData/Weapons/groundModels_weapons/37mm_FlaK44_user_cannon.blk	496	22300	300	75	10	0	0
germ_flakpanzer_iv_wirbelwind	Wirbelwind	germ_flakpanzer_IV_Wirbelwind_default	Germany	3	typeSPAA	gameData/Weapons/groundModels_weapons/20mm_FlaK38_wirbelwind_user_cannon.blk	800	22300	300	75	10	0	0.045
germ_flakpanzer_v_coelian	Flakpanzer 341	germ_flakpanzer_V_Coelian_default	Germany	4	typeSPAA	gameData/Weapons/groundModels_weapons/37mm_gerat_341_user_cannon.blk	750	43000	600	75	10	0	0
germ_flakpanzer_zerstorer_45	Zerstörer 45	germ_flakpanzer_zerstorer_45_default	Germany	4	typeSPAA	gameData/Weapons/groundModels_weapons/30mm_mk103_45_user_cannon.blk	210	22300	300	75	10	0	0.045
germ_flakpz_1a2_gepard	Gepard 1A2	germ_flakpz_1a2_Gepard_default	Germany	6	typeSPAA	gameData/Weapons/groundModels_weapons/35mm_Oerlikon_KDA_user_cannon.blk	340	46000	830	75	10	0	0.045
germ_flakpz_i_gepard	Gepard	germ_flakpz_I_Gepard_default	Germany	6	typeSPAA	gameData/Weapons/groundModels_weapons/35mm_Oerlikon_KDA_user_cannon.blk	340	46000	830	75	10	0	0.045
germ_flarakpz_1	FlaRakPz 1	germ_flarakpz_1_default	Germany	7	typeSPAA	gameData/Weapons/groundModels_weapons/163mm_roland_2_launcher_user_cannon.blk	10	31800	600	75	10	0	0
germ_flarakrad	FlaRakRad	germ_flarakrad_default	Germany	8	typeSPAA	gameData/Weapons/dummy_weapon.blk	1	5500	360	75	30	0	0
germ_garford_putilov	Garford-Beute	ussr_garford_putilov_default	Germany	1	typeLightTank	gameData/Weapons/groundModels_weapons/76mm_1910_16_user_cannon.blk	44	5500	30	75	30	0	0.3
germ_garford_putilov_event	Garford-Beute	ussr_garford_putilov_default	Event / Experimental	1	typeLightTank	gameData/Weapons/groundModels_weapons/76mm_1910_16_user_cannon.blk	44	5500	135	75	30	0	0.3
germ_hummel	Hummel	germ_hummel_default	Germany	2	typeTankDestroyer	gameData/Weapons/groundModels_weapons/150mm_sfh_18_user_cannon.blk	18	9500	300	42	10	0	0.25
germ_infanterie_kampfpanzer_churchill	Pz.Kpfw. Churchill	uk_a_22b_mk_3_churchill_1942_default	Germany	3	typeHeavyTank	gameData/Weapons/groundModels_weapons/57mm_6pdr_QQF_Mk_5_L50_user_cannon.blk	85	50000	355	75	10	0	0
germ_iris_slm_fcs	IRIS-T SLM (TADS)	germ_iris_slm_launcher_default	Germany	8	typeSPAA	gameData/Weapons/dummy_weapon.blk	1	5500	440	75	30	0	0
germ_iris_slm_launcher	IRIS-T SLM (TEL)	germ_iris_slm_launcher_default	Germany	8	typeSPAA	gameData/Weapons/dummy_weapon.blk	1	5500	440	75	30	0	0
germ_jaguar_2	Jaguar 2	germ_jaguar_2_default	Germany	6	typeTankDestroyer	gameData/Weapons/groundModels_weapons/127mm_BGM_71_tow_Wiesel_launcher_user_cannon.blk	14	50000	500	60	10	0	0
germ_jgdpz_38t	Jagdpanzer 38(t)	germ_jgdpz_38t_default	Germany	3	typeTankDestroyer	gameData/Weapons/groundModels_weapons/75mm_PaK39_L48_hetzer_user_cannon.blk	41	24000	150	75	10	0	0
germ_jgdpz_iv_l48	Jagdpanzer IV	germ_jgdpz_IV_L48_default	Germany	3	typeTankDestroyer	gameData/Weapons/groundModels_weapons/75mm_PaK39_L48_user_cannon.blk	79	24000	300	75	10	0	0
germ_kanonenjagdpanzer	JPz 4-5	germ_jpz_4_5_default	Germany	4	typeTankDestroyer	gameData/Weapons/groundModels_weapons/90mm_BK_90_user_cannon.blk	51	24000	500	75	10	0	0
germ_kpz_70	KPz-70	germ_kpz_70_default	Germany	6	typeMediumTank	gameData/Weapons/groundModels_weapons/152mm_XM150E5_KPz_user_cannon.blk	48	54000	1500	75	10	5.9988	0.5
germ_kpz_t72m1	T-72M1	germ_kpz_t72m1_default	Germany	6	typeMediumTank	gameData/Weapons/groundModels_weapons/125mm_2A46M_user_cannon.blk	44	50000	780	75	10	0	0
germ_kv_1_kwk_40	KW I C 756 (r)	germ_kv_1_kwk_40_default	Germany	3	typeHeavyTank	gameData/Weapons/groundModels_weapons/75mm_KwK40_L48_user_cannon.blk	80	44000	600	75	10	0	0
germ_kv_1b_finland	KV-IB	ussr_kv_1e_default	Germany	3	typeHeavyTank	gameData/Weapons/groundModels_weapons/76mm_F32_user_cannon.blk	111	46000	600	75	10	0	0
germ_kv_2_754r	KW II 754 (r)	ussr_kv_2_1940_default	Germany	3	typeHeavyTank	gameData/Weapons/groundModels_weapons/152mm_M10T_user_cannon.blk	36	52000	600	75	10	0	0
germ_le_kpz_m41	leKPz M41	germ_le_kpz_m41_default	Germany	4	typeLightTank	gameData/Weapons/groundModels_weapons/76mm_KwK_M32_user_cannon.blk	65	23040	500	75	10	0	0
germ_leichter_ladungstrager_303a	Goliath 303a	germ_leichter_ladungstrager_303a_default	Event / Experimental	0	typeTankDestroyer		0	365	12.5	75	10	0	0
germ_leopard_1a5	Leopard 1A5	germ_leopard_1a5_default	Germany	6	typeMediumTank	gameData/Weapons/groundModels_weapons/105mm_L7A3_Radpanzer_user_cannon.blk	60	47000	830	75	10	0	0
germ_leopard_2_pt14	PT-16/T14 mod.	germ_leopard_2_pt14_default	Germany	7	typeMediumTank	gameData/Weapons/groundModels_weapons/120mm_Rheinmetall_L44_autoloader_user_cannon.blk	41	31800	1500	75	10	4	0
germ_leopard_2a4	Leopard 2A4	germ_leopard_2a4_default	Germany	7	typeMediumTank	gameData/Weapons/groundModels_weapons/120mm_Rheinmetall_L44_user_cannon.blk	42	47000	1500	75	10	5.9988	0.37
germ_leopard_2a4_pzbtl_123	Leopard 2 (PzBtl 123)	germ_leopard_2a4_pzbtl_123_default	Germany	7	typeMediumTank	gameData/Weapons/groundModels_weapons/120mm_Rheinmetall_L44_user_cannon.blk	42	47000	1500	75	10	5.9988	0.37
germ_leopard_2a4m_can	Leopard 2A4M	germ_leopard_2a4m_can_default	Germany	7	typeMediumTank	gameData/Weapons/groundModels_weapons/120mm_rheinmetall_l44_can_user_cannon.blk	42	47000	1500	75	10	5.9988	0.37
germ_leopard_2a4m_can_sm	Leopard 2A4M	germ_leopard_2a4m_can_default	Germany	7	typeMediumTank	gameData/Weapons/groundModels_weapons/120mm_rheinmetall_l44_can_user_cannon.blk	42	47000	1500	75	10	5.9988	0.37
germ_leopard_2a5	Leopard 2A5	germ_leopard_2a5_default	Germany	8	typeMediumTank	gameData/Weapons/groundModels_weapons/120mm_Rheinmetall_L44_2A5_user_cannon.blk	42	47000	1500	75	10	5.9988	0.37
germ_leopard_2a5_pso	Leopard 2 PSO	germ_leopard_2a5_pso_default	Germany	8	typeMediumTank	gameData/Weapons/groundModels_weapons/120mm_Rheinmetall_L44_2RI_user_cannon.blk	42	47000	1630	75	10	5.9988	0.37
germ_leopard_2a5_yt_cup_2019	Leopard 2A5	germ_leopard_2a5_default	Germany	8	typeMediumTank	gameData/Weapons/groundModels_weapons/120mm_Rheinmetall_L44_2A5_user_cannon.blk	42	47000	1500	75	10	5.9988	0.37
germ_leopard_2a6	Leopard 2A6	germ_leopard_2a6_default	Germany	8	typeMediumTank	gameData/Weapons/groundModels_weapons/120mm_Rheinmetall_L55_user_cannon.blk	42	47000	1500	75	10	5.9988	0.37
germ_leopard_2a7v	Leopard 2A7V	germ_leopard_2a7v_default	Germany	8	typeMediumTank	gameData/Weapons/groundModels_weapons/120mm_rheinmetall_l55_a1_user_cannon.blk	37	47000	1500	75	10	5.9988	0.37
germ_leopard_2av	Leopard 2AV	germ_leopard_2av_default	Germany	7	typeMediumTank	gameData/Weapons/groundModels_weapons/105mm_L7A3_Radpanzer_user_cannon.blk	40	47000	1500	75	10	5.9988	0.37
germ_leopard_2k	Leopard 2K	germ_leopard_2k_default	Germany	7	typeMediumTank	gameData/Weapons/groundModels_weapons/120mm_Rheinmetall_L44_user_cannon.blk	41	31800	1500	75	10	6.666667	0
germ_leopard_2pl	Leopard 2PL	germ_leopard_2pl_default	Germany	8	typeMediumTank	gameData/Weapons/groundModels_weapons/120mm_Rheinmetall_L44_2PL_user_cannon.blk	42	47000	1500	75	10	5.9988	0.37
germ_leopard_a1a1_120	Leopard A1A1 (L/44)	germ_leopard_a1a1_120_default	Germany	6	typeMediumTank	gameData/Weapons/groundModels_weapons/120mm_Rheinmetall_L44_user_cannon.blk	42	47000	830	75	10	6.666667	0
germ_leopard_c2_mexas	C2A1	germ_leopard_c2_mexas_default	Germany	6	typeMediumTank	gameData/Weapons/groundModels_weapons/105mm_L7A3_Radpanzer_user_cannon.blk	60	47000	830	75	10	0	0
germ_leopard_i	Leopard I	germ_leopard_I_default	Germany	5	typeMediumTank	gameData/Weapons/groundModels_weapons/105mm_L7A3_user_cannon.blk	60	47000	830	75	10	0	0
germ_leopard_i_a1	Leopard A1A1	germ_leopard_I_a1_default	Germany	6	typeMediumTank	gameData/Weapons/groundModels_weapons/105mm_L7A3_GA_2_user_cannon.blk	60	47000	830	75	10	0	0
germ_m109g	M109G	germ_m109g_default	Germany	4	typeTankDestroyer	gameData/Weapons/groundModels_weapons/155mm_m126e1_user_cannon.blk	28	47000	405	75	10	0	0.4
germ_m44	M44	us_m44_default	Germany	3	typeTankDestroyer	gameData/Weapons/groundModels_weapons/155mm_m45_user_cannon.blk	24	7000	500	75	10	0	0.25
germ_m55	M55	us_m55_default	Germany	3	typeTankDestroyer	gameData/Weapons/groundModels_weapons/203mm_m47_user_cannon.blk	10	50000	810	60	10	0	0.25
germ_machinegun_mg_08	MG08	germ_machinegun_mg_08_default	Event / Experimental	0	typeLightTank	gameData/Weapons/groundModels_weapons/7_92mm_mg08_user_machinegun.blk	5000	9700	1	0	0	0	0
germ_marder_1a1	Marder A1-	germ_marder_1a1_default	Germany	5	typeLightTank	gameData/Weapons/groundModels_weapons/20mm_Rh_202_Marder_user_cannon.blk	1200	29200	600	75	10	0	0.02
germ_marder_1a3	Marder 1A3	germ_marder_1a3_default	Germany	5	typeLightTank	gameData/Weapons/groundModels_weapons/20mm_Rh_202_Marder_user_cannon.blk	1200	54000	600	75	10	0	0.02
germ_marder_clovis	CLOVIS	germ_marder_clovis_default	Germany	5	typeLightTank	gameData/Weapons/groundModels_weapons/105mm_CN_105_G1_user_cannon.blk	38	28500	720	75	10	0	0.2
germ_marder_df_105	DF105	germ_marder_df_105_default	Germany	5	typeLightTank	gameData/Weapons/groundModels_weapons/105mm_CN_105_57_user_cannon.blk	38	28500	720	75	10	0	0.2
germ_mkpz_m47	mKPz M47 G	germ_mkpz_m47_default	Germany	5	typeMediumTank	gameData/Weapons/groundModels_weapons/90mm_M36_user_cannon.blk	71	43650	810	75	10	7.500188	0
germ_mkpz_m48a2c	M48A2 C	germ_mkpz_m48a2c_default	Germany	5	typeMediumTank	gameData/Weapons/groundModels_weapons/90mm_Kanone_M41_user_cannon.blk	64	43650	825	75	10	5.9988	0
germ_mkpz_m48a2ga2	M48A2 G A2	germ_mkpz_m48a2ga2_default	Germany	6	typeMediumTank	gameData/Weapons/groundModels_weapons/105mm_L7A3_GA_2_user_cannon.blk	46	43650	825	75	10	0	0
germ_mkpz_super_m48	M48 Super	germ_mkpz_super_m48_default	Germany	6	typeMediumTank	gameData/Weapons/groundModels_weapons/105mm_L7A3_Radpanzer_user_cannon.blk	46	43650	1000	75	10	0	0
germ_nbfz_vi	Nb.Fz.	germ_nbfz_VI_default	Germany	1	typeMediumTank	gameData/Weapons/groundModels_weapons/75mm_KwK37_for_nbfz_user_cannon.blk	80	23400	290	75	10	0	0
germ_panther_ii	Panther II	germ_panther_II_default	Germany	4	typeMediumTank	gameData/Weapons/groundModels_weapons/88mm_Kwk43_for_panther_II_user_cannon.blk	50	47000	900	75	10	7.496252	0
germ_panther_ii_tutorial	Panther II	germ_panther_II_tutorial_default	Event / Experimental	0	typeMediumTank	gameData/Weapons/groundModels_weapons/88mm_Kwk43_for_tutorial_user_cannon.blk	50	47000	900	75	10	4	0
germ_panzerbefelhswagen_iv_ausf_j	Pz.Bef.Wg.IV J	germ_pzkpfw_IV_ausf_J_default	Germany	3	typeMediumTank	gameData/Weapons/groundModels_weapons/75mm_KwK40_L48_user_cannon.blk	87	22300	300	75	10	5	0
germ_panzerbefelhswagen_jagdpanther	Bfw. Jagdpanther G1	germ_panzerjager_panther_default	Germany	4	typeTankDestroyer	gameData/Weapons/groundModels_weapons/88mm_PaK43_user_cannon.blk	39	46000	600	75	10	6.993007	1.1
germ_panzerbefelhswagen_vi_p	Pz.Bef.Wg.VI P	germ_panzerbefelhswagen_VI_P_default	Germany	4	typeHeavyTank	gameData/Weapons/groundModels_weapons/88mm_Kwk36_user_cannon.blk	80	56500	625	75	10	0	0
germ_panzerjager_1	Panzerjäger I	germ_panzerjager_1_default	Germany	1	typeTankDestroyer	gameData/Weapons/groundModels_weapons/47mm_PaK_t_Sf_user_cannon.blk	86	5500	100	75	10	0	0
germ_panzerjager_nashorn	Nashorn	germ_panzerjager_nashorn_default	Germany	3	typeTankDestroyer	gameData/Weapons/groundModels_weapons/88mm_PaK43_open_turret_user_cannon.blk	40	9500	300	75	10	6.666667	0
germ_panzerjager_panther	Jagdpanther G1	germ_panzerjager_panther_default	Germany	4	typeTankDestroyer	gameData/Weapons/groundModels_weapons/88mm_PaK43_user_cannon.blk	49	46000	600	75	10	6.993007	1.1
germ_panzerjager_tiger	Jagdtiger	germ_panzerjager_tiger_default	Germany	4	typeTankDestroyer	gameData/Weapons/groundModels_weapons/128mm_PaK44_user_cannon.blk	40	75200	600	75	10	0	0
germ_panzerjager_tiger_p_elefant	Elefant	germ_panzerjager_tiger_P_elefant_default	Germany	4	typeTankDestroyer	gameData/Weapons/groundModels_weapons/88mm_PaK43_user_cannon.blk	38	65000	625	75	10	6.666667	0.4
germ_panzerjager_tiger_p_ferdinand	Ferdinand	germ_panzerjager_tiger_P_ferdinand_default	Germany	4	typeTankDestroyer	gameData/Weapons/groundModels_weapons/88mm_PaK43_user_cannon.blk	38	65000	625	75	10	6.666667	0.4
germ_panzerwerfer_42	15 cm Pz.W.42	germ_panzerwerfer_42_default	Germany	2	typeTankDestroyer	gameData/Weapons/groundModels_weapons/158mm_NB_Wf_41_gun_rocket_launcher.blk	20	7100	68	75	10	0	0
germ_pz_iv_l70	Panzer IV/70(V)	germ_pz_IV_L70_default	Germany	3	typeTankDestroyer	gameData/Weapons/groundModels_weapons/75mm_PaK42_user_cannon.blk	55	24000	300	75	10	6.993007	0.3
germ_pz_iv_l70_a	Panzer IV/70(A)	germ_pz_IV_L70_A_default	Germany	3	typeTankDestroyer	gameData/Weapons/groundModels_weapons/75mm_PaK42_user_cannon.blk	60	24000	300	75	10	0	0.3
germ_pzh_2000	PzH 2000	germ_pzh_2000_default	Germany	5	typeTankDestroyer	gameData/Weapons/groundModels_weapons/155mm_l52_user_cannon.blk	60	47000	1000	75	10	0	0.4
germ_pzkpfw_35t	Pz.35(t)	germ_pzkpfw_35t_default	Germany	1	typeLightTank	gameData/Weapons/groundModels_weapons/37mm_KwK34_t_user_cannon.blk	72	9700	120	75	10	3.333333	0
germ_pzkpfw_35t_romania_mare	Pz.35(t) RM	germ_pzkpfw_35t_default	Germany	1	typeLightTank	gameData/Weapons/groundModels_weapons/37mm_KwK34_t_user_cannon.blk	72	9700	120	75	10	3.333333	0
germ_pzkpfw_38t_aufklarungspanzer	Sd.Kfz. 140/1	germ_pzkpfw_38t_Aufklarungspanzer_default	Germany	1	typeLightTank	gameData/Weapons/groundModels_weapons/20mm_KwK38_user_cannon.blk	300	9500	150	75	10	0	0.15
germ_pzkpfw_38t_ausf_a	Pz.38(t) A	germ_pzkpfw_38t_ausf_A_default	Germany	1	typeLightTank	gameData/Weapons/groundModels_weapons/37mm_KwK38_t_user_cannon.blk	90	9700	125	75	10	3.333333	0
germ_pzkpfw_38t_ausf_f	Pz.38(t) F	germ_pzkpfw_38t_ausf_A_default	Germany	1	typeLightTank	gameData/Weapons/groundModels_weapons/37mm_KwK38_t_user_cannon.blk	90	9700	125	75	10	3.333333	0
germ_pzkpfw_38t_marder_iii	Marder III	germ_pzkpfw_38t_Marder_III_default	Germany	1	typeTankDestroyer	gameData/Weapons/groundModels_weapons/76mm_PaK36_R_user_cannon.blk	30	9500	160	75	10	0	0
germ_pzkpfw_38t_marder_iii_ausf_h	Marder III H	germ_pzkpfw_38t_Marder_III_ausf_H_default	Germany	2	typeTankDestroyer	gameData/Weapons/groundModels_weapons/75mm_PaK40_3_L46_user_cannon.blk	38	11000	150	75	10	5	0.45
germ_pzkpfw_38t_na	Pz.38(t) n.A.	germ_pzkpfw_38t_na_default	Germany	1	typeLightTank	gameData/Weapons/groundModels_weapons/37mm_KwK38_t_user_cannon.blk	60	9700	220	75	10	3.333333	0
germ_pzkpfw_e_100	E-100	germ_pzkpfw_e_100_default	Germany	5	typeHeavyTank	gameData/Weapons/groundModels_weapons/128mm_KwK44_user_cannon.blk	42	188000	900	75	10	0	0
germ_pzkpfw_ii_ausf_c	Pz.II C	germ_pzkpfw_II_ausf_C_default	Germany	1	typeLightTank	gameData/Weapons/groundModels_weapons/20mm_KwK30_user_cannon.blk	180	9100	140	75	10	0	0
germ_pzkpfw_ii_ausf_c_dak	Pz.II C (DAK)	germ_pzkpfw_II_ausf_C_default	Germany	1	typeLightTank	gameData/Weapons/groundModels_weapons/20mm_KwK30_user_cannon.blk	180	9100	140	75	10	0	0
germ_pzkpfw_ii_ausf_c_td	Pz.II C TD	germ_pzkpfw_II_ausf_C_default	Germany	1	typeLightTank	gameData/Weapons/groundModels_weapons/20mm_KwK30_user_cannon.blk	180	9100	140	75	10	0	0
germ_pzkpfw_ii_ausf_f	Pz.II F	germ_pzkpfw_II_ausf_F_default	Germany	1	typeLightTank	gameData/Weapons/groundModels_weapons/20mm_KwK38_user_cannon.blk	180	9100	140	75	10	0	0
germ_pzkpfw_ii_ausf_h	Pz.Sfl.Ic	germ_pzkpfw_II_ausf_H_default	Germany	2	typeLightTank	gameData/Weapons/groundModels_weapons/50mm_PaK38_user_cannon.blk	40	10500	200	75	10	3.703704	0
germ_pzkpfw_iii_ausf_b	Pz.III B	germ_pzkpfw_III_ausf_B_default	Germany	1	typeMediumTank	gameData/Weapons/groundModels_weapons/37mm_KwK36_user_cannon.blk	121	16000	300	75	10	0	0
germ_pzkpfw_iii_ausf_e	Pz.III E	germ_pzkpfw_III_ausf_E_default	Germany	1	typeMediumTank	gameData/Weapons/groundModels_weapons/37mm_KwK36_user_cannon.blk	131	19800	300	75	10	0	0
germ_pzkpfw_iii_ausf_f	Pz.III F	germ_pzkpfw_III_ausf_F_default	Germany	1	typeMediumTank	gameData/Weapons/groundModels_weapons/50mm_KwK38_user_cannon.blk	99	19800	300	75	10	0	0
germ_pzkpfw_iii_ausf_j	Pz.III J1	germ_pzkpfw_III_ausf_L_default	Germany	2	typeMediumTank	gameData/Weapons/groundModels_weapons/50mm_KwK39_user_cannon.blk	84	26500	300	75	10	0	0
germ_pzkpfw_iii_ausf_j_l42	Pz.III J	germ_pzkpfw_III_ausf_F_default	Germany	1	typeMediumTank	gameData/Weapons/groundModels_weapons/50mm_KwK38_user_cannon.blk	99	26500	300	75	10	0	0
germ_pzkpfw_iii_ausf_j_td	Pz.III J1 TD	germ_pzkpfw_III_ausf_L_default	Germany	2	typeMediumTank	gameData/Weapons/groundModels_weapons/50mm_KwK39_user_cannon.blk	84	26500	300	75	10	0	0
germ_pzkpfw_iii_ausf_l	Pz.III L	germ_pzkpfw_III_ausf_L_default	Germany	2	typeMediumTank	gameData/Weapons/groundModels_weapons/50mm_KwK39_user_cannon.blk	84	26500	300	75	10	0	0
germ_pzkpfw_iii_ausf_l_tutorial	Pz.III L	germ_pzkpfw_III_ausf_L_default	Event / Experimental	0	typeMediumTank	gameData/Weapons/groundModels_weapons/50mm_KwK39_user_cannon.blk	84	26500	300	75	10	0	0
germ_pzkpfw_iii_ausf_m	Pz.III M	germ_pzkpfw_III_ausf_M_default	Germany	2	typeMediumTank	gameData/Weapons/groundModels_weapons/50mm_KwK39_user_cannon.blk	82	26500	300	75	10	0	0
germ_pzkpfw_iii_ausf_n	Pz.III N	germ_pzkpfw_III_ausf_N_default	Germany	2	typeMediumTank	gameData/Weapons/groundModels_weapons/75mm_KwK37_user_cannon.blk	64	26500	300	75	10	0	0
germ_pzkpfw_iv_ausf_c	Pz.IV C	germ_pzkpfw_IV_ausf_C_default	Germany	1	typeMediumTank	gameData/Weapons/groundModels_weapons/75mm_KwK37_user_cannon.blk	80	19000	300	75	10	0	0
germ_pzkpfw_iv_ausf_e	Pz.IV E	germ_pzkpfw_IV_ausf_E_default	Germany	1	typeMediumTank	gameData/Weapons/groundModels_weapons/75mm_KwK37_user_cannon.blk	80	22300	300	75	10	0	0
germ_pzkpfw_iv_ausf_f	Pz.IV F1	germ_pzkpfw_IV_ausf_F_default	Germany	1	typeMediumTank	gameData/Weapons/groundModels_weapons/75mm_KwK37_user_cannon.blk	80	22300	300	75	10	0	0
germ_pzkpfw_iv_ausf_f2	Pz.IV F2	germ_pzkpfw_IV_ausf_F2_default	Germany	2	typeMediumTank	gameData/Weapons/groundModels_weapons/75mm_KwK40_L43_user_cannon.blk	87	22300	300	75	10	5	0
germ_pzkpfw_iv_ausf_g	Pz.IV G	germ_pzkpfw_IV_ausf_G_default	Germany	2	typeMediumTank	gameData/Weapons/groundModels_weapons/75mm_KwK40_L43_user_cannon.blk	87	22300	300	75	10	5	0
germ_pzkpfw_iv_ausf_h	Pz.IV H	germ_pzkpfw_IV_ausf_H_default	Germany	2	typeMediumTank	gameData/Weapons/groundModels_weapons/75mm_KwK40_L48_user_cannon.blk	87	22300	300	75	10	5	0
germ_pzkpfw_iv_ausf_j	Pz.IV J	germ_pzkpfw_IV_ausf_J_default	Germany	2	typeMediumTank	gameData/Weapons/groundModels_weapons/75mm_KwK40_L48_user_cannon.blk	87	22300	300	75	10	5	0
germ_pzkpfw_maus	Maus	germ_pzkpfw_maus_default	Germany	5	typeHeavyTank	gameData/Weapons/groundModels_weapons/128mm_KwK44_user_cannon.blk	68	188000	1200	75	10	0	0
germ_pzkpfw_v_ausf_a_panther	Panther A	germ_pzkpfw_V_ausf_a_panther_default	Germany	4	typeMediumTank	gameData/Weapons/groundModels_weapons/75mm_Kwk42_user_cannon.blk	79	43000	600	75	10	0	0.43
germ_pzkpfw_v_ausf_d_panther	Panther D	germ_pzkpfw_V_ausf_d_panther_default	Germany	3	typeMediumTank	gameData/Weapons/groundModels_weapons/75mm_Kwk42_user_cannon.blk	79	43000	650	75	10	0	0.43
germ_pzkpfw_v_ausf_d_panther_tutorial	Panther D	germ_pzkpfw_V_ausf_d_panther_default	Event / Experimental	0	typeMediumTank	gameData/Weapons/groundModels_weapons/75mm_Kwk42_user_cannon.blk	79	43000	650	75	10	0	0.43
germ_pzkpfw_v_ausf_f_panther	Panther F	germ_pzkpfw_V_ausf_f_panther_default	Germany	4	typeMediumTank	gameData/Weapons/groundModels_weapons/75mm_Kwk44_user_cannon.blk	82	45500	600	75	10	0	0.43
germ_pzkpfw_v_ausf_g_panther	Panther G	germ_pzkpfw_V_ausf_g_panther_default	Germany	4	typeMediumTank	gameData/Weapons/groundModels_weapons/75mm_Kwk42_user_cannon.blk	82	43000	600	75	10	0	0.43
germ_pzkpfw_v_ersatz_m10	Ersatz M10	germ_pzkpfw_V_ersatz_m10_default	Germany	4	typeMediumTank	gameData/Weapons/groundModels_weapons/75mm_Kwk42_user_cannon.blk	82	43000	600	75	10	0	0.43
germ_pzkpfw_vi_ausf_b_tiger_iih	Tiger II	germ_pzkpfw_VI_ausf_b_tiger_II_default	Germany	4	typeHeavyTank	gameData/Weapons/groundModels_weapons/88mm_Kwk43_user_cannon.blk	70	68000	600	75	10	7.496252	0.4
germ_pzkpfw_vi_ausf_b_tiger_iih_kwk46	Tiger II (10.5 cm Kw.K)	germ_pzkpfw_VI_ausf_b_tiger_IIh_kwk46_default	Germany	4	typeHeavyTank	gameData/Weapons/groundModels_weapons/105mm_Kwk46_user_cannon.blk	54	68000	900	75	10	0	1.1
germ_pzkpfw_vi_ausf_b_tiger_iih_sla	Tiger II (Sla.16)	germ_pzkpfw_VI_ausf_b_tiger_II_sla_default	Germany	4	typeHeavyTank	gameData/Weapons/groundModels_weapons/88mm_Kwk43_user_cannon.blk	70	68000	680	75	10	7.496252	0.4
germ_pzkpfw_vi_ausf_b_tiger_iip	Tiger II (Nr.1-50)	germ_pzkpfw_VI_ausf_b_tiger_II_default	Germany	4	typeHeavyTank	gameData/Weapons/groundModels_weapons/88mm_Kwk43_user_cannon.blk	70	68000	600	75	10	7.496252	0.4
germ_pzkpfw_vi_ausf_e_tiger	Tiger E	germ_pzkpfw_VI_ausf_e_tiger_default	Germany	3	typeHeavyTank	gameData/Weapons/groundModels_weapons/88mm_Kwk36_user_cannon.blk	92	56500	700	75	10	0	0
germ_pzkpfw_vi_ausf_h1_tiger	Tiger H1	germ_pzkpfw_VI_ausf_h1_tiger_default	Germany	3	typeHeavyTank	gameData/Weapons/groundModels_weapons/88mm_Kwk36_user_cannon.blk	92	56500	650	75	10	0	0
germ_pzkpfw_vi_ausf_h1_tiger_animal_version	Tiger	germ_pzkpfw_VI_ausf_h1_tiger_default	Germany	3	typeHeavyTank	gameData/Weapons/groundModels_weapons/88mm_Kwk36_user_cannon.blk	92	56500	650	75	10	0	0
germ_pzkpfw_vi_ausf_h1_tiger_east	Tiger Ost	germ_pzkpfw_VI_ausf_h1_tiger_default	Germany	3	typeHeavyTank	gameData/Weapons/groundModels_weapons/88mm_Kwk36_user_cannon.blk	92	56500	650	75	10	0	0
germ_pzkpfw_vi_ausf_h1_tiger_tutorial	Tiger H1	germ_pzkpfw_VI_ausf_h1_tiger_default	Event / Experimental	0	typeHeavyTank	gameData/Weapons/groundModels_weapons/88mm_Kwk36_user_cannon.blk	92	56500	650	75	10	0	0
germ_pzkpfw_vi_ausf_h1_tiger_west	Tiger West	germ_pzkpfw_VI_ausf_h1_tiger_default	Germany	3	typeHeavyTank	gameData/Weapons/groundModels_weapons/88mm_Kwk36_user_cannon.blk	92	56500	650	75	10	0	0
germ_pzkpfw_vi_tiger_p	VK 45.01 (P)	germ_pzkpfw_VI_tiger_P_default	Germany	3	typeHeavyTank	gameData/Weapons/groundModels_weapons/88mm_Kwk36_user_cannon.blk	80	56500	625	75	10	0	0
germ_pzsfl_iva_dickermax	Dicker Max	germ_pzsfl_IVa_dickermax	Germany	2	typeTankDestroyer	gameData/Weapons/groundModels_weapons/105mm_K18_user_cannon.blk	26	9500	180	75	10	0	0.92
germ_pzsflk40_sturer_emil	Sturer Emil	germ_pzsflk40_sturer_emil	Germany	2	typeTankDestroyer	gameData/Weapons/groundModels_weapons/128mm_K40_user_cannon.blk	15	9500	310	75	10	0	0.52
germ_radpanzer_90	Radkampfwagen 90	germ_radpanzer_90_default	Germany	7	typeLightTank	gameData/Weapons/groundModels_weapons/105mm_L7A3_Radpanzer_user_cannon.blk	42	5500	830	75	30	0	0
germ_raketenjagdpanzer_2	RakJPz 2	germ_raketenjagdpanzer_2_default	Germany	5	typeTankDestroyer	gameData/Weapons/dummy_weapon.blk	1	24000	500	75	10	0	0
germ_raketenjagdpanzer_2_hot	RakJPz 2 (HOT)	germ_raketenjagdpanzer_2_hot_default	Germany	6	typeTankDestroyer	gameData/Weapons/dummy_weapon.blk	1	24000	500	75	10	0	0
germ_ru251	Ru 251	germ_ru251_default	Germany	4	typeLightTank	gameData/Weapons/groundModels_weapons/90mm_BK90_Ru251_user_cannon.blk	61	23040	660	75	10	0	0
germ_schutzenpanzer_puma	Puma	germ_schutzenpanzer_puma_default	Germany	7	typeLightTank	gameData/Weapons/groundModels_weapons/30mm_Rheinmetall_MK_30_2_ABM_user_cannon.blk	400	54000	1088	75	10	0	0.05
germ_schutzenpanzer_puma_vjtf	Puma VJTF	germ_schutzenpanzer_puma_vjtf_default	Germany	7	typeLightTank	gameData/Weapons/groundModels_weapons/30mm_Rheinmetall_MK_30_2_ABM_user_cannon.blk	400	54000	1088	75	10	0	0.05
germ_schutzenpanzer_puma_vjtf_mod	Puma u14	germ_schutzenpanzer_puma_vjtf_mod_default	Germany	7	typeLightTank	gameData/Weapons/groundModels_weapons/30mm_Rheinmetall_MK_30_2_ABM_user_cannon.blk	400	54000	1088	75	10	0	0.05
germ_sdkfz_221_s_pz_b_41	Sd.Kfz.221 (s.Pz.B.41)	germ_sdkfz_221_s_pz_b_41_default	Germany	1	typeLightTank	gameData/Weapons/groundModels_weapons/28_20mm_s_Pz_B_41_user_cannon.blk	60	11050	75	75	30	0	0
germ_sdkfz_222	Sd.Kfz.222	germ_sdkfz_222_default	Germany	1	typeSPAA	gameData/Weapons/groundModels_weapons/20mm_KwK38_user_cannon.blk	180	11050	90	75	30	0	0.08
germ_sdkfz_234_1	Sd.Kfz.234/1	germ_sdkfz_234_1_default	Germany	1	typeLightTank	gameData/Weapons/groundModels_weapons/20mm_KwK38_user_cannon.blk	250	5500	210	75	30	0	0.15
germ_sdkfz_234_2	Sd.Kfz.234/2	germ_sdkfz_234_2_default	Germany	2	typeLightTank	gameData/Weapons/groundModels_weapons/50mm_KwK39_1_user_cannon.blk	55	5500	210	75	30	0	0
germ_sdkfz_234_2_mod	Sd.Kfz.234/2 "Biene"	germ_sdkfz_234_2_default	Germany	2	typeLightTank	gameData/Weapons/groundModels_weapons/50mm_KwK39_1_user_cannon.blk	55	5500	210	75	30	0	0
germ_sdkfz_234_2_td	Sd.Kfz.234/2 TD	germ_sdkfz_234_2_default	Germany	2	typeLightTank	gameData/Weapons/groundModels_weapons/50mm_KwK39_1_user_cannon.blk	55	5500	210	75	30	0	0
germ_sdkfz_234_3	Sd.Kfz.234/3	germ_sdkfz_234_3_default	Germany	1	typeTankDestroyer	gameData/Weapons/groundModels_weapons/75mm_KwK51_user_cannon.blk	50	5500	210	75	30	0	0
germ_sdkfz_234_4	Sd.Kfz.234/4	germ_sdkfz_234_4_default	Germany	3	typeTankDestroyer	gameData/Weapons/groundModels_weapons/75mm_PaK40_3_L46_user_cannon.blk	36	5500	210	75	30	0	0.57
germ_sdkfz_251_10	Sd.Kfz.251/10	germ_sdkfz_251_10_default	Germany	1	typeTankDestroyer	gameData/Weapons/groundModels_weapons/37mm_PaK_user_cannon.blk	168	9000	100	75	10	0	0
germ_sdkfz_251_21	Sd.Kfz.251/21	germ_sdkfz_251_21_default	Germany	2	typeSPAA	gameData/Weapons/groundModels_weapons/15mm_MG151_mid_drilling_user_cannon.blk	1000	9000	100	75	10	0	0.03
germ_sdkfz_251_22	Sd.Kfz.251/22	germ_sdkfz_251_22_default	Germany	2	typeTankDestroyer	gameData/Weapons/groundModels_weapons/75mm_PaK40_3_L46_user_cannon.blk	24	9000	100	75	10	0	0.57
germ_sdkfz_251_9	Sd.Kfz.251/9	germ_sdkfz_251_9_default	Germany	1	typeTankDestroyer	gameData/Weapons/groundModels_weapons/75mm_KwK51_user_cannon.blk	38	9000	100	75	10	0	0
germ_sdkfz_6_2_flak36	Sd.Kfz. 6/2	germ_sdkfz_6_2_flak36_default	Germany	1	typeSPAA	gameData/Weapons/groundModels_weapons/37mm_FlaK36_user_cannon.blk	318	11050	130	75	10	0	0.045
germ_sdkfz_9_flak37	8,8 cm Flak 37 Sfl.	germ_sdkfz_9_flak37_default	Germany	3	typeTankDestroyer	gameData/Weapons/groundModels_weapons/88mm_Flak37_user_cannon.blk	40	25000	230	75	10	0	0.9
germ_sk105_a2	JaPz.K A2	germ_sk105_a2_default	Germany	6	typeLightTank	gameData/Weapons/groundModels_weapons/105mm_PzK_M57_user_cannon.blk	42	31800	320	75	10	0	0
germ_sppz2_luchs_a2	Luchs A2	germ_sppz2_luchs_a2_default	Germany	5	typeLightTank	gameData/Weapons/groundModels_weapons/20mm_luchs_a2_user_cannon.blk	500	5500	390	75	30	0	0.02
germ_spz_12_3	SPz 12-3 LGS	germ_spz_12_3_default	Germany	4	typeLightTank	gameData/Weapons/groundModels_weapons/106mm_M40A1_LGS_user_cannon.blk	28	28500	240	75	10	0	0
germ_spz_oerlikon_raketenautomat	Raketenautomat	germ_spz_oerlikon_raketenautomat_default	Germany	5	typeTankDestroyer	gameData/Weapons/groundModels_weapons/81mm_Oerlikon_Typ_3Z_8Dla_Raketenautomat_user_cannon.blk	18	5800	240	75	10	0	0.045
germ_stug_iii_ausf_a	StuG III A	germ_stug_III_ausf_A_default	Germany	1	typeTankDestroyer	gameData/Weapons/groundModels_weapons/75mm_StuK37_user_cannon.blk	44	19600	300	75	10	0	0
germ_stug_iii_ausf_f	StuG III F	germ_stug_III_ausf_F_default	Germany	2	typeTankDestroyer	gameData/Weapons/groundModels_weapons/75mm_StuK40_L43_user_cannon.blk	44	23200	300	75	10	5	0
germ_stug_iii_ausf_g	StuG III G	germ_stug_III_ausf_G_default	Germany	2	typeTankDestroyer	gameData/Weapons/groundModels_weapons/75mm_StuK40_L48_user_cannon.blk	54	23200	300	75	10	5	0
germ_stuh_iii_ausf_g	StuH 42 G	germ_stuh_III_ausf_G_default	Germany	2	typeTankDestroyer	gameData/Weapons/groundModels_weapons/105mm_StuH42_user_cannon.blk	36	23200	300	75	10	0	0
germ_sturmmorser_sturmtiger	38 cm Sturmmörser	germ_sturmmorser_sturmtiger_default	Germany	4	typeTankDestroyer	gameData/Weapons/groundModels_weapons/380mm_RW_61_user_cannon.blk	14	28200	700	75	10	0	0
germ_sturmmorser_sturmtiger_event	38 cm Sturmmörser	germ_sturmmorser_sturmtiger_default	Event / Experimental	0	typeTankDestroyer	gameData/Weapons/groundModels_weapons/380mm_RW_61_user_cannon.blk	14	28200	700	75	10	0	0
germ_sturmpanzer_ii	15cm sIG 33 B Sfl	germ_sturmpanzer_II_default	Germany	1	typeLightTank	gameData/Weapons/groundModels_weapons/150mm_sIG_33_user_cannon.blk	18	9100	155	75	10	0	1.125
germ_sturmpanzer_iv_brummbar	Brummbär	germ_sturmpanzer_IV_brummbar_default	Germany	3	typeTankDestroyer	gameData/Weapons/groundModels_weapons/150mm_StuH_43_user_cannon.blk	38	28200	300	75	10	0	0
germ_t_34_747	T 34 747 (r)	germ_t_34_747_default	Germany	3	typeMediumTank	gameData/Weapons/groundModels_weapons/76mm_F34_user_cannon.blk	100	26500	500	75	10	6.451613	0
germ_th_400	R400	germ_th_400_default	Germany	6	typeLightTank	gameData/Weapons/groundModels_weapons/105mm_Rh105_30_user_cannon.blk	20	5500	435	75	30	0	0.2
germ_th_800_bismark	Class 3 (P)	germ_th_800_bismark_default	Germany	6	typeLightTank	gameData/Weapons/groundModels_weapons/105mm_GT3B_user_cannon.blk	54	5500	786	75	30	0	1
germ_thyssen_henschel_tam	TAM	germ_thyssen_henschel_tam_default	Germany	6	typeLightTank	gameData/Weapons/groundModels_weapons/105mm_FMK4_Modelo_1L_user_cannon.blk	50	28500	720	75	10	0	0.2
germ_thyssen_henschel_tam_2c	TAM 2C	germ_thyssen_henschel_tam_2c_default	Germany	7	typeLightTank	gameData/Weapons/groundModels_weapons/105mm_FMK4_Modelo_1L_2C_user_cannon.blk	50	28500	720	75	10	0	0.2
germ_thyssen_henschel_tam_2ip	TAM 2IP	germ_thyssen_henschel_tam_2ip_default	Germany	6	typeLightTank	gameData/Weapons/groundModels_weapons/105mm_FMK4_Modelo_1L_2IP_user_cannon.blk	50	28500	720	75	10	0	0.2
germ_truck_sdkfz_6_2_tent	Sd.Kfz. 6	germ_truck_sdkfz_6_2_tent_default	Event / Experimental	0	typeLightTank		0	5500	115	75	10	0	0
germ_vilkas	Vilkas	germ_vilkas_default	Germany	7	typeLightTank	gameData/Weapons/groundModels_weapons/30mm_Bushmaster_2_Mk_44_VILKAS_user_cannon.blk	600	5500	720	75	30	0	0.01
germ_vk_3002m	VK 3002 (M)	germ_vk_3002m_default	Germany	3	typeMediumTank	gameData/Weapons/groundModels_weapons/75mm_Kwk42_user_cannon.blk	79	22300	650	75	10	0	0.43
germ_vsw_flak_41	VFW	germ_vsw_flak_41_default	Germany	3	typeTankDestroyer	gameData/Weapons/groundModels_weapons/88mm_Flak41_user_cannon.blk	48	46000	340	75	10	0	0
germ_vt_1_2	VT1-2	germ_vt_1_2_default	Germany	6	typeTankDestroyer	gameData/Weapons/groundModels_weapons/120mm_Rheinmetall_L44_user_cannon.blk	18	24000	2200	75	10	0	0
germ_waffentrager_krupp_steyr	Waffenträger	germ_waffentrager_krupp_steyr_default	Germany	3	typeTankDestroyer	gameData/Weapons/groundModels_weapons/88mm_PaK43_open_turret_user_cannon.blk	30	56500	140	75	10	0	0
germ_wiesel_1_mk20	Wiesel 1A4	germ_wiesel_1_mk20_default	Germany	5	typeSPAA	gameData/Weapons/groundModels_weapons/20mm_Rh_202_Wiesel_user_cannon.blk	400	29200	87	75	10	0	0.02
germ_wiesel_1_tow	Wiesel 1A2	germ_wiesel_1_tow_default	Germany	7	typeTankDestroyer	gameData/Weapons/groundModels_weapons/127mm_BGM_71_tow_Wiesel_launcher_user_cannon.blk	8	29200	87	75	10	0	0
germ_wiesel_2_adwc	Ozelot	germ_wiesel_2_adwc_default	Germany	6	typeSPAA	gameData/Weapons/groundModels_weapons/70mm_FIM_92E_Stinger_launcher_user_cannon.blk	8	29200	110	75	10	0	0
il_aml_90	AML-90	fr_aml_90_default	Israel	4	typeLightTank	gameData/Weapons/groundModels_weapons/90mm_DEFA_D921_user_cannon.blk	20	5500	90	75	30	0	0.2
il_amx_13_75	AMX-13	fr_amx_13_75_default	Israel	4	typeLightTank	gameData/Weapons/groundModels_weapons/75mm_SA_50_user_cannon.blk	36	18400	270	75	10	0	0
il_centurion_mk_5_shot	Sho't	il_centurion_mk_5_shot_default	Israel	4	typeMediumTank	gameData/Weapons/groundModels_weapons/84mm_QQF_20pdr_Mk_I_user_cannon.blk	64	47000	650	75	10	6.25	0
il_centurion_shot_kal_alef	Sho't Kal Alef	il_centurion_shot_kal_alef_default	Israel	5	typeMediumTank	gameData/Weapons/groundModels_weapons/105mm_M68_M60A1_user_cannon.blk	72	47000	750	75	10	0	0
il_centurion_shot_kal_d	Sho't Kal Dalet	uk_centurion_shot_kal_d_default	Israel	6	typeMediumTank	gameData/Weapons/groundModels_weapons/105mm_L7_Shot_user_cannon.blk	72	47000	750	75	10	0	0
il_centurion_shot_kal_gimel	Sho't Kal Gimel	il_centurion_shot_kal_gimel_default	Israel	6	typeMediumTank	gameData/Weapons/groundModels_weapons/105mm_L7_Shot_user_cannon.blk	72	47000	750	75	10	0	0
il_eitan	Eitan (P)	il_eitan_default	Israel	7	typeLightTank	gameData/Weapons/groundModels_weapons/30mm_Bushmaster_2_Mk_44_NAMER_user_cannon.blk	400	5500	816	75	30	0	0.02
il_hunter_afv	Hunter AFV	il_hunter_afv_default	Israel	7	typeLightTank	gameData/Weapons/groundModels_weapons/30mm_Bushmaster_2_Mk_44_NAMER_user_cannon.blk	200	54000	815	75	10	0	0.05
il_m_51	M-51	il_m_51_w_default	Israel	4	typeMediumTank	gameData/Weapons/groundModels_weapons/105mm_M_51_user_cannon.blk	56	31800	460	75	10	7.496252	0
il_m_51_w	M-51 (W)	il_m_51_w_default	Israel	4	typeMediumTank	gameData/Weapons/groundModels_weapons/105mm_M_51_user_cannon.blk	56	31800	460	75	10	7.496252	0
il_m109	M109	il_m109_default	Israel	4	typeTankDestroyer	gameData/Weapons/groundModels_weapons/155mm_m126_user_cannon.blk	28	47000	405	75	10	0	0
il_m109a1	Rochev	il_m109a1_default	Israel	4	typeTankDestroyer	gameData/Weapons/groundModels_weapons/155mm_M185_user_cannon.blk	28	47000	405	75	10	0	0
il_m113_hvms	Bardelas/60mm HVMS	il_m113_hvms_default	Israel	5	typeLightTank	gameData/Weapons/groundModels_weapons/60mm_hvms_user_cannon.blk	23	43650	215	75	10	0	0
il_m113a1_tow	Giraf	it_m113a1_tow_default	Israel	6	typeTankDestroyer	gameData/Weapons/groundModels_weapons/127mm_bgm_71b_tow_rocket_launcher.blk	10	17550	215	75	10	0	0
il_m163_vulcan	Hovet	us_m163_vulcan_default	Israel	4	typeSPAA	gameData/Weapons/groundModels_weapons/20mm_M168_user_cannon.blk	2200	17550	212	75	10	0	0
il_m48a1_patton_iii	Magach 1	us_m48a1_patton_III_default	Israel	4	typeMediumTank	gameData/Weapons/groundModels_weapons/90mm_M41_user_cannon.blk	60	43650	810	75	10	5.9988	0
il_machbet	Machbet	il_machbet_default	Israel	6	typeSPAA	gameData/Weapons/groundModels_weapons/20mm_M168_user_cannon.blk	2200	17550	212	75	10	0	0
il_magach_2	Magach 2	il_magach_2_default	Israel	4	typeMediumTank	gameData/Weapons/groundModels_weapons/90mm_M41_user_cannon.blk	64	43650	825	75	10	5.9988	0
il_magach_3	Magach 3 (ERA)	us_magach_3_default	Israel	5	typeMediumTank	gameData/Weapons/groundModels_weapons/105mm_M68_Magach_user_cannon.blk	57	43650	750	75	10	0	0
il_magach_3_idf	Magach 3	il_magach_3_idf_default	Israel	5	typeMediumTank	gameData/Weapons/groundModels_weapons/105mm_M68_Magach_user_cannon.blk	57	43650	750	75	10	0	0
il_magach_5	Magach 5	il_magach_5_default	Israel	5	typeMediumTank	gameData/Weapons/groundModels_weapons/105mm_L7_Shot_user_cannon.blk	57	43650	750	75	10	0	0
il_magach_6	Magach 6	il_magach_6_default	Israel	5	typeMediumTank	gameData/Weapons/groundModels_weapons/105mm_M68_Magach_user_cannon.blk	57	43650	750	75	10	0	0
il_magach_6_rocket	Magach Hydra	il_magach_6_rocket_default	Israel	6	typeMediumTank	gameData/Weapons/groundModels_weapons/105mm_L7_Shot_user_cannon.blk	57	43650	750	75	10	0	0
il_magach_6a	Magach 6A	il_magach_6a_default	Israel	5	typeMediumTank	gameData/Weapons/groundModels_weapons/105mm_M68_M60A1_user_cannon.blk	63	43650	750	75	10	0	0
il_magach_6b	Magach 6B	il_magach_6b_default	Israel	6	typeMediumTank	gameData/Weapons/groundModels_weapons/105mm_L7_Shot_user_cannon.blk	63	43650	750	75	10	0	0
il_magach_6b_gal	Magach 6B Gal	il_magach_6b_gal_default	Israel	6	typeMediumTank	gameData/Weapons/groundModels_weapons/105mm_L7_Shot_user_cannon.blk	63	43650	750	75	10	0	0
il_magach_6b_gal_batash	Gal Batash	il_magach_6b_gal_batash_default	Israel	6	typeMediumTank	gameData/Weapons/groundModels_weapons/105mm_L7_Shot_user_cannon.blk	63	43650	908	75	10	0	0
il_magach_6c	Magach 6C	il_magach_6c_default	Israel	6	typeMediumTank	gameData/Weapons/groundModels_weapons/105mm_L7_Shot_user_cannon.blk	63	43650	750	75	10	0	0
il_magach_6m	Magach 6M	il_magach_6m_default	Israel	6	typeMediumTank	gameData/Weapons/groundModels_weapons/105mm_L7_Shot_user_cannon.blk	57	43650	750	75	10	0	0
il_magach_6r	Magach 6R	il_magach_6r_default	Israel	6	typeMediumTank	gameData/Weapons/groundModels_weapons/105mm_L7_Shot_user_cannon.blk	57	43650	750	75	10	0	0
il_magach_7c	Magach 7C	il_magach_7c_default	Israel	6	typeMediumTank	gameData/Weapons/groundModels_weapons/105mm_L7_Shot_user_cannon.blk	57	43650	908	75	10	0	0
il_merkava_mk_1	Merkava Mk.1	us_merkava_mk_1_default	Israel	6	typeMediumTank	gameData/Weapons/groundModels_weapons/105mm_L7_Shot_user_cannon.blk	54	43650	900	75	10	0	0
il_merkava_mk_1b	Merkava Mk.1B	il_merkava_mk_1b_default	Israel	6	typeMediumTank	gameData/Weapons/groundModels_weapons/105mm_L7_Shot_user_cannon.blk	54	43650	900	75	10	0	0
il_merkava_mk_2b_early	Merkava Mk.2B	il_merkava_mk_2b_early_default	Israel	6	typeMediumTank	gameData/Weapons/groundModels_weapons/105mm_L7_Shot_user_cannon.blk	54	43650	900	75	10	0	0
il_merkava_mk_2d	Merkava Mk.2D	il_merkava_mk_2d_default	Israel	6	typeMediumTank	gameData/Weapons/groundModels_weapons/105mm_L7_Shot_user_cannon.blk	54	43650	900	75	10	0	0
il_merkava_mk_3_raam_segol	Ra'am Sagol	il_merkava_mk_3_raam_segol_default	Israel	7	typeMediumTank	gameData/Weapons/groundModels_weapons/120mm_IMI_MG251_user_cannon.blk	46	43650	1200	75	10	0	0
il_merkava_mk_3b	Merkava Mk.3B	il_merkava_mk_3b_default	Israel	7	typeMediumTank	gameData/Weapons/groundModels_weapons/120mm_IMI_MG251_user_cannon.blk	46	43650	1200	75	10	0	0
il_merkava_mk_3c	Merkava Mk.3C	il_merkava_mk_3c_default	Israel	7	typeMediumTank	gameData/Weapons/groundModels_weapons/120mm_IMI_MG251_user_cannon.blk	46	43650	1200	75	10	0	0
il_merkava_mk_4_lic	Merkava Mk.4 LIC	il_merkava_mk_4b_default	Israel	8	typeMediumTank	gameData/Weapons/groundModels_weapons/120mm_IMI_MG251_LR_user_cannon.blk	46	43650	1500	75	10	5	0
il_merkava_mk_4b	Merkava Mk.4B	il_merkava_mk_4b_default	Israel	8	typeMediumTank	gameData/Weapons/groundModels_weapons/120mm_IMI_MG251_LR_user_cannon.blk	46	43650	1500	75	10	5	0
il_merkava_mk_4m	Merkava Mk.4M	il_merkava_mk_4m_default	Israel	8	typeMediumTank	gameData/Weapons/groundModels_weapons/120mm_IMI_MG251_LR_user_cannon.blk	46	43650	1500	75	10	5	0
il_mim_72_chaparral	Imp.Chaparral	us_mim_72_chaparral_default	Israel	7	typeSPAA	gameData/Weapons/groundModels_weapons/127mm_MIM_72G_launcher_user_cannon.blk	12	5500	275	75	10	0	0
il_namer_rcws_30	Namer 30	il_namer_rcws_30_default	Israel	7	typeMediumTank	gameData/Weapons/groundModels_weapons/30mm_Bushmaster_2_Mk_44_NAMER_user_cannon.blk	200	43650	1200	75	10	0	0.02
il_namer_tsrikhon	Namer Tsrikhon	il_namer_tsrikhon_default	Israel	8	typeMediumTank	gameData/Weapons/groundModels_weapons/30mm_Bushmaster_2_Mk_44_NAMER_user_cannon.blk	400	43650	1200	75	10	0	0.02
il_sabra_mk1	Sabra Mk.I	il_sabra_mk1_default	Israel	7	typeMediumTank	gameData/Weapons/groundModels_weapons/120mm_IMI_MG253_user_cannon.blk	40	43650	908	75	10	0	0
il_sholef	Sholef	il_sholef_default	Israel	4	typeTankDestroyer	gameData/Weapons/groundModels_weapons/155mm_soltam_user_cannon.blk	75	47000	900	75	10	0	0
il_spyder_aio	SPYDER	il_spyder_aio_default	Israel	8	typeSPAA	gameData/Weapons/dummy_weapon.blk	1	5500	450	75	30	0	0
il_ss_11_halftrack	Zachlam Tager	il_ss_11_halftrack_default	Israel	4	typeTankDestroyer	gameData/Weapons/dummy_weapon.blk	1	11050	148	75	10	0	0
il_tcm_20	TCM-20	il_tcm_20_default	Israel	4	typeSPAA	gameData/Weapons/groundModels_weapons/20mm_Hispano_mk_5_user_cannon.blk	360	11050	148	75	10	0	0.03
il_tiran_4	Tiran 4	il_tiran_4_default	Israel	5	typeMediumTank	gameData/Weapons/groundModels_weapons/100mm_D10T_user_cannon.blk	34	35500	520	75	10	7.496252	0
il_tiran_4_sh	Tiran 4S	il_tiran_4_sh_default	Israel	5	typeMediumTank	gameData/Weapons/groundModels_weapons/105mm_M68_Magach_user_cannon.blk	34	35500	520	75	10	7.496252	0
il_tiran_6	Tiran 6	il_tiran_6_default	Israel	6	typeMediumTank	gameData/Weapons/groundModels_weapons/115mm_U5TS_user_cannon.blk	40	35500	580	75	10	0	0
il_zsu_23_4	ZSU-23-4V	ussr_zsu_23_4_default	Israel	5	typeSPAA	gameData/Weapons/groundModels_weapons/23mm_2A7_user_cannon.blk	500	37000	280	75	10	0	0.01
il_zsu_57_2	ZSU-57-2	ussr_zsu_57_2_default	Israel	4	typeSPAA	gameData/Weapons/groundModels_weapons/57mm_S_68_user_cannon.blk	148	28000	520	60	10	0	0
it_2s1	2S1	ussr_2s1_default	Italy	4	typeTankDestroyer	gameData/Weapons/groundModels_weapons/122mm_2A31_user_cannon.blk	40	31800	300	75	10	0	0
it_39m_csaba	Csaba	it_39m_csaba_default	Italy	1	typeLightTank	gameData/Weapons/groundModels_weapons/20mm_Solothurn_QF_36M_user_cannon.blk	200	5500	95	75	30	0	0.1
it_40_43m_zrinyi_2	Zrinyi II	it_40_43m_zrinyi_2_default	Italy	2	typeTankDestroyer	gameData/Weapons/groundModels_weapons/105mm_Mavag_40_43M_user_cannon.blk	52	23200	260	75	10	0	0
it_40m_turan_1	Turan I	it_40m_turan_1_default	Italy	2	typeMediumTank	gameData/Weapons/groundModels_weapons/40mm_41M_user_cannon.blk	101	13700	260	75	10	0	0
it_41m_turan_2	Turan II	it_41m_turan_2_default	Italy	2	typeMediumTank	gameData/Weapons/groundModels_weapons/75mm_41M_user_cannon.blk	52	13700	260	75	10	0	0
it_43m_turan_3	Turan III	it_43m_turan_3_default	Italy	3	typeMediumTank	gameData/Weapons/groundModels_weapons/75mm_43M_user_cannon.blk	32	13700	260	75	10	0	0
it_44m_zrinyi_1	Zrinyi I	it_44m_zrinyi_1_default	Italy	3	typeTankDestroyer	gameData/Weapons/groundModels_weapons/75mm_43M_user_cannon.blk	40	23200	260	75	10	0	0
it_9a33bm3	Osa-AKM	ussr_9a33bm3_default	Italy	7	typeSPAA	gameData/Weapons/dummy_weapon.blk	1	5500	300	75	30	0	0
it_9a35_m	Strela-10M	ussr_9a35_m2_default	Italy	7	typeSPAA	gameData/Weapons/groundModels_weapons/120mm_9m37m_rocket_launcher.blk	8	12300	240	75	10	0	0
it_ab_41	AB 41	it_ab_41_default	Italy	1	typeLightTank	gameData/Weapons/groundModels_weapons/20mm_Breda_M35_L6_user_cannon.blk	456	5500	80	75	30	0	0.02
it_ab_43	AB 43	it_ab_43_default	Italy	2	typeLightTank	gameData/Weapons/groundModels_weapons/47mm_Ansaldo_47_40_M38_user_cannon.blk	146	5500	110	75	30	3.333333	0
it_ariete_amv_pt1	Ariete AMV	it_ariete_amv_pt1_default	Italy	8	typeMediumTank	gameData/Weapons/groundModels_weapons/120mm_OTO_Breda_120_44_Ariete_user_cannon.blk	42	47000	1500	75	10	0	0.37
it_as_42_47	AS 42/47	it_as_42_47_default	Italy	1	typeLightTank	gameData/Weapons/groundModels_weapons/47mm_Ansaldo_47_32_M39_user_cannon.blk	312	5500	110	75	30	2.941176	0.05
it_as_42_metropolitana	AS 42	it_as_42_metropolitana_default	Italy	1	typeSPAA	gameData/Weapons/groundModels_weapons/20mm_Breda_20_65_M35_user_cannon.blk	1200	5500	110	75	30	0	0
it_aubl_74_60_70m	AUBL/74 HVG	it_aubl_74_60_70m_default	Italy	5	typeLightTank	gameData/Weapons/groundModels_weapons/60mm_OTO_HVG_user_cannon.blk	38	5500	160	75	30	0	0.5
it_b1_centauro	Centauro I 105	it_b1_centauro_default	Italy	6	typeLightTank	gameData/Weapons/groundModels_weapons/105mm_OTO_Melara_ROMOR_user_cannon.blk	38	5500	520	75	30	0	0
it_b1_centauro_romor	Centauro I 105 R	it_b1_centauro_romor_default	Italy	6	typeLightTank	gameData/Weapons/groundModels_weapons/105mm_OTO_Melara_ROMOR_user_cannon.blk	38	5500	520	75	30	0	0
it_breda_52_autocannone	Breda 90/53	it_breda_52_autocannone_default	Italy	3	typeTankDestroyer	gameData/Weapons/groundModels_weapons/90mm_90_53_mod41_user_cannon.blk	30	11050	115	75	30	0	0.8
it_btr_80a_hungary	BTR-80A	it_btr_80a_hungary_default	Italy	5	typeLightTank	gameData/Weapons/groundModels_weapons/30mm_2A72_BTR_user_cannon.blk	300	5500	260	75	30	0	0.3
it_c1_ariete	Ariete	it_c1_ariete_default	Italy	7	typeMediumTank	gameData/Weapons/groundModels_weapons/120mm_OTO_Breda_120_44_Ariete_AMV_user_cannon.blk	42	47000	1300	75	10	0	0.37
it_c1_ariete_certezza	Ariete Certezza	it_c1_ariete_certezza_default	Italy	7	typeMediumTank	gameData/Weapons/groundModels_weapons/120mm_OTO_Breda_120_44_Ariete_AMV_user_cannon.blk	42	47000	1300	75	10	0	0.37
it_c1_ariete_preserie	Ariete (P)	it_c1_ariete_preserie_default	Italy	7	typeMediumTank	gameData/Weapons/groundModels_weapons/120mm_OTO_Breda_120_44_user_cannon.blk	42	47000	1300	75	10	5.9988	0.37
it_c1_ariete_pso	Ariete PSO	it_c1_ariete_default	Italy	7	typeMediumTank	gameData/Weapons/groundModels_weapons/120mm_OTO_Breda_120_44_Ariete_AMV_user_cannon.blk	42	47000	1300	75	10	0	0.37
it_c13_t90	C13 T90	it_c13_t90_default	Italy	5	typeLightTank	gameData/Weapons/groundModels_weapons/90mm_Cockerill_Mk_3_user_cannon.blk	28	14250	360	75	10	0	0
it_c13_tua	C13/TUA	it_c13_tua_default	Italy	6	typeTankDestroyer	gameData/Weapons/groundModels_weapons/127mm_iTOW_launcher_user_cannon.blk	10	17550	360	75	10	0	0
it_centauro_2	Centauro II (P)	it_centauro_2_default	Italy	8	typeLightTank	gameData/Weapons/groundModels_weapons/120mm_OTO_Leonardo_120_45_user_cannon.blk	32	5500	720	60	10	0	0
it_centauro_mgs_120	Centauro I 120	it_centauro_mgs_120_default	Italy	7	typeLightTank	gameData/Weapons/groundModels_weapons/120mm_OTO_Melara_120_45_MGS_user_cannon.blk	33	5500	520	75	30	0	0
it_centauro_rgo_120	Centauro RGO	it_centauro_rgo_120_default	Italy	7	typeLightTank	gameData/Weapons/groundModels_weapons/120mm_OTO_Melara_120_45_MGS_user_cannon.blk	33	5500	550	75	30	0	0
it_dardo_vcc	Dardo	it_dardo_vcc_default	Italy	7	typeLightTank	gameData/Weapons/groundModels_weapons/25mm_Oerlikon_KBA_Dardo_user_cannon.blk	400	17550	520	75	10	0	0.01
it_fiat_6614_106sr	FIAT 6614	it_fiat_6614_106sr_default	Italy	4	typeLightTank	gameData/Weapons/groundModels_weapons/106mm_106_SR_user_cannon.blk	17	5500	160	75	30	0	0
it_fiat_6614_firos	FIROS 6	it_fiat_6614_firos_default	Italy	5	typeLightTank	gameData/Weapons/groundModels_weapons/50mm_firos_6_user_cannon.blk	144	5500	160	75	30	0	0
it_fiat_6616_cockerill	AUBL/74	it_fiat_6616_cockerill_default	Italy	4	typeLightTank	gameData/Weapons/groundModels_weapons/90mm_Cockerill_Mk_3_user_cannon.blk	28	5500	160	75	30	0	0.5
it_fiat_6616_ub	FIAT 6616UB	it_fiat_6616_cockerill_default	Italy	4	typeLightTank	gameData/Weapons/groundModels_weapons/20mm_Rh_202_6616_user_cannon.blk	400	5500	160	75	30	0	0.02
it_fiat_cm52	CM52	it_fiat_cm52_default	Italy	2	typeSPAA	gameData/Weapons/groundModels_weapons/12_7mm_M2_HB_user_machinegun_for_M15.blk	800	11050	92	75	30	0	0.03
it_freccia	Freccia	it_freccia_default	Italy	7	typeLightTank	gameData/Weapons/groundModels_weapons/25mm_Oerlikon_KBA_Freccia_user_cannon.blk	400	5500	550	75	30	0	0.01
it_freccia_hitfist_ows	Freccia OWS 30	it_freccia_hitfist_ows_default	Italy	7	typeLightTank	gameData/Weapons/groundModels_weapons/30mm_Bushmaster_2_Mk_44_freccia_ows_user_cannon.blk	200	5500	550	75	30	0	0.02
it_kf_41	KF41	it_kf_41_default	Italy	7	typeLightTank	gameData/Weapons/groundModels_weapons/30mm_Rheinmetall_MK_30_2_ABM_KF41_user_cannon.blk	348	17550	1155	75	10	0	0.05
it_l3_cc	L3/33 CC	it_L3_CC_default	Italy	1	typeTankDestroyer	gameData/Weapons/groundModels_weapons/20mm_Fucile_Controcarri_S_user_cannon.blk	110	31800	43	75	10	0	0.2
it_l6	L6/40	it_l6_default	Italy	1	typeLightTank	gameData/Weapons/groundModels_weapons/20mm_Breda_M35_L6_user_cannon.blk	296	31800	68	75	10	0	0.02
it_l6_leone	L6/40 (31 Rgt.)	it_l6_default	Italy	1	typeLightTank	gameData/Weapons/groundModels_weapons/20mm_Breda_M35_L6_user_cannon.blk	296	31800	68	75	10	0	0.02
it_lancia3ro_100	Lancia 3Ro (100/17)	it_lancia3ro_100_default	Italy	1	typeTankDestroyer	gameData/Weapons/groundModels_weapons/100mm_Mod_1914_100_17_user_cannon.blk	72	11050	93	75	30	0	0.5
it_leopard_1a2	Leopard 1A2	it_leopard_1a2_default	Italy	5	typeMediumTank	gameData/Weapons/groundModels_weapons/105mm_L7A3_user_cannon.blk	60	47000	830	75	10	0	0
it_leopard_1a5	Leopard 1A5	it_leopard_1a5_default	Italy	6	typeMediumTank	gameData/Weapons/groundModels_weapons/105mm_L7A3_Radpanzer_user_cannon.blk	55	47000	830	75	10	0	0
it_leopard_2a4	Leopard 2A4	it_leopard_2a4_default	Italy	7	typeMediumTank	gameData/Weapons/groundModels_weapons/120mm_Rheinmetall_L44_user_cannon.blk	42	47000	1500	75	10	5.9988	0.37
it_leopard_2a7_hungary	Leopard 2A7HU	germ_leopard_2a7v_default	Italy	8	typeMediumTank	gameData/Weapons/groundModels_weapons/120mm_rheinmetall_l55_a1_user_cannon.blk	37	47000	1500	75	10	5.9988	0.37
it_leopard_bofors	Leopard 40/70	it_leopard_bofors_default	Italy	4	typeSPAA	gameData/Weapons/groundModels_weapons/40mm_cannone_da_40_70_user_cannon.blk	228	47000	830	75	10	0	0
it_m109g	M109G	it_m109g_default	Italy	4	typeTankDestroyer	gameData/Weapons/groundModels_weapons/155mm_m126e1_user_cannon.blk	28	47000	405	75	10	0	0.4
it_m11_39	M11/39	it_m11_39_default	Italy	1	typeLightTank	gameData/Weapons/groundModels_weapons/37mm_Vickers_Terni_37_40_M18_user_cannon.blk	84	47000	130	75	10	0	0
it_m113a1_tow	M113A1 (TOW)	it_m113a1_tow_default	Italy	6	typeTankDestroyer	gameData/Weapons/groundModels_weapons/127mm_bgm_71b_tow_rocket_launcher.blk	10	17550	215	75	10	0	0
it_m13_40_serie_1	M13/40 (I)	it_m13_40_serie_1_default	Italy	1	typeMediumTank	gameData/Weapons/groundModels_weapons/47mm_Ansaldo_47_32_M35_user_cannon.blk	104	31800	130	75	10	4	0
it_m13_40_serie_2	M13/40 (II)	it_m13_40_serie_2_default	Italy	1	typeMediumTank	gameData/Weapons/groundModels_weapons/47mm_Ansaldo_47_32_M35_user_cannon.blk	87	31800	130	75	10	2.941176	0
it_m13_40_serie_3	M13/40 (III)	it_m13_40_serie_3_default	Italy	1	typeMediumTank	gameData/Weapons/groundModels_weapons/47mm_Ansaldo_47_32_M35_user_cannon.blk	87	31800	130	75	10	2.941176	0
it_m14_41	M14/41	it_m14_41_default	Italy	1	typeMediumTank	gameData/Weapons/groundModels_weapons/47mm_Ansaldo_47_32_M35_user_cannon.blk	87	31800	160	75	10	2.941176	0
it_m14_41_47_40	M14/41 (47/40)	it_m14_41_47_40_default	Italy	2	typeMediumTank	gameData/Weapons/groundModels_weapons/47mm_Ansaldo_47_40_M38_user_cannon.blk	87	31800	160	75	10	2.941176	0
it_m15_42	M15/42	it_m15_42_default	Italy	2	typeMediumTank	gameData/Weapons/groundModels_weapons/47mm_Ansaldo_47_40_M38_user_cannon.blk	111	31800	185	75	10	2.941176	0
it_m15_42_contraereo	M42 Contraereo	it_m15_42_contraereo_default	Italy	3	typeSPAA	gameData/Weapons/groundModels_weapons/20mm_Scotti_Isotta_20_70_M41_user_cannon.blk	160	31800	185	75	10	0	0.02
it_m18_hellcat	M18	us_m18_hellcat_default	Italy	4	typeLightTank	gameData/Weapons/groundModels_weapons/76mm_M1_open_turret_user_cannon.blk	45	17690	460	75	10	6.060606	0
it_m24_chaffee	M24	us_m24_chaffee_default	Italy	3	typeLightTank	gameData/Weapons/groundModels_weapons/75mm_M6_user_cannon.blk	48	18400	296	75	10	0	0
it_m26_ariete	M26 "D.C.Ariete"	it_m26_ariete_default	Italy	4	typeMediumTank	gameData/Weapons/groundModels_weapons/90mm_M3_user_cannon.blk	70	41560	500	75	10	0	0
it_m26a1_pershing	M26A1	it_m26a1_pershing_default	Italy	4	typeMediumTank	gameData/Weapons/groundModels_weapons/90mm_90_50_M3A1_user_cannon.blk	70	41560	500	75	10	0	0
it_m36b1	M36B1	it_m36b1_default	Italy	4	typeTankDestroyer	gameData/Weapons/groundModels_weapons/90mm_90_50_M3A1_user_cannon.blk	64	33390	500	75	10	6.993007	0
it_m3a3_stuart	M3A3	cn_m3a3_stuart_default	Italy	2	typeLightTank	gameData/Weapons/groundModels_weapons/37mm_M6_user_cannon.blk	174	11520	262	75	10	0	0
it_m44	M44	us_m44_default	Italy	3	typeTankDestroyer	gameData/Weapons/groundModels_weapons/155mm_m45_user_cannon.blk	24	7000	500	75	10	0	0.25
it_m47_105	M47 (105/55)	it_m47_105_default	Italy	5	typeMediumTank	gameData/Weapons/groundModels_weapons/105mm_105_55_OTO_Melara_user_cannon.blk	70	43650	750	75	10	0	0
it_m4a4_sherman	Sherman V	cn_m4a4_sherman_default	Italy	3	typeMediumTank	gameData/Weapons/groundModels_weapons/75mm_m3_user_cannon.blk	98	31800	425	75	10	0	0
it_m55	M55	us_m55_default	Italy	3	typeTankDestroyer	gameData/Weapons/groundModels_weapons/203mm_m47_user_cannon.blk	10	50000	810	60	10	0	0.25
it_m60a1_ariete	M60A1 "D.C.Ariete"	it_m60a1_ariete_default	Italy	5	typeMediumTank	gameData/Weapons/groundModels_weapons/105mm_M68_M60A1_user_cannon.blk	63	43650	750	75	10	0	0
it_of_40_mk_1	OF-40	it_of_40_mk_1_default	Italy	5	typeMediumTank	gameData/Weapons/groundModels_weapons/105mm_OTO_Melara_user_cannon.blk	61	47000	830	75	10	6.666667	0
it_of_40_mk_2a	OF-40 Mk.2A	it_of_40_mk_2a_default	Italy	6	typeMediumTank	gameData/Weapons/groundModels_weapons/105mm_OTO_Melara_Mk_2_user_cannon.blk	61	47000	830	75	10	6.666667	0
it_of_40_mtca	OF-40 (MTCA)	it_of_40_mk_2a_default	Italy	6	typeMediumTank	gameData/Weapons/groundModels_weapons/105mm_OTO_Melara_Mk_2_user_cannon.blk	61	47000	1000	75	10	6.666667	0
it_oto_r3_106sr	R3 T106 FA	it_oto_r3_106sr_default	Italy	5	typeLightTank	gameData/Weapons/groundModels_weapons/106mm_106_SR_user_cannon.blk	5	5500	95	75	30	0	0
it_oto_r3_t20_fa	R3 T20 FA-HS	it_oto_r3_t20_fa_default	Italy	4	typeSPAA	gameData/Weapons/groundModels_weapons/20mm_Oerlikon_KAD_B17_user_cannon.blk	600	5500	95	75	30	0	0.1
it_otobreda_sidam_25	SIDAM 25	it_otobreda_sidam_25_default	Italy	6	typeSPAA	gameData/Weapons/groundModels_weapons/25mm_Oerlikon_KBA_user_cannon.blk	165	17550	212	75	10	0	0.045
it_otobreda_sidam_25_mistral	SIDAM 25 (Mistral)	it_otobreda_sidam_25_mistral_default	Italy	6	typeSPAA	gameData/Weapons/groundModels_weapons/25mm_Oerlikon_KBA_user_cannon.blk	165	17550	212	75	10	0	0.045
it_otomatic	OTOMATIC	it_otomatic_default	Italy	7	typeSPAA	gameData/Weapons/groundModels_weapons/76mm_OTO_Breda_76_62_user_cannon.blk	90	46000	1100	75	10	0.5	0
it_p_26_40	P40 "G.C. Leoncello"	it_p_26_40_default	Italy	2	typeMediumTank	gameData/Weapons/groundModels_weapons/75mm_Ansaldo_75_34_user_cannon.blk	63	31800	330	75	10	0	0
it_p_40	P40	it_p_26_40_default	Italy	2	typeMediumTank	gameData/Weapons/groundModels_weapons/75mm_Ansaldo_75_34_user_cannon.blk	63	31800	330	75	10	0	0
it_palmaria	Palmaria	it_palmaria_default	Italy	4	typeTankDestroyer	gameData/Weapons/groundModels_weapons/155mm_FH70_L_39_user_cannon.blk	30	47000	750	75	10	0	0.4
it_pzh_2000_hu	PzH 2000HU	germ_pzh_2000_default	Italy	5	typeTankDestroyer	gameData/Weapons/groundModels_weapons/155mm_l52_user_cannon.blk	60	47000	1000	75	10	0	0.4
it_pzkpfw_iii_ausf_n	Pz.III N	it_pzkpfw_III_ausf_N_default	Italy	2	typeMediumTank	gameData/Weapons/groundModels_weapons/75mm_KwK37_user_cannon.blk	64	26500	300	75	10	0	0
it_pzkpfw_iv_ausf_g	Pz.IV G	it_pzkpfw_IV_ausf_G_default	Italy	3	typeMediumTank	gameData/Weapons/groundModels_weapons/75mm_KwK40_L48_user_cannon.blk	87	22300	300	75	10	5	0
it_pzkpfw_vi_ausf_e_tiger	Tigris	germ_pzkpfw_VI_ausf_e_tiger_default	Italy	4	typeHeavyTank	gameData/Weapons/groundModels_weapons/88mm_Kwk36_user_cannon.blk	92	56500	700	75	10	0	0
it_sahariano	Celere Sahariano	it_sahariano_default	Italy	2	typeMediumTank	gameData/Weapons/groundModels_weapons/47mm_Ansaldo_47_40_M38_user_cannon.blk	122	31800	275	75	10	4	0
it_samp_t_fcs	FSAF SAMP/T (TADS)	it_samp_t_launcher_default	Italy	8	typeSPAA	gameData/Weapons/dummy_weapon.blk	1	5500	440	75	30	0	0
it_samp_t_launcher	FSAF SAMP/T (TEL)	it_samp_t_launcher_default	Italy	8	typeSPAA	gameData/Weapons/dummy_weapon.blk	1	5500	440	75	30	0	0
it_semovente_breda_501	Breda 501	it_semovente_breda_501_default	Italy	3	typeTankDestroyer	gameData/Weapons/groundModels_weapons/90mm_90_53_mod41_user_cannon.blk	30	11050	140	75	30	0	0.3
it_semovente_l40	47/32 L40	it_semovente_l40_default	Italy	1	typeTankDestroyer	gameData/Weapons/groundModels_weapons/47mm_Ansaldo_47_32_M35_user_cannon.blk	70	31800	68	75	10	3.030303	0.2
it_semovente_m41_75_18	75/18 M41	it_semovente_m41_75_18_default	Italy	2	typeTankDestroyer	gameData/Weapons/groundModels_weapons/75mm_Ansaldo_75_18_M34_user_cannon.blk	43	31800	160	75	10	5	0
it_semovente_m41_75_32	75/32 M41	it_semovente_m41_75_32_default	Italy	2	typeTankDestroyer	gameData/Weapons/groundModels_weapons/75mm_Ansaldo_75_32_M37_user_cannon.blk	43	31800	160	75	10	5.9988	0
it_semovente_m41m_90	90/53 M41M	it_semovente_m41m_90_default	Italy	3	typeTankDestroyer	gameData/Weapons/groundModels_weapons/90mm_90_53_mod41_user_cannon.blk	8	31800	160	75	10	8	0
it_semovente_m42_75_34	75/34 M42	it_semovente_m42_75_34_default	Italy	2	typeTankDestroyer	gameData/Weapons/groundModels_weapons/75mm_Ansaldo_75_34_M39_user_cannon.blk	45	31800	185	75	10	6.518905	0.15
it_semovente_m43_105	105/25 M43	it_semovente_m43_105_default	Italy	2	typeTankDestroyer	gameData/Weapons/groundModels_weapons/105mm_Ansaldo_105_25_user_cannon.blk	48	31800	185	75	10	0	0
it_semovente_m43_105_leoncello	M43 "G.C.Leoncello"	it_semovente_m43_105_default	Italy	3	typeTankDestroyer	gameData/Weapons/groundModels_weapons/105mm_Ansaldo_105_25_user_cannon.blk	48	31800	185	75	10	0	0
it_semovente_m43_75_34	75/34 M43	it_semovente_m43_75_34_default	Italy	2	typeTankDestroyer	gameData/Weapons/groundModels_weapons/75mm_Ansaldo_75_34_user_cannon.blk	45	31800	185	75	10	5.9988	0
it_semovente_m43_75_46	75/46 M43	it_semovente_m43_75_46_default	Italy	3	typeTankDestroyer	gameData/Weapons/groundModels_weapons/75mm_OTO_75_43_M40_user_cannon.blk	42	31800	185	75	10	0	0
it_sherman_75_37	Sherman I Composito	it_sherman_75_37_default	Italy	3	typeMediumTank	gameData/Weapons/groundModels_weapons/75mm_m3_user_cannon.blk	97	31800	400	75	10	0	0
it_sherman_vc_firefly	Sherman Vc	it_sherman_vc_firefly_default	Italy	4	typeMediumTank	gameData/Weapons/groundModels_weapons/76mm_17pdr_QF_user_cannon.blk	80	31800	425	75	10	0	0
it_sherman_vii	Sherman Ic	it_sherman_VII_default	Italy	3	typeMediumTank	gameData/Weapons/groundModels_weapons/76mm_17pdr_QF_user_cannon.blk	65	31800	400	75	10	0	0
it_stug_iii_ausf_g	StuG III G	it_stug_III_ausf_G_default	Italy	3	typeTankDestroyer	gameData/Weapons/groundModels_weapons/75mm_StuK40_L48_user_cannon.blk	54	23200	300	75	10	5	0
it_t_72m1	T-72M1	germ_kpz_t72m1_default	Italy	6	typeMediumTank	gameData/Weapons/groundModels_weapons/125mm_2A46M_user_cannon.blk	44	50000	780	75	10	0	0
it_toldi_ii_a	Toldi IIA	it_toldi_II_a_default	Italy	1	typeLightTank	gameData/Weapons/groundModels_weapons/40mm_37_42M_user_cannon.blk	55	13700	155	75	10	0	0
it_vbc_pt2	VBC (PT2)	it_vbc_pt2_default	Italy	6	typeLightTank	gameData/Weapons/groundModels_weapons/25mm_Oerlikon_KBA_Dardo_user_cannon.blk	400	5500	550	75	30	0	0.01
it_vcc_80_hitfist_30	VCC-80/30	it_vcc_80_hitfist_30_default	Italy	7	typeLightTank	gameData/Weapons/groundModels_weapons/30mm_Bushmaster_2_Mk_44_user_cannon.blk	360	17550	520	75	10	0	0.01
it_vcc_80_hitfist_60	VCC-80/60	it_vcc_80_hitfist_60_default	Italy	6	typeLightTank	gameData/Weapons/groundModels_weapons/60mm_OTO_HVG_Hitfist_user_cannon.blk	32	17550	520	75	10	0	0.5
it_vrcc_centauro	VRCC	it_vrcc_centauro_default	Italy	6	typeLightTank	gameData/Weapons/groundModels_weapons/105mm_OTO_Melara_ROMOR_user_cannon.blk	38	5500	520	75	30	0	0
it_zsu_23_4	ZSU-23-4V	ussr_zsu_23_4_default	Italy	5	typeSPAA	gameData/Weapons/groundModels_weapons/23mm_2A7_user_cannon.blk	500	37000	280	75	10	0	0.01
it_zsu_57_2	ZSU-57-2	ussr_zsu_57_2_default	Italy	5	typeSPAA	gameData/Weapons/groundModels_weapons/57mm_S_68_user_cannon.blk	148	28000	520	60	10	0	0
jp_at_37mm_type_1	37 mm AT Type 1	germ_at_gun_pak36_default	Event / Experimental	0	typeLightTank	gameData/Weapons/groundModels_weapons/37mm_KwK36_user_cannon.blk	318	9700	1	0	0	0	0.25
jp_btr_3e1	BTR-3E1	jp_btr_3e1_default	Japan	6	typeLightTank	gameData/Weapons/groundModels_weapons/30mm_ztm1_BTR_user_cannon.blk	400	5500	326	75	30	0	0.3
jp_halftrack_m16	M16 MGMC	us_halftrack_m16_default	Japan	2	typeSPAA	gameData/Weapons/groundModels_weapons/12_7mm_M2_HB_user_machinegun_for_M15.blk	1200	11050	148	75	10	0	0.03
jp_hiro_sha	Ro-Go Exp.	jp_hiro_sha_default	Japan	1	typeTankDestroyer	gameData/Weapons/groundModels_weapons/120mm_Schneider_Canet_1898_user_cannon.blk	16	9700	290	75	10	0	0
jp_icv_ifv_prototype	Type 24 ICV (P)	jp_icv_prototype_default	Japan	7	typeLightTank	gameData/Weapons/groundModels_weapons/30mm_Bushmaster_2_Mk_44_user_cannon.blk	360	5500	570	75	30	0	0.09
jp_icv_prototype	Type 25 RCV (P)	jp_icv_prototype_default	Japan	7	typeLightTank	gameData/Weapons/groundModels_weapons/30mm_Bushmaster_2_Mk_44_user_cannon.blk	360	5500	570	75	30	0	0.7
jp_leopard_2ri	Leopard 2RI	germ_leopard_2pl_default	Japan	8	typeMediumTank	gameData/Weapons/groundModels_weapons/120mm_Rheinmetall_L44_2RI_user_cannon.blk	42	47000	1500	75	10	5.9988	0.37
jp_m163_vulcan	M163	us_m163_vulcan_default	Japan	5	typeSPAA	gameData/Weapons/groundModels_weapons/20mm_M168_user_cannon.blk	2200	17550	212	75	10	0	0
jp_m19	M19A1	us_m19_default	Japan	3	typeSPAA	gameData/Weapons/groundModels_weapons/40mm_M2_user_cannon.blk	176	17550	296	75	10	0	0.25
jp_m24_chaffee	M24	us_m24_chaffee_default	Japan	3	typeLightTank	gameData/Weapons/groundModels_weapons/75mm_M6_user_cannon.blk	48	18400	296	75	10	0	0
jp_m36b2_jgsdf	M36	jp_m36b2_jgsdf_default	Japan	4	typeTankDestroyer	gameData/Weapons/groundModels_weapons/90mm_M3A1_user_cannon.blk	47	30000	500	75	10	6.993007	0
jp_m41_walker_bulldog	M41A1	jp_m41_walker_bulldog_default	Japan	4	typeLightTank	gameData/Weapons/groundModels_weapons/76mm_M32_user_cannon.blk	65	23040	500	75	10	0	0
jp_m42_duster	M42	jp_m42_duster_default	Japan	3	typeSPAA	gameData/Weapons/groundModels_weapons/40mm_M2_user_cannon.blk	240	22600	500	75	10	0	0.25
jp_m44	M44	us_m44_default	Japan	3	typeTankDestroyer	gameData/Weapons/groundModels_weapons/155mm_m45_user_cannon.blk	24	7000	500	75	10	0	0.25
jp_m47_patton_ii	M47	us_m47_patton_II_default	Japan	5	typeMediumTank	gameData/Weapons/groundModels_weapons/90mm_M36_user_cannon.blk	71	43650	810	75	10	7.496252	0
jp_m4a3e8_76w_sherman	M4A3 (76) W	jp_m4a3e8_76w_sherman_default	Japan	4	typeMediumTank	gameData/Weapons/groundModels_weapons/76mm_M1_user_cannon.blk	71	33390	500	75	10	0	0
jp_m60a3_tts	M60A3 TTS	cn_m60a3_tts_default	Japan	6	typeMediumTank	gameData/Weapons/groundModels_weapons/105mm_M68_XM_user_cannon.blk	63	43650	750	75	10	0	0
jp_navy_120mm_spg	Chi-Ha LG	jp_navy_120mm_spg_default	Japan	2	typeTankDestroyer	gameData/Weapons/groundModels_weapons/120mm_10th_Year_type_user_cannon.blk	10	9700	200	75	10	0	0
jp_oplot_t	BM Oplot-T	jp_oplot_t_default	Japan	8	typeMediumTank	gameData/Weapons/groundModels_weapons/125mm_KBA_3_user_cannon.blk	46	51100	1200	75	10	0	0
jp_pzkpfw_vi_ausf_e_tiger	Heavy Tank No.6	jp_pzkpfw_VI_ausf_e_tiger_default	Japan	4	typeHeavyTank	gameData/Weapons/groundModels_weapons/88mm_Kwk36_user_cannon.blk	92	56500	700	75	10	0	0
jp_st_a1	ST-A1	jp_st_a1_default	Japan	4	typeMediumTank	gameData/Weapons/groundModels_weapons/90mm_M3A1_user_cannon.blk	40	47000	550	75	10	0	0
jp_st_a2	ST-A2	jp_st_a2_default	Japan	4	typeMediumTank	gameData/Weapons/groundModels_weapons/90mm_M3A1_user_cannon.blk	40	47000	550	75	10	0	0
jp_st_a3	ST-A3	jp_st_a3_default	Japan	4	typeMediumTank	gameData/Weapons/groundModels_weapons/90mm_Type61_user_cannon.blk	40	47000	650	75	10	5.9988	0
jp_st_b1	STB-2	jp_st_b1_default	Japan	5	typeMediumTank	gameData/Weapons/groundModels_weapons/105mm_L7A3_STB_user_cannon.blk	50	47000	870	75	10	0	0
jp_stingray	Stingray	jp_stingray_default	Japan	6	typeLightTank	gameData/Weapons/groundModels_weapons/105mm_LRF_user_cannon.blk	32	23040	535	75	10	0	0.2
jp_sub_i_ii_20mm	SUB-I-II	jp_sub_i_ii_20mm_default	Japan	4	typeSPAA	gameData/Weapons/groundModels_weapons/20mm_Rh_202_Wiesel_user_cannon.blk	800	13500	350	75	10	0	0.02
jp_tkx_prot	TKX	jp_tkx_prot_default	Japan	8	typeMediumTank	gameData/Weapons/groundModels_weapons/120mm_TKG_user_cannon.blk	35	44000	1200	75	10	0	0
jp_truck_type_94_isuzu	Isuzu Type-94	jp_truck_type_94_isuzu_default	Event / Experimental	0	typeLightTank		0	5500	94	75	10	0	0
jp_type_03_chusam_fcs	Type 03 (TADS)	jp_type_03_chusam_launcher_default	Japan	8	typeSPAA	gameData/Weapons/dummy_weapon.blk	1	5500	420	75	30	0	0
jp_type_03_chusam_launcher	Type 03 (TEL)	jp_type_03_chusam_launcher_default	Japan	8	typeSPAA	gameData/Weapons/dummy_weapon.blk	1	5500	420	75	30	0	0
jp_type_1_chi_he	Chi-He	jp_type_1_chi_he_default	Japan	2	typeMediumTank	gameData/Weapons/groundModels_weapons/47mm_Type1_user_cannon.blk	121	17200	240	75	10	0	0
jp_type_1_chi_he_5th_regiment	Chi-He (5th Regiment)	jp_type_1_chi_he_default	Japan	2	typeMediumTank	gameData/Weapons/groundModels_weapons/47mm_Type1_user_cannon.blk	121	17200	240	75	10	0	0
jp_type_10	Type 10	jp_type_10_default	Japan	8	typeMediumTank	gameData/Weapons/groundModels_weapons/120mm_TKG_user_cannon.blk	35	44000	1200	75	10	0	0
jp_type_10_prototype	TKX (P)	jp_type_10_prototype_default	Japan	7	typeMediumTank	gameData/Weapons/groundModels_weapons/120mm_TKG_user_cannon.blk	35	44000	1200	75	10	0	0
jp_type_16	Type 16	jp_type_16_default	Japan	7	typeLightTank	gameData/Weapons/groundModels_weapons/105mm_JSW_user_cannon.blk	40	5500	570	75	30	0	0.7
jp_type_16_mcv_prot	Type 16 (P)	jp_type_16_mcv_prot_default	Japan	6	typeLightTank	gameData/Weapons/groundModels_weapons/105mm_JSW_user_cannon.blk	40	5500	570	75	30	0	0.7
jp_type_16_mod	Type 16 (FPS)	jp_type_16_default	Japan	6	typeLightTank	gameData/Weapons/groundModels_weapons/105mm_JSW_user_cannon.blk	40	5500	570	75	30	0	0.7
jp_type_2_ho_i	Ho-I	jp_type_2_ho_i_default	Japan	1	typeMediumTank	gameData/Weapons/groundModels_weapons/75mm_Type99_user_cannon.blk	63	17200	240	75	10	0	0
jp_type_2_ho_ni_2	Ho-Ni II	jp_type_2_ho_ni_2_default	Japan	1	typeTankDestroyer	gameData/Weapons/groundModels_weapons/105mm_type_91_user_cannon.blk	20	9700	200	75	10	0	0
jp_type_2_ka_mi	Ka-Mi	jp_type_2_ka_mi_default	Japan	1	typeLightTank	gameData/Weapons/groundModels_weapons/37mm_Type1_user_cannon.blk	132	9700	115	75	10	2.857143	0
jp_type_3_chi_nu	Chi-Nu	jp_type_3_chi_nu_default	Japan	3	typeMediumTank	gameData/Weapons/groundModels_weapons/75mm_Type3_user_cannon.blk	70	17200	240	75	10	0	0
jp_type_3_chi_nu_75cm_type_5	Chi-Nu II	jp_type_3_chi_nu_75cm_type_5_default	Japan	3	typeMediumTank	gameData/Weapons/groundModels_weapons/75mm_Type_II_model_II_user_cannon.blk	70	17200	240	75	10	0	0
jp_type_3_ho_ni_i	Ho-Ni I	jp_type_3_ho_ni_I_default	Japan	2	typeTankDestroyer	gameData/Weapons/groundModels_weapons/75mm_Type90_user_cannon.blk	40	9700	200	75	10	5	0
jp_type_3_ho_ni_iii	Ho-Ni III	jp_type_3_ho_ni_III_default	Japan	2	typeTankDestroyer	gameData/Weapons/groundModels_weapons/75mm_Type3_user_cannon.blk	46	9700	200	75	10	5	0
jp_type_3_ka_chi	Ka-Chi	jp_type_3_ka_chi_default	Japan	1	typeMediumTank	gameData/Weapons/groundModels_weapons/47mm_Type1_user_cannon.blk	120	9700	240	75	10	0	0
jp_type_4_chi_to	Chi-To	jp_type_4_chi_to_default	Japan	3	typeMediumTank	gameData/Weapons/groundModels_weapons/75mm_Type_II_model_II_user_cannon.blk	55	17200	500	75	10	0	0
jp_type_4_chi_to_late	Chi-To Late	jp_type_4_chi_to_late_default	Japan	3	typeMediumTank	gameData/Weapons/groundModels_weapons/75mm_Type_II_model_II_user_cannon.blk	75	17200	500	75	10	0	0
jp_type_4_ho_ro	Ho-Ro	jp_type_4_ho_ro_default	Japan	1	typeTankDestroyer	gameData/Weapons/groundModels_weapons/150mm_Type_38_user_cannon.blk	24	9700	200	75	10	0	0
jp_type_5_chi_ri	Chi-Ri	jp_type_5_chi_ri_default	Japan	4	typeMediumTank	gameData/Weapons/groundModels_weapons/75mm_Type_II_Model_I_user_cannon.blk	100	17200	550	75	10	4.496403	0
jp_type_5_ho_ri_production	Ho-Ri Production	jp_type_5_ho_ri_production_default	Japan	5	typeTankDestroyer	gameData/Weapons/groundModels_weapons/105mm_Type5_user_cannon.blk	51	17200	1100	75	10	0	1.1
jp_type_5_ho_ri_prototype	Ho-Ri Prototype	jp_type_5_ho_ri_prototype_default	Japan	4	typeTankDestroyer	gameData/Weapons/groundModels_weapons/105mm_Exp_HV_user_cannon.blk	51	17200	550	75	10	0	1.1
jp_type_5_na_to	Na-To	jp_type_5_na_to_default	Japan	3	typeTankDestroyer	gameData/Weapons/groundModels_weapons/75mm_Lightweight_Type1_model_II_user_cannon.blk	40	17200	165	75	10	5.882353	0
jp_type_60_atm	Type 60 ATM	jp_type_60_atm_default	Japan	4	typeTankDestroyer	gameData/Weapons/dummy_weapon.blk	1	24000	220	75	10	0	0
jp_type_60_sprg	Type 60 SPRG (C)	jp_type_60_sprg_default	Japan	4	typeTankDestroyer	gameData/Weapons/groundModels_weapons/106mm_Type_60B_user_cannon.blk	5	7000	150	75	10	0	0
jp_type_61	Type 61	jp_type_61_default	Japan	4	typeLightTank	gameData/Weapons/groundModels_weapons/90mm_Type61_user_cannon.blk	51	23040	650	75	10	0	0
jp_type_61_mod	Type 61 (B)	jp_type_61_default	Japan	4	typeLightTank	gameData/Weapons/groundModels_weapons/90mm_Type61_b_user_cannon.blk	51	23040	650	75	10	0	0
jp_type_74	Type 74 (E)	jp_type_74_default	Japan	6	typeMediumTank	gameData/Weapons/groundModels_weapons/105mm_L7A3_Type74kai_user_cannon.blk	50	47000	870	75	10	0	0
jp_type_74_c	Type 74 (C)	jp_type_74_c_default	Japan	5	typeMediumTank	gameData/Weapons/groundModels_weapons/105mm_L7A3_STB_user_cannon.blk	50	47000	870	75	10	0	0
jp_type_74_f	Type 74 (F)	jp_type_74_f_default	Japan	6	typeMediumTank	gameData/Weapons/groundModels_weapons/105mm_L7A3_Type74kai_user_cannon.blk	50	47000	870	75	10	0	0
jp_type_74_mod_g_kai	Type 74 (G)	jp_type_74_kai_default	Japan	6	typeMediumTank	gameData/Weapons/groundModels_weapons/105mm_L7A3_Type74kai_user_cannon.blk	50	47000	870	75	10	0	0
jp_type_74_red_star	Type 74 Red Star	jp_type_74_c_default	Japan	5	typeMediumTank	gameData/Weapons/groundModels_weapons/105mm_L7A3_STB_user_cannon.blk	50	47000	870	75	10	0	0
jp_type_75	Type 75 SPH	jp_type_75_default	Japan	4	typeTankDestroyer	gameData/Weapons/groundModels_weapons/155mm_NSJ_L30_user_cannon.blk	28	47000	520	75	10	0	0
jp_type_75_mlrs	Type 75 MLRS	jp_type_75_mlrs_default	Japan	5	typeTankDestroyer	gameData/Weapons/groundModels_weapons/130mm_Type_75_rocket_launcher.blk	30	5800	350	75	10	0	0
jp_type_81_tansam	Type 81 (C)	jp_type_81_tansam_default	Japan	7	typeSPAA	gameData/Weapons/groundModels_weapons/160mm_sam_1c_launcher_user_cannon.blk	8	5500	285	75	30	0	0
jp_type_81_tansam_fcs	Tan-SAM Kai (TADS)	jp_type_81_tansam_default	Japan	8	typeSPAA	gameData/Weapons/dummy_weapon.blk	1	5500	285	75	30	0	0
jp_type_81_tansam_launcher	Tan-SAM Kai (TEL)	jp_type_81_tansam_default	Japan	8	typeSPAA	gameData/Weapons/groundModels_weapons/160mm_sam_1c_slave_launcher_user_cannon.blk	8	5500	285	75	30	0	0
jp_type_87	Type 87	jp_type_87_default	Japan	6	typeMediumTank	gameData/Weapons/groundModels_weapons/35mm_Oerlikon_KDA_user_cannon.blk	340	47000	870	75	10	0	0.045
jp_type_87_rcv	Type 87 RCV	jp_type_87_rcv_default	Japan	6	typeLightTank	gameData/Weapons/groundModels_weapons/25mm_Oerlikon_KBA_Dardo_user_cannon.blk	400	5500	305	75	30	0	0
jp_type_87_rcv_prot	Type 87 RCV (P)	jp_type_87_rcv_prot_default	Japan	5	typeLightTank	gameData/Weapons/groundModels_weapons/20mm_Rh_202_Wiesel_user_cannon.blk	400	5500	305	75	30	0	0.02
jp_type_89	Type 89	jp_type_89_default	Japan	6	typeLightTank	gameData/Weapons/groundModels_weapons/35mm_Oerlikon_KDE_user_cannon.blk	251	17550	600	75	10	0	0.2
jp_type_89b_i_go_otsu	I-Go Ko	jp_type_89b_i_go_otsu_default	Japan	1	typeLightTank	gameData/Weapons/groundModels_weapons/57mm_Type90_user_cannon.blk	100	11500	118	75	10	3.333333	0
jp_type_90	Type 90	jp_type_90_default	Japan	7	typeMediumTank	gameData/Weapons/groundModels_weapons/120mm_Type_90_L44_user_cannon.blk	40	47000	1500	75	10	0	0
jp_type_90b	Type 90 (B)	jp_type_90_default	Japan	7	typeMediumTank	gameData/Weapons/groundModels_weapons/120mm_Type_90_L44_user_cannon.blk	40	47000	1500	75	10	0	0
jp_type_90b_camo	Type 90 (B) "Fuji"	jp_type_90b_camo_default	Japan	7	typeMediumTank	gameData/Weapons/groundModels_weapons/120mm_Type_90_L44_user_cannon.blk	40	47000	1500	75	10	0	0
jp_type_90b_sm	Type 90 (B)	jp_type_90b_sm_default	Japan	7	typeMediumTank	gameData/Weapons/groundModels_weapons/120mm_Type_90_L44_user_cannon.blk	40	47000	1500	75	10	0	0
jp_type_93	Type 93	jp_type_93_default	Japan	7	typeSPAA	gameData/Weapons/groundModels_weapons/80mm_Type_91_launcher_user_cannon.blk	8	5500	170	75	30	0	0
jp_type_94	Type 94	jp_type_94_default	Japan	1	typeSPAA	gameData/Weapons/groundModels_weapons/20mm_Type98_user_cannon.blk	400	5500	68	75	30	0	0.05
jp_type_95_ha_go	Ha-Go	jp_type_95_ha_go_default	Japan	1	typeLightTank	gameData/Weapons/groundModels_weapons/37mm_type_94_user_cannon.blk	119	9700	120	75	10	2.857143	0
jp_type_95_ha_go_commander	Ha-Go Commander	jp_type_95_ha_go_default	Japan	1	typeLightTank	gameData/Weapons/groundModels_weapons/37mm_type_94_user_cannon.blk	119	9700	120	75	10	2.857143	0
jp_type_95_heavy	Ro-Go	jp_type_95_heavy_default	Japan	1	typeHeavyTank	gameData/Weapons/groundModels_weapons/70mm_Type94_user_cannon.blk	100	23400	290	75	10	0	0
jp_type_95_so_ki	So-Ki	jp_type_95_so_ki_default	Japan	2	typeLightTank	gameData/Weapons/groundModels_weapons/20mm_Type98_user_cannon.blk	260	9700	130	75	10	0	0.045
jp_type_97_chi_ha	Chi-Ha	jp_type_97_chi_ha_default	Japan	1	typeLightTank	gameData/Weapons/groundModels_weapons/57mm_Type97_user_cannon.blk	120	9700	200	75	10	3.333333	0
jp_type_97_chi_ha_12cm	Chi-Ha Short Gun	jp_type_97_chi_ha_12cm_default	Japan	2	typeLightTank	gameData/Weapons/groundModels_weapons/120mm_Navy_Short_Gun_user_cannon.blk	23	9700	200	75	10	0	0
jp_type_97_kai	Chi-Ha Kai	jp_type_97_kai_default	Japan	2	typeLightTank	gameData/Weapons/groundModels_weapons/47mm_Type1_user_cannon.blk	104	9700	200	75	10	0	0
jp_type_97_kai_td	Chi-Ha Kai TD	jp_type_97_kai_default	Japan	2	typeLightTank	gameData/Weapons/groundModels_weapons/47mm_Type1_user_cannon.blk	104	9700	200	75	10	0	0
jp_type_98_ke_ni	Ke-Ni	jp_type_98_ke_ni_default	Japan	1	typeLightTank	gameData/Weapons/groundModels_weapons/37mm_Type100_user_cannon.blk	110	9700	130	75	10	2.857143	0
jp_type_98_ta_se	Ta-Se	jp_type_98_ta_se_default	Japan	1	typeLightTank	gameData/Weapons/groundModels_weapons/20mm_Type98_user_cannon.blk	400	9700	130	75	10	0	0.04
jp_type_99	Type 99	jp_type_99_default	Japan	5	typeTankDestroyer	gameData/Weapons/groundModels_weapons/155mm_type_99_l52_user_cannon.blk	30	47000	600	75	10	0	0
sw_a_34_comet	Comet I	uk_a_34_comet_default	Sweden	3	typeMediumTank	gameData/Weapons/groundModels_weapons/77mm_QQF_Mk_II_L50_user_cannon.blk	61	47000	600	75	10	6.993007	0
sw_asrad_r	ASRAD-R	sw_asrad_r_default	Sweden	7	typeSPAA	gameData/Weapons/groundModels_weapons/105mm_Rbs_70_ASRAD_launcher_user_cannon.blk	8	17550	215	75	10	0	0
sw_bkan_1c	Bkan 1C	sw_bkan_1c_default	Sweden	4	typeTankDestroyer	gameData/Weapons/groundModels_weapons/155mm_Bkan_user_cannon.blk	14	35000	600	75	10	0	0
sw_bmp_2md	BMP-2MD	sw_bmp_2md_default	Sweden	6	typeLightTank	gameData/Weapons/groundModels_weapons/30mm_2a42_md_user_cannon.blk	500	13200	300	75	10	0	0.03
sw_bt_42	BT-42	sw_bt_42_default	Sweden	1	typeLightTank	gameData/Weapons/groundModels_weapons/114mm_Psv_H_18_user_cannon.blk	22	13700	400	75	10	0	0
sw_charioteer_mk_7	Charioteer Mk VII	uk_charioteer_mk_7_default	Sweden	4	typeMediumTank	gameData/Weapons/groundModels_weapons/84mm_QQF_20pdr_Mk_I_user_cannon.blk	25	30000	600	75	10	6.25	0
sw_crotale_ng	ItO 90M	fr_crotale_ng_default	Sweden	8	typeSPAA	gameData/Weapons/dummy_weapon.blk	1	5500	251	75	30	0	0
sw_cv_90_mk4	CV 90 Mk.IV	sw_cv_90_mk4_default	Sweden	8	typeLightTank	gameData/Weapons/groundModels_weapons/30mm_Bushmaster_2_Mk_44_9030_user_cannon.blk	234	47000	1000	75	10	0	0.02
sw_cv_90105	CV 90105 TML	sw_cv_90105_default	Sweden	6	typeLightTank	gameData/Weapons/groundModels_weapons/105mm_CN_105_G2_user_cannon.blk	40	13700	670	75	10	0	1.2
sw_cv_90105_tml	CV 90105	sw_cv_90105_tml_default	Sweden	7	typeLightTank	gameData/Weapons/groundModels_weapons/105mm_XC8_L50_user_cannon.blk	40	13700	670	75	10	0	1.2
sw_cv_90120	CV90120-T	sw_cv_90120_default	Sweden	8	typeLightTank	gameData/Weapons/groundModels_weapons/120mm_ctg_l50_user_cannon.blk	45	35000	816	75	10	0	1.2
sw_cv_9030_fin	CV 9030FIN	sw_cv_9030_fin_default	Sweden	6	typeLightTank	gameData/Weapons/groundModels_weapons/30mm_Bushmaster_2_Mk_44_9030_user_cannon.blk	400	47000	625	75	10	0	0.02
sw_cv_9035_dk	CV 9035DK	sw_cv_9035_dk_default	Sweden	6	typeLightTank	gameData/Weapons/groundModels_weapons/35mm_bushmaster_3_user_cannon.blk	210	47000	815	75	10	0	0.15
sw_eldenhet_98	EldE 98	sw_eldenhet_98_default	Sweden	8	typeSPAA	gameData/Weapons/dummy_weapon.blk	1	31800	285	75	10	0	0
sw_ikv_103	Ikv 103	sw_ikv_103_default	Sweden	3	typeTankDestroyer	gameData/Weapons/groundModels_weapons/105mm_kan_ikv_user_cannon.blk	24	24000	150	75	10	0	0
sw_ikv_72	Ikv 72	sw_ikv_72_default	Sweden	1	typeTankDestroyer	gameData/Weapons/groundModels_weapons/75mm_kan_m41_open_turret_user_cannon.blk	42	24000	145	75	10	0	0
sw_ikv_73	Ikv 73	sw_ikv_73_default	Sweden	2	typeMediumTank	gameData/Weapons/groundModels_weapons/75mm_kan_m41_user_cannon.blk	59	13700	410	75	10	0	0
sw_ikv_91	Ikv 91	sw_ikv_91_default	Sweden	5	typeLightTank	gameData/Weapons/groundModels_weapons/90mm_Bofors_ikv_user_cannon.blk	59	47000	330	75	10	0	0
sw_ikv_91_105	Ikv 91-105	sw_ikv_91_105_default	Sweden	6	typeLightTank	gameData/Weapons/groundModels_weapons/105mm_Bofors_ikv_user_cannon.blk	40	47000	360	75	10	0	0
sw_itpsv_90	ItPsV Leopard	sw_itpsv_90_default	Sweden	6	typeSPAA	gameData/Weapons/groundModels_weapons/35mm_Oerlikon_KDA_marksman_user_cannon.blk	250	47000	1500	75	10	0	0.045
sw_k9_vidar	VIDAR	sw_k9_vidar_default	Sweden	5	typeTankDestroyer	gameData/Weapons/groundModels_weapons/155mm_CN98_user_cannon.blk	48	13700	1000	75	10	0	1
sw_kungstiger	Kungstiger	sw_kungstiger_default	Sweden	4	typeHeavyTank	gameData/Weapons/groundModels_weapons/88mm_Kwk43_user_cannon.blk	70	68000	600	75	10	7.496252	0.3
sw_kv_1_1942_fin	KV-1 m1942	sw_kv_1_1942_fin_default	Sweden	3	typeHeavyTank	gameData/Weapons/groundModels_weapons/76mm_ZIS5_user_cannon.blk	98	46000	600	75	10	0	0
sw_l_62_anti_ii	L-62 ANTI II	sw_l_62_anti_II_default	Sweden	3	typeSPAA	gameData/Weapons/groundModels_weapons/40mm_Lva_kan_m36_user_cannon.blk	144	23200	144	75	10	0	0
sw_lago_1	Lago I	sw_lago_1_default	Sweden	2	typeMediumTank	gameData/Weapons/groundModels_weapons/37mm_kan_m38_user_cannon.blk	100	13700	285	75	10	0	0
sw_landsverk_ush_204_gk	U-SH 204 GK	sw_landsverk_ush_204_gk_default	Sweden	4	typeSPAA	gameData/Weapons/groundModels_weapons/20mm_Oerlikon_204gk_user_cannon.blk	400	5500	90	75	30	0	0.01
sw_landsverk_ush_405	U-SH 405	sw_landsverk_ush_405_default	Sweden	5	typeLightTank	gameData/Weapons/groundModels_weapons/81mm_Oerlikon_Typ_3Z_8Dla_user_cannon.blk	9	5500	90	75	30	0	0.045
sw_leopard_1a5no	Leopard 1A5NO2	sw_leopard_1a5no_default	Sweden	6	typeMediumTank	gameData/Weapons/groundModels_weapons/105mm_L7A3_Radpanzer_user_cannon.blk	60	47000	830	75	10	0	0
sw_leopard_2a4_fin	Leopard 2A4	sw_leopard_2a4_fin_default	Sweden	7	typeMediumTank	gameData/Weapons/groundModels_weapons/120mm_Rheinmetall_L44_user_cannon.blk	42	47000	1500	75	10	5.9988	0.37
sw_leopard_2a6nl	Leopard 2A6	sw_leopard_2a6nl_default	Sweden	8	typeMediumTank	gameData/Weapons/groundModels_weapons/120mm_Rheinmetall_L55_user_cannon.blk	42	47000	1500	75	10	5.9988	0.37
sw_lvkv_42	Lvkv 42	sw_lvkv_42_default	Sweden	3	typeSPAA	gameData/Weapons/groundModels_weapons/40mm_Lva_kan_m48_user_cannon.blk	104	23200	200	75	10	0	0
sw_lvkv_90c	Lvkv 9040C	sw_lvkv_90c_default	Sweden	7	typeSPAA	gameData/Weapons/groundModels_weapons/40mm_Kan_Strf_user_cannon.blk	234	47000	550	75	10	0	0
sw_lvrbv_701	Lvrbv 701	sw_lvrbv_701_default	Sweden	6	typeLightTank	gameData/Weapons/groundModels_weapons/105mm_Rbs_70_launcher_user_cannon.blk	6	31800	136	75	10	0	0
sw_m24_chaffee_dk	M24DK	us_m24_chaffee_default	Sweden	3	typeLightTank	gameData/Weapons/groundModels_weapons/75mm_M6_user_cannon.blk	48	18400	296	75	10	0	0
sw_nasams_fcs	NASAMS 3 (TADS)	sw_nasams_launcher_default	Sweden	8	typeSPAA	gameData/Weapons/dummy_weapon.blk	1	5500	113	75	30	0	0
sw_nasams_launcher	NASAMS 3 (TEL)	sw_nasams_launcher_default	Sweden	8	typeSPAA	gameData/Weapons/groundModels_weapons/178mm_nasams_user_cannon.blk	6	5500	380	75	30	0	0
sw_nomads	NOMADS	sw_nomads_default	Sweden	8	typeSPAA	gameData/Weapons/dummy_weapon.blk	1	29000	625	60	10	0	0
sw_patria_amv_ctcv_105	CT-CV 105HP	sw_patria_amv_ctcv_105_default	Sweden	7	typeLightTank	gameData/Weapons/groundModels_weapons/105mm_XC8_L50_user_cannon.blk	42	5500	550	75	30	0	0
sw_pbil_m40	Pbil m/40	sw_pbil_m40_default	Sweden	1	typeLightTank	gameData/Weapons/groundModels_weapons/20mm_Pvlv_kan_m40_user_cannon.blk	252	5500	135	75	30	0	0
sw_pbv_301	Pbv 301	sw_pbv_301_default	Sweden	2	typeSPAA	gameData/Weapons/groundModels_weapons/20mm_akan_m45_B_user_cannon.blk	480	31800	150	75	10	0	0
sw_pbv_302_bill	Pbv 302 (BILL)	sw_pbv_302_bill_default	Sweden	6	typeTankDestroyer	gameData/Weapons/groundModels_weapons/20mm_akan_m47_D_user_cannon.blk	540	31800	270	75	10	0	0.04
sw_pbv_501	Pbv 501	sw_pbv_501_default	Sweden	4	typeLightTank	gameData/Weapons/groundModels_weapons/73mm_2A28_user_cannon.blk	40	13200	300	75	10	0	0.1
sw_pt_76b	PT-76	ussr_pt_76b_default	Sweden	3	typeLightTank	gameData/Weapons/groundModels_weapons/76mm_D56_TS_user_cannon.blk	40	26500	240	75	10	0	0
sw_pvkv_ii	Pvkv II	sw_pvkv_II_default	Sweden	3	typeTankDestroyer	gameData/Weapons/groundModels_weapons/75mm_Lv_Kan_m37_A_user_cannon.blk	32	24000	165	75	10	5.9988	0
sw_pvkv_iii	Pvkv III	sw_pvkv_III_default	Sweden	2	typeTankDestroyer	gameData/Weapons/groundModels_weapons/57mm_Pv_Kan_m43_user_cannon.blk	32	54000	165	75	10	0	0
sw_pvkv_iv	Pvkv IV	sw_pvkv_iv_default	Sweden	3	typeMediumTank	gameData/Weapons/groundModels_weapons/57mm_Pv_Kan_m43_user_cannon.blk	40	13700	142	75	10	0	0
sw_pvkv_m43_1946	Pvkv m/43 (1946)	sw_pvkv_m43_1946_default	Sweden	3	typeTankDestroyer	gameData/Weapons/groundModels_weapons/75mm_Pv_Kan_m43_user_cannon.blk	43	24000	410	75	10	0	0
sw_pvkv_m43_1963	Pvkv m/43 (1963)	sw_pvkv_m43_1963_default	Sweden	3	typeTankDestroyer	gameData/Weapons/groundModels_weapons/75mm_Pv_Kan_m43_1963_user_cannon.blk	43	24000	324	75	10	0	0
sw_pvlvv_fm42	Pvlvv fm/42	sw_pvlvv_fm42_default	Sweden	1	typeSPAA	gameData/Weapons/groundModels_weapons/20mm_Lva_kan_m40_B_user_cannon.blk	108	54000	85	75	10	0	0.01
sw_pvrbv_551	Pvrbv 551	sw_pvrbv_551_default	Sweden	5	typeLightTank	gameData/Weapons/groundModels_weapons/127mm_Rbs_55_tow_launcher_user_cannon.blk	8	31800	136	75	10	0	0
sw_pzkpfw_iv_ausf_j	Pz.IV	sw_pzkpfw_IV_ausf_J_default	Sweden	3	typeMediumTank	gameData/Weapons/groundModels_weapons/75mm_KwK40_L48_user_cannon.blk	87	22300	300	75	10	5	0
sw_sav_fm48	SAV 20.12.48	sw_sav_fm48_default	Sweden	3	typeTankDestroyer	gameData/Weapons/groundModels_weapons/120mm_Automatkanon_user_cannon.blk	62	23200	400	75	10	0	0
sw_sav_m43_1944	Sav m/43 (1944)	sw_sav_m43_1944_default	Sweden	1	typeTankDestroyer	gameData/Weapons/groundModels_weapons/75mm_kan_m02_user_cannon.blk	80	24000	160	75	10	0	0
sw_sav_m43_1946	Sav m/43 (1946)	sw_sav_m43_1946_default	Sweden	2	typeTankDestroyer	gameData/Weapons/groundModels_weapons/105mm_kan_m44_user_cannon.blk	41	24000	160	75	10	0	0
sw_sherman_3_4	Sherman III/IV	sw_sherman_3_4_default	Sweden	3	typeMediumTank	gameData/Weapons/groundModels_weapons/75mm_m3_user_cannon.blk	66	31800	500	75	10	0	0
sw_stormpjas_fm43_44	Spj fm/43-44	sw_stormpjas_fm43_44_default	Sweden	2	typeTankDestroyer	gameData/Weapons/groundModels_weapons/150mm_kan_fm43_44_user_cannon.blk	10	24000	160	75	10	0	0.001
sw_strf_9056	Strf 9040 BILL	sw_strf_9056_default	Sweden	7	typeLightTank	gameData/Weapons/groundModels_weapons/40mm_Kan_Strf_user_cannon.blk	234	47000	550	75	10	0	0
sw_strf_90b	Strf 9040B	sw_strf_90b_default	Sweden	6	typeLightTank	gameData/Weapons/groundModels_weapons/40mm_Kan_Strf_user_cannon.blk	234	47000	550	75	10	0	0
sw_strf_90c	Strf 9040C	sw_strf_90c_default	Sweden	7	typeLightTank	gameData/Weapons/groundModels_weapons/40mm_Kan_Strf_user_cannon.blk	120	47000	550	75	10	0	0
sw_strv_101	Strv 101	sw_strv_101_default	Sweden	5	typeMediumTank	gameData/Weapons/groundModels_weapons/105mm_kan_strv_101_user_cannon.blk	70	47000	650	75	10	0	0
sw_strv_103_0	Strv 103-0	sw_strv_103_0_default	Sweden	5	typeTankDestroyer	gameData/Weapons/groundModels_weapons/105mm_L74_user_cannon.blk	50	24000	540	75	10	0	0
sw_strv_103a	Strv 103A	sw_strv_103a_default	Sweden	5	typeTankDestroyer	gameData/Weapons/groundModels_weapons/105mm_L74_user_cannon.blk	50	24000	540	75	10	0	0
sw_strv_103c	Strv 103C	sw_strv_103c_default	Sweden	6	typeTankDestroyer	gameData/Weapons/groundModels_weapons/105mm_L74_103C_user_cannon.blk	50	24000	780	75	10	0	0
sw_strv_104	Strv 104	sw_strv_104_default	Sweden	6	typeMediumTank	gameData/Weapons/groundModels_weapons/105mm_kan_strv_104_user_cannon.blk	48	47000	750	75	10	0	0
sw_strv_105	Strv 105	sw_strv_105_default	Sweden	6	typeMediumTank	gameData/Weapons/groundModels_weapons/105mm_kan_strv_105_user_cannon.blk	48	47000	900	75	10	0	0
sw_strv_121	Strv 121	sw_strv_121_default	Sweden	7	typeMediumTank	gameData/Weapons/groundModels_weapons/120mm_kan_Strv_121_user_cannon.blk	42	47000	1500	75	10	5.9988	0.37
sw_strv_122	Strv 122A	sw_strv_122_default	Sweden	8	typeMediumTank	gameData/Weapons/groundModels_weapons/120mm_kan_Strv_122_user_cannon.blk	42	47000	1500	75	10	5.9988	0.37
sw_strv_122b_plss	Strv 122B PLSS	sw_strv_122b_plss_default	Sweden	8	typeMediumTank	gameData/Weapons/groundModels_weapons/120mm_kan_Strv_122_user_cannon.blk	37	47000	1500	75	10	5.9988	0.37
sw_strv_122b_plus	Strv 122B+	sw_strv_122b_plus_default	Sweden	8	typeMediumTank	gameData/Weapons/groundModels_weapons/120mm_kan_Strv_122_user_cannon.blk	37	47000	1500	75	10	5.9988	0.37
sw_strv_74	Strv 74	sw_strv_74_default	Sweden	4	typeLightTank	gameData/Weapons/groundModels_weapons/75mm_kan_strv_74_user_cannon.blk	40	13700	340	75	10	0	0.6
sw_strv_81	Strv 81	sw_strv_81_default	Sweden	5	typeMediumTank	gameData/Weapons/groundModels_weapons/84mm_kan_strv81_user_cannon.blk	65	47000	650	75	10	6.25	0
sw_strv_81_rb52	Strv 81 (RB 52)	uk_centurion_mk_III_ss11_default	Sweden	5	typeMediumTank	gameData/Weapons/groundModels_weapons/84mm_kan_strv81_user_cannon.blk	65	47000	650	75	10	6.25	0
sw_strv_m31	Strv m/31	sw_strv_m31_default	Sweden	1	typeLightTank	gameData/Weapons/groundModels_weapons/37mm_kan_m38_user_cannon.blk	127	13700	150	75	10	0	0
sw_strv_m38	Strv m/38	sw_strv_m38_default	Sweden	1	typeLightTank	gameData/Weapons/groundModels_weapons/37mm_kan_m38_user_cannon.blk	100	13700	142	75	10	0	0
sw_strv_m39	Strv m/39	sw_strv_m39_default	Sweden	1	typeLightTank	gameData/Weapons/groundModels_weapons/37mm_kan_m38_user_cannon.blk	100	13700	142	75	10	0	0
sw_strv_m39_td	Strv m/39 TD	sw_strv_m39_default	Sweden	1	typeLightTank	gameData/Weapons/groundModels_weapons/37mm_kan_m38_user_cannon.blk	100	13700	142	75	10	0	0
sw_strv_m40l	Strv m/40L	sw_strv_m40l_default	Sweden	1	typeLightTank	gameData/Weapons/groundModels_weapons/37mm_kan_m38_user_cannon.blk	100	13700	142	75	10	0	0
sw_strv_m41_s1	Strv m/41 S-I	sw_strv_m41_s2_default	Sweden	2	typeLightTank	gameData/Weapons/groundModels_weapons/37mm_kan_m38_user_cannon.blk	100	9700	146	75	10	0	0
sw_strv_m41_s2	Strv m/41 S-II	sw_strv_m41_s2_default	Sweden	2	typeLightTank	gameData/Weapons/groundModels_weapons/37mm_kan_m38_user_cannon.blk	100	9700	160	75	10	0	0
sw_strv_m42_delat_torn	Strv m/42 DT	sw_strv_m42_delat_torn_default	Sweden	3	typeMediumTank	gameData/Weapons/groundModels_weapons/75mm_Pv_Kan_m43_user_cannon.blk	42	13700	410	75	10	2.994012	0
sw_strv_m42_eh	Strv m/42 EH	sw_strv_m42_eh_default	Sweden	2	typeMediumTank	gameData/Weapons/groundModels_weapons/75mm_kan_m41_user_cannon.blk	59	13700	410	75	10	0	0
sw_strv121b_christian2	Christian II	sw_strv121b_christian2_default	Sweden	7	typeMediumTank	gameData/Weapons/groundModels_weapons/120mm_kan_Strv_121_user_cannon.blk	42	47000	1500	75	10	5.9988	0.37
sw_t_28	T-28	ussr_t_28_default	Sweden	1	typeMediumTank	gameData/Weapons/groundModels_weapons/76mm_L10_user_cannon.blk	69	25400	500	75	10	0	0
sw_t_34_1941	T-34	ussr_t_34_1941_default	Sweden	3	typeMediumTank	gameData/Weapons/groundModels_weapons/76mm_F34_user_cannon.blk	77	26500	500	75	10	0	0
sw_t_34_85_zis_53	T-34-85	ussr_t_34_85_zis_53_default	Sweden	4	typeMediumTank	gameData/Weapons/groundModels_weapons/85mm_ZiS_S_53_user_cannon.blk	60	30000	500	75	10	0	0
sw_t_50_fin	T-50	ussr_t_50_default	Sweden	2	typeLightTank	gameData/Weapons/groundModels_weapons/45mm_20K_user_cannon.blk	150	9800	300	75	10	0	0
sw_t_54_1951	T-54	ussr_t_54_1951_default	Sweden	5	typeMediumTank	gameData/Weapons/groundModels_weapons/100mm_D10T_user_cannon.blk	34	35500	520	75	10	7.496252	0
sw_t_55m	T-55M	sw_t_55m_default	Sweden	6	typeMediumTank	gameData/Weapons/groundModels_weapons/100mm_D10T2S_fin_user_cannon.blk	43	35500	580	75	10	7.496252	0
sw_t_72m1	T-72M1	sw_t_72m1_default	Sweden	6	typeMediumTank	gameData/Weapons/groundModels_weapons/125mm_2A46M_user_cannon.blk	44	50000	780	75	10	0	0
sw_t_80u	T 80 U	ussr_t_80u_default	Sweden	8	typeMediumTank	gameData/Weapons/groundModels_weapons/125mm_2A46_M1_T_80U_user_cannon.blk	45	50000	1250	75	10	0	0
sw_tgdgb_m40_lv	Lvtdgb m/40	sw_tgdgb_m40_lv_default	Sweden	2	typeSPAA	gameData/Weapons/groundModels_weapons/40mm_Lva_kan_m36_user_cannon.blk	144	5500	140	75	30	0	0.25
sw_udes_33	UDES 33	sw_udes_33_default	Sweden	6	typeTankDestroyer	gameData/Weapons/groundModels_weapons/127mm_Rbs_55_tow_UDES_launcher_user_cannon.blk	10	17550	150	75	10	0	0
sw_veak_40	VEAK 40	sw_veak_40_default	Sweden	5	typeSPAA	gameData/Weapons/groundModels_weapons/40mm_Lva_kan_m48_VEAK_user_cannon.blk	210	46000	540	75	10	0	0.045
sw_vickers_mk_e_37	Vickers Mk.E	sw_vickers_mk_e_37_default	Sweden	1	typeLightTank	gameData/Weapons/groundModels_weapons/37mm_Psv_K36_user_cannon.blk	50	9700	92	75	10	0	0
sw_vickers_mk_e_45	T-26E	sw_vickers_mk_e_45_default	Sweden	1	typeLightTank	gameData/Weapons/groundModels_weapons/45mm_20K_user_cannon.blk	50	9700	92	75	10	0	0
sw_zsu_57_2	ZSU-57-2	ussr_zsu_57_2_default	Sweden	5	typeSPAA	gameData/Weapons/groundModels_weapons/57mm_S_68_user_cannon.blk	148	28000	520	60	10	0	0
uk_17_pdr_m10_achilles	Achilles	uk_17_pdr_m10_achilles_default	Great Britain	2	typeTankDestroyer	gameData/Weapons/groundModels_weapons/76mm_17pdr_QF_open_turret_user_cannon.blk	50	30000	410	75	10	6.666667	0
uk_17_pdr_m10_achilles_norfolk_yeomanry	Achilles (65 Rg.)	uk_17_pdr_m10_achilles_default	Great Britain	3	typeTankDestroyer	gameData/Weapons/groundModels_weapons/76mm_17pdr_QF_open_turret_user_cannon.blk	50	30000	410	75	10	6.666667	0
uk_3_inch_gun_carrier	Gun Carrier (3-in)	uk_3_inch_gun_carrier_default	Great Britain	2	typeTankDestroyer	gameData/Weapons/groundModels_weapons/76mm_QQF_3in_20cwt_user_cannon.blk	65	30000	355	75	10	6.25	0
uk_9a33bm2	Osa-AK	ussr_9a33bm3_default	Great Britain	7	typeSPAA	gameData/Weapons/dummy_weapon.blk	1	5500	300	75	30	0	0
uk_9a35_m	Strela-10M	ussr_9a35_m2_default	Great Britain	7	typeSPAA	gameData/Weapons/groundModels_weapons/120mm_9m37m_rocket_launcher.blk	8	12300	240	75	10	0	0
uk_a_12_mk_2_matilda_2	Matilda III	uk_a_12_mk_2_matilda_2_default	Great Britain	2	typeHeavyTank	gameData/Weapons/groundModels_weapons/40mm_QF_2pdr_user_cannon.blk	93	50000	190	75	10	0	0
uk_a_13_mk1	A13 Mk I	uk_a_13_mk1_default	Great Britain	1	typeLightTank	gameData/Weapons/groundModels_weapons/40mm_QF_2pdr_user_cannon.blk	87	31800	340	75	10	0	0
uk_a_13_mk1_3rd_rtr	A13 Mk I (3rd R.T.R.)	uk_a_13_mk1_default	Great Britain	1	typeLightTank	gameData/Weapons/groundModels_weapons/40mm_QF_2pdr_user_cannon.blk	87	31800	340	75	10	0	0
uk_a_13_mk2	A13 Mk II	uk_a_13_mk2_default	Great Britain	1	typeLightTank	gameData/Weapons/groundModels_weapons/40mm_QF_2pdr_user_cannon.blk	87	31800	340	75	10	0	0
uk_a_13_mk2_1939	A13 Mk II 1939	uk_a_13_mk2_1939_default	Great Britain	1	typeLightTank	gameData/Weapons/groundModels_weapons/40mm_QF_2pdr_user_cannon.blk	87	31800	340	75	10	0	0
uk_a_22_mk_1_churchill_1941	Churchill I	uk_a_22_mk_1_churchill_1941_default	Great Britain	2	typeHeavyTank	gameData/Weapons/groundModels_weapons/40mm_QF_2pdr_Churchill_user_cannon.blk	150	50000	355	75	10	0	0
uk_a_22b_mk_3_churchill_1942	Churchill III	uk_a_22b_mk_3_churchill_1942_default	Great Britain	3	typeHeavyTank	gameData/Weapons/groundModels_weapons/57mm_6pdr_QQF_Mk_5_L50_user_cannon.blk	85	50000	355	75	10	0	0
uk_a_22f_mk_7_churchill_1944	Churchill VII	uk_a_22f_mk_7_churchill_1944_default	Great Britain	3	typeHeavyTank	gameData/Weapons/groundModels_weapons/75mm_QQF_MkV_user_cannon.blk	84	50000	355	75	10	0	0
uk_a_22f_mk_7_churchill_crocodile	Churchill Crocodile	uk_a_22f_mk_7_churchill_crocodile_default	Great Britain	3	typeHeavyTank	gameData/Weapons/groundModels_weapons/75mm_QQF_MkV_user_cannon.blk	84	50000	355	75	10	0	0
uk_a_33_excelsior	Excelsior	uk_a_33_excelsior_default	Great Britain	3	typeHeavyTank	gameData/Weapons/groundModels_weapons/75mm_QQF_MkV_user_cannon.blk	80	47000	628	75	10	0	0
uk_a_34_comet	Comet I	uk_a_34_comet_default	Great Britain	3	typeMediumTank	gameData/Weapons/groundModels_weapons/77mm_QQF_Mk_II_L50_user_cannon.blk	61	47000	600	75	10	6.993007	0
uk_a_34_comet_iron_duke	Comet I "Iron Duke IV"	uk_a_34_comet_default	Great Britain	3	typeMediumTank	gameData/Weapons/groundModels_weapons/77mm_QQF_Mk_II_L50_user_cannon.blk	61	47000	600	75	10	6.993007	0
uk_a_43_black_prince	Black Prince	uk_a_43_black_prince_default	Great Britain	4	typeHeavyTank	gameData/Weapons/groundModels_weapons/76mm_17pdr_QF_user_cannon.blk	89	50000	355	75	10	5.494505	0
uk_a17_mk_1_tetrarch	Tetrarch I	uk_a17_mk_1_tetrarch_default	Great Britain	1	typeLightTank	gameData/Weapons/groundModels_weapons/40mm_QF_2pdr_user_cannon.blk	50	31800	167.29	75	10	0	0
uk_a1e1_independent	Independent	uk_a1e1_independent_default	Great Britain	1	typeHeavyTank	gameData/Weapons/groundModels_weapons/47mm_OQF_3pdr_user_cannon.blk	201	32000	370	75	10	0	0
uk_a25_mk_8	Harry Hopkins I	uk_a25_mk_8_default	Great Britain	2	typeLightTank	gameData/Weapons/groundModels_weapons/40mm_QF_2pdr_user_cannon.blk	50	31800	165	75	10	0	0
uk_a27m_cromwell_1	Cromwell I	uk_a27m_cromwell_I_default	Great Britain	2	typeMediumTank	gameData/Weapons/groundModels_weapons/57mm_6pdr_QQF_Mk_3_L43_user_cannon.blk	75	47000	600	75	10	0	0
uk_a27m_cromwell_5	Cromwell V	uk_a27m_cromwell_5_default	Great Britain	2	typeMediumTank	gameData/Weapons/groundModels_weapons/75mm_QQF_MkV_user_cannon.blk	64	47000	600	75	10	0	0
uk_a27m_cromwell_5_rp3	Cromwell V (RP-3)	uk_a27m_cromwell_5_rp3_default	Great Britain	2	typeMediumTank	gameData/Weapons/groundModels_weapons/75mm_QQF_MkV_user_cannon.blk	64	28400	600	75	10	0	0
uk_a30_challenger	Challenger	uk_a30_challenger_default	Great Britain	3	typeMediumTank	gameData/Weapons/groundModels_weapons/76mm_17pdr_QF_user_cannon.blk	48	31800	600	75	10	5.128205	0
uk_a30_sp_avenger	Avenger	uk_a30_sp_avenger_default	Great Britain	3	typeMediumTank	gameData/Weapons/groundModels_weapons/76mm_17pdr_QF_user_cannon.blk	55	30000	600	75	10	5.555556	0
uk_a30_sp_avenger_kit_3rank	Avenger (Overlord)	uk_a30_sp_avenger_default	Great Britain	3	typeMediumTank	gameData/Weapons/groundModels_weapons/76mm_17pdr_QF_user_cannon.blk	55	30000	600	75	10	5.555556	0
uk_a39_tortoise	Tortoise	uk_a39_tortoise_default	Great Britain	4	typeTankDestroyer	gameData/Weapons/groundModels_weapons/94mm_QQF_32pdr_user_cannon.blk	60	86182	650	75	10	0	0
uk_ac1_sentinel	A.C.I	uk_ac1_sentinel_default	Great Britain	2	typeMediumTank	gameData/Weapons/groundModels_weapons/40mm_QF_2pdr_user_cannon.blk	130	47000	340	75	10	0	0
uk_ac4_thunderbolt	A.C.IV	uk_ac4_thunderbolt_default	Great Britain	3	typeMediumTank	gameData/Weapons/groundModels_weapons/76mm_17pdr_QF_user_cannon.blk	50	47000	397	75	10	0	0
uk_adats_m113a3	ADATS (M113)	uk_adats_m113a3_default	Great Britain	8	typeSPAA	gameData/Weapons/groundModels_weapons/152mm_MIM146_launcher_user_cannon.blk	8	17550	279	75	10	0	0
uk_ai_sam_rapier	Rapier	uk_ai_sam_rapier_default	Event / Experimental	0	typeLightTank	gameData/Weapons/groundModels_weapons/130mm_rapier_launcher_user_cannon.blk	4	5000	1	0	0	0	0
uk_ajax	Ajax	uk_ajax_default	Great Britain	7	typeLightTank	gameData/Weapons/groundModels_weapons/40mm_CTC_user_cannon.blk	191	13200	816	75	10	0	0
uk_alecto_mk_1	Alecto I	uk_alecto_mk_1_default	Great Britain	1	typeTankDestroyer	gameData/Weapons/groundModels_weapons/95mm_QF_Mk1_user_cannon.blk	48	30000	164.25	75	10	0	0
uk_armored_car_aec_mk_2	AEC Mk II	uk_armored_car_aec_mk_2_default	Great Britain	2	typeLightTank	gameData/Weapons/groundModels_weapons/57mm_6pdr_QQF_Mk_5_L50_user_cannon.blk	60	5500	160	75	30	0	0
uk_armored_car_mk_2_aa	AEC AA	uk_armored_car_mk_2_aa_default	Great Britain	2	typeSPAA	gameData/Weapons/groundModels_weapons/20mm_Oerlikon_user_cannon.blk	300	5500	160	75	30	0	-0.03
uk_as_90_mk_2	AS90	uk_as_90_mk_2_default	Great Britain	4	typeTankDestroyer	gameData/Weapons/groundModels_weapons/155mm_L_31_user_cannon.blk	48	50000	660	60	10	5	1
uk_at_gun_qf17pounder	17pdr AT	uk_at_gun_qf17pounder_default	Event / Experimental	0	typeLightTank	gameData/Weapons/groundModels_weapons/76mm_17pdr_QF_user_cannon.blk	318	9700	1	0	0	0	0.25
uk_at_gun_qf6pounder	6pdr AT	uk_at_gun_qf6pounder_default	Event / Experimental	0	typeLightTank	gameData/Weapons/groundModels_weapons/57mm_6pdr_QQF_Mk_3_L43_user_cannon.blk	318	9700	1	0	0	0	0.25
uk_badger	Badger	uk_badger_default	Great Britain	6	typeLightTank	gameData/Weapons/groundModels_weapons/30mm_denel_gi30_user_cannon.blk	420	5500	543	75	30	0	0
uk_bosvark	Bosvark	uk_bosvark_default	Great Britain	3	typeSPAA	gameData/Weapons/groundModels_weapons/23mm_2A14_user_cannon.blk	350	5500	315	75	30	0	0.01
uk_boxer_crv_block2	CRV Block 2	uk_boxer_crv_block2_default	Great Britain	7	typeLightTank	gameData/Weapons/groundModels_weapons/30mm_Rheinmetall_MK_30_2_ABM_KF41_user_cannon.blk	348	5500	720	75	30	0	0.05
uk_centurion_action_x	Centurion Action X	uk_centurion_action_x_default	Great Britain	4	typeMediumTank	gameData/Weapons/groundModels_weapons/84mm_QQF_20pdr_Mk_I_user_cannon.blk	63	47000	650	75	10	6.25	0
uk_centurion_mk_1	Centurion Mk 1	uk_centurion_mk_1_default	Great Britain	4	typeMediumTank	gameData/Weapons/groundModels_weapons/76mm_17pdr_QF_user_cannon.blk	75	47000	640	75	10	0	0
uk_centurion_mk_10	Centurion Mk 10	uk_centurion_mk_10_default	Great Britain	5	typeMediumTank	gameData/Weapons/groundModels_weapons/105mm_L7_user_cannon.blk	70	47000	650	75	10	0	0
uk_centurion_mk_2	Centurion Mk.2	uk_centurion_mk_2_default	Great Britain	4	typeMediumTank	gameData/Weapons/groundModels_weapons/76mm_17pdr_QF_user_cannon.blk	77	47000	640	75	10	0	0
uk_centurion_mk_3	Centurion Mk 3	uk_centurion_mk_III_default	Great Britain	4	typeMediumTank	gameData/Weapons/groundModels_weapons/84mm_QQF_20pdr_Mk_I_user_cannon.blk	65	47000	650	75	10	6.25	0
uk_centurion_mk_3_ss11	Strv 81 (RB 52)	uk_centurion_mk_III_ss11_default	Great Britain	4	typeMediumTank	gameData/Weapons/groundModels_weapons/84mm_kan_strv81_user_cannon.blk	65	47000	650	75	10	6.25	0
uk_centurion_mk_5_avre_era	Centurion Mk.5 AVRE	uk_centurion_mk_5_avre_default	Great Britain	5	typeMediumTank	gameData/Weapons/groundModels_weapons/165mm_L9A1_user_cannon.blk	53	47000	650	75	10	0	0
uk_centurion_mk_5_raac	Centurion Mk.5/1	uk_centurion_mk_5_raac_default	Great Britain	5	typeMediumTank	gameData/Weapons/groundModels_weapons/84mm_QQF_20pdr_Mk_I_fume_extractor_user_cannon.blk	64	47000	650	75	10	6.25	0
uk_centurion_shot_kal_d	Sho't Kal Dalet	uk_centurion_shot_kal_d_default	Great Britain	6	typeMediumTank	gameData/Weapons/groundModels_weapons/105mm_L7_Shot_user_cannon.blk	72	47000	750	75	10	0	0
uk_challenger_1	Challenger Mk.2	uk_challenger_1_default	Great Britain	7	typeMediumTank	gameData/Weapons/groundModels_weapons/120mm_L11A5_Mk3_user_cannon.blk	52	54000	1314	75	10	5	0
uk_challenger_1_mk_3_gulf	Challenger DS	uk_challenger_1_mk_3_gulf_default	Great Britain	7	typeMediumTank	gameData/Weapons/groundModels_weapons/120mm_L11A5_Mk3_Vickers_user_cannon.blk	52	54000	1314	75	10	5	0
uk_challenger_2_bn	Black Night	uk_challenger_2_bn_default	Great Britain	8	typeMediumTank	gameData/Weapons/groundModels_weapons/120mm_L30A1_2e_user_cannon.blk	50	54000	1314	75	10	5	0
uk_challenger_2_dorchester	Challenger 2 (2F)	uk_challenger_2_dorchester_default	Great Britain	7	typeMediumTank	gameData/Weapons/groundModels_weapons/120mm_L30A1_user_cannon.blk	49	54000	1314	75	10	5	0
uk_challenger_2_lep	Challenger 3 TD	uk_challenger_2_lep_default	Great Britain	8	typeMediumTank	gameData/Weapons/groundModels_weapons/120mm_rheinmetall_l55_a1_cr_lep_user_cannon.blk	37	54000	1314	75	10	5.9988	0
uk_challenger_2_megatron	Challenger 2 OES	uk_challenger_2_tes_megatron_default	Great Britain	7	typeMediumTank	gameData/Weapons/groundModels_weapons/120mm_L30A1_user_cannon.blk	49	54000	1314	75	10	5	0
uk_challenger_2_megatron_sm	Challenger 2 OES	uk_challenger_2_megatron_sm_default	Great Britain	7	typeMediumTank	gameData/Weapons/groundModels_weapons/120mm_L30A1_user_cannon.blk	49	54000	1314	75	10	5	0
uk_challenger_2_tes	Challenger 2 TES	uk_challenger_2_tes_default	Great Britain	7	typeMediumTank	gameData/Weapons/groundModels_weapons/120mm_L30A1_user_cannon.blk	49	54000	1314	75	10	5	0
uk_challenger_2e	Challenger 2E	uk_challenger_2e_default	Great Britain	8	typeMediumTank	gameData/Weapons/groundModels_weapons/120mm_L30A1_2e_user_cannon.blk	50	54000	1500	75	10	5	0
uk_challenger_ii	Challenger 2	uk_challenger_II_default	Great Britain	7	typeMediumTank	gameData/Weapons/groundModels_weapons/120mm_L30A1_user_cannon.blk	50	54000	1314	75	10	5	0
uk_challenger_ii_yt_cup_2019	Challenger 2	uk_challenger_II_default	Great Britain	7	typeMediumTank	gameData/Weapons/groundModels_weapons/120mm_L30A1_user_cannon.blk	50	54000	1314	75	10	5	0
uk_challenger_mk_3	Challenger Mk.3	uk_challenger_mk_3_default	Great Britain	7	typeMediumTank	gameData/Weapons/groundModels_weapons/120mm_L11A5_Mk3_Vickers_user_cannon.blk	52	54000	1314	75	10	5	0
uk_charioteer_mk_7	Charioteer Mk VII	uk_charioteer_mk_7_default	Great Britain	4	typeMediumTank	gameData/Weapons/groundModels_weapons/84mm_QQF_20pdr_Mk_I_user_cannon.blk	25	30000	600	75	10	6.25	0
uk_chieftain_900	Chieftain 900	uk_chieftain_900_default	Great Britain	6	typeMediumTank	gameData/Weapons/groundModels_weapons/120mm_OBL_Tk_L11_user_cannon.blk	54	54000	912	75	10	0	0
uk_chieftain_marksman	Chieftain Marksman	uk_chieftain_marksman_default	Great Britain	6	typeSPAA	gameData/Weapons/groundModels_weapons/35mm_Oerlikon_KDA_marksman_user_cannon.blk	250	54000	760	75	10	0	0.045
uk_chieftain_mk_10	Chieftain Mk 10	uk_chieftain_mk_10_default	Great Britain	6	typeMediumTank	gameData/Weapons/groundModels_weapons/120mm_OBL_Tk_L11_user_cannon.blk	53	54000	760	75	10	0	0
uk_chieftain_mk_3	Chieftain Mk 3	uk_chieftain_mk_3_default	Great Britain	6	typeMediumTank	gameData/Weapons/groundModels_weapons/120mm_OBL_Tk_L11_user_cannon.blk	53	54000	660	75	10	0	0
uk_chieftain_mk_5	Chieftain Mk 5	uk_chieftain_mk_5_default	Great Britain	6	typeMediumTank	gameData/Weapons/groundModels_weapons/120mm_OBL_Tk_L11_user_cannon.blk	54	54000	760	75	10	0	0
uk_churchill_avre	Churchill AVRE Petard	uk_churchill_avre_default	Great Britain	2	typeHeavyTank	gameData/Weapons/groundModels_weapons/230mm_petard_spigot_mortar_user_cannon.blk	16	50000	355	75	10	0	0
uk_churchill_na75	Churchill NA75	uk_churchill_na75_default	Great Britain	3	typeHeavyTank	gameData/Weapons/groundModels_weapons/75mm_QQF_MkV_NA75_user_cannon.blk	81	50000	355	75	10	0	0
uk_concept3_ngac	Concept 3	uk_concept3_ngac_default	Great Britain	3	typeLightTank	gameData/Weapons/groundModels_weapons/77mm_QQF_Mk_II_L50_user_cannon.blk	60	5500	209	75	30	0	0
uk_conqueror_mk_2	Conqueror	uk_mk_2_conqueror_default	Great Britain	5	typeHeavyTank	gameData/Weapons/groundModels_weapons/120mm_QQF_Tk_L1A1_user_cannon.blk	35	47000	821	75	10	0	0
uk_cruiser_ram_1	Ram I	uk_cruiser_ram_1_default	Great Britain	2	typeMediumTank	gameData/Weapons/groundModels_weapons/40mm_QF_2pdr_user_cannon.blk	171	31800	400	75	10	0	0
uk_crusader_aa_mk_1	Crusader AA Mk I	uk_centaur_aa_mk_1_default	Great Britain	2	typeSPAA	gameData/Weapons/groundModels_weapons/40mm_Bofors_L60_user_cannon.blk	160	17550	340	75	10	0	0.25
uk_crusader_aa_mk_2	Crusader AA Mk II	uk_centaur_aa_mk_2_default	Great Britain	3	typeSPAA	gameData/Weapons/groundModels_weapons/20mm_Oerlikon_user_cannon.blk	600	17550	340	75	10	0	-0.03
uk_crusader_aa_mk_2_kit_3rank	Crusader AA (Overlord)	uk_centaur_aa_mk_2_default	Great Britain	3	typeSPAA	gameData/Weapons/groundModels_weapons/20mm_Oerlikon_user_cannon.blk	600	17550	340	75	10	0	-0.03
uk_crusader_aa_mk_2_tutorial	Crusader AA Mk II	uk_crusader_aa_mk_2_tutorial_default	Event / Experimental	0	typeSPAA	gameData/Weapons/groundModels_weapons/20mm_Oerlikon_for_tutorial_user_cannon.blk	600	17550	340	75	10	0	-0.03
uk_crusader_mk_2	Crusader II	uk_crusader_mk_2_default	Great Britain	2	typeLightTank	gameData/Weapons/groundModels_weapons/40mm_QF_2pdr_user_cannon.blk	110	31800	340	75	10	0	0
uk_crusader_mk_2_the_saint	Crusader "The Saint"	uk_crusader_mk_2_default	Great Britain	2	typeLightTank	gameData/Weapons/groundModels_weapons/40mm_QF_2pdr_user_cannon.blk	110	31800	340	75	10	0	0
uk_crusader_mk_3	Crusader III	uk_crusader_mk_3_default	Great Britain	2	typeLightTank	gameData/Weapons/groundModels_weapons/57mm_6pdr_QQF_Mk_3_L43_user_cannon.blk	65	31800	340	75	10	0	0
uk_daimler_mk_2	Daimler Mk II	uk_daimler_mk_2_default	Great Britain	1	typeLightTank	gameData/Weapons/groundModels_weapons/40mm_QF_2pdr_user_cannon.blk	52	5500	110	75	30	0	0
uk_desert_warrior	Desert Warrior	uk_desert_warrior_default	Great Britain	7	typeLightTank	gameData/Weapons/groundModels_weapons/25mm_M242_desert_warrior_user_cannon.blk	480	13200	550	75	10	0	0.01
uk_eland_90_mk_7	Eland 90 Mk.7	uk_eland_90_mk_7_default	Great Britain	4	typeLightTank	gameData/Weapons/groundModels_weapons/90mm_GT_2_user_cannon.blk	29	5500	90	75	30	0	0.2
uk_falcon	Falcon	uk_falcon_default	Great Britain	5	typeSPAA	gameData/Weapons/groundModels_weapons/30mm_HSS_831L_user_cannon.blk	340	17550	216	75	10	0	0.045
uk_fv102_striker	Striker	uk_fv102_striker_default	Great Britain	6	typeTankDestroyer	gameData/Weapons/dummy_weapon.blk	1	24000	190	75	10	0	0
uk_fv107_scimitar	Scimitar	uk_fv107_scimitar_default	Great Britain	5	typeLightTank	gameData/Weapons/groundModels_weapons/30mm_L21A1_RARDEN_user_cannon.blk	165	13200	195	75	10	0	0
uk_fv107_scimitar_mk2	Scimitar Mk.2	uk_fv107_scimitar_mk2_default	Great Britain	6	typeLightTank	gameData/Weapons/groundModels_weapons/30mm_L21A1_RARDEN_user_cannon.blk	165	13200	235	75	10	0	0
uk_fv221_caernarvon	Caernarvon	uk_fv221_caernarvon_default	Great Britain	5	typeHeavyTank	gameData/Weapons/groundModels_weapons/84mm_QQF_20pdr_Mk_I_user_cannon.blk	65	47000	821	75	10	6.25	0
uk_fv4004_conway	Conway	uk_fv4004_conway_default	Great Britain	4	typeMediumTank	gameData/Weapons/groundModels_weapons/120mm_QQF_Tk_L1A1_user_cannon.blk	20	30000	635	75	10	0	0
uk_fv4005	FV4005	uk_fv4005_default	Great Britain	4	typeTankDestroyer	gameData/Weapons/groundModels_weapons/183mm_QF_L4_user_cannon.blk	12	47000	650	75	10	0	0
uk_fv4202	FV4202	uk_fv4202_default	Great Britain	4	typeMediumTank	gameData/Weapons/groundModels_weapons/84mm_QQF_20pdr_Mk_I_fume_extractor_user_cannon.blk	50	54000	510	75	10	6.25	0
uk_fv438_swingfire	Swingfire	uk_fv438_swingfire_default	Great Britain	5	typeTankDestroyer	gameData/Weapons/dummy_weapon.blk	1	24000	240	75	10	0	0
uk_fv510_isv	Warrior	uk_fv510_isv_default	Great Britain	6	typeLightTank	gameData/Weapons/groundModels_weapons/30mm_L21A1_RARDEN_user_cannon.blk	225	13200	550	75	10	0	0
uk_fv721_fox	Fox	uk_fv721_fox_default	Great Britain	5	typeLightTank	gameData/Weapons/groundModels_weapons/30mm_L21A1_RARDEN_user_cannon.blk	99	5500	195	75	30	0	0
uk_g6_spg	G6	uk_g6_spg_default	Great Britain	4	typeTankDestroyer	gameData/Weapons/groundModels_weapons/155mm_G6_L45_user_cannon.blk	41	5500	550	75	30	0	0
uk_garford_putilov_event	Garford	ussr_garford_putilov_default	Event / Experimental	1	typeLightTank	gameData/Weapons/groundModels_weapons/76mm_1910_16_user_cannon.blk	44	5500	135	75	30	0	0.3
uk_khalid	Khalid	uk_khalid_default	Great Britain	6	typeMediumTank	gameData/Weapons/groundModels_weapons/120mm_OBL_Tk_L11_user_cannon.blk	54	54000	1314	75	10	0	0
uk_m109a1	M109A1	us_m109a1_default	Great Britain	4	typeTankDestroyer	gameData/Weapons/groundModels_weapons/155mm_M185_user_cannon.blk	28	47000	405	75	10	0	0
uk_m1a1_aim_abrams	M1A1	us_m1a1_aim_abrams_default	Great Britain	7	typeMediumTank	gameData/Weapons/groundModels_weapons/120mm_M256_KE_W_user_cannon.blk	40	54000	1519	75	10	5	0.5
uk_m1a2_sep3_abrams	M1A2	us_m1a2_sep3_abrams_default	Great Britain	8	typeMediumTank	gameData/Weapons/groundModels_weapons/120mm_m256_m1a2t_user_cannon.blk	42	54000	1519	75	10	5	0.5
uk_m3_stuart	Stuart I	uk_m3_stuart_default	Great Britain	1	typeLightTank	gameData/Weapons/groundModels_weapons/37mm_M5_early_user_cannon.blk	103	11520	262	75	10	0	0
uk_m3a1_stuart	Stuart III	uk_m3a1_stuart_default	Great Britain	1	typeLightTank	gameData/Weapons/groundModels_weapons/37mm_M6_user_cannon.blk	106	11520	262	75	10	0	0
uk_m44	M44	us_m44_default	Great Britain	3	typeTankDestroyer	gameData/Weapons/groundModels_weapons/155mm_m45_user_cannon.blk	24	7000	500	75	10	0	0.25
uk_m4a5_ram_2	Ram II	us_m4a5_ram_2_default	Great Britain	2	typeMediumTank	gameData/Weapons/groundModels_weapons/57mm_6pdr_QQF_Mk_3_L43_user_cannon.blk	92	31800	400	75	10	0	0
uk_machinegun_hotchkiss_mle_1914	Hotchkiss Mle 1909	uk_machinegun_hotchkiss_mle_1914_default	Event / Experimental	0	typeLightTank	gameData/Weapons/groundModels_weapons/8mm_Hotchkiss_Mle1914_user_machinegun.blk	5000	9700	1	0	0	0	0
uk_mark_v	Mark V	uk_mark_v_default	Great Britain	1	typeMediumTank	gameData/Weapons/groundModels_weapons/57mm_qf_6pdr_user_cannon.blk	141	46000	150	75	10	0	0
uk_mark_v_event	Mark V	uk_mark_v_default	Event / Experimental	1	typeMediumTank	gameData/Weapons/groundModels_weapons/57mm_qf_6pdr_user_cannon.blk	141	46000	255	75	10	0	0
uk_marmon_herrington_mk_6_2pdr	SARC MkVI (2pdr)	uk_marmon_herrington_mk_6_2pdr_default	Great Britain	2	typeLightTank	gameData/Weapons/groundModels_weapons/40mm_QF_2pdr_user_cannon.blk	80	5500	190	75	30	0	0
uk_marmon_herrington_mk_6_6pdr	SARC MkVI (6pdr)	uk_marmon_herrington_mk_6_6pdr_default	Great Britain	2	typeLightTank	gameData/Weapons/groundModels_weapons/57mm_6pdr_QQF_Mk_3_L43_user_cannon.blk	60	5500	190	75	30	0	0
uk_matilda_hedgehog	Matilda Hedgehog	uk_matilda_hedgehog_default	Great Britain	2	typeHeavyTank	gameData/Weapons/groundModels_weapons/40mm_QF_2pdr_user_cannon.blk	93	50000	190	75	10	0	0
uk_mk1_grant	Grant I	us_mk1_grant_default	Great Britain	2	typeMediumTank	gameData/Weapons/groundModels_weapons/37mm_M5_user_cannon_for_M3_Lee.blk	128	31800	400	75	10	0	0
uk_olifant_mk_1a	Olifant Mk.1A	uk_olifant_mk_1a_default	Great Britain	6	typeMediumTank	gameData/Weapons/groundModels_weapons/105mm_GT3_user_cannon.blk	72	47000	750	75	10	0	0
uk_olifant_mk_2	Olifant Mk.2	uk_olifant_mk_2_default	Great Britain	6	typeMediumTank	gameData/Weapons/groundModels_weapons/105mm_GT_8_user_cannon.blk	64	5500	1050	75	10	0	0.5
uk_ram_90mm_aa	QF 3.7 Ram	uk_ram_90mm_aa	Great Britain	3	typeTankDestroyer	gameData/Weapons/groundModels_weapons/94mm_QF_Mk1_user_cannon.blk	44	9500	800	75	10	0	0
uk_ratel_20	Ratel 20	uk_ratel_20_default	Great Britain	4	typeLightTank	gameData/Weapons/groundModels_weapons/20mm_GI_2_user_cannon.blk	1200	5500	310	75	30	0	0.1
uk_ratel_90	Ratel 90	uk_ratel_90_default	Great Britain	4	typeLightTank	gameData/Weapons/groundModels_weapons/90mm_GT_2_user_cannon.blk	53	5500	310	75	30	0	1
uk_ratel_zt3	ZT3A2	uk_ratel_zt3_default	Great Britain	6	typeTankDestroyer	gameData/Weapons/groundModels_weapons/127mm_ZT_3_launcher_user_cannon.blk	15	5500	310	75	30	0	0
uk_rooikat_105_td	Rooikat 105	uk_rooikat_105_td_default	Great Britain	6	typeLightTank	gameData/Weapons/groundModels_weapons/105mm_GT_7_user_cannon.blk	32	5500	567	75	30	0	0
uk_rooikat_76	Rooikat Mk.1D	uk_rooikat_76_default	Great Britain	6	typeLightTank	gameData/Weapons/groundModels_weapons/76mm_GT_4_user_cannon.blk	48	5500	567	75	30	0	0
uk_rooikat_mttd	Rooikat MTTD	uk_rooikat_mttd_default	Great Britain	6	typeLightTank	gameData/Weapons/groundModels_weapons/105mm_GT_7_user_cannon.blk	32	5500	567	75	30	0	0
uk_rooikat_za_35	ZA-35	uk_rooikat_za_35_default	Great Britain	6	typeSPAA	gameData/Weapons/groundModels_weapons/35mm_GA_35_user_cannon.blk	230	5500	567	75	30	0	0.045
uk_saint_chamond_event	St-Chamond	fr_saint_chamond_default	Event / Experimental	1	typeMediumTank	gameData/Weapons/groundModels_weapons/75mm_1897_user_cannon.blk	106	46000	250	75	10	0	0
uk_sarc_mk4_a	SARC MkIVa	uk_sarc_mk4_a_default	Great Britain	1	typeLightTank	gameData/Weapons/groundModels_weapons/40mm_QF_2pdr_user_cannon.blk	37	5500	95	75	30	0	0
uk_sherman_ic_firefly	Sherman IC "Trzyniec"	uk_sherman_ic_firefly_default	Great Britain	3	typeMediumTank	gameData/Weapons/groundModels_weapons/76mm_17pdr_QF_user_cannon.blk	80	31800	400	75	10	0	0
uk_sherman_ii	Sherman II	us_m4a1_1942_sherman_default	Great Britain	2	typeMediumTank	gameData/Weapons/groundModels_weapons/75mm_m3_user_cannon.blk	90	31800	400	75	10	0	0
uk_sherman_vc_firefly	Sherman Firefly	uk_sherman_vc_firefly_default	Great Britain	3	typeMediumTank	gameData/Weapons/groundModels_weapons/76mm_17pdr_QF_user_cannon.blk	80	31800	425	75	10	0	0
uk_sherman_vc_firefly_kit_3rank	Firefly (Overlord)	uk_sherman_vc_firefly_default	Great Britain	3	typeMediumTank	gameData/Weapons/groundModels_weapons/76mm_17pdr_QF_user_cannon.blk	80	31800	425	75	10	0	0
uk_shir_2	FV4030/3	uk_shir_2_default	Great Britain	6	typeMediumTank	gameData/Weapons/groundModels_weapons/120mm_L11A5_user_cannon.blk	52	54000	1314	75	10	5	0
uk_skink_aa	Skink	uk_skink_aa_default	Great Britain	4	typeSPAA	gameData/Weapons/groundModels_weapons/20mm_Polsten_user_cannon.blk	480	31800	400	75	10	0	0.045
uk_sky_sabre_fcs	Sky Sabre (TADS)	uk_sky_sabre_launcher_default	Great Britain	8	typeSPAA	gameData/Weapons/dummy_weapon.blk	1	5500	440	75	30	0	0
uk_sky_sabre_launcher	Sky Sabre (TEL)	uk_sky_sabre_launcher_default	Great Britain	8	typeSPAA	gameData/Weapons/dummy_weapon.blk	1	5500	440	75	30	0	0
uk_sp_17_pdr_valentine	Archer	uk_sp_17_pdr_valentine_default	Great Britain	2	typeTankDestroyer	gameData/Weapons/groundModels_weapons/76mm_17pdr_QF_open_turret_user_cannon.blk	39	30000	195	75	10	4.725898	0
uk_stormer_air_defence	Stormer AD	uk_stormer_air_defence_default	Great Britain	7	typeSPAA	gameData/Weapons/groundModels_weapons/25mm_GAU_12U_user_cannon.blk	500	24000	250	75	10	0	0
uk_stormer_hvm	Stormer HVM	uk_stormer_hvm_default	Great Britain	7	typeSPAA	gameData/Weapons/dummy_weapon.blk	1	24000	250	75	10	0	0
uk_t_90s_bheeshma	Bhishma TWMP	uk_t_90s_bheeshma_default	Great Britain	7	typeMediumTank	gameData/Weapons/groundModels_weapons/125mm_2A46_M5_t_90s_bheeshma_user_cannon.blk	43	50000	1000	75	10	0	0
uk_t17e2	Staghound AA	uk_t17e2_default	Great Britain	1	typeSPAA	gameData/Weapons/groundModels_weapons/12_7mm_M2_HB_user_machinegun_for_M15.blk	1400	5500	194	75	30	0	0.03
uk_tog_2	TOG II	uk_tog_2_default	Great Britain	3	typeHeavyTank	gameData/Weapons/groundModels_weapons/94mm_qf_28pdr_user_cannon.blk	68	50000	600	75	10	0	0
uk_tracked_rapier	Rapier	uk_tracked_rapier_default	Great Britain	6	typeSPAA	gameData/Weapons/dummy_weapon.blk	1	17550	213	75	10	0	0
uk_truck_us6_studebaker_board	Studebaker US6	uk_truck_us6_studebaker_board_default	Event / Experimental	0	typeLightTank		0	5500	94	75	10	0	0
uk_truck_us6_studebaker_tent	Studebaker US6	uk_truck_us6_studebaker_tent_default	Event / Experimental	0	typeLightTank		0	5500	94	75	10	0	0
uk_ttd	TTD	uk_ttd_default	Great Britain	7	typeMediumTank	gameData/Weapons/groundModels_weapons/105mm_GT3_TTD_user_cannon.blk	54	5500	1250	75	10	0	0.5
uk_valentine_mk_1	Valentine I	uk_valentine_mk_1_default	Great Britain	2	typeMediumTank	gameData/Weapons/groundModels_weapons/40mm_QF_2pdr_user_cannon.blk	61	47000	135	75	10	0	0
uk_valentine_mk_11	Valentine XI	uk_valentine_mk_11_default	Great Britain	2	typeMediumTank	gameData/Weapons/groundModels_weapons/75mm_QQF_MkV_user_cannon.blk	45	47000	165	75	10	0	0
uk_valentine_mk_9	Valentine IX	uk_valentine_mk_9_default	Great Britain	2	typeMediumTank	gameData/Weapons/groundModels_weapons/57mm_6pdr_QQF_Mk_3_L43_user_cannon.blk	53	47000	165	75	10	0	0
uk_vfm_5	VFM5	uk_vfm_5__default	Great Britain	6	typeLightTank	gameData/Weapons/groundModels_weapons/105mm_LRF_user_cannon.blk	41	28500	575	75	10	0	0.2
uk_vickers_gbt_155	GBT 155	uk_vickers_gbt_155_default	Great Britain	4	typeTankDestroyer	gameData/Weapons/groundModels_weapons/155mm_L_39_user_cannon.blk	31	47000	720	75	10	6.493506	0
uk_vickers_mbt_mk_1	Vickers Mk.1	uk_vickers_mbt_mk_1_default	Great Britain	5	typeMediumTank	gameData/Weapons/groundModels_weapons/105mm_L7_user_cannon.blk	44	54000	709	75	10	5	0
uk_vickers_mbt_mk_3	Vickers Mk.3	uk_vickers_mbt_mk_3_default	Great Britain	6	typeMediumTank	gameData/Weapons/groundModels_weapons/105mm_L7_Mk_3_user_cannon.blk	50	54000	720	75	10	6.666667	0
uk_vickers_mk_11	Vickers Mk.11	uk_vickers_mk_11_default	Great Britain	6	typeLightTank	gameData/Weapons/groundModels_weapons/105mm_LRF_user_cannon.blk	31	5500	350	75	30	6.666667	0
uk_vickers_mk_6_aa_mk_1	Light AA Mk I	uk_vickers_mk_6_aa_mk_1_default	Great Britain	1	typeSPAA	gameData/Weapons/groundModels_weapons/7_92mm_BESA_AA_user_machinegun.blk	900	54000	88	75	10	0	0
uk_vickers_mk7	Vickers Mk.7	uk_vickers_mk7_default	Great Britain	7	typeMediumTank	gameData/Weapons/groundModels_weapons/120mm_L11A5_Mk3_Vickers_user_cannon.blk	50	47000	1500	75	10	5.9988	0.37
uk_vijayanta	Vijayanta	uk_vijayanta_default	Great Britain	6	typeMediumTank	gameData/Weapons/groundModels_weapons/105mm_L7_Mk_3_user_cannon.blk	44	54000	608	75	10	5	0
uk_ystervark_spaa	Ystervark	uk_ystervark_spaa_default	Great Britain	3	typeSPAA	gameData/Weapons/groundModels_weapons/20mm_GAI_CO1_user_cannon.blk	600	5500	124	75	30	0	0
us_adats_bradley	ADATS	us_adats_bradley_default	USA	8	typeSPAA	gameData/Weapons/groundModels_weapons/25mm_M242_HR_user_cannon.blk	200	17550	507	75	10	0	0.01
us_ags_teledyne	AGS	us_ags_teledyne_default	USA	7	typeLightTank	gameData/Weapons/groundModels_weapons/105mm_M68A1_AGS_user_cannon.blk	30	23040	600	75	10	0	0
us_ai_aew_radar_tps_59	AN/TPS-59 radar	us_ai_aew_radar_tps_59_default	Event / Experimental	0	typeLightTank	gameData/Weapons/dummy_weapon.blk	1	5000	1	0	0	0	0
us_ai_mlrs_m270	M270 MLRS	us_ai_mlrs_m270_default	Event / Experimental	0	typeTankDestroyer	gameData/Weapons/groundModels_weapons/227mm_m270_rocket_launcher.blk	12	24756	600	75	10	0	0
us_ai_sam_launcher_m192	HAWK" launcher	us_ai_sam_launcher_m192_default	Event / Experimental	0	typeLightTank	gameData/Weapons/groundModels_weapons/370mm_I_HAWK_rocket_launcher.blk	3	5000	1	0	0	0	0
us_ai_sam_launcher_m901	Patriot" launcher	us_ai_sam_launcher_m901_default	Event / Experimental	0	typeLightTank	gameData/Weapons/groundModels_weapons/410mm_patriot_mim_104_rocket_launcher.blk	4	36000	1	0	0	0	0
us_ai_sam_radar_an_mpq_46	HAWK" radar	us_ai_sam_radar_an_mpq_46_default	Event / Experimental	0	typeLightTank	gameData/Weapons/dummy_weapon.blk	1	5000	1	0	0	0	0
us_ai_sam_radar_an_mpq_53	Patriot" radar	us_ai_sam_radar_an_mpq_53_default	Event / Experimental	0	typeLightTank	gameData/Weapons/dummy_weapon.blk	1	5000	1	0	0	0	0
us_ai_sam_radar_cwar	CWAR" radar	us_ai_sam_radar_cwar_default	Event / Experimental	0	typeLightTank	gameData/Weapons/dummy_weapon.blk	1	5000	1	0	0	0	0
us_ai_tbm_m752_lance	Lance" TBM	us_ai_tbm_m752_lance_default	Event / Experimental	0	typeLightTank	gameData/Weapons/groundModels_weapons/557mm_mgm_52_rocket_launcher.blk	1	18145	300	75	10	0	0
us_amx_13_75	AMX-13	fr_amx_13_75_default	Event / Experimental	0	typeLightTank	gameData/Weapons/groundModels_weapons/75mm_SA_50_user_cannon.blk	36	18400	270	75	10	0	0
us_amx_13_90	AMX-13-90	fr_amx_13_90_default	Event / Experimental	0	typeLightTank	gameData/Weapons/groundModels_weapons/90mm_CN_90_F3_user_cannon.blk	34	18400	270	75	10	0	0
us_apc_m113	M113	us_apc_m113_default	Event / Experimental	0	typeTankDestroyer	gameData/Weapons/groundModels_weapons/12_7mm_M2_HB_user_machinegun.blk	1000	17550	215	75	10	0	0
us_at_gun_m1	57 mm AT M1	uk_at_gun_qf6pounder_default	Event / Experimental	0	typeLightTank	gameData/Weapons/groundModels_weapons/57mm_6pdr_QQF_Mk_3_L43_user_cannon.blk	318	9700	1	0	0	0	0.25
us_at_m40	106 mm AT М40	us_at_m40_default	Event / Experimental	0	typeLightTank	gameData/Weapons/groundModels_weapons/106mm_M40A1C_user_cannon.blk	318	9700	1	0	0	0	0.25
us_ccvl	CCVL	us_ccvl_default	USA	7	typeLightTank	gameData/Weapons/groundModels_weapons/105mm_M68A1_AGS_user_cannon.blk	43	54000	575	75	10	0	0.5
us_efv_p1	EFV	us_efv_p1_default	USA	6	typeLightTank	gameData/Weapons/groundModels_weapons/30mm_Bushmaster_2_Mk_44_efv_p1_user_cannon.blk	600	13200	864	75	10	0	0.03
us_halftrack_m13	M13 MGMC	us_halftrack_m13_default	USA	1	typeSPAA	gameData/Weapons/groundModels_weapons/12_7mm_M2_HB_user_machinegun_for_M15.blk	2400	11050	148	75	10	0	0.03
us_halftrack_m15	M15 CGMC	us_halftrack_m15_default	USA	1	typeSPAA	gameData/Weapons/groundModels_weapons/37mm_M1A2_user_cannon.blk	240	9000	148	75	10	0	0
us_halftrack_m16	M16 MGMC	us_halftrack_m16_default	USA	2	typeSPAA	gameData/Weapons/groundModels_weapons/12_7mm_M2_HB_user_machinegun_for_M15.blk	1200	11050	148	75	10	0	0.03
us_halftrack_m3_75mm_gmc	M3 GMC	us_halftrack_m3_75mm_gmc_default	USA	1	typeTankDestroyer	gameData/Weapons/groundModels_weapons/75mm_m1897a4_user_cannon.blk	60	9000	148	75	10	0	0
us_hstv_l	HSTV-L	us_hstv_l_default	USA	7	typeLightTank	gameData/Weapons/groundModels_weapons/75mm_XM274_Ares_user_cannon.blk	26	23040	650	75	10	1	0
us_lav_ad	LAV-AD	us_lav_ad_default	USA	7	typeSPAA	gameData/Weapons/groundModels_weapons/25mm_GAU_12U_Equalizer_user_cannon.blk	1155	5500	275	75	30	0	0
us_losat_ccv	LOSAT	us_losat_ccv_default	USA	7	typeTankDestroyer	gameData/Weapons/dummy_weapon.blk	1	20000	575	75	10	0	0
us_lvt_4_zis_2	LVT(A)(4) (ZIS-2)	us_lvt_4_zis_2_default	USA	2	typeLightTank	gameData/Weapons/groundModels_weapons/57mm_ZIS2_user_cannon.blk	76	15615	250	75	10	4	0
us_lvt_a_1	LVT(A)(1)	us_lvt_a_1_default	USA	1	typeLightTank	gameData/Weapons/groundModels_weapons/37mm_M6_user_cannon.blk	104	15615	250	75	10	0	0
us_lvt_a_1_trb	LVT(A)(1)	us_lvt_a_1_default	USA	1	typeLightTank	gameData/Weapons/groundModels_weapons/37mm_M6_user_cannon.blk	104	15615	250	75	10	0	0
us_lvt_a_4	LVT(A)(4)	us_lvt_a_4_default	USA	1	typeLightTank	gameData/Weapons/groundModels_weapons/75mm_M2_howitzer_user_cannon.blk	100	15615	250	75	10	0	0
us_lvt_a1_m24	LVT(A)(1) (M24)	us_lvt_a1_m24_default	USA	2	typeLightTank	gameData/Weapons/groundModels_weapons/75mm_M6_user_cannon.blk	48	50000	250	60	10	0	0
us_m1_abrams	M1 Abrams	us_m1_abrams_default	USA	7	typeMediumTank	gameData/Weapons/groundModels_weapons/105mm_M68A1_user_cannon.blk	55	54000	1519	75	10	0	0.5
us_m1_abrams_kvt	M1 KVT	us_m1_abrams_kvt_default	USA	7	typeMediumTank	gameData/Weapons/groundModels_weapons/105mm_M68A1_user_cannon.blk	55	54000	1519	75	10	0	0.5
us_m1_ip_abrams	IPM1	us_m1_ip_abrams_default	USA	7	typeMediumTank	gameData/Weapons/groundModels_weapons/105mm_M68A1_IP_user_cannon.blk	55	54000	1519	75	10	0	0.5
us_m10	M10 GMC	us_m10_default	USA	2	typeTankDestroyer	gameData/Weapons/groundModels_weapons/76mm_M7_for_M10_user_cannon.blk	54	30000	410	75	10	5	0
us_m10_booker_late	M10 Booker	us_m10_booker_late_default	USA	7	typeLightTank	gameData/Weapons/groundModels_weapons/105mm_m35_user_cannon.blk	30	18400	816	75	10	0	0
us_m103	M103	us_m103_default	USA	5	typeHeavyTank	gameData/Weapons/groundModels_weapons/120mm_M58_user_cannon.blk	33	56250	810	75	10	0	0
us_m109a1	M109A1	us_m109a1_default	USA	4	typeTankDestroyer	gameData/Weapons/groundModels_weapons/155mm_M185_user_cannon.blk	28	47000	405	75	10	0	0
us_m1128_mgs	M1128	us_m1128_mgs_default	USA	7	typeLightTank	gameData/Weapons/groundModels_weapons/105mm_M68A1_E8_user_cannon.blk	18	5500	350	75	30	0	0
us_m1128_wolfpack	M1128 Wolfpack	us_m1128_wolfpack_default	USA	7	typeLightTank	gameData/Weapons/groundModels_weapons/105mm_M68A1_E8_user_cannon.blk	18	5500	350	75	30	0	0
us_m1296_dragoon	M1296	us_m1296_dragoon_default	USA	6	typeLightTank	gameData/Weapons/groundModels_weapons/30mm_xm_813_user_cannon.blk	624	5500	350	75	30	0	0.02
us_m163_vulcan	M163	us_m163_vulcan_default	USA	5	typeSPAA	gameData/Weapons/groundModels_weapons/20mm_M168_user_cannon.blk	2200	17550	212	75	10	0	0
us_m18_hellcat	M18 GMC	us_m18_hellcat_default	USA	3	typeLightTank	gameData/Weapons/groundModels_weapons/76mm_M1_open_turret_user_cannon.blk	45	17690	460	75	10	6.060606	0
us_m18_hellcat_black_cat	M18 "Black Cat"	us_m18_hellcat_black_cat_default	USA	3	typeLightTank	gameData/Weapons/groundModels_weapons/76mm_M1_open_turret_no_MB_user_cannon.blk	45	17690	460	75	10	6.060606	0
us_m18_hellcat_black_cat_race	Racing" M18	us_m18_hellcat_race_default	USA	3	typeTankDestroyer	gameData/Weapons/dummy_weapon.blk	45	17690	1200	75	10	6.060606	0
us_m18_hellcat_kit_3rank	Hellcat (Hell)	us_m18_hellcat_default	USA	3	typeLightTank	gameData/Weapons/groundModels_weapons/76mm_M1_open_turret_user_cannon.blk	45	17690	460	75	10	6.060606	0
us_m18_super_hellcat	Super Hellcat	us_m18_super_hellcat_default	USA	4	typeLightTank	gameData/Weapons/groundModels_weapons/90mm_M3_open_turret_user_cannon.blk	31	17690	400	75	10	6.993007	0
us_m19	M19A1	us_m19_default	USA	3	typeSPAA	gameData/Weapons/groundModels_weapons/40mm_M2_user_cannon.blk	176	17550	296	75	10	0	0.25
us_m1a1_abrams	M1A1	us_m1a1_abrams_default	USA	7	typeMediumTank	gameData/Weapons/groundModels_weapons/120mm_M256_user_cannon.blk	40	54000	1519	75	10	5	0.5
us_m1a1_abrams_yt_cup_2019	M1A1	us_m1a1_abrams_default	USA	7	typeMediumTank	gameData/Weapons/groundModels_weapons/120mm_M256_user_cannon.blk	40	54000	1519	75	10	5	0.5
us_m1a1_aim_abrams	M1A1 AIM	us_m1a1_aim_abrams_default	USA	7	typeMediumTank	gameData/Weapons/groundModels_weapons/120mm_M256_KE_W_user_cannon.blk	40	54000	1519	75	10	5	0.5
us_m1a1_hc_abrams	M1A1 HC	us_m1a1_hc_abrams_default	USA	7	typeMediumTank	gameData/Weapons/groundModels_weapons/120mm_M256_M1A2_user_cannon.blk	40	54000	1519	75	10	5	0.5
us_m1a1_hc_usmc	M1A1 Click-Bait	us_m1a1_hc_usmc_default	USA	7	typeMediumTank	gameData/Weapons/groundModels_weapons/120mm_M256_M1A2_user_cannon.blk	40	54000	1519	75	10	5	0.5
us_m1a1_hc_usmc_sm	M1A1 HC	us_m1a1_hc_usmc_default	USA	7	typeMediumTank	gameData/Weapons/groundModels_weapons/120mm_M256_M1A2_user_cannon.blk	40	54000	1519	75	10	5	0.5
us_m1a2_abrams	M1A2 Abrams	us_m1a2_abrams_default	USA	7	typeMediumTank	gameData/Weapons/groundModels_weapons/120mm_M256_M1A2_user_cannon.blk	42	54000	1519	75	10	5	0.5
us_m1a2_sep_abrams	M1A2 SEP	us_m1a2_sep_abrams_default	USA	8	typeMediumTank	gameData/Weapons/groundModels_weapons/120mm_M256_M1A3_user_cannon.blk	42	54000	1519	75	10	5	0.5
us_m1a2_sep2_abrams	M1A2 SEP V2	us_m1a2_sep2_abrams_default	USA	8	typeMediumTank	gameData/Weapons/groundModels_weapons/120mm_M256_M1A3_user_cannon.blk	42	54000	1519	75	10	5	0.5
us_m1a2_sep2_abrams_trophy	M1A2 (Trophy-HV)	us_m1a2_sep2_abrams_trophy_default	USA	8	typeMediumTank	gameData/Weapons/groundModels_weapons/120mm_M256_M1A3_user_cannon.blk	42	54000	1519	75	10	5	0.5
us_m1a2_sep3_abrams	M1A2 SEP V3	us_m1a2_sep3_abrams_default	USA	8	typeMediumTank	gameData/Weapons/groundModels_weapons/120mm_M256_M1A3_user_cannon.blk	42	54000	1519	75	10	5	0.5
us_m2_medium	M2	us_m2_medium_default	USA	1	typeMediumTank	gameData/Weapons/groundModels_weapons/37mm_M3_user_cannon.blk	200	17246	350	75	10	0	0
us_m22_locust	M22	us_m22_locust_default	USA	1	typeLightTank	gameData/Weapons/groundModels_weapons/37mm_M6_user_cannon.blk	50	7445	192	75	10	0	0.25
us_m24_chaffee	M24	us_m24_chaffee_default	USA	3	typeLightTank	gameData/Weapons/groundModels_weapons/75mm_M6_user_cannon.blk	48	18400	296	75	10	0	0
us_m24_chaffee_tl	M24 (TL)	us_m24_chaffee_default	USA	3	typeLightTank	gameData/Weapons/groundModels_weapons/75mm_M6_user_cannon.blk	48	18400	296	75	10	0	0
us_m247	M247	us_m247_default	USA	6	typeSPAA	gameData/Weapons/groundModels_weapons/40mm_M266_user_cannon.blk	250	43650	750	75	10	0	0.25
us_m26_pershing	M26	us_m26_pershing_default	USA	4	typeMediumTank	gameData/Weapons/groundModels_weapons/90mm_M3_user_cannon.blk	70	41560	500	75	10	0	0
us_m26_pershing_tutorial	M26	us_m26_pershing_tutorial_default	Event / Experimental	0	typeMediumTank	gameData/Weapons/groundModels_weapons/90mm_M3_user_cannon.blk	70	41560	500	75	10	5	0
us_m26_t99	M26 T99	us_m26_t99_default	USA	4	typeMediumTank	gameData/Weapons/groundModels_weapons/90mm_M3_user_cannon.blk	70	41560	500	75	10	0	0
us_m26e1_pershing	M26E1	us_m26e1_pershing_default	USA	4	typeMediumTank	gameData/Weapons/groundModels_weapons/90mm_T54_user_cannon.blk	41	41560	500	75	10	0	0
us_m2a2	M2A2	us_m2a2_default	USA	1	typeLightTank	gameData/Weapons/groundModels_weapons/12_7mm_M2_HB_user_machinegun_for_M15.blk	1400	11520	262	75	10	0	0
us_m2a4	M2A4	us_m2a4_default	USA	1	typeLightTank	gameData/Weapons/groundModels_weapons/37mm_M5_early_user_cannon.blk	103	11520	262	75	10	0	0
us_m2a4_1st_armor_div	M2A4 (1st Arm.Div.)	us_m2a4_default	USA	1	typeLightTank	gameData/Weapons/groundModels_weapons/37mm_M5_early_user_cannon.blk	103	11520	262	75	10	0	0
us_m3_bradley	M3 Bradley	us_m3_bradley_default	USA	6	typeLightTank	gameData/Weapons/groundModels_weapons/25mm_M242_user_cannon.blk	1500	17550	507	75	10	0	0.01
us_m3_lee	M3 Lee	us_m3_lee_default	USA	2	typeMediumTank	gameData/Weapons/groundModels_weapons/37mm_M5_user_cannon_for_M3_Lee.blk	179	31800	400	75	10	0	0
us_m3_stuart	M3 Stuart	us_m3_stuart_default	USA	1	typeLightTank	gameData/Weapons/groundModels_weapons/37mm_M5_early_user_cannon.blk	103	11520	262	75	10	0	0
us_m36	M36 GMC	us_m36_default	USA	3	typeTankDestroyer	gameData/Weapons/groundModels_weapons/90mm_M3_open_turret_without_MB_user_cannon.blk	47	30000	500	75	10	6.993007	0
us_m36b2	M36B2	us_m36b2_default	USA	3	typeTankDestroyer	gameData/Weapons/groundModels_weapons/90mm_M3_M36B2_user_cannon.blk	47	30000	410	75	10	6.993007	0
us_m3a1_stuart	M3A1 Stuart	us_m3a1_stuart_default	USA	1	typeLightTank	gameData/Weapons/groundModels_weapons/37mm_M6_user_cannon.blk	106	11520	262	75	10	0	0
us_m3a1_stuart_usmc	M3A1 (USMC)	us_m3a1_stuart_default	USA	1	typeLightTank	gameData/Weapons/groundModels_weapons/37mm_M6_user_cannon.blk	106	11520	262	75	10	0	0
us_m3a3_bradley	M3A3 Bradley	us_m3a3_bradley_default	USA	7	typeLightTank	gameData/Weapons/groundModels_weapons/25mm_M242_user_cannon.blk	1500	17550	600	75	10	0	0.01
us_m4_sherman	M4	us_m4_sherman_default	USA	2	typeMediumTank	gameData/Weapons/groundModels_weapons/75mm_m3_user_cannon.blk	97	31800	400	75	10	0	0
us_m4_sherman_calliope	Calliope	us_m4_sherman_calliope_default	USA	3	typeMediumTank	gameData/Weapons/groundModels_weapons/75mm_m3_user_cannon.blk	97	31800	400	75	10	0	0
us_m4_sherman_promo	M4	us_m4_sherman_default	USA	2	typeMediumTank	gameData/Weapons/groundModels_weapons/75mm_m3_user_cannon.blk	97	31800	400	75	10	0	0
us_m4_t26	M4/T26	us_m4_t26_default	USA	4	typeMediumTank	gameData/Weapons/groundModels_weapons/90mm_M3_user_cannon.blk	76	33390	460	75	10	0	0
us_m41_walker_bulldog	M41A1	us_m41_walker_bulldog_default	USA	4	typeLightTank	gameData/Weapons/groundModels_weapons/76mm_M32_user_cannon.blk	65	23040	500	75	10	0	0
us_m42_duster	M42	us_m42_duster_default	USA	3	typeSPAA	gameData/Weapons/groundModels_weapons/40mm_M2_user_cannon.blk	240	22600	500	75	10	0	0.25
us_m44	M44	us_m44_default	USA	3	typeTankDestroyer	gameData/Weapons/groundModels_weapons/155mm_m45_user_cannon.blk	24	7000	500	75	10	0	0.25
us_m46_patton	M46	us_m46_patton_default	USA	4	typeMediumTank	gameData/Weapons/groundModels_weapons/90mm_M3A1_user_cannon.blk	70	43650	810	75	10	0	0
us_m46_patton_73_armor_bat	M46 "Tiger"	us_m46_patton_73_armor_bat_default	USA	4	typeMediumTank	gameData/Weapons/groundModels_weapons/90mm_M3A1_user_cannon.blk	70	43650	810	75	10	0	0
us_m47_patton_ii	M47	us_m47_patton_II_default	USA	5	typeMediumTank	gameData/Weapons/groundModels_weapons/90mm_M36_user_cannon.blk	71	43650	810	75	10	7.496252	0
us_m48a1_patton_iii	M48A1	us_m48a1_patton_III_default	USA	5	typeMediumTank	gameData/Weapons/groundModels_weapons/90mm_M41_user_cannon.blk	60	43650	810	75	10	5.9988	0
us_m4a1_1942_sherman	M4A1	us_m4a1_1942_sherman_default	USA	2	typeMediumTank	gameData/Weapons/groundModels_weapons/75mm_m3_user_cannon.blk	90	31800	400	75	10	0	0
us_m4a1_76w_sherman	M4A1 (76) W	us_m4a1_76w_sherman_default	USA	3	typeMediumTank	gameData/Weapons/groundModels_weapons/76mm_M1_no_MB_user_cannon.blk	71	31800	400	75	10	0	0
us_m4a2_1944	M4A2 (1944)	us_m4a2_1944_default	Event / Experimental	0	typeMediumTank	gameData/Weapons/groundModels_weapons/75mm_m3_user_cannon.blk	97	31800	410	75	10	0	0
us_m4a2_1944_germ	M4 748 (a)	us_m4a2_1944_default	Germany	3	typeMediumTank	gameData/Weapons/groundModels_weapons/75mm_m3_user_cannon.blk	97	31800	410	75	10	0	0
us_m4a2_76w_sherman	M4A2 (76) W	us_m4a2_76w_sherman_default	USA	3	typeMediumTank	gameData/Weapons/groundModels_weapons/76mm_M1_user_cannon.blk	71	33390	410	75	10	0	0
us_m4a2_76w_sherman_tutorial	M4A2 (76) W	us_m4a2_76w_sherman_tutorial_default	Event / Experimental	0	typeMediumTank	gameData/Weapons/groundModels_weapons/76mm_M1_user_cannon.blk	71	33390	410	75	10	3.333333	0
us_m4a2_sherman	M4A2	us_m4a2_1944_default	USA	2	typeMediumTank	gameData/Weapons/groundModels_weapons/75mm_m3_user_cannon.blk	97	31800	410	75	10	0	0
us_m4a3_105_sherman	M4A3 (105)	us_m4a3_105_sherman_default	USA	2	typeMediumTank	gameData/Weapons/groundModels_weapons/105mm_M4_user_cannon.blk	66	33390	500	75	10	0	0
us_m4a3e2_76w_sherman_jumbo	M4A3E2 (76) W	us_m4a1_76w_sherman_default	USA	4	typeHeavyTank	gameData/Weapons/groundModels_weapons/76mm_M1_no_MB_user_cannon.blk	71	31800	500	75	10	0	0
us_m4a3e2_sherman_jumbo	M4A3E2	us_m4a3e2_sherman_jumbo_default	USA	3	typeHeavyTank	gameData/Weapons/groundModels_weapons/75mm_m3_user_cannon.blk	104	31800	500	75	10	0	0
us_m4a3e2_sherman_jumbo_cobra_king	Cobra King	us_m4a3e2_sherman_jumbo_cobra_king_default	USA	3	typeHeavyTank	gameData/Weapons/groundModels_weapons/75mm_m3_user_cannon.blk	104	31800	500	75	10	0	0
us_m4a3e8_76w_sherman	M4A3 (76) W	us_m4a3e8_76w_sherman_default	USA	3	typeMediumTank	gameData/Weapons/groundModels_weapons/76mm_M1_user_cannon.blk	71	33390	500	75	10	0	0
us_m4a3e8_76w_sherman_kit_3rank	Sherman (Hell)	us_m4a3e8_76w_sherman_default	USA	3	typeMediumTank	gameData/Weapons/groundModels_weapons/76mm_M1_user_cannon.blk	71	33390	500	75	10	0	0
us_m4a5_ram_2	M4A5	us_m4a5_ram_2_default	USA	2	typeMediumTank	gameData/Weapons/groundModels_weapons/57mm_6pdr_QQF_Mk_3_L43_user_cannon.blk	92	31800	400	75	10	0	0
us_m50_ontos	M50	us_m50_ontos_default	USA	4	typeTankDestroyer	gameData/Weapons/groundModels_weapons/106mm_M40A1C_user_cannon.blk	18	20000	145	75	10	0	0
us_m55	M55	us_m55_default	USA	3	typeTankDestroyer	gameData/Weapons/groundModels_weapons/203mm_m47_user_cannon.blk	10	50000	810	60	10	0	0.25
us_m551	M551	us_m551_default	USA	5	typeLightTank	gameData/Weapons/groundModels_weapons/152mm_M81_user_cannon.blk	30	23040	300	75	10	12.00048	0
us_m551_76	M551(76)	us_m551_76_default	USA	4	typeLightTank	gameData/Weapons/groundModels_weapons/76mm_M32_user_cannon.blk	23	23040	300	75	10	0	0
us_m56_scorpion	M56	us_m56_scorpion_default	USA	4	typeTankDestroyer	gameData/Weapons/groundModels_weapons/90mm_M54_user_cannon.blk	29	7000	200	75	10	5.9988	1
us_m5a1_stuart	M5A1	us_m5a1_stuart_default	USA	2	typeLightTank	gameData/Weapons/groundModels_weapons/37mm_M6_user_cannon.blk	147	15615	296	75	10	0	0
us_m5a1_stuart_canadian_5st_arm	Stuart VI (5th CAD)	us_m5a1_stuart_default	USA	2	typeLightTank	gameData/Weapons/groundModels_weapons/37mm_M6_user_cannon.blk	147	15615	296	75	10	0	0
us_m5a1_stuart_td	M5A1 TD	us_m5a1_stuart_default	USA	2	typeLightTank	gameData/Weapons/groundModels_weapons/37mm_M6_user_cannon.blk	147	15615	296	75	10	0	0
us_m60	M60	us_m60_default	USA	5	typeMediumTank	gameData/Weapons/groundModels_weapons/105mm_M68_user_cannon.blk	57	43650	750	75	10	0	0
us_m60_120s	120S	us_m60_120s_default	USA	7	typeMediumTank	gameData/Weapons/groundModels_weapons/120mm_M256_user_cannon.blk	42	43650	750	75	10	5	0.5
us_m60a1	M60A1 (AOS)	us_m60a1_default	USA	6	typeMediumTank	gameData/Weapons/groundModels_weapons/105mm_M68_M60A1_user_cannon.blk	63	43650	750	75	10	0	0
us_m60a1_rise_mod	M60A1 Predator	us_m60a1_rise_mod_default	USA	6	typeMediumTank	gameData/Weapons/groundModels_weapons/105mm_M68_XM_user_cannon.blk	63	43650	750	75	10	0	0
us_m60a1_rise_passive_era	M60A1 RISE (P)	us_m60a1_default	USA	6	typeMediumTank	gameData/Weapons/groundModels_weapons/105mm_M68_XM_user_cannon.blk	63	43650	750	75	10	0	0
us_m60a2	M60A2	us_m60a2_default	USA	6	typeMediumTank	gameData/Weapons/groundModels_weapons/152mm_M162_user_cannon.blk	46	43650	750	75	10	12.00048	0
us_m60a3_slep	M60 AMBT	us_m60a3_slep_default	USA	7	typeMediumTank	gameData/Weapons/groundModels_weapons/120mm_M256_KE_W_user_cannon.blk	45	43650	1200	75	10	6.666667	0
us_m60a3_tts	M60A3 TTS	us_m60a3_tts_default	USA	6	typeMediumTank	gameData/Weapons/groundModels_weapons/105mm_M68_TTS_user_cannon.blk	63	43650	750	75	10	0	0
us_m6a1	M6A1	us_m6a1_default	USA	3	typeHeavyTank	gameData/Weapons/groundModels_weapons/76mm_M7_user_cannon.blk	75	56835	800	75	10	0	0
us_m6a2e1	M6A2E1	us_m6a2e1_default	USA	4	typeHeavyTank	gameData/Weapons/groundModels_weapons/105mm_T15E2_user_cannon.blk	60	56835	800	75	10	0	0
us_m728	M728 CEV	us_m60_default	USA	5	typeMediumTank	gameData/Weapons/groundModels_weapons/165mm_M135_user_cannon.blk	30	43650	750	75	10	0	0
us_m8_greyhound	M8 LAC	us_m8_greyhound_default	USA	1	typeLightTank	gameData/Weapons/groundModels_weapons/37mm_M6_user_cannon.blk	80	5500	110	75	30	3.528582	0.25
us_m8_scott	M8 HMC	us_m8_scott_default	USA	1	typeTankDestroyer	gameData/Weapons/groundModels_weapons/75mm_M2_howitzer_user_cannon.blk	46	15615	296	75	10	0	0
us_m8_scott_snowball	Snowballer	us_m8_scott_default	USA	1	typeTankDestroyer	gameData/Weapons/groundModels_weapons/75mm_snowball_event_user_cannon.blk	999	15615	296	75	10	0	0
us_m8a1	M8A1 GMC	us_m8a1_default	USA	2	typeLightTank	gameData/Weapons/groundModels_weapons/75mm_m3_open_turret_user_cannon.blk	46	15615	296	75	10	6.666667	0
us_m901_itv	M901	us_m901_itv_default	USA	6	typeTankDestroyer	gameData/Weapons/groundModels_weapons/127mm_iTOW_launcher_user_cannon.blk	10	17550	212	75	10	0	0
us_magach_3	Magach 3 (ERA)	us_magach_3_default	USA	5	typeMediumTank	gameData/Weapons/groundModels_weapons/105mm_M68_Magach_user_cannon.blk	57	43650	750	75	10	0	0
us_mbt_70	MBT-70	us_mbt_70_default	USA	6	typeMediumTank	gameData/Weapons/groundModels_weapons/152mm_XM150E5_user_cannon.blk	48	54000	1475	75	10	7.496252	0.5
us_merkava_mk_1	Merkava Mk.1	us_merkava_mk_1_default	USA	6	typeMediumTank	gameData/Weapons/groundModels_weapons/105mm_L7_Shot_user_cannon.blk	54	43650	900	75	10	0	0
us_merkava_mk_2b_late	Merkava Mk.2B	us_merkava_mk_2b_late_default	USA	6	typeMediumTank	gameData/Weapons/groundModels_weapons/105mm_L7_Shot_user_cannon.blk	54	43650	900	75	10	0	0
us_merkava_mk_3d	Merkava Mk.3D	us_merkava_mk_3d_default	USA	7	typeMediumTank	gameData/Weapons/groundModels_weapons/120mm_IMI_MG251_user_cannon.blk	46	43650	1200	75	10	0	0
us_mim_72_chaparral	Imp.Chaparral	us_mim_72_chaparral_default	USA	6	typeSPAA	gameData/Weapons/groundModels_weapons/127mm_MIM_72_launcher_user_cannon.blk	12	5500	275	75	10	0	0
us_mk1_grant	Grant I	us_mk1_grant_default	USA	2	typeMediumTank	gameData/Weapons/groundModels_weapons/37mm_M5_user_cannon_for_M3_Lee.blk	128	31800	400	75	10	0	0
us_nasams_fcs	NASAMS 3 (TADS)	us_sl_amraam_launcher_default	USA	8	typeSPAA	gameData/Weapons/dummy_weapon.blk	1	5500	160	75	30	0	0
us_nasams_launcher	NASAMS 3 (TEL)	sw_nasams_launcher_default	USA	8	typeSPAA	gameData/Weapons/groundModels_weapons/178mm_nasams_user_cannon.blk	6	5500	380	75	30	0	0
us_rdf_lt	RDF/LT	us_rdf_lt_default	USA	7	typeLightTank	gameData/Weapons/groundModels_weapons/75mm_XM274_Ares_user_cannon.blk	60	23040	350	75	10	0.857118	0
us_skink_aa	Skink	uk_skink_aa_default	USA	4	typeSPAA	gameData/Weapons/groundModels_weapons/20mm_Polsten_user_cannon.blk	480	31800	400	75	10	0	0.045
us_skink_aa_kit_3rank	Skink (Hell)	uk_skink_aa_default	USA	3	typeSPAA	gameData/Weapons/groundModels_weapons/20mm_Polsten_user_cannon.blk	480	31800	400	75	10	0	0.045
us_sl_amraam_fcs	CLAWS (TADS)	us_sl_amraam_launcher_default	USA	8	typeSPAA	gameData/Weapons/dummy_weapon.blk	1	5500	160	75	30	0	0
us_sl_amraam_launcher	CLAWS (TEL)	us_sl_amraam_launcher_default	USA	8	typeSPAA	gameData/Weapons/groundModels_weapons/178mm_sl_amraam_user_cannon.blk	4	5500	160	75	30	0	0
us_stingray	Stingray	jp_stingray_default	USA	6	typeLightTank	gameData/Weapons/groundModels_weapons/105mm_LRF_user_cannon.blk	32	23040	535	75	10	0	0.2
us_t114	T114	us_t114_default	USA	5	typeLightTank	gameData/Weapons/groundModels_weapons/106mm_M40A1C_T114_user_cannon.blk	20	54000	160	75	10	0	0
us_t14	T14	us_t14_default	USA	3	typeHeavyTank	gameData/Weapons/groundModels_weapons/75mm_m3_user_cannon.blk	72	31800	500	75	10	0	0
us_t18_e2	T18E2	us_t18_e2_default	USA	2	typeLightTank	gameData/Weapons/groundModels_weapons/57mm_M1_user_cannon.blk	64	5500	250	75	30	0	1
us_t1e1	T1E1	us_t1e1_default	USA	3	typeHeavyTank	gameData/Weapons/groundModels_weapons/76mm_M7_user_cannon.blk	75	31800	800	75	10	0	0
us_t1e1_90	T1E1 (90)	us_t1e1_90_default	USA	3	typeHeavyTank	gameData/Weapons/groundModels_weapons/90mm_T7_user_cannon.blk	52	31800	800	75	10	0	0
us_t20	T20	us_t20_default	USA	4	typeMediumTank	gameData/Weapons/groundModels_weapons/76mm_M1_no_MB_user_cannon.blk	75	54000	500	75	10	0	1
us_t25	T25	us_t25_default	USA	4	typeMediumTank	gameData/Weapons/groundModels_weapons/90mm_M3_without_MB_user_cannon.blk	50	43650	500	75	10	0	0
us_t26e4_superpershing	T26E1-1	us_t26e4_superpershing_default	USA	4	typeMediumTank	gameData/Weapons/groundModels_weapons/90mm_T15E1_user_cannon.blk	42	41560	500	75	10	0	0
us_t26e5	T26E5	us_t26e5_default	USA	4	typeHeavyTank	gameData/Weapons/groundModels_weapons/90mm_M3_user_cannon.blk	70	41560	500	75	10	0	0
us_t28	T28	us_t95_default	USA	4	typeTankDestroyer	gameData/Weapons/groundModels_weapons/105mm_T15E2_user_cannon.blk	62	86182	500	75	10	0	0
us_t29	T29	us_t29_default	USA	4	typeHeavyTank	gameData/Weapons/groundModels_weapons/105mm_T5E2_user_cannon.blk	63	54000	770	75	10	14.925373	1.2
us_t30	T30	us_t30_default	USA	4	typeHeavyTank	gameData/Weapons/groundModels_weapons/155mm_T7_user_cannon.blk	34	54000	810	75	10	0	1.2
us_t32	T32	us_t32_default	USA	5	typeHeavyTank	gameData/Weapons/groundModels_weapons/90mm_T15E2_user_cannon.blk	54	54000	770	75	10	0	0
us_t32_tutorial	T32	us_t32_default	Event / Experimental	0	typeHeavyTank	gameData/Weapons/groundModels_weapons/90mm_T15E2_user_cannon.blk	54	54000	770	75	10	0	0
us_t32e1	T32E1	us_t32_default	USA	5	typeHeavyTank	gameData/Weapons/groundModels_weapons/90mm_T15E2_user_cannon.blk	54	54000	770	75	10	0	0
us_t34	T34	us_t34_default	USA	4	typeHeavyTank	gameData/Weapons/groundModels_weapons/120mm_T53_user_cannon.blk	34	54000	810	75	10	0	0.5
us_t54e1	T54E1	us_t54e1_default	USA	5	typeMediumTank	gameData/Weapons/groundModels_weapons/105mm_T140_user_cannon.blk	36	57800	810	75	10	0	0
us_t54e2	T54E2	us_t54e2_default	USA	5	typeMediumTank	gameData/Weapons/groundModels_weapons/105mm_t140e3_user_cannon.blk	39	57800	810	75	10	0	0
us_t55e1	T55E1	us_t55e1_default	USA	3	typeTankDestroyer	gameData/Weapons/groundModels_weapons/76mm_M7_for_M10_user_cannon.blk	42	5500	296	75	30	0	0
us_t58	T58	us_t58_default	USA	5	typeHeavyTank	gameData/Weapons/groundModels_weapons/155mm_t180_user_cannon.blk	21	57800	810	75	10	0	0
us_t77e1	T77E1	us_t77e1_default	USA	2	typeSPAA	gameData/Weapons/groundModels_weapons/12_7mm_m2_hb_t77e1_user_machinegun.blk	1100	18400	296	75	10	0	0.045
us_t86	T86	us_t86_default	USA	3	typeLightTank	gameData/Weapons/groundModels_weapons/76mm_M1_open_turret_no_MB_user_cannon.blk	100	15615	400	75	10	6.060606	0
us_t92	T92	us_t92_default	USA	4	typeLightTank	gameData/Weapons/groundModels_weapons/76mm_T185E1_user_cannon.blk	59	16855	340	75	10	0	0
us_t95	T95	us_t95_default	USA	5	typeTankDestroyer	gameData/Weapons/groundModels_weapons/105mm_T15E2_user_cannon.blk	62	86182	500	75	10	0	0
us_t95e1	T95E1	us_t95e1_default	USA	6	typeMediumTank	gameData/Weapons/groundModels_weapons/90mm_T208E9_user_cannon.blk	50	43650	560	75	10	0	0
us_truck_us6_studebaker_board	Studebaker US6	us_truck_us6_studebaker_board_default	Event / Experimental	0	typeLightTank		0	5500	94	75	10	0	0
us_truck_us6_studebaker_tent	Studebaker US6	us_truck_us6_studebaker_tent_default	Event / Experimental	0	typeLightTank		0	5500	94	75	10	0	0
us_xm_8	XM8	us_xm_8_default	USA	6	typeLightTank	gameData/Weapons/groundModels_weapons/105mm_XM_35_user_cannon.blk	30	54000	550	75	10	0	1.2
us_xm_800t	XM800T	us_xm_800t_default	USA	6	typeLightTank	gameData/Weapons/groundModels_weapons/20mm_m139_user_cannon.blk	500	23040	285	75	10	0	0
us_xm_803	XM803	us_xm_803_default	USA	6	typeMediumTank	gameData/Weapons/groundModels_weapons/152mm_XM150E6_user_cannon.blk	53	54000	1250	75	10	7.496252	0.5
us_xm_975_roland	XM975	us_xm_975_roland_default	USA	7	typeSPAA	gameData/Weapons/groundModels_weapons/163mm_roland_launcher_user_cannon.blk	10	31800	405	75	10	0	0
us_xm1_chrysler	XM1 (Chrysler)	us_xm1_chrysler_default	USA	6	typeMediumTank	gameData/Weapons/groundModels_weapons/105mm_M68_XM_user_cannon.blk	55	54000	1521	75	10	0	0.5
us_xm1_gm	XM1 (GM)	us_xm1_gm_default	USA	6	typeMediumTank	gameData/Weapons/groundModels_weapons/105mm_M68_XM_user_cannon.blk	55	54000	1521	75	10	0	0.2
us_xm246	XM246	us_xm246_default	USA	6	typeSPAA	gameData/Weapons/groundModels_weapons/35mm_Oerlikon_us_xm246_user_cannon.blk	320	43650	750	75	10	0	0.05
ussr_2s1	2S1	ussr_2s1_default	USSR / Russia	4	typeTankDestroyer	gameData/Weapons/groundModels_weapons/122mm_2A31_user_cannon.blk	40	31800	300	75	10	0	0
ussr_2s19_m1	2S19M1	ussr_2s19_m1_default	USSR / Russia	5	typeTankDestroyer	gameData/Weapons/groundModels_weapons/152mm_2A64_user_cannon.blk	50	31800	780	75	10	0	1
ussr_2s19_m2	2S19M2	ussr_2s19_m1_default	USSR / Russia	5	typeTankDestroyer	gameData/Weapons/groundModels_weapons/152mm_2A65_m2_user_cannon.blk	50	31800	840	75	10	0	1
ussr_2s25	2S25	ussr_2s25_default	USSR / Russia	6	typeLightTank	gameData/Weapons/groundModels_weapons/125mm_2A75_user_cannon.blk	40	50000	510	75	10	0	1
ussr_2s25m	2S25M	ussr_2s25m_default	USSR / Russia	7	typeLightTank	gameData/Weapons/groundModels_weapons/125mm_2A75_M_user_cannon.blk	40	50000	500	75	10	0	1
ussr_2s38	2S38	ussr_2s38_default	USSR / Russia	7	typeLightTank	gameData/Weapons/groundModels_weapons/57mm_AU_220M_user_cannon.blk	148	13200	500	75	10	0	0.2
ussr_2s3m	2S3M	ussr_2s3m_default	USSR / Russia	4	typeTankDestroyer	gameData/Weapons/groundModels_weapons/152mm_2A33_user_cannon.blk	46	31800	520	75	10	0	0
ussr_9a33bm3	Osa-AKM	ussr_9a33bm3_default	USSR / Russia	7	typeSPAA	gameData/Weapons/dummy_weapon.blk	1	5500	300	75	30	0	0
ussr_9a35_m2	Strela-10M2	ussr_9a35_m2_default	USSR / Russia	7	typeSPAA	gameData/Weapons/groundModels_weapons/120mm_9m37m_rocket_launcher.blk	8	12300	240	75	10	0	0
ussr_9p149	Shturm-S	ussr_9p149_default	USSR / Russia	6	typeTankDestroyer	gameData/Weapons/dummy_weapon.blk	1	16500	240	75	10	0	0
ussr_9p157	Khrizantema-S	ussr_9p157_default	USSR / Russia	7	typeTankDestroyer	gameData/Weapons/dummy_weapon.blk	1	24000	500	75	10	0	0
ussr_a_12_mk_2_matilda_2a_f96	MK-II "Matilda"	ussr_a_12_mk_2_matilda_2A_F96_default	USSR / Russia	2	typeHeavyTank	gameData/Weapons/groundModels_weapons/76mm_F96_user_cannon.blk	54	50000	190	75	10	0	0
ussr_ai_aew_radar_55j6	Nebo" radar	ussr_ai_aew_radar_55j6_default	Event / Experimental	0	typeLightTank	gameData/Weapons/dummy_weapon.blk	1	5000	1	0	0	0	0
ussr_ai_mlrs_9a52_2_smerch	Smerch" MLRS	ussr_ai_mlrs_9a52_2_smerch_default	Event / Experimental	0	typeLightTank	gameData/Weapons/groundModels_weapons/300mm_9k58_rocket_launcher.blk	12	43700	525	75	10	0	0
ussr_ai_sam_launcher_5p85se	S-300" launcher	ussr_ai_sam_launcher_5p85se_default	Event / Experimental	0	typeLightTank	gameData/Weapons/groundModels_weapons/508mm_s300ps_5v55_rocket_launcher.blk	4	43240	1	0	0	0	0
ussr_ai_sam_launcher_9a310	BUK" TELAR	ussr_ai_sam_launcher_9a310_default	Event / Experimental	0	typeSPAA	gameData/Weapons/groundModels_weapons/400mm_buk_9m38_rocket_launcher.blk	4	40400	840	75	10	0	0
ussr_ai_sam_launcher_s_75	SM-90 launcher	ussr_ai_sam_launcher_s_75_default	Event / Experimental	0	typeLightTank	gameData/Weapons/groundModels_weapons/654mm_S_75_V_755_20DS_rocket_launcher.blk	10	5000	1	0	0	0	0
ussr_ai_sam_radar_5n63s	S-300" radar	ussr_ai_sam_radar_5n63s_default	Event / Experimental	0	typeLightTank	gameData/Weapons/dummy_weapon.blk	1	5000	1	0	0	0	0
ussr_ai_sam_radar_5n64s	S-300" radar	ussr_ai_sam_radar_5n64s_default	Event / Experimental	0	typeLightTank	gameData/Weapons/dummy_weapon.blk	1	5000	1	0	0	0	0
ussr_ai_sam_radar_9s18	BUK" TADS	ussr_ai_sam_radar_9s18_default	Event / Experimental	0	typeSPAA	gameData/Weapons/dummy_weapon.blk	1	40400	840	75	10	0	0
ussr_ai_sam_radar_p_12	P-12 radar	ussr_ai_sam_radar_p_12_default	Event / Experimental	0	typeLightTank	gameData/Weapons/dummy_weapon.blk	1	5000	1	0	0	0	0
ussr_ai_sam_radar_snr_75	SNR-75 radar	ussr_ai_sam_radar_snr_75_default	Event / Experimental	0	typeLightTank	gameData/Weapons/dummy_weapon.blk	1	5000	1	0	0	0	0
ussr_ai_tbm_9k79_tochka	Tochka" TBM	ussr_ai_tbm_9k79_tochka_default	Event / Experimental	0	typeLightTank	gameData/Weapons/groundModels_weapons/650mm_9k79_rocket_launcher.blk	1	18145	300	75	10	0	0
ussr_apc_bmp_1	BMP-1	ussr_bmp_1_default	Event / Experimental	0	typeLightTank	gameData/Weapons/groundModels_weapons/73mm_2A28_user_cannon.blk	40	13200	300	75	10	0	0.1
ussr_apc_btr_152	BTR-152	ussr_btr_152a_default	Event / Experimental	0	typeLightTank		0	9000	110	75	30	0	0
ussr_asu_57	ASU-57	ussr_asu_57_default	USSR / Russia	3	typeTankDestroyer	gameData/Weapons/groundModels_weapons/57mm_Ch51M_user_cannon.blk	30	3350	55	75	10	0	0
ussr_asu_85	ASU-85	ussr_asu_85_default	USSR / Russia	4	typeTankDestroyer	gameData/Weapons/groundModels_weapons/85mm_D70_user_cannon.blk	39	31600	210	75	10	0	0
ussr_at_gun_53k	45 mm AT 53-K	ussr_at_gun_53k_default	Event / Experimental	0	typeLightTank	gameData/Weapons/groundModels_weapons/45mm_20K_user_cannon.blk	318	9700	1	0	0	0	0.25
ussr_at_spg_9	73 mm AT SPG-9	ussr_at_spg_9_default	Event / Experimental	0	typeLightTank	gameData/Weapons/groundModels_weapons/73mm_2A28_user_cannon.blk	318	9700	1	0	0	0	0.25
ussr_ba_11	BA-11	ussr_ba_11_default	USSR / Russia	1	typeLightTank	gameData/Weapons/groundModels_weapons/45mm_20K_user_cannon.blk	104	5500	90	75	30	0	0
ussr_bm_13n	BM-13N	ussr_bm_13n_default	USSR / Russia	2	typeTankDestroyer	gameData/Weapons/groundModels_weapons/132mm_M13_rocket_launcher.blk	16	5500	95	75	30	0	0
ussr_bm_31_12	BM-31-12	ussr_bm_31_12_default	USSR / Russia	3	typeTankDestroyer	gameData/Weapons/groundModels_weapons/300mm_M31_rocket_launcher.blk	12	5500	95	75	30	0	0
ussr_bm_8_24	BM-8-24	ussr_bm_8_24_default	USSR / Russia	1	typeTankDestroyer	gameData/Weapons/groundModels_weapons/82mm_m8_launcher_user_cannon.blk	24	5800	76	75	10	0	0
ussr_bmd_4	BMD-4	ussr_bmd_4_default	USSR / Russia	6	typeLightTank	gameData/Weapons/groundModels_weapons/30mm_2A72_BMD_user_cannon.blk	500	13200	450	75	10	0	0.045
ussr_bmd_4m	BMD-4M	ussr_bmd_4m_default	USSR / Russia	6	typeLightTank	gameData/Weapons/groundModels_weapons/30mm_2A72_BMD_user_cannon.blk	464	13200	500	75	10	0	0.045
ussr_bmd_4m2	BMD-4M2	ussr_bmd_4m2_default	USSR / Russia	6	typeLightTank	gameData/Weapons/groundModels_weapons/30mm_2A72_BMD_user_cannon.blk	500	13200	500	75	10	0	0.045
ussr_bmp_1	BMP-1	ussr_bmp_1_default	USSR / Russia	5	typeLightTank	gameData/Weapons/groundModels_weapons/73mm_2A28_user_cannon.blk	40	13200	300	75	10	0	0.1
ussr_bmp_2	BMP-2	ussr_bmp_2_default	USSR / Russia	6	typeLightTank	gameData/Weapons/groundModels_weapons/30mm_2A42_user_cannon.blk	500	13200	300	75	10	0	0.03
ussr_bmp_2m	BMP-2M	ussr_bmp_2m_default	USSR / Russia	7	typeLightTank	gameData/Weapons/groundModels_weapons/30mm_2A42_user_cannon.blk	500	13200	400	75	10	0	0.03
ussr_bmp_3	BMP-3	ussr_bmp_3_default	USSR / Russia	6	typeLightTank	gameData/Weapons/groundModels_weapons/100mm_2A70_user_cannon.blk	48	13200	500	75	10	0	0.045
ussr_bmpt	BMPT	ussr_bmpt_default	USSR / Russia	7	typeTankDestroyer	gameData/Weapons/groundModels_weapons/30mm_2A42_BMPT_user_cannon.blk	425	50000	1000	60	10	0	0.045
ussr_bmpt_72	BMPT-72	ussr_bmpt_default	USSR / Russia	7	typeTankDestroyer	gameData/Weapons/groundModels_weapons/30mm_2A42_BMPT_user_cannon.blk	425	50000	1000	60	10	0	0.045
ussr_bt_5	BT-5	ussr_bt_5_default	USSR / Russia	1	typeLightTank	gameData/Weapons/groundModels_weapons/45mm_20K_user_cannon.blk	86	13700	400	75	10	0	0
ussr_bt_7_1937	BT-7	ussr_bt_7_1937_default	USSR / Russia	1	typeLightTank	gameData/Weapons/groundModels_weapons/45mm_20K_user_cannon.blk	188	13700	400	75	10	0	0
ussr_bt_7_1937_td	BT-7 TD	ussr_bt_7_1937_default	USSR / Russia	1	typeLightTank	gameData/Weapons/groundModels_weapons/45mm_20K_user_cannon.blk	188	13700	400	75	10	0	0
ussr_bt_7_m	BT-7M	ussr_bt_7_m_default	USSR / Russia	1	typeLightTank	gameData/Weapons/groundModels_weapons/45mm_20K_user_cannon.blk	188	13700	500	75	10	0	0
ussr_bt_7a_f32	BT-7A (F-32)	ussr_bt_7a_f32_default	USSR / Russia	2	typeLightTank	gameData/Weapons/groundModels_weapons/76mm_F32_user_cannon.blk	50	13700	400	75	10	0	0
ussr_btr_152a	BTR-152A	ussr_btr_152a_default	USSR / Russia	2	typeSPAA	gameData/Weapons/groundModels_weapons/14_5mm_KPVT_BTR_152_user_machinegun.blk	600	9000	110	75	10	0	0.01
ussr_btr_152d	BTR-152D	ussr_btr_152d_default	USSR / Russia	3	typeSPAA	gameData/Weapons/groundModels_weapons/14_5mm_KPVT_BTR_152_user_machinegun.blk	600	11050	110	75	30	0	0.01
ussr_btr_80a	BTR-80A	ussr_btr_80a_default	USSR / Russia	5	typeLightTank	gameData/Weapons/groundModels_weapons/30mm_2A72_BTR_user_cannon.blk	300	5500	260	75	30	0	0.3
ussr_btr_82at	BTR-82AT	ussr_btr_82at_default	USSR / Russia	6	typeLightTank	gameData/Weapons/groundModels_weapons/30mm_2A72_BTR_user_cannon.blk	300	5500	300	75	30	0	0.3
ussr_btr_zd	BTR-ZD	ussr_btr_zd_default	USSR / Russia	4	typeSPAA	gameData/Weapons/groundModels_weapons/23mm_2A14_user_cannon.blk	250	7900	240	75	10	0	0.01
ussr_buk_m3_fcs	9K317M "BUK-M3" (TADS)	ussr_buk_m3_launcher_default	USSR / Russia	8	typeSPAA	gameData/Weapons/dummy_weapon.blk	1	40400	840	75	10	0	0
ussr_buk_m3_launcher	9K317M "BUK-M3" (TELAR)	ussr_buk_m3_launcher_default	USSR / Russia	8	typeSPAA	gameData/Weapons/dummy_weapon.blk	1	40400	840	75	10	0	0
ussr_garford_putilov	Garford	ussr_garford_putilov_default	USSR / Russia	1	typeLightTank	gameData/Weapons/groundModels_weapons/76mm_1910_16_user_cannon.blk	44	5500	30	75	30	0	0.3
ussr_gaz_4m	GAZ-AAA (4M)	ussr_gaz_4m_default	USSR / Russia	1	typeSPAA	gameData/Weapons/groundModels_weapons/7_62mm_Maxim_user_machinegun.blk	2000	5500	50	75	30	0	0
ussr_gaz_dshk	GAZ-AAA (DShK)	ussr_gaz_dshk_default	USSR / Russia	1	typeSPAA	gameData/Weapons/groundModels_weapons/12_7mm_DShK_GAZ_user_machinegun.blk	1000	5500	50	75	30	0	0
ussr_gaz_mm_72k	GAZ-MM (72-K)	ussr_gaz_mm_72k_default	USSR / Russia	2	typeSPAA	gameData/Weapons/groundModels_weapons/25mm_72K_user_cannon.blk	399	5500	50	75	30	0	0
ussr_gaz_mm_72k_without_crew	GAZ-MM (72-K)	ussr_gaz_mm_72k_without_crew_default	Event / Experimental	0	typeSPAA	gameData/Weapons/groundModels_weapons/25mm_72K_user_cannon.blk	0	5500	57	75	10	0	0
ussr_is_1	IS-1	ussr_is_1_default	USSR / Russia	3	typeHeavyTank	gameData/Weapons/groundModels_weapons/85mm_D5T_user_cannon.blk	59	44000	520	75	10	6.993007	0
ussr_is_1_kit_3rank	IS-1 ('45)	ussr_is_1_default	USSR / Russia	3	typeHeavyTank	gameData/Weapons/groundModels_weapons/85mm_D5T_user_cannon.blk	59	44000	520	75	10	6.993007	0
ussr_is_2_1943	IS-2	ussr_is_2_default	USSR / Russia	4	typeHeavyTank	gameData/Weapons/groundModels_weapons/122mm_D25T_user_cannon.blk	28	44000	520	75	10	0	0
ussr_is_2_1944	IS-2 (1944)	ussr_is_2_1944_default	USSR / Russia	4	typeHeavyTank	gameData/Weapons/groundModels_weapons/122mm_D25T_user_cannon.blk	28	44000	520	75	10	0	0
ussr_is_2_1944_321	IS-2 No.321	ussr_is_2_1944_default	USSR / Russia	4	typeHeavyTank	gameData/Weapons/groundModels_weapons/122mm_D25T_user_cannon.blk	28	44000	520	75	10	0	0
ussr_is_2_1944_revenge	IS-2 "Revenge"	ussr_is_2_1944_revenge_default	USSR / Russia	4	typeHeavyTank	gameData/Weapons/groundModels_weapons/122mm_D25T_user_cannon.blk	28	44000	520	75	10	0	0
ussr_is_3	IS-3	ussr_is_3_default	USSR / Russia	5	typeHeavyTank	gameData/Weapons/groundModels_weapons/122mm_D25T_user_cannon.blk	28	44000	520	75	10	20	0
ussr_is_4m	IS-4M	ussr_is_4m_default	USSR / Russia	5	typeHeavyTank	gameData/Weapons/groundModels_weapons/122mm_D25T_user_cannon.blk	30	44000	750	75	10	0	0
ussr_is_4m_tutorial	IS-4M	ussr_is_4m_default	Event / Experimental	0	typeHeavyTank	gameData/Weapons/groundModels_weapons/122mm_D25T_user_cannon.blk	30	44000	750	75	10	0	0
ussr_is_6	IS-6	ussr_is_6_default	USSR / Russia	5	typeHeavyTank	gameData/Weapons/groundModels_weapons/122mm_D30T_user_cannon.blk	30	44000	700	75	10	0	0
ussr_is_7	IS-7	ussr_is_7_default	USSR / Russia	6	typeHeavyTank	gameData/Weapons/groundModels_weapons/130mm_C70_user_cannon.blk	30	44000	1050	75	10	0	0
ussr_isu_122	ISU-122	ussr_isu_122_default	USSR / Russia	3	typeTankDestroyer	gameData/Weapons/groundModels_weapons/122mm_A19_user_cannon.blk	30	46000	520	75	10	0	0
ussr_isu_122s	ISU-122S	ussr_isu_122s_default	USSR / Russia	3	typeTankDestroyer	gameData/Weapons/groundModels_weapons/122mm_D25S_user_cannon.blk	30	46000	520	75	10	0	0
ussr_isu_152	ISU-152	ussr_isu_152_default	USSR / Russia	3	typeTankDestroyer	gameData/Weapons/groundModels_weapons/152mm_ML20S_user_cannon.blk	20	46000	520	75	10	0	0
ussr_it_1	IT-1	it_1_default	USSR / Russia	6	typeMediumTank	gameData/Weapons/groundModels_weapons/180mm_2k4_launcher_user_cannon.blk	15	37000	580	75	10	0	0
ussr_kv_1_l_11	KV-1 (L-11)	ussr_kv_1_L_11_default	USSR / Russia	2	typeHeavyTank	gameData/Weapons/groundModels_weapons/76mm_L11_user_cannon.blk	111	44000	600	75	10	0	0
ussr_kv_1_zis_5	KV-1 (ZiS-5)	ussr_kv_1_zis_5_default	USSR / Russia	3	typeHeavyTank	gameData/Weapons/groundModels_weapons/76mm_ZIS5_user_cannon.blk	135	44000	600	75	10	0	0
ussr_kv_122	KV-122	ussr_kv_122_default	USSR / Russia	4	typeHeavyTank	gameData/Weapons/groundModels_weapons/122mm_D25T_user_cannon.blk	28	44000	520	75	10	0	0
ussr_kv_1e	KV-1E	ussr_kv_1e_default	USSR / Russia	3	typeHeavyTank	gameData/Weapons/groundModels_weapons/76mm_F32_user_cannon.blk	111	46000	600	75	10	0	0
ussr_kv_1s	KV-1S	ussr_kv_1s_default	USSR / Russia	2	typeHeavyTank	gameData/Weapons/groundModels_weapons/76mm_ZIS5_user_cannon.blk	114	44000	600	75	10	0	0
ussr_kv_2_1939	KV-2 (1939)	ussr_kv_2_1939_default	USSR / Russia	2	typeHeavyTank	gameData/Weapons/groundModels_weapons/152mm_M10T_user_cannon.blk	36	52000	600	75	10	0	0
ussr_kv_2_1940	KV-2 (1940)	ussr_kv_2_1940_default	USSR / Russia	3	typeHeavyTank	gameData/Weapons/groundModels_weapons/152mm_M10T_user_cannon.blk	36	52000	600	75	10	0	0
ussr_kv_2_zis_6	KV-2 (ZiS-6)	ussr_kv_2_zis_6_default	USSR / Russia	3	typeHeavyTank	gameData/Weapons/groundModels_weapons/107mm_ZIS6_user_cannon.blk	36	52000	600	75	10	0	0
ussr_kv_220	KV-220	ussr_kv_220_default	USSR / Russia	4	typeHeavyTank	gameData/Weapons/groundModels_weapons/85mm_F30_user_cannon.blk	91	44000	850	75	10	0	0
ussr_kv_7_u13	KV-7 (U-13)	ussr_kv_7_u13_default	USSR / Russia	3	typeTankDestroyer	gameData/Weapons/groundModels_weapons/76mm_F34_user_cannon.blk	93	9800	600	75	10	0	0
ussr_kv_8	KV-8	ussr_kv_8_default	USSR / Russia	2	typeHeavyTank	gameData/Weapons/groundModels_weapons/45mm_20K_user_cannon.blk	85	44000	600	75	10	0	0
ussr_kv_85	KV-85	ussr_kv_85_default	USSR / Russia	3	typeHeavyTank	gameData/Weapons/groundModels_weapons/85mm_D5T_user_cannon.blk	70	44000	600	75	10	6.993007	0
ussr_m3c	M3 Medium	us_m3_lee_default	USSR / Russia	2	typeMediumTank	gameData/Weapons/groundModels_weapons/37mm_M5_user_cannon_for_M3_Lee.blk	179	31800	400	75	10	0	0
ussr_m4a2_76w_sherman	M4A2	us_m4a2_76w_sherman_default	USSR / Russia	3	typeMediumTank	gameData/Weapons/groundModels_weapons/76mm_M1_user_cannon.blk	71	33390	410	75	10	0	0
ussr_m53_59	M53/59	ussr_m53_59_default	USSR / Russia	4	typeSPAA	gameData/Weapons/groundModels_weapons/30mm_ZK_453_user_cannon.blk	200	5500	110	75	30	0	0.01
ussr_object_120	Object 120	ussr_object_120_default	USSR / Russia	5	typeTankDestroyer	gameData/Weapons/groundModels_weapons/152mm_M69_user_cannon.blk	22	64000	480	75	10	0	0
ussr_object_140	Object 140	ussr_object_140_default	USSR / Russia	6	typeMediumTank	gameData/Weapons/groundModels_weapons/100mm_D54TS_user_cannon.blk	50	35500	580	75	10	8.547009	0
ussr_object_248	Object 248	ussr_object_248_default	USSR / Russia	4	typeHeavyTank	gameData/Weapons/groundModels_weapons/100mm_C34_user_cannon.blk	31	44000	520	75	10	0	0
ussr_object_268	Object 268	ussr_object_268_default	USSR / Russia	5	typeTankDestroyer	gameData/Weapons/groundModels_weapons/152mm_M64_user_cannon.blk	35	50000	750	75	10	0	0
ussr_object_279	Object 279	ussr_object_279_default	USSR / Russia	6	typeHeavyTank	gameData/Weapons/groundModels_weapons/130mm_M65_user_cannon.blk	40	50000	1000	75	10	0	0
ussr_object_292	Object 292	object_292_default	USSR / Russia	7	typeMediumTank	gameData/Weapons/groundModels_weapons/152mm_LP83_user_cannon.blk	30	37000	1100	60	10	0	0.325
ussr_object_435	Object 435	ussr_object_435_default	USSR / Russia	6	typeMediumTank	gameData/Weapons/groundModels_weapons/115mm_U5TS_user_cannon.blk	37	44000	580	75	10	0	0
ussr_object_685	Object 685	ussr_object_685_default	USSR / Russia	6	typeLightTank	gameData/Weapons/groundModels_weapons/100mm_2A48_user_cannon.blk	40	16500	455	75	10	0	0
ussr_object_775	Object 775	ussr_object_775_default	USSR / Russia	6	typeMediumTank	gameData/Weapons/groundModels_weapons/125mm_D_126_user_cannon.blk	24	44000	700	75	10	0	0
ussr_object_906	Object 906	ussr_object_906_default	USSR / Russia	5	typeLightTank	gameData/Weapons/groundModels_weapons/85mm_D58_user_cannon.blk	40	26500	300	75	10	0	0
ussr_pantsyr_s1	Pantsir-S1	ussr_pantsyr_s1_default	USSR / Russia	8	typeSPAA	gameData/Weapons/groundModels_weapons/30mm_2A38M_user_cannon.blk	351	5500	400	75	30	0	0.02
ussr_pantsyr_sm_sv	Pantsir SM-SV	ussr_pantsyr_sm_sv_default	USSR / Russia	8	typeSPAA	gameData/Weapons/groundModels_weapons/30mm_2A38M_user_cannon.blk	351	37000	840	75	10	0	0.02
ussr_pt_76_57	PT-76-57	ussr_pt_76_57_default	USSR / Russia	5	typeLightTank	gameData/Weapons/groundModels_weapons/57mm_AU_220_user_cannon.blk	100	26500	300	75	10	0	0.2
ussr_pt_76b	PT-76B	ussr_pt_76b_default	USSR / Russia	3	typeLightTank	gameData/Weapons/groundModels_weapons/76mm_D56_TS_user_cannon.blk	40	26500	240	75	10	0	0
ussr_pzkpfw_iii_ausf_j_l42	T-III	germ_pzkpfw_III_ausf_F_default	USSR / Russia	1	typeMediumTank	gameData/Weapons/groundModels_weapons/50mm_KwK38_user_cannon.blk	99	26500	300	75	10	0	0
ussr_pzkpfw_v	T-V	ussr_pzkpfw_V_default	USSR / Russia	4	typeMediumTank	gameData/Weapons/groundModels_weapons/75mm_Kwk42_user_cannon.blk	79	43000	600	75	10	0	0.43
ussr_rbt_5	RBT-5	ussr_rbt_5_default	USSR / Russia	1	typeLightTank	gameData/Weapons/groundModels_weapons/45mm_20K_user_cannon.blk	86	13700	400	75	10	0	0
ussr_sdkfz_251_21_kit_3rank	Hanomag ('45)	germ_sdkfz_251_21_default	USSR / Russia	3	typeSPAA	gameData/Weapons/groundModels_weapons/20mm_mg151_20_mid_drilling_user_cannon.blk	1000	9000	100	75	10	0	0.03
ussr_smk	SMK	ussr_smk_default	USSR / Russia	2	typeHeavyTank	gameData/Weapons/groundModels_weapons/76mm_L11_SMK_user_cannon.blk	113	55000	850	75	10	0	0
ussr_su_100_1945	SU-100	ussr_su_100_1945_default	USSR / Russia	4	typeTankDestroyer	gameData/Weapons/groundModels_weapons/100mm_D10S_user_cannon.blk	33	31600	520	75	10	0	0
ussr_su_100p	SU-100P	ussr_su_100p_default	USSR / Russia	4	typeTankDestroyer	gameData/Weapons/groundModels_weapons/100mm_D50_user_cannon.blk	50	64000	400	75	10	0	0
ussr_su_100y	SU-100Y	ussr_su_100Y_default	USSR / Russia	3	typeTankDestroyer	gameData/Weapons/groundModels_weapons/130mm_B13_user_cannon.blk	30	64000	850	75	10	0	0
ussr_su_122	SU-122	ussr_su_122_1943_default	USSR / Russia	2	typeTankDestroyer	gameData/Weapons/groundModels_weapons/122mm_M30_user_cannon.blk	40	30900	500	75	10	16.666667	0
ussr_su_122_54	SU-122-54	ussr_su_122_54_default	USSR / Russia	5	typeTankDestroyer	gameData/Weapons/groundModels_weapons/122mm_D49_user_cannon.blk	35	31600	520	75	10	0	0
ussr_su_122p	SU-122P	ussr_su_122_p_default	USSR / Russia	4	typeTankDestroyer	gameData/Weapons/groundModels_weapons/122mm_D25S_user_cannon.blk	28	31600	520	75	10	16.666667	0
ussr_su_152	SU-152	ussr_su_152_default	USSR / Russia	3	typeTankDestroyer	gameData/Weapons/groundModels_weapons/152mm_ML20S_user_cannon.blk	20	45500	600	75	10	0	0
ussr_su_5_1	SU-5-1	ussr_su_5_1_default	USSR / Russia	1	typeTankDestroyer	gameData/Weapons/groundModels_weapons/76mm_1902_30_user_cannon.blk	8	31600	90	75	10	0	0
ussr_su_57	SU-57	ussr_su_57_default	USSR / Russia	1	typeTankDestroyer	gameData/Weapons/groundModels_weapons/57mm_M1_open_turret_user_cannon.blk	99	9000	148	75	10	0	0
ussr_su_57b	SU-57B	ussr_su_57b_default	USSR / Russia	2	typeTankDestroyer	gameData/Weapons/groundModels_weapons/57mm_ZIS4_user_cannon.blk	72	9800	104	75	10	4	0
ussr_su_76d	SU-76D	ussr_su_76d_default	USSR / Russia	2	typeTankDestroyer	gameData/Weapons/groundModels_weapons/76mm_F34_user_cannon.blk	71	9800	110	75	10	5	0
ussr_su_76m_1943	SU-76M	ussr_su_76m_1943_default	USSR / Russia	1	typeTankDestroyer	gameData/Weapons/groundModels_weapons/76mm_ZIS3_user_cannon.blk	60	9800	140	75	10	5	0
ussr_su_76m_5st_kav_corps	SU-76M (5th Gv.Kav.Corps)	ussr_su_76m_1943_default	USSR / Russia	2	typeTankDestroyer	gameData/Weapons/groundModels_weapons/76mm_ZIS3_user_cannon.blk	60	9800	140	75	10	5	0
ussr_su_85_1943	SU-85	ussr_su_85_1943_default	USSR / Russia	3	typeTankDestroyer	gameData/Weapons/groundModels_weapons/85mm_D5S_user_cannon.blk	48	29600	500	75	10	6.993007	0
ussr_su_85a	SU-85A	ussr_su_85a_default	USSR / Russia	2	typeTankDestroyer	gameData/Weapons/groundModels_weapons/85mm_D5S_user_cannon.blk	42	9800	140	75	10	6.993007	0
ussr_su_85m	SU-85M	ussr_su_85m_default	USSR / Russia	3	typeTankDestroyer	gameData/Weapons/groundModels_weapons/85mm_D5S_user_cannon.blk	60	31600	500	75	10	6.993007	0
ussr_t_10a	T-10A	ussr_t_10a_default	USSR / Russia	5	typeHeavyTank	gameData/Weapons/groundModels_weapons/122mm_D25TS_user_cannon.blk	30	50000	700	75	10	14.992504	0
ussr_t_10m	T-10M	ussr_t_10m_default	USSR / Russia	6	typeHeavyTank	gameData/Weapons/groundModels_weapons/122mm_M62T2S_user_cannon.blk	30	50000	750	75	10	0	0
ussr_t_126sp	T-126	ussr_t_126sp_default	USSR / Russia	2	typeLightTank	gameData/Weapons/groundModels_weapons/45mm_20K_user_cannon.blk	150	18300	300	75	10	0	0
ussr_t_26_1940	T-26	ussr_t_26_1940_default	USSR / Russia	1	typeLightTank	gameData/Weapons/groundModels_weapons/45mm_20K_user_cannon.blk	205	9800	91	75	10	0	0
ussr_t_26_1940_1st_gvtbr	T-26 (1st Gv.T.Br.)	ussr_t_26_1940_default	USSR / Russia	1	typeLightTank	gameData/Weapons/groundModels_weapons/45mm_20K_user_cannon.blk	205	9800	91	75	10	0	0
ussr_t_26_4	T-26-4	ussr_t_26_4_default	USSR / Russia	1	typeLightTank	gameData/Weapons/groundModels_weapons/76mm_KT28_for_T26_user_cannon.blk	50	9800	91	75	10	0	0
ussr_t_26e	T-26E	ussr_t_26_1940_default	USSR / Russia	1	typeLightTank	gameData/Weapons/groundModels_weapons/45mm_20K_user_cannon.blk	205	9800	91	75	10	0	0
ussr_t_28	T-28	ussr_t_28_default	USSR / Russia	1	typeMediumTank	gameData/Weapons/groundModels_weapons/76mm_L10_user_cannon.blk	69	25400	500	75	10	0	0
ussr_t_28_1938	T-28 (1938)	ussr_t_28_1938_default	USSR / Russia	1	typeMediumTank	gameData/Weapons/groundModels_weapons/76mm_KT28_for_T26_user_cannon.blk	69	25400	500	75	10	0	0
ussr_t_28e	T-28E	ussr_t_28e_default	USSR / Russia	2	typeMediumTank	gameData/Weapons/groundModels_weapons/76mm_L10_user_cannon.blk	69	25400	500	75	10	0	0
ussr_t_34_100	T-34-100	ussr_t_34_100_default	USSR / Russia	4	typeMediumTank	gameData/Weapons/groundModels_weapons/100mm_LB1_user_cannon.blk	30	30000	500	75	10	11.547344	0
ussr_t_34_1940_l_11	T-34 (Prototype)	ussr_t_34_1941_l_11_default	USSR / Russia	2	typeMediumTank	gameData/Weapons/groundModels_weapons/76mm_L11_user_cannon.blk	77	26500	500	75	10	0	0
ussr_t_34_1941	T-34 (1941)	ussr_t_34_1941_default	USSR / Russia	2	typeMediumTank	gameData/Weapons/groundModels_weapons/76mm_F34_user_cannon.blk	77	26500	500	75	10	0	0
ussr_t_34_1941_57	T-34-57	ussr_t_34_1941_57_default	USSR / Russia	3	typeMediumTank	gameData/Weapons/groundModels_weapons/57mm_ZIS4_user_cannon.blk	77	26500	500	75	10	0	0
ussr_t_34_1941_cast_turret	T-34 (1st Gv.T.Br.)	ussr_t_34E_default	USSR / Russia	2	typeMediumTank	gameData/Weapons/groundModels_weapons/76mm_F34_user_cannon.blk	77	26500	500	75	10	0	0
ussr_t_34_1941_l_11	T-34 (1940)	ussr_t_34_1941_l_11_default	USSR / Russia	2	typeMediumTank	gameData/Weapons/groundModels_weapons/76mm_L11_user_cannon.blk	77	26500	500	75	10	0	0
ussr_t_34_1942	T-34 (1942)	ussr_t_34_1942_default	USSR / Russia	2	typeMediumTank	gameData/Weapons/groundModels_weapons/76mm_F34_user_cannon.blk	100	26500	500	75	10	6.451613	0
ussr_t_34_57_1943	T-34-57 (1943)	ussr_t_34_57_1943_default	USSR / Russia	3	typeMediumTank	gameData/Weapons/groundModels_weapons/57mm_ZIS4M_user_cannon.blk	100	26500	500	75	10	0	0
ussr_t_34_85_d_5t	T-34-85 (D-5T)	ussr_t_34_85_d_5t_default	USSR / Russia	3	typeMediumTank	gameData/Weapons/groundModels_weapons/85mm_D5T_user_cannon.blk	56	30000	500	75	10	8.333333	0
ussr_t_34_85_stp_s53	T-34-85 (STP)	ussr_t_34_85_stp_s53_default	USSR / Russia	4	typeMediumTank	gameData/Weapons/groundModels_weapons/85mm_ZiS_S_53_user_cannon.blk	60	30000	500	75	10	0	0
ussr_t_34_85_zis_53	T-34-85	ussr_t_34_85_zis_53_default	USSR / Russia	3	typeMediumTank	gameData/Weapons/groundModels_weapons/85mm_ZiS_S_53_user_cannon.blk	60	30000	500	75	10	0	0
ussr_t_34_85_zis_53_kit_3rank	T-34-85 ('45)	ussr_t_34_85_zis_53_default	USSR / Russia	3	typeMediumTank	gameData/Weapons/groundModels_weapons/85mm_ZiS_S_53_user_cannon.blk	60	30000	500	75	10	0	0
ussr_t_34_85_zis_53_v80	T-34-85 "Partisan"	ussr_t_34_85_zis_53_default	USSR / Russia	3	typeMediumTank	gameData/Weapons/groundModels_weapons/85mm_ZiS_S_53_user_cannon.blk	60	30000	500	75	10	0	0
ussr_t_34_85e	T-34-85E	ussr_t_34_85E_default	USSR / Russia	4	typeMediumTank	gameData/Weapons/groundModels_weapons/85mm_ZiS_S_53_user_cannon.blk	60	30000	500	75	10	0	0
ussr_t_34e	T-34E	ussr_t_34E_default	USSR / Russia	2	typeMediumTank	gameData/Weapons/groundModels_weapons/76mm_F34_user_cannon.blk	77	26500	500	75	10	0	0
ussr_t_34e_stz	T-34E STZ	ussr_t_34_1941_default	USSR / Russia	2	typeMediumTank	gameData/Weapons/groundModels_weapons/76mm_F34_user_cannon.blk	77	26500	500	75	10	0	0
ussr_t_35	T-35	ussr_t_35_default	USSR / Russia	1	typeHeavyTank	gameData/Weapons/groundModels_weapons/76mm_KT28_user_cannon.blk	96	25400	500	75	10	0	0
ussr_t_44	T-44	ussr_t_44_default	USSR / Russia	4	typeMediumTank	gameData/Weapons/groundModels_weapons/85mm_ZiS_S_53_user_cannon.blk	58	31800	520	75	10	0	0
ussr_t_44_100	T-44-100	ussr_t_44_100_default	USSR / Russia	5	typeMediumTank	gameData/Weapons/groundModels_weapons/100mm_D10T_user_cannon.blk	36	31800	520	75	10	0	0
ussr_t_44_122	T-44-122	ussr_t_44_122_default	USSR / Russia	4	typeMediumTank	gameData/Weapons/groundModels_weapons/122mm_D25_44T_user_cannon.blk	24	31800	520	75	10	0	0
ussr_t_44_po	T-44 (FM)	ussr_t_44_default	USSR / Russia	4	typeMediumTank	gameData/Weapons/groundModels_weapons/85mm_D5T_user_cannon.blk	54	31800	500	75	10	0	0
ussr_t_50	T-50	ussr_t_50_default	USSR / Russia	2	typeLightTank	gameData/Weapons/groundModels_weapons/45mm_20K_user_cannon.blk	150	9800	300	75	10	0	0
ussr_t_50_for_tutorial	T-50	ussr_t_50_for_tutorial_default	Event / Experimental	0	typeLightTank	gameData/Weapons/groundModels_weapons/45mm_20K_for_tutorial_user_cannon.blk	150	9800	300	75	10	0	0
ussr_t_54_1947	T-54 (1947)	ussr_t_54_1947_default	USSR / Russia	5	typeMediumTank	gameData/Weapons/groundModels_weapons/100mm_D10T_user_cannon.blk	34	35500	520	75	10	7.496252	0
ussr_t_54_1949	T-54 (1949)	ussr_t_54_1951_default	USSR / Russia	5	typeMediumTank	gameData/Weapons/groundModels_weapons/100mm_D10T_user_cannon.blk	34	35500	520	75	10	7.496252	0
ussr_t_54_1951	T-54 (1951)	ussr_t_54_1951_default	USSR / Russia	5	typeMediumTank	gameData/Weapons/groundModels_weapons/100mm_D10T_user_cannon.blk	34	35500	520	75	10	7.496252	0
ussr_t_55_am	T-55AM-1	ussr_t_55_am_default	USSR / Russia	6	typeMediumTank	gameData/Weapons/groundModels_weapons/100mm_D10T2S_user_cannon.blk	42	35500	690	75	10	7.496252	0
ussr_t_55_amd_1	T-55AMD-1	ussr_t_55_amd_1_default	USSR / Russia	6	typeMediumTank	gameData/Weapons/groundModels_weapons/100mm_D10T2S_user_cannon.blk	42	35500	690	75	10	7.496252	0
ussr_t_55a	T-55A	ussr_t_55a_default	USSR / Russia	6	typeMediumTank	gameData/Weapons/groundModels_weapons/100mm_D10T2S_user_cannon.blk	43	35500	580	75	10	7.496252	0
ussr_t_60_1941	T-60	ussr_t_60_1941_default	USSR / Russia	1	typeLightTank	gameData/Weapons/groundModels_weapons/20mm_TNSh_user_cannon.blk	754	5800	70	75	10	0	0.01
ussr_t_62	T-62	t_62_default	USSR / Russia	6	typeMediumTank	gameData/Weapons/groundModels_weapons/115mm_U5TS_user_cannon.blk	40	37000	580	75	10	0	0
ussr_t_62m1	T-62M-1	t_62m1_default	USSR / Russia	6	typeMediumTank	gameData/Weapons/groundModels_weapons/115mm_U5TS_T-62M1_user_cannon.blk	42	37000	690	75	10	0	0
ussr_t_64_b_1984	T-64B	ussr_t_64_b_1984_default	USSR / Russia	7	typeMediumTank	gameData/Weapons/groundModels_weapons/125mm_2A46_2_user_cannon.blk	36	37000	700	60	10	0	0.325
ussr_t_64a_1971	T-64A (1971)	t_64a_1971_default	USSR / Russia	6	typeMediumTank	gameData/Weapons/groundModels_weapons/125mm_2A26_user_cannon.blk	37	37000	700	60	10	0	0.325
ussr_t_70_1942	T-70	ussr_t_70_1942_default	USSR / Russia	1	typeLightTank	gameData/Weapons/groundModels_weapons/45mm_20K_user_cannon.blk	90	9800	140	75	10	4	0
ussr_t_72a	T-72A	ussr_t_72a_default	USSR / Russia	6	typeMediumTank	gameData/Weapons/groundModels_weapons/125mm_2A46M_user_cannon.blk	44	50000	780	75	10	0	0
ussr_t_72av_turms	T-72AV (TURMS-T)	ussr_t_72av_turms_default	USSR / Russia	7	typeMediumTank	gameData/Weapons/groundModels_weapons/125mm_2A46M_user_cannon.blk	44	50000	780	75	10	0	0
ussr_t_72b	T-72B	ussr_t_72b_default	USSR / Russia	7	typeMediumTank	gameData/Weapons/groundModels_weapons/125mm_2A46_M1_user_cannon.blk	45	50000	840	75	10	0	0
ussr_t_72b_1989	T-72B (1989)	ussr_t_72b_1989_default	USSR / Russia	7	typeMediumTank	gameData/Weapons/groundModels_weapons/125mm_2A46_M1_user_cannon.blk	45	50000	840	75	10	0	0
ussr_t_72b3_2011	T-72B3	ussr_t_72b3_2011_default	USSR / Russia	7	typeMediumTank	gameData/Weapons/groundModels_weapons/125mm_2A46_M5_user_cannon.blk	45	50000	840	75	10	0	0
ussr_t_72b3_2017_race	T-72B3	ussr_t_72b3_2017_race_default	Event / Experimental	0	typeMediumTank	gameData/Weapons/groundModels_weapons/125mm_2A46_M5_user_cannon.blk	45	50000	1130	75	10	0	0
ussr_t_72b3_arena	T-72B3 "Arena"	ussr_t_72b3_arena_default	USSR / Russia	7	typeMediumTank	gameData/Weapons/groundModels_weapons/125mm_2A46_M5_user_cannon.blk	45	50000	840	75	10	0	0
ussr_t_72b3_arena_m	T-72B3A	ussr_t_72b3_arena_m_default	USSR / Russia	8	typeMediumTank	gameData/Weapons/groundModels_weapons/125mm_2A46_M5_user_cannon.blk	45	50000	1130	75	10	0	0
ussr_t_72m2_moderna	T-72M2 Moderna	ussr_t_72m2_moderna_default	USSR / Russia	7	typeMediumTank	gameData/Weapons/groundModels_weapons/125mm_2A46MS_user_cannon.blk	44	50000	850	75	10	0	0
ussr_t_80	T-80	ussr_t_80_default	USSR / Russia	2	typeLightTank	gameData/Weapons/groundModels_weapons/45mm_20K_user_cannon.blk	94	11600	170	75	10	2.5	0
ussr_t_80b	T-80B	ussr_t_80b_default	USSR / Russia	7	typeMediumTank	gameData/Weapons/groundModels_weapons/125mm_2A46_2_user_cannon.blk	38	50000	1100	75	10	0	0
ussr_t_80bvm	T-80BVM	ussr_t_80bvm_default	USSR / Russia	8	typeMediumTank	gameData/Weapons/groundModels_weapons/125mm_2A46_M1_T_80BVM_user_cannon.blk	38	50000	1250	75	10	0	0
ussr_t_80u	T-80U	ussr_t_80u_default	USSR / Russia	7	typeMediumTank	gameData/Weapons/groundModels_weapons/125mm_2A46_M1_T_80U_user_cannon.blk	45	50000	1250	75	10	0	0
ussr_t_80u_race	T-80U	ussr_t_80u_default	USSR / Russia	7	typeMediumTank	gameData/Weapons/groundModels_weapons/125mm_2A46_M1_T_80U_user_cannon.blk	45	50000	1250	75	10	0	0
ussr_t_80u_yt_cup_2019	T-80U	ussr_t_80u_default	USSR / Russia	7	typeMediumTank	gameData/Weapons/groundModels_weapons/125mm_2A46_M1_T_80U_user_cannon.blk	45	50000	1250	75	10	0	0
ussr_t_80ud	T-80UD	ussr_t_80ud_default	USSR / Russia	7	typeMediumTank	gameData/Weapons/groundModels_weapons/125mm_2A46_M1_T_80UD_user_cannon.blk	45	50000	1000	75	10	0	0
ussr_t_80ue1	T-80U-E1	ussr_t_80ue1_default	USSR / Russia	7	typeMediumTank	gameData/Weapons/groundModels_weapons/125mm_2A46_M1_T_80U_e1_user_cannon.blk	45	50000	1250	75	10	0	0
ussr_t_80ue1_sm	80U-Е1	ussr_t_80ue1_default	USSR / Russia	7	typeMediumTank	gameData/Weapons/groundModels_weapons/125mm_2A46_M1_T_80U_e1_user_cannon.blk	45	50000	1250	75	10	0	0
ussr_t_80uk	T-80UK	ussr_t_80uk_default	USSR / Russia	7	typeMediumTank	gameData/Weapons/groundModels_weapons/125mm_2A46_M1_T_80UK_user_cannon.blk	30	50000	1250	75	10	0	0
ussr_t_80um2	T-80UM2	ussr_t_80um2_default	USSR / Russia	7	typeMediumTank	gameData/Weapons/groundModels_weapons/125mm_2A46_M1_T_80U_user_cannon.blk	45	50000	1250	75	10	0	0
ussr_t_90a	T-90A	ussr_t_90a_default	USSR / Russia	7	typeMediumTank	gameData/Weapons/groundModels_weapons/125mm_2A46_M5_T_90A_user_cannon.blk	43	50000	1000	75	10	0	0
ussr_t_90m_2020	T-90M	ussr_t_90m_2020_default	USSR / Russia	8	typeMediumTank	gameData/Weapons/groundModels_weapons/125mm_2A46_M5_t_90m_user_cannon.blk	40	50000	1130	75	10	0	0
ussr_t_90m_arena_m	T-90M (Arena-M)	ussr_t_90m_arena_m_default	USSR / Russia	8	typeMediumTank	gameData/Weapons/groundModels_weapons/125mm_2A46_M5_t_90m_user_cannon.blk	30	50000	1130	75	10	0	0
ussr_to_55	TO-55	ussr_to_55_default	USSR / Russia	5	typeMediumTank	gameData/Weapons/groundModels_weapons/100mm_D10T2S_TO_55_user_cannon.blk	25	35500	580	75	10	7.496252	0
ussr_tor_m1	Tor-M1	cn_tor_m1_default	USSR / Russia	7	typeSPAA	gameData/Weapons/dummy_weapon.blk	1	31800	780	75	10	0	0
ussr_truck_gaz_aaa	GAZ-AAA	ussr_truck_gaz_aaa_default	Event / Experimental	0	typeLightTank		0	5500	57	75	30	0	0
ussr_type_62	Type 62	ussr_type_62_default	USSR / Russia	4	typeMediumTank	gameData/Weapons/groundModels_weapons/85mm_Type_62_85_TC_user_cannon.blk	47	20500	430	75	10	0	0
ussr_type_65_aa	Phòng không T-34	cn_type_65_aa_default	USSR / Russia	3	typeSPAA	gameData/Weapons/groundModels_weapons/37mm_type_65_user_cannon.blk	195	30000	500	75	10	0	0
ussr_valentine_mk_9	MK-IX "Valentine"	uk_valentine_mk_9_default	USSR / Russia	2	typeMediumTank	gameData/Weapons/groundModels_weapons/57mm_6pdr_QQF_Mk_3_L43_user_cannon.blk	53	47000	165	75	10	0	0
ussr_zis_12_94km_1945	ZiS-12 (94-KM)	ussr_zis_12_94KM_1945_default	USSR / Russia	2	typeSPAA	gameData/Weapons/groundModels_weapons/25mm_72K_user_cannon.blk	280	7000	70	75	30	0	0
ussr_zis_30	ZiS-30	ussr_zis_30_default	USSR / Russia	2	typeTankDestroyer	gameData/Weapons/groundModels_weapons/57mm_ZIS2_user_cannon.blk	20	5800	50	75	10	4	0
ussr_zis_43	ZiS-43	ussr_zis_43_default	USSR / Russia	2	typeTankDestroyer	gameData/Weapons/groundModels_weapons/37mm_61_K_user_cannon.blk	260	8750	90	75	10	0	0.25
ussr_zprk_2s6	2S6	ussr_zprk_2s6_default	USSR / Russia	7	typeSPAA	gameData/Weapons/groundModels_weapons/30mm_2A38_user_cannon.blk	484	37000	710	75	10	0	0.02
ussr_zsu_23_4	ZSU-23-4V	ussr_zsu_23_4_default	USSR / Russia	6	typeSPAA	gameData/Weapons/groundModels_weapons/23mm_2A7_user_cannon.blk	500	37000	280	75	10	0	0.01
ussr_zsu_23_4m2	ZSU-23-4M2	ussr_zsu_23_4m2_default	USSR / Russia	5	typeSPAA	gameData/Weapons/groundModels_weapons/23mm_2A7_user_cannon.blk	1000	37000	280	75	10	0	0.01
ussr_zsu_23_4m4	ZSU-23-4M4	ussr_zsu_23_4m4_default	USSR / Russia	6	typeSPAA	gameData/Weapons/groundModels_weapons/23mm_2A7_user_cannon.blk	500	37000	280	75	10	0	0.01
ussr_zsu_29k	YaG-10 (29-K)	ussr_zsu_29k_default	USSR / Russia	2	typeTankDestroyer	gameData/Weapons/groundModels_weapons/76mm_3K_user_cannon.blk	48	7900	93.5	75	30	0	0.25
ussr_zsu_37	ZSU-37	ussr_zsu_37_default	USSR / Russia	2	typeSPAA	gameData/Weapons/groundModels_weapons/37mm_61_K_user_cannon.blk	290	7900	140	75	10	0	0.25
ussr_zsu_37_2	ZSU-37-2	ussr_zsu_37_2_default	USSR / Russia	5	typeSPAA	gameData/Weapons/groundModels_weapons/37mm_2A11_user_cannon.blk	270	7900	400	75	10	0	0
ussr_zsu_57_2	ZSU-57-2	ussr_zsu_57_2_default	USSR / Russia	5	typeSPAA	gameData/Weapons/groundModels_weapons/57mm_S_68_user_cannon.blk	148	28000	520	60	10	0	0
ussr_zut_37	ZUT-37	ussr_zut_37_default	USSR / Russia	2	typeSPAA	gameData/Weapons/groundModels_weapons/37mm_Sh_37_user_cannon.blk	200	7900	170	75	10	0	0.25
