gameData/Weapons/groundModels_weapons/100mm_d50_user_cannon.blk	100mm_br_412p	100 mm Br 412P	AP	8.53	1050	0	0.1	0
gameData/Weapons/groundModels_weapons/100mm_d10s_user_cannon.blk	100mm_br_412p	100 mm Br 412P	AP	8.53	1050	0	0.1	0
gameData/Weapons/groundModels_weapons/100mm_d10t_user_cannon.blk	100mm_br_412p	100 mm Br 412P	AP	8.53	1050	0	0.1	0
gameData/Weapons/groundModels_weapons/100mm_type59_user_cannon.blk	100mm_br_412p	100 mm Br 412P	AP	8.53	1050	0	0.1	0
gameData/Weapons/groundModels_weapons/100mm_lb1_user_cannon.blk	100mm_br_412p	100 mm Br 412P	AP	8.53	1050	0	0.1	0
gameData/Weapons/groundModels_weapons/105mm_ansaldo_105_25_user_cannon.blk	105mm_gr_perforante	105 mm Gr Perforante	AP	15.65	500	0.275	0.105	0
gameData/Weapons/groundModels_weapons/105mm_kwk46_user_cannon.blk	105mm_pzrg_40	105 mm Pzrg 40	AP	10.3	1150	0	0.105	0
gameData/Weapons/groundModels_weapons/105mm_kan_m44_user_cannon.blk	105mm_slpprj_m44	105 mm Slpprj M44	AP	11.67	475	0	0.105	0
gameData/Weapons/groundModels_weapons/105mm_t140e3_user_cannon.blk	105mm_t182e1	105 mm T182e1	AP	15.9	1067	0	0.105	0
gameData/Weapons/groundModels_weapons/105mm_t140_user_cannon.blk	105mm_t182e1	105 mm T182e1	AP	15.9	1067	0	0.105	0
gameData/Weapons/groundModels_weapons/105mm_t15e2_user_cannon.blk	105mm_t29e3	105 mm T29e3	AP	11.2	1128	0	0.105	0
gameData/Weapons/groundModels_weapons/105mm_t5e2_user_cannon.blk	105mm_t29e3	105 mm T29e3	AP	11.2	1128	0	0.105	0
gameData/Weapons/groundModels_weapons/120mm_m58_user_cannon.blk	120mm_m358	120 mm M358	AP	23.1	1067	0	0.12	0
gameData/Weapons/groundModels_weapons/120mm_sa_46_surbaisse_user_cannon.blk	120mm_obus_de_rupture	120 mm Obus De Rupture	AP	23.1	1067	0	0.12	0
gameData/Weapons/groundModels_weapons/120mm_sa_46_user_cannon.blk	120mm_obus_de_rupture	120 mm Obus De Rupture	AP	23.1	1067	0	0.12	0
gameData/Weapons/groundModels_weapons/120mm_t53_user_cannon.blk	120mm_t17e1	120 mm T17e1	AP	16.3	1082	0	0.12	0
gameData/Weapons/groundModels_weapons/128mm_k40_user_cannon.blk	128mm_pzrg_39_43	128 mm Pzrg 39 43	AP	26.35	880	0.55	0.128	0
gameData/Weapons/groundModels_weapons/128mm_pak44_user_cannon.blk	128mm_pzrg_39_43	128 mm Pzrg 39 43	AP	26.35	930	0.55	0.128	0
gameData/Weapons/groundModels_weapons/128mm_kwk44_user_cannon.blk	128mm_pzrg_39_43	128 mm Pzrg 39 43	AP	26.35	930	0.55	0.128	0
gameData/Weapons/groundModels_weapons/13_2mm_breda_mod31_user_machinegun.blk	13mm_p	13 mm P	AP	0.052	800	0	0.0132	0
gameData/Weapons/groundModels_weapons/13_2mm_hotchkiss_mle_1930_user_machinegun.blk	13mm_p	13 mm P	AP	0.052	800	0	0.0132	0
gameData/Weapons/groundModels_weapons/13_2mm_hotchkiss_mle_1930_user_machinegun.blk	13mm_tp	13 mm Tp	AP	0.052	800	0	0.0132	0
gameData/Weapons/groundModels_weapons/13_2mm_breda_mod31_user_machinegun.blk	13mm_tp	13 mm Tp	AP	0.052	800	0	0.0132	0
gameData/Weapons/groundModels_weapons/14_5mm_kpvt_btr_152_user_machinegun.blk	14mm_api	14 mm Api	AP	0.064	990	0	0.0145	0
gameData/Weapons/groundModels_weapons/14_5mm_kpvt_user_machinegun.blk	14mm_api_c	14 mm Api C	AP	0.065	1000	0	0.0145	0
gameData/Weapons/groundModels_weapons/14_5mm_kpvt_btr_152_user_machinegun.blk	14mm_api_c	14 mm Api C	AP	0.065	1000	0	0.0145	0
gameData/Weapons/groundModels_weapons/14_5mm_qjg02_user_machinegun.blk	14mm_api_c	14 mm Api C	AP	0.065	1000	0	0.0145	0
gameData/Weapons/groundModels_weapons/14_5mm_kpvt_user_machinegun.blk	14mm_apit	14 mm Apit	AP	0.0596	1000	0	0.0145	0
gameData/Weapons/groundModels_weapons/14_5mm_kpvt_btr_152_user_machinegun.blk	14mm_apit	14 mm Apit	AP	0.0596	1000	0	0.0145	0
gameData/Weapons/groundModels_weapons/14_5mm_qjg02_user_machinegun.blk	14mm_apit	14 mm Apit	AP	0.0596	1000	0	0.0145	0
gameData/Weapons/groundModels_weapons/15mm_mg151_mid_drilling_user_cannon.blk	15mm_h_pzgr	15 mm H Pzgr	AP	0.052	1030	0	0.015	0
gameData/Weapons/groundModels_weapons/15mm_mg151_out_drilling_user_cannon.blk	15mm_h_pzgr	15 mm H Pzgr	AP	0.052	1030	0	0.015	0
gameData/Weapons/groundModels_weapons/15mm_mg151_out_drilling_user_cannon.blk	15mm_pzbrgr	15 mm Pzbrgr	AP	0.059	960	0	0.015	0
gameData/Weapons/groundModels_weapons/15mm_mg151_mid_drilling_user_cannon.blk	15mm_pzbrgr	15 mm Pzbrgr	AP	0.059	960	0	0.015	0
gameData/Weapons/groundModels_weapons/15mm_mg151_user_cannon.blk	15mm_pzgr	15 mm Pzgr	AP	0.072	850	0	0.015	0
gameData/Weapons/groundModels_weapons/15mm_mg151_mid_drilling_user_cannon.blk	15mm_pzgr	15 mm Pzgr	AP	0.072	850	0	0.015	0
gameData/Weapons/groundModels_weapons/15mm_mg151_out_drilling_user_cannon.blk	15mm_pzgr	15 mm Pzgr	AP	0.072	850	0	0.015	0
gameData/Weapons/groundModels_weapons/155mm_t7_user_cannon.blk	155mm_m112b1	155 mm M112b1	AP	45.36	670	0.653	0.155	0
gameData/Weapons/groundModels_weapons/20mm_gai_co1_md_user_cannon.blk	20mm_ap_md	20 mm Ap Md	AP	0.111	1000	0	0.02	0
gameData/Weapons/groundModels_weapons/20mm_luchs_a2_user_cannon.blk	20mm_dm43	20 mm Dm43	AP	0.111	1100	0	0.02	0
gameData/Weapons/groundModels_weapons/20mm_rh_202_marder_user_cannon.blk	20mm_dm43	20 mm Dm43	AP	0.111	1100	0	0.02	0
gameData/Weapons/groundModels_weapons/20mm_m_693_user_cannon.blk	20mm_dm43	20 mm Dm43	AP	0.111	1100	0	0.02	0
gameData/Weapons/groundModels_weapons/20mm_rh_202_6616_user_cannon.blk	20mm_dm43	20 mm Dm43	AP	0.111	1100	0	0.02	0
gameData/Weapons/groundModels_weapons/20mm_m_693_marder_clovis_user_cannon.blk	20mm_dm43	20 mm Dm43	AP	0.111	1100	0	0.02	0
gameData/Weapons/groundModels_weapons/20mm_m693_amx_10_user_cannon.blk	20mm_dm43	20 mm Dm43	AP	0.111	1100	0	0.02	0
gameData/Weapons/groundModels_weapons/20mm_mk_20_1_user_cannon.blk	20mm_dm43	20 mm Dm43	AP	0.111	1100	0	0.02	0
gameData/Weapons/groundModels_weapons/20mm_rh_202_user_cannon.blk	20mm_dm43	20 mm Dm43	AP	0.111	1100	0	0.02	0
gameData/Weapons/groundModels_weapons/20mm_rh_202_wiesel_user_cannon.blk	20mm_dm43	20 mm Dm43	AP	0.111	1100	0	0.02	0
gameData/Weapons/groundModels_weapons/20mm_m168_user_cannon.blk	20mm_m52a1	20 mm M52A1	AP	0.09962	1030	0	0.02	0
gameData/Weapons/groundModels_weapons/20mm_m168_user_cannon.blk	20mm_m53	20 mm M53	AP	0.09962	1030	0	0.02	0
gameData/Weapons/groundModels_weapons/20mm_m139_user_cannon.blk	20mm_m601	20 mm M601	AP	0.111	1100	0	0.02	0
gameData/Weapons/groundModels_weapons/20mm_oerlikon_204gk_user_cannon.blk	20mm_m601	20 mm M601	AP	0.111	1100	0	0.02	0
gameData/Weapons/groundModels_weapons/20mm_gi_2_user_cannon.blk	20mm_m601	20 mm M601	AP	0.111	1100	0	0.02	0
gameData/Weapons/groundModels_weapons/20mm_gai_co1_user_cannon.blk	20mm_m601	20 mm M601	AP	0.111	1100	0	0.02	0
gameData/Weapons/groundModels_weapons/20mm_oerlikon_kad_b17_user_cannon.blk	20mm_m601	20 mm M601	AP	0.111	1100	0	0.02	0
gameData/Weapons/groundModels_weapons/20mm_oerlikon_for_tutorial_user_cannon.blk	20mm_oerlikon_ap	20 mm Oerlikon Ap	AP	0.14	830	0	0.02	0
gameData/Weapons/groundModels_weapons/20mm_polsten_user_cannon.blk	20mm_oerlikon_ap	20 mm Oerlikon Ap	AP	0.14	830	0	0.02	0
gameData/Weapons/groundModels_weapons/20mm_oerlikon_user_cannon.blk	20mm_oerlikon_ap	20 mm Oerlikon Ap	AP	0.14	830	0	0.02	0
gameData/Weapons/groundModels_weapons/20mm_hispano_mk_5_user_cannon.blk	20mm_oerlikon_ap	20 mm Oerlikon Ap	AP	0.14	830	0	0.02	0
gameData/Weapons/groundModels_weapons/20mm_breda_20_65_m35_user_cannon.blk	20mm_perforante_m35_belt	20 mm Perforante M35 Belt	AP	0.14	832	0.001	0.02	0
gameData/Weapons/groundModels_weapons/20mm_breda_m35_l6_user_cannon.blk	20mm_perforante_m35_belt	20 mm Perforante M35 Belt	AP	0.14	832	0.001	0.02	0
gameData/Weapons/groundModels_weapons/20mm_scotti_isotta_20_70_m41_user_cannon.blk	20mm_perforante_m35_belt	20 mm Perforante M35 Belt	AP	0.14	832	0.001	0.02	0
gameData/Weapons/groundModels_weapons/20mm_mg151_20_user_cannon.blk	20mm_pzbrgr_ph	20 mm Pzbrgr Ph	AP	0.115	705	0	0.02	0
gameData/Weapons/groundModels_weapons/20mm_kwk30_222_user_cannon.blk	20mm_pzgr	20 mm Pzgr	AP	0.148	800	0	0.02	0
gameData/Weapons/groundModels_weapons/20mm_kwk30_k_user_cannon.blk	20mm_pzgr	20 mm Pzgr	AP	0.148	800	0	0.02	0
gameData/Weapons/groundModels_weapons/20mm_kwk30_user_cannon.blk	20mm_pzgr	20 mm Pzgr	AP	0.148	800	0	0.02	0
gameData/Weapons/groundModels_weapons/20mm_kwk38_user_cannon.blk	20mm_pzgr	20 mm Pzgr	AP	0.148	800	0	0.02	0
gameData/Weapons/groundModels_weapons/20mm_flak38_wirbelwind_user_cannon.blk	20mm_pzgr	20 mm Pzgr	AP	0.148	800	0	0.02	0
gameData/Weapons/groundModels_weapons/20mm_flak38_user_cannon.blk	20mm_pzgr	20 mm Pzgr	AP	0.148	800	0	0.02	0
gameData/Weapons/groundModels_weapons/20mm_flak38_wirbelwind_user_cannon.blk	20mm_pzgr_40	20 mm Pzgr 40	AP	0.1	1050	0	0.02	0
gameData/Weapons/groundModels_weapons/20mm_kwk30_user_cannon.blk	20mm_pzgr_40	20 mm Pzgr 40	AP	0.1	1050	0	0.02	0
gameData/Weapons/groundModels_weapons/20mm_kwk30_222_user_cannon.blk	20mm_pzgr_40	20 mm Pzgr 40	AP	0.1	1050	0	0.02	0
gameData/Weapons/groundModels_weapons/20mm_kwk30_k_user_cannon.blk	20mm_pzgr_40	20 mm Pzgr 40	AP	0.1	1050	0	0.02	0
gameData/Weapons/groundModels_weapons/20mm_flak38_user_cannon.blk	20mm_pzgr_40	20 mm Pzgr 40	AP	0.1	1050	0	0.02	0
gameData/Weapons/groundModels_weapons/20mm_breda_20_65_m35_user_cannon.blk	20mm_pzgr_40	20 mm Pzgr 40	AP	0.1	1050	0	0.02	0
gameData/Weapons/groundModels_weapons/20mm_scotti_isotta_20_70_m41_user_cannon.blk	20mm_pzgr_40	20 mm Pzgr 40	AP	0.1	1050	0	0.02	0
gameData/Weapons/groundModels_weapons/20mm_breda_m35_l6_user_cannon.blk	20mm_pzgr_40	20 mm Pzgr 40	AP	0.1	1050	0	0.02	0
gameData/Weapons/groundModels_weapons/20mm_kwk38_user_cannon.blk	20mm_pzgr_40	20 mm Pzgr 40	AP	0.1	1050	0	0.02	0
gameData/Weapons/groundModels_weapons/20mm_mg151_20_mid_drilling_user_cannon.blk	20mm_pzsprgr	20 mm Pzsprgr	AP	0.115	705	0.004	0.02	0
gameData/Weapons/groundModels_weapons/20mm_mg151_20_out_drilling_user_cannon.blk	20mm_pzsprgr	20 mm Pzsprgr	AP	0.115	705	0.004	0.02	0
gameData/Weapons/groundModels_weapons/20mm_tnsh_sh_user_cannon.blk	20mm_shvak_api	20 mm Shvak Api	AP	0.096	892	0	0.02	0
gameData/Weapons/groundModels_weapons/20mm_tnsh_user_cannon.blk	20mm_shvak_api	20 mm Shvak Api	AP	0.096	892	0	0.02	0
gameData/Weapons/groundModels_weapons/20mm_tnsh_sh_user_cannon.blk	20mm_shvak_apit	20 mm Shvak Apit	AP	0.096	800	0	0.02	0
gameData/Weapons/groundModels_weapons/20mm_tnsh_user_cannon.blk	20mm_shvak_apit	20 mm Shvak Apit	AP	0.096	800	0	0.02	0
gameData/Weapons/groundModels_weapons/20mm_akan_m45_b_user_cannon.blk	20mm_slpgr_m42	20 mm Slpgr M42	AP	0.136	845	0	0.02	0
gameData/Weapons/groundModels_weapons/20mm_lva_kan_m40_b_user_cannon.blk	20mm_slpgr_m42	20 mm Slpgr M42	AP	0.136	845	0	0.02	0
gameData/Weapons/groundModels_weapons/20mm_pvlv_kan_m40_user_cannon.blk	20mm_slpgr_m42	20 mm Slpgr M42	AP	0.136	845	0	0.02	0
gameData/Weapons/groundModels_weapons/20mm_lva_kan_m40_b_user_cannon.blk	20mm_slpprj_m40	20 mm Slpprj M40	AP	0.145	815	0	0.02	0
gameData/Weapons/groundModels_weapons/20mm_akan_m45_b_user_cannon.blk	20mm_slpprj_m40	20 mm Slpprj M40	AP	0.145	815	0	0.02	0
gameData/Weapons/groundModels_weapons/20mm_pvlv_kan_m40_user_cannon.blk	20mm_slpprj_m40	20 mm Slpprj M40	AP	0.145	815	0	0.02	0
gameData/Weapons/groundModels_weapons/20mm_akan_m47_d_user_cannon.blk	20mm_slpprj_m42	20 mm Slpprj M42	AP	0.136	830	0	0.02	0
gameData/Weapons/groundModels_weapons/20mm_akan_m47_d_user_cannon.blk	20mm_slpprj_m68	20 mm Slpprj M68	AP	0.133	885	0	0.02	0
gameData/Weapons/groundModels_weapons/20mm_type98_user_cannon.blk	20mm_type100_ap	20 mm Type100 Ap	AP	0.155	928	0	0.02	0
gameData/Weapons/groundModels_weapons/23mm_2a14_md_user_cannon.blk	23mm_ap_md	23 mm Ap Md	AP	0.19	925	0	0.023	0
gameData/Weapons/groundModels_weapons/23mm_2a14_user_cannon.blk	23mm_apit	23 mm Apit	AP	0.19	970	0	0.023	0
gameData/Weapons/groundModels_weapons/23mm_2a7_user_cannon.blk	23mm_apit	23 mm Apit	AP	0.19	970	0	0.023	0
gameData/Weapons/groundModels_weapons/25mm_72k_user_cannon.blk	25mm_br_132	25 mm Br 132	AP	0.295	900	0	0.025	0
gameData/Weapons/groundModels_weapons/25mm_sa_34_user_cannon.blk	25mm_mle1934_tp_ch_f	25 mm Mle1934 Tp Ch F	AP	0.31	950	0	0.025	0
gameData/Weapons/groundModels_weapons/25mm_gau_12u_equalizer_user_cannon.blk	25mm_pgu_20_u	25 mm Pgu 20 U	AP	0.214	1036	0	0.025	0
gameData/Weapons/groundModels_weapons/25mm_gau_12u_user_cannon.blk	25mm_pgu_20_u	25 mm Pgu 20 U	AP	0.214	1036	0	0.025	0
gameData/Weapons/groundModels_weapons/25mm_zpt90_user_cannon.blk	25mm_type_87_api	25 mm Type 87 Api	AP	0.25	1050	0	0.025	0
gameData/Weapons/groundModels_weapons/25mm_pg87_pgz_user_cannon.blk	25mm_type_87_api	25 mm Type 87 Api	AP	0.25	1050	0	0.025	0
gameData/Weapons/groundModels_weapons/25mm_pg87_user_cannon.blk	25mm_type_87_api	25 mm Type 87 Api	AP	0.25	1050	0	0.025	0
gameData/Weapons/groundModels_weapons/28_20mm_s_pz_b_41_user_cannon.blk	28_20mm_pzgr41	28 20 mm Pzgr41	AP	0.124	1400	0	0.02	0
gameData/Weapons/groundModels_weapons/30mm_2a72_btr_md_user_cannon.blk	30mm_2a72_ap_md	30 mm 2A72 Ap Md	AP	0.4	820	0	0.03	0
gameData/Weapons/groundModels_weapons/30mm_pgz_625_user_cannon.blk	30mm_china_API	30 mm China API	AP	0.4	970	0	0.03	0
gameData/Weapons/groundModels_weapons/30mm_zk_453_user_cannon.blk	30mm_jpzsv_53_59	30 mm Jpzsv 53 59	AP	0.425	1000	0	0.03	0
gameData/Weapons/groundModels_weapons/30mm_zk_453_md_user_cannon.blk	30mm_jpzsv_ap_md	30 mm Jpzsv Ap Md	AP	0.425	730	0	0.03	0
gameData/Weapons/groundModels_weapons/30mm_mk103_45_user_cannon.blk	30mm_PzGr	30 mm Pzgr	AP	0.5	800	0	0.03	0
gameData/Weapons/groundModels_weapons/30mm_mk103_38_user_cannon.blk	30mm_PzGr	30 mm Pzgr	AP	0.5	800	0	0.03	0
gameData/Weapons/groundModels_weapons/30mm_mk103_45_user_cannon.blk	30mm_PzGr_H	30 mm Pzgr H	AP	0.356	960	0	0.03	0
gameData/Weapons/groundModels_weapons/30mm_mk103_38_user_cannon.blk	30mm_PzGr_H	30 mm Pzgr H	AP	0.356	960	0	0.03	0
gameData/Weapons/groundModels_weapons/30mm_zpt_99_user_cannon.blk	30mm_UBR6	30 mm UBR6	AP	0.4	970	0	0.03	0
gameData/Weapons/groundModels_weapons/30mm_2a72_btr_user_cannon.blk	30mm_UBR6	30 mm UBR6	AP	0.4	970	0	0.03	0
gameData/Weapons/groundModels_weapons/30mm_2a42_user_cannon.blk	30mm_UBR6	30 mm UBR6	AP	0.4	970	0	0.03	0
gameData/Weapons/groundModels_weapons/30mm_2a42_md_user_cannon.blk	30mm_UBR6	30 mm UBR6	AP	0.4	970	0	0.03	0
gameData/Weapons/groundModels_weapons/30mm_2a72_bmd_user_cannon.blk	30mm_UBR6	30 mm UBR6	AP	0.4	970	0	0.03	0
gameData/Weapons/groundModels_weapons/30mm_2a72_user_cannon.blk	30mm_UBR6	30 mm UBR6	AP	0.4	970	0	0.03	0
gameData/Weapons/groundModels_weapons/30mm_ztm1_btr_user_cannon.blk	30mm_UBR6	30 mm UBR6	AP	0.4	970	0	0.03	0
gameData/Weapons/groundModels_weapons/30mm_zpz02_user_cannon.blk	30mm_UBR6	30 mm UBR6	AP	0.4	970	0	0.03	0
gameData/Weapons/groundModels_weapons/30mm_2a38m_user_cannon.blk	30mm_UBR6	30 mm UBR6	AP	0.4	970	0	0.03	0
gameData/Weapons/groundModels_weapons/30mm_2a38_user_cannon.blk	30mm_UBR6	30 mm UBR6	AP	0.4	970	0	0.03	0
gameData/Weapons/groundModels_weapons/30mm_2a38m1_user_cannon.blk	30mm_UBR6	30 mm UBR6	AP	0.4	970	0	0.03	0
gameData/Weapons/groundModels_weapons/30mm_2a42_bmpt_user_cannon_2.blk	30mm_UBR6	30 mm UBR6	AP	0.4	970	0	0.03	0
gameData/Weapons/groundModels_weapons/30mm_2a42_bmpt_user_cannon.blk	30mm_UBR6	30 mm UBR6	AP	0.4	970	0	0.03	0
gameData/Weapons/groundModels_weapons/35mm_oerlikon_kda_marksman_user_cannon.blk	35_228mm_aphe_i	35 228 mm Aphe I	AP	0.55	1175	0.022	0.035	0
gameData/Weapons/groundModels_weapons/35mm_oerlikon_kda_user_cannon.blk	35_228mm_aphe_i	35 228 mm Aphe I	AP	0.55	1175	0.022	0.035	0
gameData/Weapons/groundModels_weapons/35mm_ga_35_user_cannon.blk	35_228mm_aphe_i	35 228 mm Aphe I	AP	0.55	1175	0.022	0.035	0
gameData/Weapons/groundModels_weapons/35mm_bushmaster_3_user_cannon.blk	35_228mm_aphe_i	35 228 mm Aphe I	AP	0.55	1175	0.022	0.035	0
gameData/Weapons/groundModels_weapons/35mm_oerlikon_us_xm246_user_cannon.blk	35_228mm_aphe_i	35 228 mm Aphe I	AP	0.55	1175	0.022	0.035	0
gameData/Weapons/groundModels_weapons/35mm_pg_99_35_2_user_cannon.blk	35mm_dkp_01a	35 mm Dkp 01A	AP	0.55	1175	0.018	0.035	0
gameData/Weapons/groundModels_weapons/37mm_type_76_user_cannon.blk	37mm_apit_1955	37 mm Apit 1955	AP	0.77	1000	0	0.037	0
gameData/Weapons/groundModels_weapons/37mm_sh_37_user_cannon.blk	37mm_BT	37 mm BT	AP	0.76	880	0	0.037	0
gameData/Weapons/groundModels_weapons/37mm_m1a2_user_cannon.blk	37mm_m59a1	37 mm M59A1	AP	0.87	625	0	0.037	0
gameData/Weapons/groundModels_weapons/37mm_m3_user_cannon.blk	37mm_m74	37 mm M74	AP	0.87	883	0	0.037	0
gameData/Weapons/groundModels_weapons/37mm_m5_early_user_cannon.blk	37mm_m74	37 mm M74	AP	0.87	870	0	0.037	0
gameData/Weapons/groundModels_weapons/37mm_m5_user_cannon_for_m3_lee.blk	37mm_m74	37 mm M74	AP	0.87	870	0	0.037	0
gameData/Weapons/groundModels_weapons/37mm_m5_user_cannon.blk	37mm_m74b1	37 mm M74b1	AP	0.87	870	0	0.037	0
gameData/Weapons/groundModels_weapons/37mm_m6_user_cannon.blk	37mm_m74b1	37 mm M74b1	AP	0.87	883	0	0.037	0
gameData/Weapons/groundModels_weapons/37mm_m6_race_user_cannon.blk	37mm_m74b1	37 mm M74b1	AP	0.87	883	0	0.037	0
gameData/Weapons/groundModels_weapons/37mm_m3_user_cannon_for_m6a1.blk	37mm_m74b1	37 mm M74b1	AP	0.87	883	0	0.037	0
gameData/Weapons/groundModels_weapons/37mm_m5_user_cannon_for_m3_lee.blk	37mm_m74b1	37 mm M74b1	AP	0.87	883	0	0.037	0
gameData/Weapons/groundModels_weapons/37mm_sa_18_user_cannon.blk	37mm_mle1937	37 mm Mle1937	AP	0.5	600	0	0.037	36
gameData/Weapons/groundModels_weapons/37mm_sa_38_user_cannon.blk	37mm_mle1938	37 mm Mle1938	AP	0.7	705	0	0.037	0
gameData/Weapons/groundModels_weapons/37mm_psv_k36_user_cannon.blk	37mm_psav	37 mm Psav	AP	0.74	810	0	0.037	0
gameData/Weapons/groundModels_weapons/37mm_kwk36_race_user_cannon.blk	37mm_pzgr_40	37 mm Pzgr 40	AP	0.368	1020	0	0.037	0
gameData/Weapons/groundModels_weapons/37mm_kwk36_for_nbfz_user_cannon.blk	37mm_pzgr_40	37 mm Pzgr 40	AP	0.368	1020	0	0.037	0
gameData/Weapons/groundModels_weapons/37mm_kwk36_user_cannon.blk	37mm_pzgr_40	37 mm Pzgr 40	AP	0.368	1020	0	0.037	0
gameData/Weapons/groundModels_weapons/37mm_pak_user_cannon.blk	37mm_pzgr_40	37 mm Pzgr 40	AP	0.368	1020	0	0.037	0
gameData/Weapons/groundModels_weapons/37mm_kwk38_t_user_cannon.blk	37mm_pzgr_40_37_t	37 mm Pzgr 40 37 T	AP	0.368	1020	0	0.037	0
gameData/Weapons/groundModels_weapons/37mm_kwk34_t_user_cannon.blk	37mm_pzgr_40_37_t	37 mm Pzgr 40 37 T	AP	0.368	980	0	0.037	0
gameData/Weapons/groundModels_weapons/37mm_kwk34_t_user_cannon.blk	37mm_pzgr_t	37 mm Pzgr T	AP	0.85	675	0.013	0.037	0
gameData/Weapons/groundModels_weapons/37mm_kwk38_t_user_cannon.blk	37mm_pzgr_t	37 mm Pzgr T	AP	0.85	741	0.013	0.037	0
gameData/Weapons/groundModels_weapons/37mm_kwk38_t_user_cannon.blk	37mm_pzgr_t_umg	37 mm Pzgr T Umg	AP	0.815	750	0.013	0.037	0
gameData/Weapons/groundModels_weapons/37mm_kwk34_t_user_cannon.blk	37mm_pzgr_t_umg	37 mm Pzgr T Umg	AP	0.815	675	0.013	0.037	0
gameData/Weapons/groundModels_weapons/37mm_kan_m38_user_cannon.blk	37mm_slpprj_m38	37 mm Slpprj M38	AP	0.74	785	0	0.037	0
gameData/Weapons/groundModels_weapons/37mm_type_65_user_cannon.blk	37mm_UBR_167	37 mm UBR 167	AP	0.77	868	0	0.037	0
gameData/Weapons/groundModels_weapons/37mm_2a11_user_cannon.blk	37mm_UBR_167	37 mm UBR 167	AP	0.77	1000	0	0.037	0
gameData/Weapons/groundModels_weapons/37mm_61_k_user_cannon.blk	37mm_UBR_167	37 mm UBR 167	AP	0.77	868	0	0.037	0
gameData/Weapons/groundModels_weapons/37mm_61_k_user_cannon.blk	37mm_UBR_167P	37 mm UBR 167P	AP	0.62	960	0	0.037	0
gameData/Weapons/groundModels_weapons/37mm_type_65_user_cannon.blk	37mm_UBR_167P	37 mm UBR 167P	AP	0.62	960	0	0.037	0
gameData/Weapons/groundModels_weapons/40mm_41m_user_cannon.blk	40mm_43m	40 mm 43M	AP	1.05	812	0	0.04	0
gameData/Weapons/groundModels_weapons/40mm_37_42m_user_cannon.blk	40mm_43m	40 mm 43M	AP	1.05	800	0	0.04	0
gameData/Weapons/groundModels_weapons/40mm_lva_kan_m36_md_user_cannon.blk	40mm_ap_md	40 mm Ap Md	AP	1.2	900	0	0.04	0
gameData/Weapons/groundModels_weapons/40mm_cannone_da_40_70_user_cannon.blk	40mm_im219_ap	40 mm Im219 Ap	AP	0.96	1005	0	0.04	0
gameData/Weapons/groundModels_weapons/40mm_mle51_t1_user_cannon.blk	40mm_l70_ap	40 mm L70 Ap	AP	0.93	1025	0	0.04	0
gameData/Weapons/groundModels_weapons/40mm_l70_bofors_mk3_user_cannon.blk	40mm_l70_ap	40 mm L70 Ap	AP	0.93	1025	0	0.04	0
gameData/Weapons/groundModels_weapons/40mm_l60_bofors_user_cannon.blk	40mm_M81_AP	40 mm M81 AP	AP	0.884505	874.776	0	0.04	0
gameData/Weapons/groundModels_weapons/40mm_bofors_l60_user_cannon.blk	40mm_M81A1	40 mm M81A1	AP	0.884505	874.776	0	0.04	0
gameData/Weapons/groundModels_weapons/40mm_m2_user_cannon.blk	40mm_M81A1	40 mm M81A1	AP	0.884505	874.776	0	0.04	0
gameData/Weapons/groundModels_weapons/40mm_qf_2pdr_race_user_cannon.blk	40mm_shot_mk1_aphv	40 mm Shot Mk1 Aphv	AP	1.08	853	0	0.04	0
gameData/Weapons/groundModels_weapons/40mm_qf_2pdr_churchill_user_cannon.blk	40mm_shot_mk1_aphv	40 mm Shot Mk1 Aphv	AP	1.08	853	0	0.04	0
gameData/Weapons/groundModels_weapons/40mm_qf_2pdr_user_cannon.blk	40mm_shot_mk1_aphv	40 mm Shot Mk1 Aphv	AP	1.08	853	0	0.04	0
gameData/Weapons/groundModels_weapons/40mm_qf_2pdr_race_user_cannon.blk	40mm_shot_mk1_apt	40 mm Shot Mk1 Apt	AP	1.08	792	0	0.04	0
gameData/Weapons/groundModels_weapons/40mm_qf_2pdr_churchill_user_cannon.blk	40mm_shot_mk1_apt	40 mm Shot Mk1 Apt	AP	1.08	792	0	0.04	0
gameData/Weapons/groundModels_weapons/40mm_qf_2pdr_user_cannon.blk	40mm_shot_mk1_apt	40 mm Shot Mk1 Apt	AP	1.08	792	0	0.04	0
gameData/Weapons/groundModels_weapons/40mm_lva_kan_m36_user_cannon.blk	40mm_slpprj_m42	40 mm Slpprj M42	AP	1.2	800	0	0.04	0
gameData/Weapons/groundModels_weapons/40mm_42m_user_cannon.blk	40mm_slpprj_m42	40 mm Slpprj M42	AP	1.2	800	0	0.04	0
gameData/Weapons/groundModels_weapons/40mm_lva_kan_m48_user_cannon.blk	40mm_slpprj_m42b	40 mm Slpprj M42b	AP	1.2	910	0	0.04	0
gameData/Weapons/groundModels_weapons/40mm_lva_kan_m48_veak_user_cannon.blk	40mm_slpprj_m42b	40 mm Slpprj M42b	AP	1.2	910	0	0.04	0
gameData/Weapons/groundModels_weapons/45mm_20k_user_cannon.blk	45mm_br_243p	45 mm Br 243P	AP	0.85	985	0	0.045	0
gameData/Weapons/groundModels_weapons/45mm_20k_user_cannon_for_t_35.blk	45mm_br_243p	45 mm Br 243P	AP	0.85	985	0	0.045	0
gameData/Weapons/groundModels_weapons/45mm_20k_for_tutorial_user_cannon.blk	45mm_br_243p	45 mm Br 243P	AP	0.85	985	0	0.045	0
gameData/Weapons/groundModels_weapons/45mm_20k_race_user_cannon.blk	45mm_br_243p	45 mm Br 243P	AP	0.85	985	0	0.045	0
gameData/Weapons/groundModels_weapons/45mm_20k_for_tutorial_user_cannon.blk	45mm_br_243sp	45 mm Br 243Sp	AP	1.43	757	0	0.045	0
gameData/Weapons/groundModels_weapons/45mm_20k_race_user_cannon.blk	45mm_br_243sp	45 mm Br 243Sp	AP	1.43	757	0	0.045	0
gameData/Weapons/groundModels_weapons/45mm_20k_user_cannon.blk	45mm_br_243sp	45 mm Br 243Sp	AP	1.43	757	0	0.045	0
gameData/Weapons/groundModels_weapons/45mm_20k_user_cannon_for_t_35.blk	45mm_br_243sp	45 mm Br 243Sp	AP	1.43	757	0	0.045	0
gameData/Weapons/groundModels_weapons/45mm_kwk_user_cannon_for_pzkmpflfr.blk	45mm_pzgr40	45 mm Pzgr40	AP	0.85	985	0	0.045	0
gameData/Weapons/groundModels_weapons/45mm_kwk_user_cannon_for_pzkmpflfr.blk	45mm_pzgr42	45 mm Pzgr42	AP	1.43	757	0	0.045	0
gameData/Weapons/groundModels_weapons/47mm_sa_35_user_cannon.blk	47mm_mle1935	47 mm Mle1935	AP	1.62	660	0	0.047	0
gameData/Weapons/groundModels_weapons/47mm_pak_t_sf_user_cannon.blk	47mm_pzgr_36t	47 mm Pzgr 36T	AP	1.65	775	0.015	0.047	0
gameData/Weapons/groundModels_weapons/47mm_pak_t_sf_user_cannon.blk	47mm_pzgr_40	47 mm Pzgr 40	AP	0.825	1080	0	0.047	0
gameData/Weapons/groundModels_weapons/50mm_kwk39_1_user_cannon.blk	50mm_pzgr_39	50 mm Pzgr 39	AP	2.05	835	0.017	0.05	0
gameData/Weapons/groundModels_weapons/50mm_kwk38_user_cannon.blk	50mm_pzgr_39	50 mm Pzgr 39	AP	2.05	685	0.017	0.05	0
gameData/Weapons/groundModels_weapons/50mm_kwk39_user_cannon.blk	50mm_pzgr_39	50 mm Pzgr 39	AP	2.05	835	0.017	0.05	0
gameData/Weapons/groundModels_weapons/50mm_kwk38_open_turret_user_cannon.blk	50mm_pzgr_39	50 mm Pzgr 39	AP	2.05	685	0.017	0.05	0
gameData/Weapons/groundModels_weapons/50mm_pak38_user_cannon.blk	50mm_pzgr_39	50 mm Pzgr 39	AP	2.05	835	0.017	0.05	0
gameData/Weapons/groundModels_weapons/50mm_kwk39_1_user_cannon.blk	50mm_pzgr_40	50 mm Pzgr 40	AP	0.9	1180	0	0.05	0
gameData/Weapons/groundModels_weapons/50mm_kwk38_open_turret_user_cannon.blk	50mm_pzgr_40	50 mm Pzgr 40	AP	0.9	1050	0	0.05	0
gameData/Weapons/groundModels_weapons/50mm_kwk38_user_cannon.blk	50mm_pzgr_40	50 mm Pzgr 40	AP	0.9	1050	0	0.05	0
gameData/Weapons/groundModels_weapons/50mm_pak38_user_cannon.blk	50mm_pzgr_40	50 mm Pzgr 40	AP	0.9	1180	0	0.05	0
gameData/Weapons/groundModels_weapons/50mm_kwk39_user_cannon.blk	50mm_pzgr_40	50 mm Pzgr 40	AP	0.9	1180	0	0.05	0
gameData/Weapons/groundModels_weapons/50mm_pak38_user_cannon.blk	50mm_pzgr_40_1	50 mm Pzgr 40 1	AP	1.07	1130	0	0.05	0
gameData/Weapons/groundModels_weapons/50mm_kwk39_1_user_cannon.blk	50mm_pzgr_40_1	50 mm Pzgr 40 1	AP	1.07	1130	0	0.05	0
gameData/Weapons/groundModels_weapons/50mm_kwk39_user_cannon.blk	50mm_pzgr_40_1	50 mm Pzgr 40 1	AP	1.07	1130	0	0.05	0
gameData/Weapons/groundModels_weapons/50mm_kwk38_user_cannon.blk	50mm_pzgr_40_1	50 mm Pzgr 40 1	AP	1.07	1050	0	0.05	0
gameData/Weapons/groundModels_weapons/50mm_kwk38_open_turret_user_cannon.blk	50mm_pzgr_40_1	50 mm Pzgr 40 1	AP	1.07	1050	0	0.05	0
gameData/Weapons/groundModels_weapons/57mm_ch51m_user_cannon.blk	57mm_br_271n	57 mm Br 271N	AP	2.4	1125	0	0.057	0
gameData/Weapons/groundModels_weapons/57mm_zis4_user_cannon.blk	57mm_br_271p	57 mm Br 271P	AP	1.79	1270	0	0.057	0
gameData/Weapons/groundModels_weapons/57mm_zis2_user_cannon.blk	57mm_br_271p	57 mm Br 271P	AP	1.79	1270	0	0.057	0
gameData/Weapons/groundModels_weapons/57mm_zis4_open_turret_user_cannon.blk	57mm_br_271p	57 mm Br 271P	AP	1.79	1270	0	0.057	0
gameData/Weapons/groundModels_weapons/57mm_zis4m_user_cannon.blk	57mm_br_271p	57 mm Br 271P	AP	1.79	1270	0	0.057	0
gameData/Weapons/groundModels_weapons/57mm_ch51m_user_cannon.blk	57mm_br_271sp	57 mm Br 271Sp	AP	3.14	975	0	0.057	0
gameData/Weapons/groundModels_weapons/57mm_m1_user_cannon.blk	57mm_m70	57 mm M70	AP	2.85	900	0	0.057	0
gameData/Weapons/groundModels_weapons/57mm_m1_open_turret_user_cannon.blk	57mm_m70	57 mm M70	AP	2.85	900	0	0.057	0
gameData/Weapons/groundModels_weapons/57mm_6pdr_qqf_mk_3_l43_user_cannon.blk	57mm_shot_mk5t	57 mm Shot Mk5t	AP	2.8	815	0	0.057	0
gameData/Weapons/groundModels_weapons/57mm_6pdr_qqf_mk_5_l50_user_cannon.blk	57mm_shot_mk5t_hv	57 mm Shot Mk5t Hv	AP	2.8	891	0	0.057	0
gameData/Weapons/groundModels_weapons/57mm_6pdr_qqf_mk_3_l43_user_cannon.blk	57mm_shot_mk5t_hv	57 mm Shot Mk5t Hv	AP	2.8	853	0	0.057	0
gameData/Weapons/groundModels_weapons/57mm_6pdr_qqf_mk_5_l50_user_cannon.blk	57mm_shot_mk8t	57 mm Shot Mk8t	AP	2.87	883	0	0.057	0
gameData/Weapons/groundModels_weapons/57mm_6pdr_qqf_mk_3_l43_user_cannon.blk	57mm_shot_mk8t	57 mm Shot Mk8t	AP	2.87	853	0	0.057	0
gameData/Weapons/groundModels_weapons/57mm_pv_kan_m43_user_cannon.blk	57mm_slpprj_m43	57 mm Slpprj M43	AP	2.7	830	0	0.057	0
gameData/Weapons/groundModels_weapons/75mm_qqf_mkv_na75_user_cannon.blk	75mm_m72	75 mm M72	AP	6.3	619	0	0.075	0
gameData/Weapons/groundModels_weapons/75mm_sa_49_user_cannon.blk	75mm_m72	75 mm M72	AP	6.3	619	0	0.075	0
gameData/Weapons/groundModels_weapons/75mm_m6_user_cannon.blk	75mm_m72	75 mm M72	AP	6.3	619	0	0.075	0
gameData/Weapons/groundModels_weapons/75mm_qqf_mkv_user_cannon.blk	75mm_m72	75 mm M72	AP	6.3	619	0	0.075	0
gameData/Weapons/groundModels_weapons/75mm_m3_open_turret_user_cannon.blk	75mm_m72	75 mm M72	AP	6.3	619	0	0.075	0
gameData/Weapons/groundModels_weapons/75mm_m2_user_cannon.blk	75mm_m72	75 mm M72	AP	6.3	588	0	0.075	0
gameData/Weapons/groundModels_weapons/75mm_m1897a4_user_cannon.blk	75mm_m72	75 mm M72	AP	6.3	609	0	0.075	0
gameData/Weapons/groundModels_weapons/75mm_m3_user_cannon.blk	75mm_m72	75 mm M72	AP	6.3	619	0	0.075	0
gameData/Weapons/groundModels_weapons/75mm_sa_50_m4a4_user_cannon.blk	75mm_pot51a	75 mm Pot51a	AP	6.4	1000	0	0.075	0
gameData/Weapons/groundModels_weapons/75mm_sa_50_user_cannon.blk	75mm_pot51a	75 mm Pot51a	AP	6.4	1000	0	0.075	0
gameData/Weapons/groundModels_weapons/75mm_kwk40_user_cannon.blk	75mm_pzgr_40	75 mm Pzgr 40	AP	4.1	919	0	0.075	0
gameData/Weapons/groundModels_weapons/75mm_pak39_l48_user_cannon.blk	75mm_pzgr_40	75 mm Pzgr 40	AP	4.1	990	0	0.075	0
gameData/Weapons/groundModels_weapons/75mm_pak39_l48_hetzer_user_cannon.blk	75mm_pzgr_40	75 mm Pzgr 40	AP	4.1	990	0	0.075	0
gameData/Weapons/groundModels_weapons/75mm_stuk40_l48_user_cannon.blk	75mm_pzgr_40	75 mm Pzgr 40	AP	4.1	990	0	0.075	0
gameData/Weapons/groundModels_weapons/75mm_kwk40_l48_user_cannon.blk	75mm_pzgr_40	75 mm Pzgr 40	AP	4.1	990	0	0.075	0
gameData/Weapons/groundModels_weapons/75mm_stuk40_l43_user_cannon.blk	75mm_pzgr_40	75 mm Pzgr 40	AP	4.1	919	0	0.075	0
gameData/Weapons/groundModels_weapons/75mm_pak40_3_l46_user_cannon.blk	75mm_pzgr_40	75 mm Pzgr 40	AP	4.1	990	0	0.075	0
gameData/Weapons/groundModels_weapons/75mm_kwk40_l43_user_cannon.blk	75mm_pzgr_40	75 mm Pzgr 40	AP	4.1	919	0	0.075	0
gameData/Weapons/groundModels_weapons/75mm_stuk40_l43_user_cannon.blk	75mm_pzgr_40w	75 mm Pzgr 40W	AP	4.15	930	0	0.075	80
gameData/Weapons/groundModels_weapons/75mm_pak40_3_l46_user_cannon.blk	75mm_pzgr_40w	75 mm Pzgr 40W	AP	4.15	930	0	0.075	80
gameData/Weapons/groundModels_weapons/75mm_stuk40_l48_user_cannon.blk	75mm_pzgr_40w	75 mm Pzgr 40W	AP	4.15	930	0	0.075	80
gameData/Weapons/groundModels_weapons/75mm_pak39_l48_user_cannon.blk	75mm_pzgr_40w	75 mm Pzgr 40W	AP	4.15	930	0	0.075	80
gameData/Weapons/groundModels_weapons/75mm_kwk40_l48_user_cannon.blk	75mm_pzgr_40w	75 mm Pzgr 40W	AP	4.15	930	0	0.075	80
gameData/Weapons/groundModels_weapons/75mm_kwk40_l43_user_cannon.blk	75mm_pzgr_40w	75 mm Pzgr 40W	AP	4.15	930	0	0.075	80
gameData/Weapons/groundModels_weapons/75mm_pak39_l48_hetzer_user_cannon.blk	75mm_pzgr_40w	75 mm Pzgr 40W	AP	4.15	930	0	0.075	80
gameData/Weapons/groundModels_weapons/75mm_kwk40_user_cannon.blk	75mm_pzgr_40w	75 mm Pzgr 40W	AP	4.15	930	0	0.075	80
gameData/Weapons/groundModels_weapons/75mm_pak42_user_cannon.blk	75mm_pzrg_40_42	75 mm Pzrg 40 42	AP	4.75	1120	0	0.075	0
gameData/Weapons/groundModels_weapons/75mm_kwk42_user_cannon.blk	75mm_pzrg_40_42	75 mm Pzrg 40 42	AP	4.75	1120	0	0.075	0
gameData/Weapons/groundModels_weapons/75mm_kwk44_user_cannon.blk	75mm_pzrg_40_42	75 mm Pzrg 40 42	AP	4.75	1120	0	0.075	0
gameData/Weapons/groundModels_weapons/75mm_kan_m02_user_cannon.blk	75mm_slpprj_m40	75 mm Slpprj M40	AP	6.6	501	0	0.075	0
gameData/Weapons/groundModels_weapons/75mm_kan_m41_user_cannon.blk	75mm_slpprj_m40	75 mm Slpprj M40	AP	6.6	580	0	0.075	0
gameData/Weapons/groundModels_weapons/75mm_kan_m41_open_turret_user_cannon.blk	75mm_slpprj_m40	75 mm Slpprj M40	AP	6.6	580	0	0.075	0
gameData/Weapons/groundModels_weapons/75mm_kan_m02_user_cannon.blk	75mm_slpprj_m40b	75 mm Slpprj M40b	AP	6.3	505	0	0.075	0
gameData/Weapons/groundModels_weapons/75mm_kan_m41_user_cannon.blk	75mm_slpprj_m40b	75 mm Slpprj M40b	AP	6.3	590	0	0.075	0
gameData/Weapons/groundModels_weapons/75mm_kan_m41_open_turret_user_cannon.blk	75mm_slpprj_m40b	75 mm Slpprj M40b	AP	6.3	590	0	0.075	0
gameData/Weapons/groundModels_weapons/75mm_pv_kan_m43_user_cannon.blk	75mm_slpprj_m41	75 mm Slpprj M41	AP	6.63	815	0	0.075	0
gameData/Weapons/groundModels_weapons/75mm_lv_kan_m37_a_user_cannon.blk	75mm_slpprj_m41	75 mm Slpprj M41	AP	6.63	840	0	0.075	0
gameData/Weapons/groundModels_weapons/75mm_m6_user_cannon.blk	75mm_t45	75 mm T45	AP	3.81	868	0	0.075	0
gameData/Weapons/groundModels_weapons/75mm_m3_user_cannon.blk	75mm_t45	75 mm T45	AP	3.81	868	0	0.075	0
gameData/Weapons/groundModels_weapons/75mm_m3_open_turret_user_cannon.blk	75mm_t45	75 mm T45	AP	3.81	868	0	0.075	0
gameData/Weapons/groundModels_weapons/75mm_lightweight_type1_model_ii_user_cannon.blk	75mm_type_4_apcr	75 mm Type 4 Apcr	AP	4.15	930	0	0.075	177
gameData/Weapons/groundModels_weapons/76mm_l11_user_cannon.blk	76mm_br_350sp	76 mm Br 350Sp	AP	6.5	612	0	0.0762	0
gameData/Weapons/groundModels_weapons/76mm_zis5_user_cannon.blk	76mm_br_350sp	76 mm Br 350Sp	AP	6.5	655	0	0.0762	0
gameData/Weapons/groundModels_weapons/76mm_l11_smk_user_cannon.blk	76mm_br_350sp	76 mm Br 350Sp	AP	6.5	612	0	0.0762	0
gameData/Weapons/groundModels_weapons/76mm_f34_user_cannon.blk	76mm_br_350sp	76 mm Br 350Sp	AP	6.5	655	0	0.0762	0
gameData/Weapons/groundModels_weapons/76mm_f96_user_cannon.blk	76mm_br_350sp	76 mm Br 350Sp	AP	6.5	655	0	0.0762	0
gameData/Weapons/groundModels_weapons/76mm_1902_30_user_cannon.blk	76mm_br_350sp	76 mm Br 350Sp	AP	6.5	655	0	0.0762	0
gameData/Weapons/groundModels_weapons/76mm_artillery_support_cannon.blk	76mm_br_350sp	76 mm Br 350Sp	AP	6.5	655	0	0.0762	0
gameData/Weapons/groundModels_weapons/76mm_zis3_user_cannon.blk	76mm_br_350sp	76 mm Br 350Sp	AP	6.5	655	0	0.0762	0
gameData/Weapons/groundModels_weapons/76mm_d56_ts_user_cannon.blk	76mm_br_354n	76 mm Br 354N	AP	3.3	950	0	0.0762	0
gameData/Weapons/groundModels_weapons/76mm_d56_t_user_cannon.blk	76mm_br_354n	76 mm Br 354N	AP	3.3	950	0	0.0762	0
gameData/Weapons/groundModels_weapons/76mm_zis5_user_cannon.blk	76mm_br_354p	76 mm Br 354P	AP	3.02	950	0	0.0762	0
gameData/Weapons/groundModels_weapons/76mm_l11_smk_user_cannon.blk	76mm_br_354p	76 mm Br 354P	AP	3.02	900	0	0.0762	0
gameData/Weapons/groundModels_weapons/76mm_zis3_user_cannon.blk	76mm_br_354p	76 mm Br 354P	AP	3.02	950	0	0.0762	0
gameData/Weapons/groundModels_weapons/76mm_f32_user_cannon.blk	76mm_br_354p	76 mm Br 354P	AP	3.02	900	0	0.0762	0
gameData/Weapons/groundModels_weapons/76mm_f34_user_cannon.blk	76mm_br_354p	76 mm Br 354P	AP	3.02	950	0	0.0762	0
gameData/Weapons/groundModels_weapons/76mm_l11_user_cannon.blk	76mm_br_354p	76 mm Br 354P	AP	3.02	900	0	0.0762	0
gameData/Weapons/groundModels_weapons/76mm_f96_user_cannon.blk	76mm_br_354p	76 mm Br 354P	AP	3.02	950	0	0.0762	0
gameData/Weapons/groundModels_weapons/76mm_artillery_support_cannon.blk	76mm_br_354p	76 mm Br 354P	AP	3.02	950	0	0.0762	0
gameData/Weapons/groundModels_weapons/76mm_kwk_m32_user_cannon.blk	76mm_m319	76 mm M319	AP	3.2	1234	0	0.0762	0
gameData/Weapons/groundModels_weapons/76mm_t185e1_user_cannon.blk	76mm_m319	76 mm M319	AP	3.2	1234	0	0.0762	0
gameData/Weapons/groundModels_weapons/76mm_m32_user_cannon.blk	76mm_m319	76 mm M319	AP	3.2	1234	0	0.0762	0
gameData/Weapons/groundModels_weapons/76mm_m32_user_cannon.blk	76mm_m339	76 mm M339	AP	6.6	975	0	0.0762	0
gameData/Weapons/groundModels_weapons/76mm_m1_user_cannon.blk	76mm_m79	76 mm M79	AP	6.8	792	0	0.0762	0
gameData/Weapons/groundModels_weapons/76mm_m1_open_turret_no_mb_user_cannon.blk	76mm_m79	76 mm M79	AP	6.8	792	0	0.0762	0
gameData/Weapons/groundModels_weapons/76mm_m1_no_mb_user_cannon.blk	76mm_m79	76 mm M79	AP	6.8	792	0	0.0762	0
gameData/Weapons/groundModels_weapons/76mm_m1_open_turret_user_cannon.blk	76mm_m79	76 mm M79	AP	6.8	792	0	0.0762	0
gameData/Weapons/groundModels_weapons/76mm_m7_user_cannon.blk	76mm_m79	76 mm M79	AP	6.8	792	0	0.0762	0
gameData/Weapons/groundModels_weapons/76mm_m1_for_m18_user_cannon.blk	76mm_m79	76 mm M79	AP	6.8	792	0	0.0762	0
gameData/Weapons/groundModels_weapons/76mm_m7_for_m10_user_cannon.blk	76mm_m79	76 mm M79	AP	6.8	792	0	0.0762	0
gameData/Weapons/groundModels_weapons/76mm_m1_for_m18_user_cannon.blk	76mm_m93	76 mm M93	AP	4.24	1036	0	0.0762	0
gameData/Weapons/groundModels_weapons/76mm_m1_open_turret_user_cannon.blk	76mm_m93	76 mm M93	AP	4.24	1036	0	0.0762	0
gameData/Weapons/groundModels_weapons/76mm_m1_open_turret_no_mb_user_cannon.blk	76mm_m93	76 mm M93	AP	4.24	1036	0	0.0762	0
gameData/Weapons/groundModels_weapons/76mm_m1_user_cannon.blk	76mm_m93	76 mm M93	AP	4.24	1036	0	0.0762	0
gameData/Weapons/groundModels_weapons/76mm_m7_user_cannon.blk	76mm_m93	76 mm M93	AP	4.24	1036	0	0.0762	0
gameData/Weapons/groundModels_weapons/76mm_m1_no_mb_user_cannon.blk	76mm_m93	76 mm M93	AP	4.24	1036	0	0.0762	0
gameData/Weapons/groundModels_weapons/76mm_m7_for_m10_user_cannon.blk	76mm_m93	76 mm M93	AP	4.24	1036	0	0.0762	0
gameData/Weapons/groundModels_weapons/76mm_pak36_r_user_cannon.blk	76mm_pzgr_40	76 mm Pzgr 40	AP	4.15	990	0	0.0762	0
gameData/Weapons/groundModels_weapons/76mm_pak39_r_user_cannon.blk	76mm_pzgr_40	76 mm Pzgr 40	AP	4.15	990	0	0.0762	0
gameData/Weapons/groundModels_weapons/76mm_qqf_3in_20cwt_user_cannon.blk	76mm_shot_mk2_ap	76 mm Shot Mk2 Ap	AP	5.67	853.44	0	0.0762	0
gameData/Weapons/groundModels_weapons/77mm_qqf_mk_ii_l50_user_cannon.blk	76mm_shot_mk4_apc	76 mm Shot Mk4 Apc	AP	7.71	784.86	0	0.0762	0
gameData/Weapons/groundModels_weapons/76mm_17pdr_qf_open_turret_user_cannon.blk	76mm_shot_mk4_apc	76 mm Shot Mk4 Apc	AP	7.71	883	0	0.0762	0
gameData/Weapons/groundModels_weapons/76mm_17pdr_qf_user_cannon.blk	76mm_shot_mk4_apc	76 mm Shot Mk4 Apc	AP	7.71	883	0	0.0762	0
gameData/Weapons/groundModels_weapons/76mm_17pdr_qf_user_cannon.blk	76mm_shot_mk6_ap	76 mm Shot Mk6 Ap	AP	7.71	883	0	0.0762	0
gameData/Weapons/groundModels_weapons/76mm_17pdr_qf_open_turret_user_cannon.blk	76mm_shot_mk6_ap	76 mm Shot Mk6 Ap	AP	7.71	883	0	0.0762	0
gameData/Weapons/groundModels_weapons/77mm_qqf_mk_ii_l50_user_cannon.blk	76mm_shot_mk6_ap	76 mm Shot Mk6 Ap	AP	7.71	784.86	0	0.0762	0
gameData/Weapons/groundModels_weapons/85mm_d5s_user_cannon.blk	85mm_br_365p	85 mm Br 365P	AP	4.99	1050	0	0.085	0
gameData/Weapons/groundModels_weapons/85mm_f30_user_cannon.blk	85mm_br_365p	85 mm Br 365P	AP	4.99	1050	0	0.085	0
gameData/Weapons/groundModels_weapons/85mm_d5t_user_cannon.blk	85mm_br_365p	85 mm Br 365P	AP	4.99	1050	0	0.085	0
gameData/Weapons/groundModels_weapons/85mm_zis_s_53_user_cannon.blk	85mm_br_365p	85 mm Br 365P	AP	4.99	1050	0	0.085	0
gameData/Weapons/groundModels_weapons/85mm_f30_user_cannon.blk	85mm_br_367p	85 mm Br 367P	AP	5.3	1020	0	0.085	0
gameData/Weapons/groundModels_weapons/85mm_zis_s_53_user_cannon.blk	85mm_br_367p	85 mm Br 367P	AP	5.3	1020	0	0.085	0
gameData/Weapons/groundModels_weapons/85mm_d5t_user_cannon.blk	85mm_br_367p	85 mm Br 367P	AP	5.3	1020	0	0.085	0
gameData/Weapons/groundModels_weapons/85mm_d5s_user_cannon.blk	85mm_br_367p	85 mm Br 367P	AP	5.3	1020	0	0.085	0
gameData/Weapons/groundModels_weapons/88mm_kwk36_user_cannon.blk	88mm_pzrg_40	88 mm Pzrg 40	AP	7.3	930	0	0.088	0
gameData/Weapons/groundModels_weapons/88mm_kwk43_user_cannon.blk	88mm_pzrg_40_43	88 mm Pzrg 40 43	AP	7.3	1130	0	0.088	0
gameData/Weapons/groundModels_weapons/88mm_flak41_user_cannon.blk	88mm_pzrg_40_43	88 mm Pzrg 40 43	AP	7.3	1125	0	0.088	0
gameData/Weapons/groundModels_weapons/88mm_kwk43_for_tutorial_user_cannon.blk	88mm_pzrg_40_43	88 mm Pzrg 40 43	AP	7.3	1130	0	0.088	850
gameData/Weapons/groundModels_weapons/88mm_kwk43_for_panther_ii_user_cannon.blk	88mm_pzrg_40_43	88 mm Pzrg 40 43	AP	7.3	1130	0	0.088	0
gameData/Weapons/groundModels_weapons/88mm_pak43_open_turret_user_cannon.blk	88mm_pzrg_40_43	88 mm Pzrg 40 43	AP	7.3	1130	0	0.088	0
gameData/Weapons/groundModels_weapons/88mm_pak43_user_cannon.blk	88mm_pzrg_40_43	88 mm Pzrg 40 43	AP	7.3	1130	0	0.088	0
gameData/Weapons/groundModels_weapons/105mm_lrf_long_md_user_cannon.blk	90mm_ap_md	90 mm Ap Md	AP	10	850	0	0.09	0
gameData/Weapons/groundModels_weapons/90mm_t54_user_cannon.blk	90mm_ap_shot	90 mm Ap Shot	AP	10.9	975	0	0.09	0
gameData/Weapons/groundModels_weapons/90mm_t54_user_cannon.blk	90mm_hvap_shot	90 mm Hvap Shot	AP	7.6	1143	0	0.09	0
gameData/Weapons/groundModels_weapons/90mm_m3_open_turret_user_cannon.blk	90mm_m304	90 mm M304	AP	7.62	1021	0	0.09	0
gameData/Weapons/groundModels_weapons/90mm_m3a1_user_cannon.blk	90mm_m304	90 mm M304	AP	7.62	1021	0	0.09	0
gameData/Weapons/groundModels_weapons/90mm_m3_m36b2_user_cannon.blk	90mm_m304	90 mm M304	AP	7.62	1021	0	0.09	0
gameData/Weapons/groundModels_weapons/90mm_m3_open_turret_without_mb_user_cannon.blk	90mm_m304	90 mm M304	AP	7.62	1021	0	0.09	0
gameData/Weapons/groundModels_weapons/90mm_m3_without_mb_user_cannon.blk	90mm_m304	90 mm M304	AP	7.62	1021	0	0.09	0
gameData/Weapons/groundModels_weapons/90mm_m3_user_cannon.blk	90mm_m304	90 mm M304	AP	7.62	1021	0	0.09	0
gameData/Weapons/groundModels_weapons/90mm_t7_user_cannon.blk	90mm_m304	90 mm M304	AP	7.62	1021	0	0.09	0
gameData/Weapons/groundModels_weapons/90mm_m36_user_cannon.blk	90mm_m304	90 mm M304	AP	7.62	1021	0	0.09	0
gameData/Weapons/groundModels_weapons/90mm_90_50_m3a1_user_cannon.blk	90mm_m304_da90_50	90 mm M304 Da90 50	AP	7.62	1021	0	0.09	0
gameData/Weapons/groundModels_weapons/90mm_m3a1_user_cannon.blk	90mm_m318	90 mm M318	AP	10.98	853	0	0.09	0
gameData/Weapons/groundModels_weapons/90mm_type61_b_user_cannon.blk	90mm_m318a1	90 mm M318A1	AP	10.98	914	0	0.09	0
gameData/Weapons/groundModels_weapons/90mm_m36_user_cannon.blk	90mm_m318a1	90 mm M318A1	AP	10.98	912	0	0.09	0
gameData/Weapons/groundModels_weapons/90mm_type61_user_cannon.blk	90mm_m318a1	90 mm M318A1	AP	10.98	914	0	0.09	0
gameData/Weapons/groundModels_weapons/90mm_m41_user_cannon.blk	90mm_m332	90 mm M332	AP	5.7	1249	0	0.09	0
gameData/Weapons/groundModels_weapons/90mm_m36_user_cannon.blk	90mm_m332	90 mm M332	AP	5.7	1249	0	0.09	0
gameData/Weapons/groundModels_weapons/90mm_m3a1_user_cannon.blk	90mm_m332	90 mm M332	AP	5.7	1165	0	0.09	0
gameData/Weapons/groundModels_weapons/90mm_kanone_m41_user_cannon.blk	90mm_m332	90 mm M332	AP	5.7	1249	0	0.09	0
gameData/Weapons/groundModels_weapons/90mm_m54_user_cannon.blk	90mm_m332	90 mm M332	AP	5.7	1165	0	0.09	0
gameData/Weapons/groundModels_weapons/90mm_90_50_m3a1_user_cannon.blk	90mm_m332_da90_50	90 mm M332 Da90 50	AP	5.7	1165	0	0.09	0
gameData/Weapons/groundModels_weapons/90mm_m3_open_turret_without_mb_user_cannon.blk	90mm_m77	90 mm M77	AP	10.61	822	0	0.09	0
gameData/Weapons/groundModels_weapons/90mm_m3_without_mb_user_cannon.blk	90mm_m77	90 mm M77	AP	10.61	822	0	0.09	0
gameData/Weapons/groundModels_weapons/90mm_t7_user_cannon.blk	90mm_m77	90 mm M77	AP	10.61	822	0	0.09	0
gameData/Weapons/groundModels_weapons/90mm_90_50_m3a1_user_cannon.blk	90mm_m77_da90_50	90 mm M77 Da90 50	AP	10.61	822	0	0.09	0
gameData/Weapons/groundModels_weapons/90mm_m3_open_turret_user_cannon.blk	90mm_t33	90 mm T33	AP	10.91	853	0	0.09	0
gameData/Weapons/groundModels_weapons/90mm_char_25t_user_cannon.blk	90mm_t33	90 mm T33	AP	10.91	930	0	0.09	0
gameData/Weapons/groundModels_weapons/90mm_m3_m36b2_user_cannon.blk	90mm_t33	90 mm T33	AP	10.91	853	0	0.09	0
gameData/Weapons/groundModels_weapons/90mm_m3_user_cannon.blk	90mm_t33	90 mm T33	AP	10.91	853	0	0.09	0
gameData/Weapons/groundModels_weapons/90mm_t15e1_user_cannon.blk	90mm_t43	90 mm T43	AP	10.9	975	0	0.09	0
gameData/Weapons/groundModels_weapons/90mm_t15e2_user_cannon.blk	90mm_t43	90 mm T43	AP	10.9	975	0	0.09	0
gameData/Weapons/groundModels_weapons/90mm_t15e1_user_cannon.blk	90mm_t44	90 mm T44	AP	7.6	1143	0	0.09	0
gameData/Weapons/groundModels_weapons/90mm_t15e2_user_cannon.blk	90mm_t44	90 mm T44	AP	7.6	1143	0	0.09	0
gameData/Weapons/groundModels_weapons/12_7mm_m2_hb_user_machinegun_for_400.blk	ap_ball_M2	Ap Ball M2	AP	0.045877624	894	0	0.0127	0
gameData/Weapons/groundModels_weapons/12_7mm_m2_hb_user_machinegun_for_chaffee.blk	ap_ball_M2	Ap Ball M2	AP	0.045877624	894	0	0.0127	0
gameData/Weapons/groundModels_weapons/12_7mm_m2_hb_user_machinegun_for_leclerc.blk	ap_ball_M2	Ap Ball M2	AP	0.045877624	894	0	0.0127	0
gameData/Weapons/groundModels_weapons/12_7mm_m85_user_machinegun.blk	ap_ball_M2	Ap Ball M2	AP	0.045877624	856	0	0.0127	0
gameData/Weapons/groundModels_weapons/12_7mm_smg_50_user_machinegun.blk	ap_ball_M2	Ap Ball M2	AP	0.045877624	894	0	0.0127	0
gameData/Weapons/groundModels_weapons/12_7mm_m2_hb_user_machinegun_for_m15.blk	ap_ball_M2	Ap Ball M2	AP	0.045877624	894	0	0.0127	0
gameData/Weapons/groundModels_weapons/12_7mm_ksp_m88_user_machinegun.blk	ap_ball_M2	Ap Ball M2	AP	0.045877624	894	0	0.0127	0
gameData/Weapons/groundModels_weapons/12_7mm_m2_hb_t77e1_user_machinegun.blk	ap_ball_M2	Ap Ball M2	AP	0.045877624	894	0	0.0127	0
gameData/Weapons/groundModels_weapons/12_7mm_m2_hb_user_machinegun.blk	ap_ball_M2	Ap Ball M2	AP	0.045877624	894	0	0.0127	0
gameData/Weapons/groundModels_weapons/12_7mm_m3p_user_machinegun.blk	ap_ball_M2	Ap Ball M2	AP	0.045877624	894	0	0.0127	0
gameData/Weapons/groundModels_weapons/12_7mm_dk_user_machinegun.blk	ap_i_ball_b32	Ap I Ball B32	AP	0.0495	820	0	0.0127	0
gameData/Weapons/groundModels_weapons/12_7mm_dshk_gaz_user_machinegun.blk	ap_i_ball_b32	Ap I Ball B32	AP	0.0495	820	0	0.0127	0
gameData/Weapons/groundModels_weapons/12_7mm_m2_hb_user_machinegun.blk	ap_i_ball_M8	Ap I Ball M8	AP	0.040304918	929	0	0.0127	0
gameData/Weapons/groundModels_weapons/12_7mm_m2_hb_user_machinegun_for_400.blk	ap_i_ball_M8	Ap I Ball M8	AP	0.040304918	929	0	0.0127	0
gameData/Weapons/groundModels_weapons/12_7mm_ksp_m88_user_machinegun.blk	ap_i_ball_M8	Ap I Ball M8	AP	0.040304918	929	0	0.0127	0
gameData/Weapons/groundModels_weapons/12_7mm_m2_hb_t77e1_user_machinegun.blk	ap_i_ball_M8	Ap I Ball M8	AP	0.040304918	929	0	0.0127	0
gameData/Weapons/groundModels_weapons/12_7mm_smg_50_user_machinegun.blk	ap_i_ball_M8	Ap I Ball M8	AP	0.040304918	929	0	0.0127	0
gameData/Weapons/groundModels_weapons/12_7mm_m3p_user_machinegun.blk	ap_i_ball_M8	Ap I Ball M8	AP	0.040304918	929	0	0.0127	0
gameData/Weapons/groundModels_weapons/12_7mm_m2_hb_user_machinegun_for_leclerc.blk	ap_i_ball_M8	Ap I Ball M8	AP	0.040304918	929	0	0.0127	0
gameData/Weapons/groundModels_weapons/12_7mm_m2_hb_user_machinegun_for_m15.blk	ap_i_ball_M8	Ap I Ball M8	AP	0.040304918	929	0	0.0127	0
gameData/Weapons/groundModels_weapons/12_7mm_m85_user_machinegun.blk	ap_i_ball_M8	Ap I Ball M8	AP	0.040304918	887	0	0.0127	0
gameData/Weapons/groundModels_weapons/12_7mm_m2_hb_user_machinegun_for_chaffee.blk	ap_i_ball_M8	Ap I Ball M8	AP	0.040304918	929	0	0.0127	0
gameData/Weapons/groundModels_weapons/12_7mm_nsv_t_72_user_cannon.blk	ap_i_t_ball_bzt_44	Ap I T Ball Bzt 44	AP	0.0456	865	0	0.0127	0
gameData/Weapons/groundModels_weapons/12_7mm_6p50_kord_t_72_user_machinegun.blk	ap_i_t_ball_bzt_44	Ap I T Ball Bzt 44	AP	0.0456	865	0	0.0127	0
gameData/Weapons/groundModels_weapons/12_7mm_qjc_88a_user_machinegun.blk	ap_i_t_ball_bzt_44	Ap I T Ball Bzt 44	AP	0.0456	865	0	0.0127	0
gameData/Weapons/groundModels_weapons/12_7mm_kt_user_cannon.blk	ap_i_t_ball_bzt_44	Ap I T Ball Bzt 44	AP	0.0456	865	0	0.0127	0
gameData/Weapons/groundModels_weapons/12_7mm_nsv_user_cannon.blk	ap_i_t_ball_bzt_44	Ap I T Ball Bzt 44	AP	0.0456	865	0	0.0127	0
gameData/Weapons/groundModels_weapons/12_7mm_6p50_kord_t_90m_2020_user_machinegun.blk	ap_i_t_ball_bzt_44	Ap I T Ball Bzt 44	AP	0.0456	865	0	0.0127	0
gameData/Weapons/groundModels_weapons/12_7mm_type_77_user_machinegun.blk	ap_i_t_ball_bzt_44	Ap I T Ball Bzt 44	AP	0.0456	865	0	0.0127	0
gameData/Weapons/groundModels_weapons/12_7mm_dshk_user_machinegun.blk	ap_i_t_ball_bzt_44	Ap I T Ball Bzt 44	AP	0.0456	865	0	0.0127	0
gameData/Weapons/groundModels_weapons/12_7mm_dshk_gaz_user_machinegun.blk	ap_i_t_ball_bzt_44	Ap I T Ball Bzt 44	AP	0.0456	865	0	0.0127	0
gameData/Weapons/groundModels_weapons/12_7mm_nsv_t_80_user_cannon.blk	ap_i_t_ball_bzt_44	Ap I T Ball Bzt 44	AP	0.0456	865	0	0.0127	0
gameData/Weapons/groundModels_weapons/12_7mm_type_54_user_machinegun.blk	ap_i_t_ball_bzt_44	Ap I T Ball Bzt 44	AP	0.0456	865	0	0.0127	0
gameData/Weapons/groundModels_weapons/12_7mm_dk_user_machinegun.blk	ap_i_t_ball_bzt_44	Ap I T Ball Bzt 44	AP	0.0456	865	0	0.0127	0
gameData/Weapons/groundModels_weapons/12_7mm_6p50_kord_user_machinegun.blk	ap_i_t_ball_bzt_44	Ap I T Ball Bzt 44	AP	0.0456	865	0	0.0127	0
gameData/Weapons/groundModels_weapons/12_7mm_ksp_m88_user_machinegun.blk	ap_i_t_ball_M20	Ap I T Ball M20	AP	0.03965693	929	0	0.0127	0
gameData/Weapons/groundModels_weapons/12_7mm_smg_50_user_machinegun.blk	ap_i_t_ball_M20	Ap I T Ball M20	AP	0.03965693	929	0	0.0127	0
gameData/Weapons/groundModels_weapons/12_7mm_m2_hb_user_machinegun_for_400.blk	ap_i_t_ball_M20	Ap I T Ball M20	AP	0.03965693	929	0	0.0127	0
gameData/Weapons/groundModels_weapons/12_7mm_m2_hb_user_machinegun.blk	ap_i_t_ball_M20	Ap I T Ball M20	AP	0.03965693	929	0	0.0127	0
gameData/Weapons/groundModels_weapons/12_7mm_m2_hb_user_machinegun_for_chaffee.blk	ap_i_t_ball_M20	Ap I T Ball M20	AP	0.03965693	929	0	0.0127	0
gameData/Weapons/groundModels_weapons/12_7mm_m2_hb_user_machinegun_for_leclerc.blk	ap_i_t_ball_M20	Ap I T Ball M20	AP	0.03965693	929	0	0.0127	0
gameData/Weapons/groundModels_weapons/12_7mm_m2_hb_user_machinegun_for_m15.blk	ap_i_t_ball_M20	Ap I T Ball M20	AP	0.03965693	929	0	0.0127	0
gameData/Weapons/groundModels_weapons/12_7mm_m2_hb_t77e1_user_machinegun.blk	ap_i_t_ball_M20	Ap I T Ball M20	AP	0.03965693	929	0	0.0127	0
gameData/Weapons/groundModels_weapons/12_7mm_smg_50_md_user_machinegun.blk	ap_i_t_ball_M20	Ap I T Ball M20	AP	0.03965693	887	0	0.0127	0
gameData/Weapons/groundModels_weapons/12_7mm_m85_user_machinegun.blk	ap_i_t_ball_M20	Ap I T Ball M20	AP	0.03965693	887	0	0.0127	0
gameData/Weapons/groundModels_weapons/12_7mm_m3p_user_machinegun.blk	ap_i_t_ball_M20	Ap I T Ball M20	AP	0.03965693	929	0	0.0127	0
gameData/Weapons/groundModels_weapons/12_7mm_m5_space_user_machinegun.blk	ap_i_t_ball_M20	Ap I T Ball M20	AP	0.08	1000	0	0.0127	23
gameData/Weapons/groundModels_weapons/12_7mm_nsv_user_cannon.blk	apcr_i_ball_bs41	Apcr I Ball Bs41	AP	0.0538	850	0	0.0127	0
gameData/Weapons/groundModels_weapons/12_7mm_nsv_t_72_user_cannon.blk	apcr_i_ball_bs41	Apcr I Ball Bs41	AP	0.0538	850	0	0.0127	0
gameData/Weapons/groundModels_weapons/12_7mm_6p50_kord_user_machinegun.blk	apcr_i_ball_bs41	Apcr I Ball Bs41	AP	0.0538	850	0	0.0127	0
gameData/Weapons/groundModels_weapons/12_7mm_6p50_kord_t_72_user_machinegun.blk	apcr_i_ball_bs41	Apcr I Ball Bs41	AP	0.0538	850	0	0.0127	0
gameData/Weapons/groundModels_weapons/12_7mm_nsv_t_80_user_cannon.blk	apcr_i_ball_bs41	Apcr I Ball Bs41	AP	0.0538	850	0	0.0127	0
gameData/Weapons/groundModels_weapons/12_7mm_6p50_kord_t_90m_2020_user_machinegun.blk	apcr_i_ball_bs41	Apcr I Ball Bs41	AP	0.0538	850	0	0.0127	0
gameData/Weapons/groundModels_weapons/12_7mm_qjc_88a_user_machinegun.blk	apcr_i_ball_bs41	Apcr I Ball Bs41	AP	0.0538	850	0	0.0127	0
gameData/Weapons/groundModels_weapons/12_7mm_kt_user_cannon.blk	apcr_i_ball_bs41	Apcr I Ball Bs41	AP	0.0538	850	0	0.0127	0
gameData/Weapons/groundModels_weapons/12_7mm_dshk_gaz_user_machinegun.blk	apcr_i_ball_bs41	Apcr I Ball Bs41	AP	0.0538	850	0	0.0127	0
gameData/Weapons/groundModels_weapons/12_7mm_type_54_user_machinegun.blk	apcr_i_ball_bs41	Apcr I Ball Bs41	AP	0.0538	850	0	0.0127	0
gameData/Weapons/groundModels_weapons/12_7mm_dshk_user_machinegun.blk	apcr_i_ball_bs41	Apcr I Ball Bs41	AP	0.0538	850	0	0.0127	0
gameData/Weapons/groundModels_weapons/12_7mm_dk_user_machinegun.blk	apcr_i_ball_bs41	Apcr I Ball Bs41	AP	0.0538	850	0	0.0127	0
gameData/Weapons/groundModels_weapons/12_7mm_type_77_user_machinegun.blk	apcr_i_ball_bs41	Apcr I Ball Bs41	AP	0.0538	850	0	0.0127	0
gameData/Weapons/groundModels_weapons/ato_200_flamethrower.blk	napalm	Napalm	AP	0.013	106	0	0.02	0
gameData/Weapons/groundModels_weapons/churchill_flamethrower.blk	napalm	Napalm	AP	0.005	106	0	0.02	0
gameData/Weapons/groundModels_weapons/ato_200_md_flamethrower.blk	napalm	Napalm	AP	0.013	90	0	0.02	0
gameData/Weapons/groundModels_weapons/ato_41_flamethrower.blk	napalm	Napalm	AP	0.013	106	0	0.02	0
gameData/Weapons/groundModels_weapons/85mm_type_56_user_cannon.blk	type_56_apcr	Type 56 Apcr	AP	4.99	1050	0	0.085	0
gameData/Weapons/groundModels_weapons/85mm_type_62_85_tc_user_cannon.blk	type_56_apcr	Type 56 Apcr	AP	4.99	1050	0	0.085	0
gameData/Weapons/groundModels_weapons/85mm_type_62_85_tc_user_cannon.blk	type_56_hvap	Type 56 Hvap	AP	5.3	1020	0	0.085	0
gameData/Weapons/groundModels_weapons/85mm_type_56_user_cannon.blk	type_56_hvap	Type 56 Hvap	AP	5.3	1020	0	0.085	0
gameData/Weapons/groundModels_weapons/100mm_2a48_user_cannon.blk	100mm_br_412d	100 mm Br 412D	APCBC	15.88	887	0.065	0.1	0
gameData/Weapons/groundModels_weapons/100mm_d10t2s_fin_user_cannon.blk	100mm_br_412d	100 mm Br 412D	APCBC	15.88	887	0.065	0.1	0
gameData/Weapons/groundModels_weapons/100mm_d10t2s_to_55_user_cannon.blk	100mm_br_412d	100 mm Br 412D	APCBC	15.88	887	0.065	0.1	0
gameData/Weapons/groundModels_weapons/100mm_lb1_user_cannon.blk	100mm_br_412d	100 mm Br 412D	APCBC	15.88	887	0.065	0.1	0
gameData/Weapons/groundModels_weapons/100mm_d50_user_cannon.blk	100mm_br_412d	100 mm Br 412D	APCBC	15.88	887	0.065	0.1	0
gameData/Weapons/groundModels_weapons/100mm_d10s_user_cannon.blk	100mm_br_412d	100 mm Br 412D	APCBC	15.88	887	0.065	0.1	0
gameData/Weapons/groundModels_weapons/100mm_type59_user_cannon.blk	100mm_br_412d	100 mm Br 412D	APCBC	15.88	887	0.065	0.1	0
gameData/Weapons/groundModels_weapons/100mm_d10t_user_cannon.blk	100mm_br_412d	100 mm Br 412D	APCBC	15.88	887	0.065	0.1	0
gameData/Weapons/groundModels_weapons/100mm_d10t2s_user_cannon.blk	100mm_br_412d	100 mm Br 412D	APCBC	15.88	887	0.065	0.1	0
gameData/Weapons/groundModels_weapons/100mm_d54ts_user_cannon.blk	100mm_d54ts_apcbc	100 mm D54ts Apcbc	APCBC	15.88	1015	0.065	0.1	0
gameData/Weapons/groundModels_weapons/100mm_sa_47_ca_user_cannon.blk	100mm_sa47_apcbc	100 mm Sa47 Apcbc	APCBC	15	1000	0	0.1	0
gameData/Weapons/groundModels_weapons/100mm_sa_47_user_cannon.blk	100mm_sa47_apcbc	100 mm Sa47 Apcbc	APCBC	15	1000	0	0.1	0
gameData/Weapons/groundModels_weapons/105mm_zpl151a_user_cannon.blk	105mm_btm_1	105 mm Btm 1	APCBC	16.2	803	1.5	0.105	0
gameData/Weapons/groundModels_weapons/105mm_zpl98a_user_cannon.blk	105mm_btm_1	105 mm Btm 1	APCBC	16.2	803	1.5	0.105	0
gameData/Weapons/groundModels_weapons/105mm_type_83_user_cannon.blk	105mm_btm_1	105 mm Btm 1	APCBC	16.2	803	1.5	0.105	0
gameData/Weapons/groundModels_weapons/105mm_at_wma_user_cannon.blk	105mm_btm_1	105 mm Btm 1	APCBC	16.2	803	1.5	0.105	0
gameData/Weapons/groundModels_weapons/105mm_zpl94_user_cannon.blk	105mm_btm_1	105 mm Btm 1	APCBC	16.2	803	1.5	0.105	0
gameData/Weapons/groundModels_weapons/105mm_kwk46_user_cannon.blk	105mm_pzrg_39	105 mm Pzrg 39	APCBC	16.9	1005	0.1	0.105	0
gameData/Weapons/groundModels_weapons/105mm_k18_user_cannon.blk	105mm_pzrg_rot	105 mm Pzrg Rot	APCBC	15.56	822	0.25	0.105	0
gameData/Weapons/groundModels_weapons/105mm_t15e2_user_cannon.blk	105mm_t13	105 mm T13	APCBC	18.59	899	0.181	0.105	0
gameData/Weapons/groundModels_weapons/105mm_t5e2_user_cannon.blk	105mm_t13	105 mm T13	APCBC	18.59	899	0.181	0.105	0
gameData/Weapons/groundModels_weapons/105mm_t15e2_user_cannon.blk	105mm_t32	105 mm T32	APCBC	17.7	914	0	0.105	0
gameData/Weapons/groundModels_weapons/105mm_t5e2_user_cannon.blk	105mm_t32	105 mm T32	APCBC	17.7	914	0	0.105	0
gameData/Weapons/groundModels_weapons/120mm_10th_year_type_user_cannon.blk	120mm_common_he_base_fuze	120 mm Common He Base Fuze	APCBC	20.4	825	1.7	0.12	0
gameData/Weapons/groundModels_weapons/120mm_type_3_user_cannon.blk	120mm_common_he_base_fuze	120 mm Common He Base Fuze	APCBC	20.4	825	1.7	0.12	0
gameData/Weapons/groundModels_weapons/120mm_automatkanon_user_cannon.blk	120mm_m50	120 mm M50	APCBC	23.5	525	0.89	0.12	0
gameData/Weapons/groundModels_weapons/120mm_schneider_canet_1898_user_cannon.blk	120mm_schneider_canet_common	120 mm Schneider Canet Common	APCBC	20.46	580	1.3	0.12	0
gameData/Weapons/groundModels_weapons/120mm_t53_user_cannon.blk	120mm_t14e3	120 mm T14e3	APCBC	22.6	960	0	0.12	0
gameData/Weapons/groundModels_weapons/122mm_d25_44t_user_cannon.blk	122mm_br_471d	122 mm Br 471D	APCBC	25	800	0.125	0.122	0
gameData/Weapons/groundModels_weapons/122mm_d25ts_user_cannon.blk	122mm_br_471d	122 mm Br 471D	APCBC	25	800	0.125	0.122	0
gameData/Weapons/groundModels_weapons/122mm_d25t_user_cannon.blk	122mm_br_471d	122 mm Br 471D	APCBC	25	800	0.125	0.122	0
gameData/Weapons/groundModels_weapons/122mm_d30t_user_cannon.blk	122mm_br_471d	122 mm Br 471D	APCBC	25	800	0.125	0.122	0
gameData/Weapons/groundModels_weapons/122mm_d25s_user_cannon.blk	122mm_br_471d	122 mm Br 471D	APCBC	25	800	0.125	0.122	0
gameData/Weapons/groundModels_weapons/122mm_d49_user_cannon.blk	122mm_br_471d	122 mm Br 471D	APCBC	25	800	0.125	0.122	0
gameData/Weapons/groundModels_weapons/122mm_m62t2s_user_cannon.blk	122mm_br_472	122 mm Br 472	APCBC	25.1	950	0.12	0.122	0
gameData/Weapons/groundModels_weapons/128mm_kwk44_user_cannon.blk	128mm_pzgr_ts	128 mm Pzgr Ts	APCBC	9.85	1230	0.064	0.088	0
gameData/Weapons/groundModels_weapons/128mm_pak44_user_cannon.blk	128mm_pzrg_40_43	128 mm Pzrg 40 43	APCBC	28.3	940	0.55	0.128	0
gameData/Weapons/groundModels_weapons/128mm_k40_user_cannon.blk	128mm_pzrg_40_43	128 mm Pzrg 40 43	APCBC	28.3	880	0.55	0.128	0
gameData/Weapons/groundModels_weapons/128mm_kwk44_user_cannon.blk	128mm_pzrg_40_43	128 mm Pzrg 40 43	APCBC	28.3	940	0.55	0.128	0
gameData/Weapons/groundModels_weapons/130mm_pl_59a_gai_user_cannon.blk	130mm_br_482b	130 mm Br 482B	APCBC	33.4	930	0.115	0.13	0
gameData/Weapons/groundModels_weapons/130mm_m65_user_cannon.blk	130mm_br_482b	130 mm Br 482B	APCBC	33.4	1000	0.115	0.13	0
gameData/Weapons/groundModels_weapons/130mm_c70_user_cannon.blk	130mm_br_482b	130 mm Br 482B	APCBC	33.4	900	0.115	0.13	0
gameData/Weapons/groundModels_weapons/130mm_b13_user_cannon.blk	130mm_pb_46a	130 mm Pb 46A	APCBC	33.5	870	2.348	0.13	0
gameData/Weapons/groundModels_weapons/150mm_sfh_18_user_cannon.blk	150mm_gr_19_be_sap	150 mm Gr 19 Be Sap	APCBC	43.5	520	3.18	0.15	0
gameData/Weapons/groundModels_weapons/150mm_sfh_18_user_cannon.blk	150mm_pzgr_39_ts	150 mm Pzgr 39 Ts	APCBC	9.85	880	0.059	0.088	0
gameData/Weapons/groundModels_weapons/152mm_m10sh_user_cannon.blk	152mm_g_530	152 mm G 530	APCBC	40	530	5.1	0.152	0
gameData/Weapons/groundModels_weapons/152mm_m10t_user_cannon.blk	152mm_g_530	152 mm G 530	APCBC	40	530	5.1	0.152	0
gameData/Weapons/groundModels_weapons/152mm_m10t_user_cannon.blk	152mm_pb_35	152 mm Pb 35	APCBC	51.06	436	3.15	0.152	0
gameData/Weapons/groundModels_weapons/152mm_stuh_443_r_user_cannon.blk	152mm_pzgr	152 mm Pzgr	APCBC	40	530	5.1	0.152	0
gameData/Weapons/groundModels_weapons/155mm_pl05_user_cannon.blk	155mm_bea_1	155 mm Bea 1	APCBC	45.5	933	5.1	0.155	0
gameData/Weapons/groundModels_weapons/155mm_t180_user_cannon.blk	155mm_t29e1	155 mm T29e1	APCBC	45.36	670	0.653	0.155	0
gameData/Weapons/groundModels_weapons/155mm_t7_user_cannon.blk	155mm_t29e1	155 mm T29e1	APCBC	45.36	670	0.653	0.155	0
gameData/Weapons/groundModels_weapons/37mm_m6_user_cannon.blk	37mm_m51b1	37 mm M51b1	APCBC	0.87	883	0	0.037	0
gameData/Weapons/groundModels_weapons/37mm_m5_user_cannon_for_m3_lee.blk	37mm_m51b1	37 mm M51b1	APCBC	0.87	870	0	0.037	0
gameData/Weapons/groundModels_weapons/37mm_m5_user_cannon.blk	37mm_m51b1	37 mm M51b1	APCBC	0.87	870	0	0.037	0
gameData/Weapons/groundModels_weapons/37mm_m5_early_user_cannon.blk	37mm_m51b1	37 mm M51b1	APCBC	0.87	870	0	0.037	0
gameData/Weapons/groundModels_weapons/37mm_m3_user_cannon_for_m6a1.blk	37mm_m51b1	37 mm M51b1	APCBC	0.87	883	0	0.037	0
gameData/Weapons/groundModels_weapons/37mm_m3_user_cannon.blk	37mm_m51b1	37 mm M51b1	APCBC	0.87	883	0	0.037	0
gameData/Weapons/groundModels_weapons/37mm_m6_race_user_cannon.blk	37mm_m51b1b2	37 mm M51b1b2	APCBC	0.87	883	0	0.037	0
gameData/Weapons/groundModels_weapons/40mm_qf_2pdr_churchill_user_cannon.blk	40mm_shot_mk1_apcbct	40 mm Shot Mk1 Apcbct	APCBC	1.242	792	0	0.04	0
gameData/Weapons/groundModels_weapons/40mm_qf_2pdr_user_cannon.blk	40mm_shot_mk1_apcbct	40 mm Shot Mk1 Apcbct	APCBC	1.242	792	0	0.04	0
gameData/Weapons/groundModels_weapons/40mm_qf_2pdr_race_user_cannon.blk	40mm_shot_mk1_apcbct	40 mm Shot Mk1 Apcbct	APCBC	1.242	792	0	0.04	0
gameData/Weapons/groundModels_weapons/47mm_sa_37_user_cannon.blk	47mm_mle1936	47 mm Mle1936	APCBC	1.726	855	0	0.047	0
gameData/Weapons/groundModels_weapons/57mm_bofors_l70_mk_1_user_cannon.blk	57_438mm_ap	57 438 mm Ap	APCBC	2.7	950	0	0.057	0
gameData/Weapons/groundModels_weapons/57mm_zis4_user_cannon.blk	57mm_br_271m	57 mm Br 271M	APCBC	2.8	1040	0.013	0.057	0
gameData/Weapons/groundModels_weapons/57mm_zis4m_user_cannon.blk	57mm_br_271m	57 mm Br 271M	APCBC	2.8	1040	0.013	0.057	0
gameData/Weapons/groundModels_weapons/57mm_zis2_user_cannon.blk	57mm_br_271m	57 mm Br 271M	APCBC	2.8	1040	0.013	0.057	0
gameData/Weapons/groundModels_weapons/57mm_zis4_open_turret_user_cannon.blk	57mm_br_271m	57 mm Br 271M	APCBC	2.8	1040	0.013	0.057	0
gameData/Weapons/groundModels_weapons/57mm_ch51m_user_cannon.blk	57mm_br_271m	57 mm Br 271M	APCBC	2.8	1020	0.013	0.057	0
gameData/Weapons/groundModels_weapons/57mm_s_68_user_cannon.blk	57mm_br_281sp	57 mm Br 281Sp	APCBC	2.8	1000	0	0.057	0
gameData/Weapons/groundModels_weapons/57mm_wa_318_user_cannon.blk	57mm_br_281sp	57 mm Br 281Sp	APCBC	2.8	1000	0	0.057	0
gameData/Weapons/groundModels_weapons/57mm_au_220_user_cannon.blk	57mm_br_281u	57 mm Br 281U	APCBC	2.8	1000	0.013	0.057	0
gameData/Weapons/groundModels_weapons/57mm_au_220m_user_cannon.blk	57mm_br_281u	57 mm Br 281U	APCBC	2.8	1000	0.013	0.057	0
gameData/Weapons/groundModels_weapons/57mm_s_68_user_cannon.blk	57mm_br_281u_belt	57 mm Br 281U Belt	APCBC	2.8	1000	0.013	0.057	0
gameData/Weapons/groundModels_weapons/57mm_m1_user_cannon.blk	57mm_m86	57 mm M86	APCBC	3.29	822	0.042	0.057	0
gameData/Weapons/groundModels_weapons/57mm_m1_open_turret_user_cannon.blk	57mm_m86	57 mm M86	APCBC	3.29	822	0.042	0.057	0
gameData/Weapons/groundModels_weapons/57mm_6pdr_qqf_mk_5_l50_user_cannon.blk	57mm_shot_mk9t	57 mm Shot Mk9t	APCBC	3.23	847	0	0.057	0
gameData/Weapons/groundModels_weapons/57mm_6pdr_qqf_mk_3_l43_user_cannon.blk	57mm_shot_mk9t	57 mm Shot Mk9t	APCBC	3.23	801	0	0.057	0
gameData/Weapons/groundModels_weapons/75mm_ansaldo_75_34_user_cannon.blk	75_32_apcbc	75 32 Apcbc	APCBC	6.35	637	0.27	0.075	0
gameData/Weapons/groundModels_weapons/75mm_ansaldo_75_34_m39_user_cannon.blk	75_32_apcbc	75 32 Apcbc	APCBC	6.35	637	0.27	0.075	0
gameData/Weapons/groundModels_weapons/75mm_43m_user_cannon.blk	75mm_43m	75 mm 43M	APCBC	6.8	770	0.017	0.075	0
gameData/Weapons/groundModels_weapons/75mm_ansaldo_75_18_m34_user_cannon.blk	75mm_gr_perforante_75	75 mm Gr Perforante 75	APCBC	6.42	425	0.27	0.075	0
gameData/Weapons/groundModels_weapons/75mm_ansaldo_75_18_m34_user_cannon.blk	75mm_gr_perforante_75_32	75 mm Gr Perforante 75 32	APCBC	6.26	476	0.27	0.075	0
gameData/Weapons/groundModels_weapons/75mm_ansaldo_75_32_m37_user_cannon.blk	75mm_gr_perforante_75_32	75 mm Gr Perforante 75 32	APCBC	6.26	630	0.27	0.075	0
gameData/Weapons/groundModels_weapons/75mm_sa_49_user_cannon.blk	75mm_m61	75 mm M61	APCBC	6.79	618	0.065	0.075	0
gameData/Weapons/groundModels_weapons/75mm_m3_open_turret_user_cannon.blk	75mm_m61	75 mm M61	APCBC	6.79	618	0.065	0.075	0
gameData/Weapons/groundModels_weapons/75mm_m1897a4_user_cannon.blk	75mm_m61	75 mm M61	APCBC	6.79	609	0.065	0.075	0
gameData/Weapons/groundModels_weapons/75mm_m2_user_cannon.blk	75mm_m61	75 mm M61	APCBC	6.79	588	0.065	0.075	0
gameData/Weapons/groundModels_weapons/75mm_qqf_mkv_user_cannon.blk	75mm_m61	75 mm M61	APCBC	6.79	618	0.065	0.075	0
gameData/Weapons/groundModels_weapons/75mm_m6_user_cannon.blk	75mm_m61	75 mm M61	APCBC	6.79	618	0.065	0.075	0
gameData/Weapons/groundModels_weapons/75mm_m3_user_cannon.blk	75mm_m61	75 mm M61	APCBC	6.79	618	0.065	0.075	0
gameData/Weapons/groundModels_weapons/75mm_qqf_mkv_na75_user_cannon.blk	75mm_m61	75 mm M61	APCBC	6.79	618	0.065	0.075	0
gameData/Weapons/groundModels_weapons/75mm_sa_46_user_cannon.blk	75mm_obus_de_rupture	75 mm Obus De Rupture	APCBC	6.4	715	0	0.075	0
gameData/Weapons/groundModels_weapons/75mm_sa_50_user_cannon.blk	75mm_pcot51p	75 mm Pcot51p	APCBC	6.4	1000	0	0.075	0
gameData/Weapons/groundModels_weapons/75mm_sa_50_m4a4_user_cannon.blk	75mm_pcot51p	75 mm Pcot51p	APCBC	6.4	1000	0	0.075	0
gameData/Weapons/groundModels_weapons/75mm_kwk40_user_cannon.blk	75mm_pzgr_39	75 mm Pzgr 39	APCBC	6.8	740	0.017	0.075	0
gameData/Weapons/groundModels_weapons/75mm_kwk40_l43_user_cannon.blk	75mm_pzgr_39	75 mm Pzgr 39	APCBC	6.8	740	0.017	0.075	0
gameData/Weapons/groundModels_weapons/75mm_pak39_l48_hetzer_user_cannon.blk	75mm_pzgr_39	75 mm Pzgr 39	APCBC	6.8	770	0.017	0.075	0
gameData/Weapons/groundModels_weapons/75mm_pak40_3_l46_user_cannon.blk	75mm_pzgr_39	75 mm Pzgr 39	APCBC	6.8	792	0.017	0.075	0
gameData/Weapons/groundModels_weapons/75mm_stuk40_l43_user_cannon.blk	75mm_pzgr_39	75 mm Pzgr 39	APCBC	6.8	740	0.017	0.075	0
gameData/Weapons/groundModels_weapons/75mm_stuk40_l48_user_cannon.blk	75mm_pzgr_39	75 mm Pzgr 39	APCBC	6.8	770	0.017	0.075	0
gameData/Weapons/groundModels_weapons/75mm_pak39_l48_user_cannon.blk	75mm_pzgr_39	75 mm Pzgr 39	APCBC	6.8	770	0.017	0.075	0
gameData/Weapons/groundModels_weapons/75mm_kwk40_l48_user_cannon.blk	75mm_pzgr_39	75 mm Pzgr 39	APCBC	6.8	770	0.017	0.075	0
gameData/Weapons/groundModels_weapons/75mm_kwk37_for_nbfz_user_cannon.blk	75mm_pzgr_rot	75 mm Pzgr Rot	APCBC	6.8	385	0.08	0.075	0
gameData/Weapons/groundModels_weapons/75mm_kwk37_user_cannon.blk	75mm_pzgr_rot	75 mm Pzgr Rot	APCBC	6.8	385	0.08	0.075	0
gameData/Weapons/groundModels_weapons/75mm_kwk51_user_cannon.blk	75mm_pzgr_rot	75 mm Pzgr Rot	APCBC	6.8	385	0.08	0.075	0
gameData/Weapons/groundModels_weapons/75mm_stuk37_user_cannon.blk	75mm_pzgr_rot	75 mm Pzgr Rot	APCBC	6.8	385	0.08	0.075	0
gameData/Weapons/groundModels_weapons/75mm_kwk42_user_cannon.blk	75mm_pzrg_39_42	75 mm Pzrg 39 42	APCBC	6.8	935	0.017	0.075	0
gameData/Weapons/groundModels_weapons/75mm_kwk44_user_cannon.blk	75mm_pzrg_39_42	75 mm Pzrg 39 42	APCBC	6.8	935	0.017	0.075	0
gameData/Weapons/groundModels_weapons/75mm_pak42_user_cannon.blk	75mm_pzrg_39_42	75 mm Pzrg 39 42	APCBC	6.8	935	0.017	0.075	0
gameData/Weapons/groundModels_weapons/75mm_pv_kan_m43_1963_user_cannon.blk	75mm_slpgr_m43	75 mm Slpgr M43	APCBC	6	890	0.11	0.075	0
gameData/Weapons/groundModels_weapons/75mm_kan_strv_74_user_cannon.blk	75mm_slpgr_m43	75 mm Slpgr M43	APCBC	6	925	0.11	0.075	0
gameData/Weapons/groundModels_weapons/75mm_lv_kan_m37_a_user_cannon.blk	75mm_slpgr_m43	75 mm Slpgr M43	APCBC	6	925	0.11	0.075	0
gameData/Weapons/groundModels_weapons/75mm_pv_kan_m43_user_cannon.blk	75mm_slpgr_m43	75 mm Slpgr M43	APCBC	6	890	0.11	0.075	0
gameData/Weapons/groundModels_weapons/76mm_m7_user_cannon.blk	76mm_m62	76 mm M62	APCBC	7	792	0.065	0.0762	0
gameData/Weapons/groundModels_weapons/76mm_m1_open_turret_user_cannon.blk	76mm_m62	76 mm M62	APCBC	7	792	0.065	0.0762	0
gameData/Weapons/groundModels_weapons/76mm_m1_for_m18_user_cannon.blk	76mm_m62	76 mm M62	APCBC	7	792	0.065	0.0762	0
gameData/Weapons/groundModels_weapons/76mm_m1_no_mb_user_cannon.blk	76mm_m62	76 mm M62	APCBC	7	792	0.065	0.0762	0
gameData/Weapons/groundModels_weapons/76mm_m1_open_turret_no_mb_user_cannon.blk	76mm_m62	76 mm M62	APCBC	7	792	0.065	0.0762	0
gameData/Weapons/groundModels_weapons/76mm_m1_user_cannon.blk	76mm_m62	76 mm M62	APCBC	7	792	0.065	0.0762	0
gameData/Weapons/groundModels_weapons/76mm_m7_for_m10_user_cannon.blk	76mm_m62	76 mm M62	APCBC	7	792	0.065	0.0762	0
gameData/Weapons/groundModels_weapons/76mm_pak39_r_user_cannon.blk	76mm_pzgr_39_rot	76 mm Pzgr 39 Rot	APCBC	7.6	720	0.02	0.0762	0
gameData/Weapons/groundModels_weapons/76mm_pak36_r_user_cannon.blk	76mm_pzgr_39_rot	76 mm Pzgr 39 Rot	APCBC	7.6	720	0.02	0.0762	0
gameData/Weapons/groundModels_weapons/76mm_17pdr_qf_open_turret_user_cannon.blk	76mm_shot_mk8_apcbc	76 mm Shot Mk8 Apcbc	APCBC	7.71	883	0	0.0762	0
gameData/Weapons/groundModels_weapons/77mm_qqf_mk_ii_l50_user_cannon.blk	76mm_shot_mk8_apcbc	76 mm Shot Mk8 Apcbc	APCBC	7.71	784.86	0	0.0762	0
gameData/Weapons/groundModels_weapons/76mm_17pdr_qf_user_cannon.blk	76mm_shot_mk8_apcbc	76 mm Shot Mk8 Apcbc	APCBC	7.71	883	0	0.0762	0
gameData/Weapons/groundModels_weapons/84mm_qqf_20pdr_mk_i_fume_extractor_user_cannon.blk	83mm_shot_mk1	83 mm Shot Mk1	APCBC	9.071847	1021.08	0	0.0834	0
gameData/Weapons/groundModels_weapons/84mm_qqf_20pdr_mk_i_user_cannon.blk	83mm_shot_mk1	83 mm Shot Mk1	APCBC	9.071847	1021.08	0	0.0834	0
gameData/Weapons/groundModels_weapons/84mm_kan_strv81_user_cannon.blk	83mm_slpprj	83 mm Slpprj	APCBC	9.071847	1021.08	0	0.0834	0
gameData/Weapons/groundModels_weapons/85mm_zis_s_53_user_cannon.blk	85mm_br_367	85 mm Br 367	APCBC	9.2	792	0.05	0.085	0
gameData/Weapons/groundModels_weapons/85mm_d5t_user_cannon.blk	85mm_br_367	85 mm Br 367	APCBC	9.2	792	0.05	0.085	0
gameData/Weapons/groundModels_weapons/85mm_d5s_user_cannon.blk	85mm_br_367	85 mm Br 367	APCBC	9.2	792	0.05	0.085	0
gameData/Weapons/groundModels_weapons/85mm_f30_user_cannon.blk	85mm_br_367	85 mm Br 367	APCBC	9.2	792	0.05	0.085	0
gameData/Weapons/groundModels_weapons/85mm_d58_user_cannon.blk	85mm_br_372	85 mm Br 372	APCBC	9.3	1040	0.05	0.085	0
gameData/Weapons/groundModels_weapons/85mm_d70_user_cannon.blk	85mm_br_372	85 mm Br 372	APCBC	9.3	1040	0.05	0.085	0
gameData/Weapons/groundModels_weapons/88mm_flak37_user_cannon.blk	88mm_pzgr	88 mm Pzgr	APCBC	9.5	810	0.168	0.088	0
gameData/Weapons/groundModels_weapons/88mm_kwk36_user_cannon.blk	88mm_pzgr	88 mm Pzgr	APCBC	9.5	810	0.168	0.088	0
gameData/Weapons/groundModels_weapons/88mm_kwk36_user_cannon.blk	88mm_pzrg_39	88 mm Pzrg 39	APCBC	10.2	773	0.064	0.088	0
gameData/Weapons/groundModels_weapons/88mm_flak41_user_cannon.blk	88mm_pzrg_39_43	88 mm Pzrg 39 43	APCBC	10.16	980	0.064	0.088	0
gameData/Weapons/groundModels_weapons/88mm_pak43_user_cannon.blk	88mm_pzrg_39_43	88 mm Pzrg 39 43	APCBC	10.16	1000	0.064	0.088	0
gameData/Weapons/groundModels_weapons/88mm_kwk43_for_panther_ii_user_cannon.blk	88mm_pzrg_39_43	88 mm Pzrg 39 43	APCBC	10.16	1000	0.064	0.088	0
gameData/Weapons/groundModels_weapons/88mm_kwk43_user_cannon.blk	88mm_pzrg_39_43	88 mm Pzrg 39 43	APCBC	10.16	1000	0.064	0.088	0
gameData/Weapons/groundModels_weapons/88mm_pak43_open_turret_user_cannon.blk	88mm_pzrg_39_43	88 mm Pzrg 39 43	APCBC	10.16	1000	0.064	0.088	0
gameData/Weapons/groundModels_weapons/88mm_kwk43_for_tutorial_user_cannon.blk	88mm_pzrg_39_43	88 mm Pzrg 39 43	APCBC	10.16	1000	0.064	0.088	215
gameData/Weapons/groundModels_weapons/90mm_90_53_mod41_user_cannon.blk	90mm_gr_perforante	90 mm Gr Perforante	APCBC	12.16	758	0.347	0.09	0
gameData/Weapons/groundModels_weapons/90mm_90_53_mod41_user_cannon.blk	90mm_gr_perforante_m43	90 mm Gr Perforante M43	APCBC	11.25	773	0.347	0.09	0
gameData/Weapons/groundModels_weapons/90mm_m3_open_turret_user_cannon.blk	90mm_m82	90 mm M82	APCBC	10.91	853.44	0.14	0.09	0
gameData/Weapons/groundModels_weapons/90mm_m3_without_mb_user_cannon.blk	90mm_m82	90 mm M82	APCBC	10.91	853.44	0.14	0.09	0
gameData/Weapons/groundModels_weapons/90mm_m36_user_cannon.blk	90mm_m82	90 mm M82	APCBC	10.91	853.44	0.14	0.09	0
gameData/Weapons/groundModels_weapons/90mm_t7_user_cannon.blk	90mm_m82	90 mm M82	APCBC	10.91	853.44	0.14	0.09	0
gameData/Weapons/groundModels_weapons/90mm_bk90_ru251_user_cannon.blk	90mm_m82	90 mm M82	APCBC	10.91	853.44	0.14	0.09	0
gameData/Weapons/groundModels_weapons/90mm_type61_user_cannon.blk	90mm_m82	90 mm M82	APCBC	10.91	853.44	0.14	0.09	0
gameData/Weapons/groundModels_weapons/90mm_char_25t_user_cannon.blk	90mm_m82	90 mm M82	APCBC	10.91	930	0.14	0.09	0
gameData/Weapons/groundModels_weapons/90mm_bk_90_user_cannon.blk	90mm_m82	90 mm M82	APCBC	10.91	853.44	0.14	0.09	0
gameData/Weapons/groundModels_weapons/90mm_m3_m36b2_user_cannon.blk	90mm_m82	90 mm M82	APCBC	10.91	853.44	0.14	0.09	0
gameData/Weapons/groundModels_weapons/90mm_m3_open_turret_without_mb_user_cannon.blk	90mm_m82	90 mm M82	APCBC	10.91	853.44	0.14	0.09	0
gameData/Weapons/groundModels_weapons/90mm_type61_b_user_cannon.blk	90mm_m82	90 mm M82	APCBC	10.91	853.44	0.14	0.09	0
gameData/Weapons/groundModels_weapons/90mm_m3a1_user_cannon.blk	90mm_m82	90 mm M82	APCBC	10.91	853.44	0.14	0.09	0
gameData/Weapons/groundModels_weapons/90mm_m54_user_cannon.blk	90mm_m82	90 mm M82	APCBC	10.91	853.44	0.14	0.09	0
gameData/Weapons/groundModels_weapons/90mm_m41_user_cannon.blk	90mm_m82	90 mm M82	APCBC	10.91	853.44	0.14	0.09	0
gameData/Weapons/groundModels_weapons/90mm_m3_user_cannon.blk	90mm_m82	90 mm M82	APCBC	10.91	853.44	0.14	0.09	0
gameData/Weapons/groundModels_weapons/90mm_kanone_m41_user_cannon.blk	90mm_m82	90 mm M82	APCBC	10.91	853.44	0.14	0.09	0
gameData/Weapons/groundModels_weapons/90mm_90_50_m3a1_user_cannon.blk	90mm_m82_da90_50	90 mm M82 Da90 50	APCBC	10.91	853.44	0.14	0.09	0
gameData/Weapons/groundModels_weapons/90mm_sa47_user_cannon.blk	90mm_sa45_apc	90 mm Sa45 Apc	APCBC	11.2	1030	0	0.09	0
gameData/Weapons/groundModels_weapons/90mm_sa45_user_cannon.blk	90mm_sa45_apc	90 mm Sa45 Apc	APCBC	11.2	1000	0	0.09	0
gameData/Weapons/groundModels_weapons/90mm_f3_user_cannon.blk	90mm_sa45_apc	90 mm Sa45 Apc	APCBC	11.2	1000	0	0.09	0
gameData/Weapons/groundModels_weapons/90mm_sa45_arl_user_cannon.blk	90mm_sa45_apc	90 mm Sa45 Apc	APCBC	11.2	1000	0	0.09	0
gameData/Weapons/groundModels_weapons/90mm_t15e1_user_cannon.blk	90mm_t41	90 mm T41	APCBC	10.91	975	0.14	0.09	0
gameData/Weapons/groundModels_weapons/90mm_t54_user_cannon.blk	90mm_t41	90 mm T41	APCBC	10.91	975	0.14	0.09	0
gameData/Weapons/groundModels_weapons/90mm_t15e2_user_cannon.blk	90mm_t41	90 mm T41	APCBC	10.91	975	0.14	0.09	0
gameData/Weapons/groundModels_weapons/94mm_qf_28pdr_user_cannon.blk	94mm_shot_mk1	94 mm Shot Mk1	APCBC	14.5	792	0	0.094	0
gameData/Weapons/groundModels_weapons/94mm_qqf_32pdr_user_cannon.blk	94mm_shot_mk1	94 mm Shot Mk1	APCBC	14.5	929	0	0.094	0
gameData/Weapons/groundModels_weapons/94mm_qf_mk1_user_cannon.blk	94mm_shot_mk1	94 mm Shot Mk1	APCBC	14.5	792	0	0.094	0
gameData/Weapons/groundModels_weapons/75mm_oto_75_43_m40_user_cannon.blk	gr_perforante_mod_39	Gr Perforante Mod 39	APCBC	6.8	792	0.017	0.075	0
gameData/Weapons/groundModels_weapons/100mm_type69_ii_user_cannon.blk	type_44_ap	Type 44 Ap	APCBC	15.88	887	0.065	0.1	0
gameData/Weapons/groundModels_weapons/85mm_type_63_user_cannon.blk	type_56_apc	Type 56 Apc	APCBC	9.2	792	0.05	0.085	0
gameData/Weapons/groundModels_weapons/85mm_type_62_85_tc_user_cannon.blk	type_56_apc	Type 56 Apc	APCBC	9.2	792	0.05	0.085	0
gameData/Weapons/groundModels_weapons/85mm_type_56_user_cannon.blk	type_56_apc	Type 56 Apc	APCBC	9.2	792	0.05	0.085	0
gameData/Weapons/groundModels_weapons/57mm_wa_318_user_cannon.blk	type_59_apcbc	Type 59 Apcbc	APCBC	2.8	1000	0.013	0.057	0
gameData/Weapons/groundModels_weapons/100mm_d54ts_user_cannon.blk	100mm_d54ts_apds	100 mm D54ts Apds	APDS	4.13	1535	0	0.1	0
gameData/Weapons/groundModels_weapons/100mm_type69_ii_user_cannon.blk	100mm_type1959	100 mm Type1959	APDS	3.18	1432	0	0.1	0
gameData/Weapons/groundModels_weapons/100mm_type59_user_cannon.blk	100mm_type1959	100 mm Type1959	APDS	3.18	1432	0	0.1	0
gameData/Weapons/groundModels_weapons/100mm_d10t2s_to_55_user_cannon.blk	100mm_zbm8	100 mm Zbm8	APDS	4.13	1415	0	0.1	0
gameData/Weapons/groundModels_weapons/100mm_d10t2s_fin_user_cannon.blk	100mm_zbm8	100 mm Zbm8	APDS	4.13	1415	0	0.1	0
gameData/Weapons/groundModels_weapons/100mm_lb1_user_cannon.blk	100mm_zbm8	100 mm Zbm8	APDS	4.13	1415	0	0.1	0
gameData/Weapons/groundModels_weapons/100mm_d10t_user_cannon.blk	100mm_zbm8	100 mm Zbm8	APDS	4.13	1415	0	0.1	0
gameData/Weapons/groundModels_weapons/100mm_d50_user_cannon.blk	100mm_zbm8	100 mm Zbm8	APDS	4.13	1415	0	0.1	0
gameData/Weapons/groundModels_weapons/100mm_d10t2s_user_cannon.blk	100mm_zbm8	100 mm Zbm8	APDS	4.13	1415	0	0.1	0
gameData/Weapons/groundModels_weapons/100mm_d10s_user_cannon.blk	100mm_zbm8	100 mm Zbm8	APDS	4.13	1415	0	0.1	0
gameData/Weapons/groundModels_weapons/105mm_l7a3_ga_2_user_cannon.blk	105mm_dm13	105 mm Dm13	APDS	4	1478.3	0	0.105	0
gameData/Weapons/groundModels_weapons/105mm_fmk4_modelo_1l_user_cannon.blk	105mm_dm13	105 mm Dm13	APDS	4	1478.3	0	0.105	0
gameData/Weapons/groundModels_weapons/105mm_l7a3_user_cannon.blk	105mm_dm13	105 mm Dm13	APDS	4	1478.3	0	0.105	0
gameData/Weapons/groundModels_weapons/105mm_l7_user_cannon.blk	105mm_l28a1	105 mm L28A1	APDS	4	1478.3	0	0.105	0
gameData/Weapons/groundModels_weapons/105mm_l7_mk_3_user_cannon.blk	105mm_l52a1	105 mm L52A1	APDS	4.53	1426	0	0.105	0
gameData/Weapons/groundModels_weapons/105mm_m68_user_cannon.blk	105mm_m392a2	105 mm M392A2	APDS	4	1478.3	0	0.105	0
gameData/Weapons/groundModels_weapons/105mm_oto_melara_mk_2_user_cannon.blk	105mm_m392a2	105 mm M392A2	APDS	4	1478.3	0	0.105	0
gameData/Weapons/groundModels_weapons/105mm_l7a3_stb_user_cannon.blk	105mm_m392a2	105 mm M392A2	APDS	4	1478.3	0	0.105	0
gameData/Weapons/groundModels_weapons/105mm_m68_magach_user_cannon.blk	105mm_m392a2	105 mm M392A2	APDS	4	1478.3	0	0.105	0
gameData/Weapons/groundModels_weapons/105mm_oto_melara_user_cannon.blk	105mm_m392a2	105 mm M392A2	APDS	4	1478.3	0	0.105	0
gameData/Weapons/groundModels_weapons/105mm_105_55_oto_melara_user_cannon.blk	105mm_m392a2	105 mm M392A2	APDS	4	1478.3	0	0.105	0
gameData/Weapons/groundModels_weapons/105mm_l7a3_type74_user_cannon.blk	105mm_m728	105 mm M728	APDS	4.53	1426	0	0.105	0
gameData/Weapons/groundModels_weapons/105mm_m68_tts_user_cannon.blk	105mm_m728	105 mm M728	APDS	4.53	1426	0	0.105	0
gameData/Weapons/groundModels_weapons/105mm_m68_xm_user_cannon.blk	105mm_m728	105 mm M728	APDS	4.53	1426	0	0.105	0
gameData/Weapons/groundModels_weapons/105mm_m68_m60a1_user_cannon.blk	105mm_m728	105 mm M728	APDS	4.53	1426	0	0.105	0
gameData/Weapons/groundModels_weapons/105mm_kan_strv_101_user_cannon.blk	105mm_slpprj_m61	105 mm Slpprj M61	APDS	4	1478.3	0	0.105	0
gameData/Weapons/groundModels_weapons/105mm_l74_user_cannon.blk	105mm_slpprj_m61	105 mm Slpprj M61	APDS	4	1500	0	0.105	0
gameData/Weapons/groundModels_weapons/105mm_kan_strv_101_user_cannon.blk	105mm_slpprj_m66	105 mm Slpprj M66	APDS	4.53	1400	0	0.105	0
gameData/Weapons/groundModels_weapons/105mm_bofors_ikv_user_cannon.blk	105mm_slpprj_m66	105 mm Slpprj M66	APDS	4.53	1400	0	0.105	0
gameData/Weapons/groundModels_weapons/105mm_l74_103c_user_cannon.blk	105mm_slpprj_m66	105 mm Slpprj M66	APDS	4.53	1450	0	0.105	0
gameData/Weapons/groundModels_weapons/105mm_kan_strv_104_user_cannon.blk	105mm_slpprj_m66	105 mm Slpprj M66	APDS	4.53	1400	0	0.105	0
gameData/Weapons/groundModels_weapons/105mm_l74_user_cannon.blk	105mm_slpprj_m66	105 mm Slpprj M66	APDS	4.53	1450	0	0.105	0
gameData/Weapons/groundModels_weapons/105mm_t140_user_cannon.blk	105mm_t279	105 mm T279	APDS	4.5	1554	0	0.105	0
gameData/Weapons/groundModels_weapons/105mm_t140e3_user_cannon.blk	105mm_t279	105 mm T279	APDS	4.5	1554	0	0.105	0
gameData/Weapons/groundModels_weapons/120mm_obl_tk_l11_user_cannon.blk	120mm_l15a3	120 mm L15A3	APDS	7.4842	1371.6	0	0.12	0
gameData/Weapons/groundModels_weapons/120mm_l11a5_user_cannon.blk	120mm_l15a5	120 mm L15A5	APDS	7.4842	1371.6	0	0.12	0
gameData/Weapons/groundModels_weapons/120mm_qqf_tk_l1a1_user_cannon.blk	120mm_l1g	120 mm L1g	APDS	6.37	1493	0	0.12	0
gameData/Weapons/groundModels_weapons/122mm_m62t2s_user_cannon.blk	122mm_zbm_11	122 mm Zbm 11	APDS	4.5	1620	0	0.122	0
gameData/Weapons/groundModels_weapons/122mm_d25t_user_cannon.blk	122mm_zbm_7	122 mm Zbm 7	APDS	4.5	1400	0	0.122	0
gameData/Weapons/groundModels_weapons/122mm_d49_user_cannon.blk	122mm_zbm_7	122 mm Zbm 7	APDS	4.5	1400	0	0.122	0
gameData/Weapons/groundModels_weapons/122mm_d30t_user_cannon.blk	122mm_zbm_7	122 mm Zbm 7	APDS	4.5	1400	0	0.122	0
gameData/Weapons/groundModels_weapons/122mm_d25ts_user_cannon.blk	122mm_zbm_7	122 mm Zbm 7	APDS	4.5	1400	0	0.122	0
gameData/Weapons/groundModels_weapons/20mm_rh_202_6616_user_cannon.blk	20mm_dm63	20 mm Dm63	APDS	0.126	1150	0	0.02	0
gameData/Weapons/groundModels_weapons/20mm_luchs_a2_user_cannon.blk	20mm_dm63	20 mm Dm63	APDS	0.126	1150	0	0.02	0
gameData/Weapons/groundModels_weapons/20mm_rh_202_marder_user_cannon.blk	20mm_dm63	20 mm Dm63	APDS	0.126	1150	0	0.02	0
gameData/Weapons/groundModels_weapons/20mm_m139_user_cannon.blk	20mm_dm63	20 mm Dm63	APDS	0.126	1150	0	0.02	0
gameData/Weapons/groundModels_weapons/20mm_rh_202_wiesel_user_cannon.blk	20mm_dm63	20 mm Dm63	APDS	0.126	1150	0	0.02	0
gameData/Weapons/groundModels_weapons/20mm_m693_amx_10_user_cannon.blk	20mm_dm63	20 mm Dm63	APDS	0.126	1150	0	0.02	0
gameData/Weapons/groundModels_weapons/25mm_oerlikon_kba_user_cannon.blk	25mm_m791	25 mm M791	APDS	0.134	1330	0	0.025	0
gameData/Weapons/groundModels_weapons/25mm_oerlikon_kba_dardo_user_cannon.blk	25mm_m791	25 mm M791	APDS	0.134	1335	0	0.025	0
gameData/Weapons/groundModels_weapons/25mm_oerlikon_kba_freccia_user_cannon.blk	25mm_m791	25 mm M791	APDS	0.134	1335	0	0.025	0
gameData/Weapons/groundModels_weapons/25mm_cn25_m811_user_cannon.blk	25mm_m791	25 mm M791	APDS	0.134	1335	0	0.025	0
gameData/Weapons/groundModels_weapons/25mm_m242_hr_user_cannon.blk	25mm_m791	25 mm M791	APDS	0.134	1345	0	0.025	0
gameData/Weapons/groundModels_weapons/25mm_m242_user_cannon.blk	25mm_m791	25 mm M791	APDS	0.134	1345	0	0.025	0
gameData/Weapons/groundModels_weapons/25mm_m242_desert_warrior_user_cannon.blk	25mm_m791	25 mm M791	APDS	0.134	1345	0	0.025	0
gameData/Weapons/groundModels_weapons/30mm_l21a1_rarden_user_cannon.blk	30_170mm_apds_t	30 170 mm Apds T	APDS	0.3	1175	0	0.03	110
gameData/Weapons/groundModels_weapons/30mm_hss_831l_user_cannon.blk	30_170mm_apds_t	30 170 mm Apds T	APDS	0.3	1175	0	0.03	110
gameData/Weapons/groundModels_weapons/30mm_hss_831a_user_cannon.blk	30_170mm_apds_t	30 170 mm Apds T	APDS	0.3	1175	0	0.03	110
gameData/Weapons/groundModels_weapons/30mm_2a42_user_cannon.blk	30mm_3UBR8	30 mm 3UBR8	APDS	0.304	1120	0	0.03	0
gameData/Weapons/groundModels_weapons/30mm_2a42_bmpt_user_cannon.blk	30mm_3UBR8	30 mm 3UBR8	APDS	0.304	1120	0	0.03	0
gameData/Weapons/groundModels_weapons/30mm_ztm1_btr_user_cannon.blk	30mm_3UBR8	30 mm 3UBR8	APDS	0.304	1120	0	0.03	0
gameData/Weapons/groundModels_weapons/30mm_2a72_user_cannon.blk	30mm_3UBR8	30 mm 3UBR8	APDS	0.304	1120	0	0.03	0
gameData/Weapons/groundModels_weapons/30mm_2a42_md_user_cannon.blk	30mm_3UBR8	30 mm 3UBR8	APDS	0.304	1120	0	0.03	0
gameData/Weapons/groundModels_weapons/30mm_2a42_bmpt_user_cannon_2.blk	30mm_3UBR8	30 mm 3UBR8	APDS	0.304	1120	0	0.03	0
gameData/Weapons/groundModels_weapons/30mm_2a72_btr_user_cannon.blk	30mm_3UBR8	30 mm 3UBR8	APDS	0.304	1120	0	0.03	0
gameData/Weapons/groundModels_weapons/30mm_2a72_bmd_user_cannon.blk	30mm_3UBR8	30 mm 3UBR8	APDS	0.304	1120	0	0.03	0
gameData/Weapons/groundModels_weapons/30mm_bushmaster_2_mk_44_vilkas_user_cannon.blk	30mm_mk320	30 mm Mk320	APDS	0.19	1480	0	0.03	0
gameData/Weapons/groundModels_weapons/30mm_bushmaster_2_mk_44_user_cannon.blk	30mm_mk320	30 mm Mk320	APDS	0.19	1480	0	0.03	0
gameData/Weapons/groundModels_weapons/30mm_rheinmetall_mk_30_2_abm_kf41_user_cannon.blk	30mm_mk320	30 mm Mk320	APDS	0.19	1480	0	0.03	0
gameData/Weapons/groundModels_weapons/30mm_rheinmetall_mk_30_2_abm_user_cannon.blk	30mm_mk320	30 mm Mk320	APDS	0.19	1480	0	0.03	0
gameData/Weapons/groundModels_weapons/30mm_bushmaster_2_mk_44_namer_user_cannon.blk	30mm_mk320	30 mm Mk320	APDS	0.19	1480	0	0.03	0
gameData/Weapons/groundModels_weapons/30mm_bushmaster_2_mk_44_efv_p1_user_cannon.blk	30mm_mk320	30 mm Mk320	APDS	0.19	1480	0	0.03	0
gameData/Weapons/groundModels_weapons/30mm_bushmaster_2_mk_44_9030_user_cannon.blk	30mm_mk320	30 mm Mk320	APDS	0.19	1480	0	0.03	0
gameData/Weapons/groundModels_weapons/30mm_bushmaster_2_mk_44_mct30_user_cannon.blk	30mm_mk320	30 mm Mk320	APDS	0.19	1480	0	0.03	0
gameData/Weapons/groundModels_weapons/30mm_bushmaster_2_mk_44_freccia_ows_user_cannon.blk	30mm_mk320	30 mm Mk320	APDS	0.19	1480	0	0.03	0
gameData/Weapons/groundModels_weapons/30mm_xm_813_user_cannon.blk	30mm_mk320	30 mm Mk320	APDS	0.19	1480	0	0.03	0
gameData/Weapons/groundModels_weapons/30mm_denel_gi30_user_cannon.blk	30mm_mk320	30 mm Mk320	APDS	0.19	1480	0	0.03	0
gameData/Weapons/groundModels_weapons/30mm_zpz02_user_cannon.blk	30mm_zpz02_apds	30 mm Zpz02 Apds	APDS	0.286	1180	0	0.03	0
gameData/Weapons/groundModels_weapons/30mm_zpt_99_user_cannon.blk	30mm_zpz02_apds	30 mm Zpz02 Apds	APDS	0.286	1180	0	0.03	0
gameData/Weapons/groundModels_weapons/35mm_bushmaster_3_user_cannon.blk	35_228mm_apds_t	35 228 mm Apds T	APDS	0.38	1400	0	0.035	0
gameData/Weapons/groundModels_weapons/35mm_pg_99_35_2_user_cannon.blk	35_228mm_apds_t	35 228 mm Apds T	APDS	0.38	1400	0	0.035	0
gameData/Weapons/groundModels_weapons/35mm_oerlikon_kda_marksman_user_cannon.blk	35_228mm_apds_t	35 228 mm Apds T	APDS	0.38	1400	0	0.035	0
gameData/Weapons/groundModels_weapons/35mm_oerlikon_kda_user_cannon.blk	35_228mm_apds_t	35 228 mm Apds T	APDS	0.38	1400	0	0.035	0
gameData/Weapons/groundModels_weapons/35mm_oerlikon_kde_user_cannon.blk	35_228mm_apds_t_belt	35 228 mm Apds T Belt	APDS	0.38	1400	0	0.035	0
gameData/Weapons/groundModels_weapons/37mm_kan_m38_user_cannon.blk	37mm_slpprj_m49	37 mm Slpprj M49	APDS	0.3	1150	0	0.037	0
gameData/Weapons/groundModels_weapons/57mm_6pdr_qqf_mk_5_l50_user_cannon.blk	57mm_shot_mk1bt	57 mm Shot Mk1bt	APDS	1.025119	1158.24	0	0.057	0
gameData/Weapons/groundModels_weapons/57mm_pv_kan_m43_user_cannon.blk	57mm_slpprj_m49	57 mm Slpprj M49	APDS	1.025119	1150	0	0.057	0
gameData/Weapons/groundModels_weapons/75mm_pv_kan_m43_1963_user_cannon.blk	75mm_slpprj_m49	75 mm Slpprj M49	APDS	2.6	1110	0	0.075	0
gameData/Weapons/groundModels_weapons/75mm_kan_strv_74_user_cannon.blk	75mm_slpprj_m49	75 mm Slpprj M49	APDS	2.6	1160	0	0.075	0
gameData/Weapons/groundModels_weapons/76mm_m32_user_cannon.blk	76mm_m331a2	76 mm M331A2	APDS	2.81	1257	0	0.0762	0
gameData/Weapons/groundModels_weapons/76mm_kwk_m32_user_cannon.blk	76mm_m331a2	76 mm M331A2	APDS	2.81	1257	0	0.0762	0
gameData/Weapons/groundModels_weapons/76mm_t185e1_user_cannon.blk	76mm_m331a2	76 mm M331A2	APDS	2.81	1257	0	0.0762	0
gameData/Weapons/groundModels_weapons/77mm_qqf_mk_ii_l50_user_cannon.blk	76mm_shot_sv_mk1_apds	76 mm Shot Sv Mk1 Apds	APDS	2.476614	1036.32	0	0.0762	0
gameData/Weapons/groundModels_weapons/76mm_17pdr_qf_user_cannon.blk	76mm_shot_sv_mk1_apds	76 mm Shot Sv Mk1 Apds	APDS	2.476614	1203.96	0	0.0762	0
gameData/Weapons/groundModels_weapons/76mm_17pdr_qf_open_turret_user_cannon.blk	76mm_shot_sv_mk1_apds	76 mm Shot Sv Mk1 Apds	APDS	2.476614	1203.96	0	0.0762	0
gameData/Weapons/groundModels_weapons/84mm_kan_strv81_user_cannon.blk	83mm_pvlng_m54	83 mm Pvlng M54	APDS	3.22	1432.56	0	0.0834	0
gameData/Weapons/groundModels_weapons/84mm_qqf_20pdr_mk_i_fume_extractor_user_cannon.blk	83mm_shot_mk3	83 mm Shot Mk3	APDS	3.22	1432.56	0	0.0834	0
gameData/Weapons/groundModels_weapons/84mm_qqf_20pdr_mk_i_user_cannon.blk	83mm_shot_mk3	83 mm Shot Mk3	APDS	3.22	1432.56	0	0.0834	0
gameData/Weapons/groundModels_weapons/100mm_type69_user_cannon.blk	100mm_1_72_85	100 mm 1 72 85	APFSDS	3.44	1505	0	0.1	0
gameData/Weapons/groundModels_weapons/100mm_ptp86_user_cannon.blk	100mm_1_72_85	100 mm 1 72 85	APFSDS	3.44	1505	0	0.1	0
gameData/Weapons/groundModels_weapons/100mm_2a48_user_cannon.blk	100mm_3bm25	100 mm 3Bm25	APFSDS	3.4	1430	0	0.1	335
gameData/Weapons/groundModels_weapons/100mm_d10t2s_user_cannon.blk	100mm_3bm25	100 mm 3Bm25	APFSDS	3.4	1430	0	0.1	335
gameData/Weapons/groundModels_weapons/100mm_type69_ii_user_cannon.blk	100mm_3bm25	100 mm 3Bm25	APFSDS	3.4	1430	0	0.1	335
gameData/Weapons/groundModels_weapons/100mm_ptp86_user_cannon.blk	100mm_dyw_pt_86_100	100 mm Dyw Pt 86 100	APFSDS	3.3	1610	0	0.1	0
gameData/Weapons/groundModels_weapons/100mm_d10t2s_fin_user_cannon.blk	100mm_m1000a1	100 mm M1000A1	APFSDS	3.75	1475	0	0.1	0
gameData/Weapons/groundModels_weapons/105mm_m68a1_ags_user_cannon.blk	105mm_c76a1	105 mm C76A1	APFSDS	3.6	1509	0	0.105	0
gameData/Weapons/groundModels_weapons/105mm_lrf_user_cannon.blk	105mm_c76a1	105 mm C76A1	APFSDS	3.6	1509	0	0.105	0
gameData/Weapons/groundModels_weapons/105mm_l7a3_radpanzer_user_cannon.blk	105mm_dm23	105 mm Dm23	APFSDS	4.2	1455	0	0.105	0
gameData/Weapons/groundModels_weapons/105mm_l7a3_type74kai_user_cannon.blk	105mm_dm23	105 mm Dm23	APFSDS	4.2	1455	0	0.105	0
gameData/Weapons/groundModels_weapons/105mm_gt3b_user_cannon.blk	105mm_dm23	105 mm Dm23	APFSDS	4.2	1455	0	0.105	0
gameData/Weapons/groundModels_weapons/105mm_xc8_l50_user_cannon.blk	105mm_dm23	105 mm Dm23	APFSDS	4.2	1455	0	0.105	0
gameData/Weapons/groundModels_weapons/105mm_gt_7_user_cannon.blk	105mm_dm23	105 mm Dm23	APFSDS	4.2	1455	0	0.105	0
gameData/Weapons/groundModels_weapons/105mm_l7a3_ga_2_user_cannon.blk	105mm_dm23	105 mm Dm23	APFSDS	4.2	1455	0	0.105	0
gameData/Weapons/groundModels_weapons/105mm_l7a3_user_cannon.blk	105mm_dm23	105 mm Dm23	APFSDS	4.2	1455	0	0.105	0
gameData/Weapons/groundModels_weapons/105mm_oto_melara_mk_2_user_cannon.blk	105mm_dm23	105 mm Dm23	APFSDS	4.2	1455	0	0.105	0
gameData/Weapons/groundModels_weapons/105mm_fmk4_modelo_1l_user_cannon.blk	105mm_dm23	105 mm Dm23	APFSDS	4.2	1455	0	0.105	0
gameData/Weapons/groundModels_weapons/105mm_fmk4_modelo_1l_2ip_user_cannon.blk	105mm_dm23	105 mm Dm23	APFSDS	4.2	1455	0	0.105	0
gameData/Weapons/groundModels_weapons/105mm_cn_105_g2_user_cannon.blk	105mm_dm23	105 mm Dm23	APFSDS	4.2	1455	0	0.105	0
gameData/Weapons/groundModels_weapons/105mm_rh105_30_user_cannon.blk	105mm_dm23	105 mm Dm23	APFSDS	4.2	1455	0	0.105	0
gameData/Weapons/groundModels_weapons/105mm_jsw_user_cannon.blk	105mm_dm23	105 mm Dm23	APFSDS	4.2	1455	0	0.105	0
gameData/Weapons/groundModels_weapons/105mm_oto_melara_romor_user_cannon.blk	105mm_dm23	105 mm Dm23	APFSDS	4.2	1455	0	0.105	0
gameData/Weapons/groundModels_weapons/105mm_oto_melara_user_cannon.blk	105mm_dm23	105 mm Dm23	APFSDS	4.2	1455	0	0.105	0
gameData/Weapons/groundModels_weapons/105mm_fmk4_modelo_1l_2c_user_cannon.blk	105mm_dm33	105 mm Dm33	APFSDS	3.79	1455	0	0.105	0
gameData/Weapons/groundModels_weapons/105mm_gt3b_user_cannon.blk	105mm_dm33	105 mm Dm33	APFSDS	3.79	1455	0	0.105	0
gameData/Weapons/groundModels_weapons/105mm_fmk4_modelo_1l_2ip_user_cannon.blk	105mm_dm33	105 mm Dm33	APFSDS	3.79	1455	0	0.105	0
gameData/Weapons/groundModels_weapons/105mm_gt_7_user_cannon.blk	105mm_dm33	105 mm Dm33	APFSDS	3.79	1455	0	0.105	0
gameData/Weapons/groundModels_weapons/105mm_oto_melara_romor_user_cannon.blk	105mm_dm33	105 mm Dm33	APFSDS	3.79	1455	0	0.105	0
gameData/Weapons/groundModels_weapons/105mm_lrf_user_cannon.blk	105mm_dm33	105 mm Dm33	APFSDS	3.79	1455	0	0.105	0
gameData/Weapons/groundModels_weapons/105mm_cockerill_hp_user_cannon.blk	105mm_dm33	105 mm Dm33	APFSDS	3.79	1455	0	0.105	0
gameData/Weapons/groundModels_weapons/105mm_m68_xm_user_cannon.blk	105mm_dm33	105 mm Dm33	APFSDS	3.79	1455	0	0.105	0
gameData/Weapons/groundModels_weapons/105mm_rh105_30_user_cannon.blk	105mm_dm33	105 mm Dm33	APFSDS	3.79	1455	0	0.105	0
gameData/Weapons/groundModels_weapons/105mm_oto_melara_user_cannon.blk	105mm_dm33	105 mm Dm33	APFSDS	3.79	1455	0	0.105	0
gameData/Weapons/groundModels_weapons/105mm_l7a3_radpanzer_user_cannon.blk	105mm_dm33	105 mm Dm33	APFSDS	3.79	1455	0	0.105	0
gameData/Weapons/groundModels_weapons/105mm_105_55_oto_melara_user_cannon.blk	105mm_dm33	105 mm Dm33	APFSDS	3.79	1455	0	0.105	0
gameData/Weapons/groundModels_weapons/105mm_xc8_l50_user_cannon.blk	105mm_dm33	105 mm Dm33	APFSDS	3.79	1455	0	0.105	0
gameData/Weapons/groundModels_weapons/105mm_oto_melara_mk_2_user_cannon.blk	105mm_dm33	105 mm Dm33	APFSDS	3.79	1455	0	0.105	0
gameData/Weapons/groundModels_weapons/105mm_m68_tts_user_cannon.blk	105mm_dm63	105 mm Dm63	APFSDS	4.4	1455	0	0.105	0
gameData/Weapons/groundModels_weapons/105mm_m68a1_user_cannon.blk	105mm_dm63	105 mm Dm63	APFSDS	4.4	1455	0	0.105	0
gameData/Weapons/groundModels_weapons/105mm_fmk4_modelo_1l_2c_user_cannon.blk	105mm_dm63	105 mm Dm63	APFSDS	4.4	1455	0	0.105	0
gameData/Weapons/groundModels_weapons/105mm_cockerill_hp_user_cannon.blk	105mm_dm63	105 mm Dm63	APFSDS	4.4	1455	0	0.105	0
gameData/Weapons/groundModels_weapons/105mm_gt_8_user_cannon.blk	105mm_dm63	105 mm Dm63	APFSDS	4.4	1455	0	0.105	0
gameData/Weapons/groundModels_weapons/105mm_gt3_ttd_user_cannon.blk	105mm_dm63	105 mm Dm63	APFSDS	4.4	1455	0	0.105	0
gameData/Weapons/groundModels_weapons/105mm_zpl151a_user_cannon.blk	105mm_dtw2_105	105 mm Dtw2 105	APFSDS	3.775	1530	0	0.105	0
gameData/Weapons/groundModels_weapons/105mm_zpl98a_user_cannon.blk	105mm_dtw2_105	105 mm Dtw2 105	APFSDS	3.775	1530	0	0.105	0
gameData/Weapons/groundModels_weapons/105mm_l7_shot_user_cannon.blk	105mm_imi_m413	105 mm Imi M413	APFSDS	3.79	1455	0	0.105	0
gameData/Weapons/groundModels_weapons/105mm_l7_shot_user_cannon.blk	105mm_imi_m426	105 mm Imi M426	APFSDS	4.4	1455	0	0.105	0
gameData/Weapons/groundModels_weapons/105mm_l7_shot_user_cannon.blk	105mm_m111	105 mm M111	APFSDS	4.2	1455	0	0.105	0
gameData/Weapons/groundModels_weapons/105mm_gt_8_user_cannon.blk	105mm_m111	105 mm M111	APFSDS	4.2	1455	0	0.105	0
gameData/Weapons/groundModels_weapons/105mm_m68_magach_user_cannon.blk	105mm_m111	105 mm M111	APFSDS	4.2	1455	0	0.105	0
gameData/Weapons/groundModels_weapons/105mm_gt3_ttd_user_cannon.blk	105mm_m111	105 mm M111	APFSDS	4.2	1455	0	0.105	0
gameData/Weapons/groundModels_weapons/105mm_gt3_user_cannon.blk	105mm_m111	105 mm M111	APFSDS	4.2	1455	0	0.105	0
gameData/Weapons/groundModels_weapons/105mm_m68_m60a1_user_cannon.blk	105mm_m735	105 mm M735	APFSDS	3.719457	1501.14	0	0.105	292.4
gameData/Weapons/groundModels_weapons/105mm_m68a1_user_cannon.blk	105mm_m735	105 mm M735	APFSDS	3.719457	1501.14	0	0.105	292.4
gameData/Weapons/groundModels_weapons/105mm_m68a1_ags_user_cannon.blk	105mm_m735	105 mm M735	APFSDS	3.719457	1501.14	0	0.105	292.4
gameData/Weapons/groundModels_weapons/105mm_m68_xm_user_cannon.blk	105mm_m735	105 mm M735	APFSDS	3.719457	1501.14	0	0.105	292.4
gameData/Weapons/groundModels_weapons/105mm_l7a3_stb_user_cannon.blk	105mm_m735	105 mm M735	APFSDS	3.719457	1501.14	0	0.105	292.4
gameData/Weapons/groundModels_weapons/105mm_oto_melara_romor_user_cannon.blk	105mm_m735	105 mm M735	APFSDS	3.719457	1501.14	0	0.105	292.4
gameData/Weapons/groundModels_weapons/105mm_l7a3_type74_user_cannon.blk	105mm_m735	105 mm M735	APFSDS	3.719457	1501.14	0	0.105	292.4
gameData/Weapons/groundModels_weapons/105mm_m68_tts_user_cannon.blk	105mm_m735	105 mm M735	APFSDS	3.719457	1501.14	0	0.105	292.4
gameData/Weapons/groundModels_weapons/105mm_jsw_user_cannon.blk	105mm_m735	105 mm M735	APFSDS	3.719457	1501.14	0	0.105	292.4
gameData/Weapons/groundModels_weapons/105mm_xm_35_user_cannon.blk	105mm_m735	105 mm M735	APFSDS	3.719457	1501.14	0	0.105	292.4
gameData/Weapons/groundModels_weapons/105mm_l7a3_type74kai_user_cannon.blk	105mm_m735	105 mm M735	APFSDS	3.719457	1501.14	0	0.105	292.4
gameData/Weapons/groundModels_weapons/105mm_m68a1_e8_user_cannon.blk	105mm_m774	105 mm M774	APFSDS	3.4	1509	0	0.105	0
gameData/Weapons/groundModels_weapons/105mm_xm_35_user_cannon.blk	105mm_m774	105 mm M774	APFSDS	3.4	1509	0	0.105	0
gameData/Weapons/groundModels_weapons/105mm_m68a1_user_cannon.blk	105mm_m774	105 mm M774	APFSDS	3.4	1509	0	0.105	0
gameData/Weapons/groundModels_weapons/105mm_m68_tts_user_cannon.blk	105mm_m774	105 mm M774	APFSDS	3.4	1509	0	0.105	0
gameData/Weapons/groundModels_weapons/105mm_m68a1_ags_user_cannon.blk	105mm_m774	105 mm M774	APFSDS	3.4	1509	0	0.105	0
gameData/Weapons/groundModels_weapons/105mm_m68_tts_user_cannon.blk	105mm_m833	105 mm M833	APFSDS	3.7	1485	0	0.105	0
gameData/Weapons/groundModels_weapons/105mm_m35_user_cannon.blk	105mm_m833	105 mm M833	APFSDS	3.7	1485	0	0.105	0
gameData/Weapons/groundModels_weapons/105mm_m68a1_e8_user_cannon.blk	105mm_m833	105 mm M833	APFSDS	3.7	1485	0	0.105	0
gameData/Weapons/groundModels_weapons/105mm_m68a1_ags_user_cannon.blk	105mm_m833	105 mm M833	APFSDS	3.7	1485	0	0.105	0
gameData/Weapons/groundModels_weapons/105mm_m68a1_user_cannon.blk	105mm_m833	105 mm M833	APFSDS	3.7	1485	0	0.105	0
gameData/Weapons/groundModels_weapons/105mm_m68a1_ip_user_cannon.blk	105mm_m833	105 mm M833	APFSDS	3.7	1485	0	0.105	0
gameData/Weapons/groundModels_weapons/105mm_m68a1_ip_user_cannon.blk	105mm_m900	105 mm M900	APFSDS	3.85	1505	0	0.105	0
gameData/Weapons/groundModels_weapons/105mm_m68a1_e8_user_cannon.blk	105mm_m900	105 mm M900	APFSDS	3.85	1505	0	0.105	0
gameData/Weapons/groundModels_weapons/105mm_m35_user_cannon.blk	105mm_m900	105 mm M900	APFSDS	3.85	1505	0	0.105	0
gameData/Weapons/groundModels_weapons/105mm_cn_105_f1_user_cannon.blk	105mm_ofl_105_f1	105 mm Ofl 105 F1	APFSDS	3.8	1525	0	0.105	0
gameData/Weapons/groundModels_weapons/105mm_giat_105_g1_user_cannon.blk	105mm_ofl_105_f1	105 mm Ofl 105 F1	APFSDS	3.8	1500	0	0.105	0
gameData/Weapons/groundModels_weapons/105mm_pzk_m57_user_cannon.blk	105mm_ofl_105_g1	105 mm Ofl 105 G1	APFSDS	3.41	1475	0	0.105	0
gameData/Weapons/groundModels_weapons/105mm_modele_f2_user_cannon.blk	105mm_ofl_f3	105 mm Ofl F3	APFSDS	3.8	1400	0	0.105	0
gameData/Weapons/groundModels_weapons/105mm_giat_105_g1_user_cannon.blk	105mm_ofl_g2	105 mm Ofl G2	APFSDS	4	1500	0	0.105	0
gameData/Weapons/groundModels_weapons/105mm_kan_strv_104_user_cannon.blk	105mm_slpprj_m80	105 mm Slpprj M80	APFSDS	4.2	1455	0	0.105	0
gameData/Weapons/groundModels_weapons/105mm_bofors_ikv_user_cannon.blk	105mm_slpprj_m80	105 mm Slpprj M80	APFSDS	4.2	1455	0	0.105	0
gameData/Weapons/groundModels_weapons/105mm_l74_103c_user_cannon.blk	105mm_slpprj_m80	105 mm Slpprj M80	APFSDS	4.2	1455	0	0.105	0
gameData/Weapons/groundModels_weapons/105mm_kan_strv_105_user_cannon.blk	105mm_slpprj_m80	105 mm Slpprj M80	APFSDS	4.2	1455	0	0.105	0
gameData/Weapons/groundModels_weapons/105mm_kan_strv_105_user_cannon.blk	105mm_slpprj_m90c	105 mm Slpprj M90c	APFSDS	4.4	1455	0	0.105	0
gameData/Weapons/groundModels_weapons/105mm_zpl98a_user_cannon.blk	105mm_TYPE83_APDS	105 mm TYPE83 APDS	APFSDS	4.2	1455	0	0.105	0
gameData/Weapons/groundModels_weapons/105mm_zpl94_user_cannon.blk	105mm_TYPE83_APDS	105 mm TYPE83 APDS	APFSDS	4.2	1500	0	0.105	0
gameData/Weapons/groundModels_weapons/105mm_88b_105t_user_cannon.blk	105mm_TYPE83_APDS	105 mm TYPE83 APDS	APFSDS	4.2	1455	0	0.105	0
gameData/Weapons/groundModels_weapons/105mm_zpl151a_user_cannon.blk	105mm_TYPE83_APDS	105 mm TYPE83 APDS	APFSDS	4.2	1455	0	0.105	0
gameData/Weapons/groundModels_weapons/105mm_at_wma_user_cannon.blk	105mm_TYPE83_APDS	105 mm TYPE83 APDS	APFSDS	4.2	1455	0	0.105	0
gameData/Weapons/groundModels_weapons/105mm_type_83_user_cannon.blk	105mm_TYPE83_APDS	105 mm TYPE83 APDS	APFSDS	4.2	1455	0	0.105	0
gameData/Weapons/groundModels_weapons/105mm_l7a3_type74kai_user_cannon.blk	105mm_type93	105 mm Type93	APFSDS	3.4	1501	0	0.105	0
gameData/Weapons/groundModels_weapons/105mm_jsw_user_cannon.blk	105mm_type93	105 mm Type93	APFSDS	3.4	1501	0	0.105	0
gameData/Weapons/groundModels_weapons/115mm_u5ts_t-62m1_user_cannon.blk	115mm_3bm21	115 mm 3Bm21	APFSDS	4.55	1600	0	0.115	420
gameData/Weapons/groundModels_weapons/115mm_u5ts_t-62m1_user_cannon.blk	115mm_3bm28	115 mm 3Bm28	APFSDS	4.88	1600	0	0.115	0
gameData/Weapons/groundModels_weapons/115mm_u5ts_user_cannon.blk	115mm_3bm3	115 mm 3Bm3	APFSDS	4	1615	0	0.115	350
gameData/Weapons/groundModels_weapons/115mm_u5ts_user_cannon.blk	115mm_3bm4	115 mm 3Bm4	APFSDS	4	1615	0	0.115	0
gameData/Weapons/groundModels_weapons/120mm_122tm_user_cannon.blk	120mm_122tm_steel	120 mm 122Tm Steel	APFSDS	4.3	1580	0	0.12	0
gameData/Weapons/groundModels_weapons/120mm_122tm_user_cannon.blk	120mm_122tm_tungsten	120 mm 122Tm Tungsten	APFSDS	4.3	1580	0	0.12	350
gameData/Weapons/groundModels_weapons/120mm_rheinmetall_l44_vt_user_cannon.blk	120mm_dm13	120 mm Dm13	APFSDS	4.436	1650	0	0.12	393
gameData/Weapons/groundModels_weapons/120mm_kan_strv_121_user_cannon.blk	120mm_dm13	120 mm Dm13	APFSDS	4.436	1650	0	0.12	393
gameData/Weapons/groundModels_weapons/120mm_rheinmetall_l44_autoloader_user_cannon.blk	120mm_dm13	120 mm Dm13	APFSDS	4.436	1650	0	0.12	393
gameData/Weapons/groundModels_weapons/120mm_rheinmetall_l44_user_cannon.blk	120mm_dm13	120 mm Dm13	APFSDS	4.436	1650	0	0.12	393
gameData/Weapons/groundModels_weapons/120mm_rheinmetall_l44_user_cannon.blk	120mm_dm23	120 mm Dm23	APFSDS	4.3	1640	0	0.12	0
gameData/Weapons/groundModels_weapons/120mm_rheinmetall_l44_vt_user_cannon.blk	120mm_dm23	120 mm Dm23	APFSDS	4.3	1640	0	0.12	0
gameData/Weapons/groundModels_weapons/120mm_kan_strv_121_user_cannon.blk	120mm_dm23	120 mm Dm23	APFSDS	4.3	1640	0	0.12	0
gameData/Weapons/groundModels_weapons/120mm_ctg_l50_user_cannon.blk	120mm_dm23	120 mm Dm23	APFSDS	4.3	1680	0	0.12	0
gameData/Weapons/groundModels_weapons/120mm_oto_breda_120_44_user_cannon.blk	120mm_dm23	120 mm Dm23	APFSDS	4.3	1640	0	0.12	0
gameData/Weapons/groundModels_weapons/120mm_rheinmetall_l44_autoloader_user_cannon.blk	120mm_dm23	120 mm Dm23	APFSDS	4.3	1640	0	0.12	0
gameData/Weapons/groundModels_weapons/120mm_rheinmetall_l44_2pl_user_cannon.blk	120mm_dm33	120 mm Dm33	APFSDS	4.3	1640	0	0.12	0
gameData/Weapons/groundModels_weapons/120mm_kan_strv_122_user_cannon.blk	120mm_dm33	120 mm Dm33	APFSDS	4.3	1640	0	0.12	0
gameData/Weapons/groundModels_weapons/120mm_oto_breda_120_44_user_cannon.blk	120mm_dm33	120 mm Dm33	APFSDS	4.3	1640	0	0.12	0
gameData/Weapons/groundModels_weapons/120mm_oto_melara_120_45_mgs_user_cannon.blk	120mm_dm33	120 mm Dm33	APFSDS	4.3	1640	0	0.12	0
gameData/Weapons/groundModels_weapons/120mm_rheinmetall_l44_2a5_user_cannon.blk	120mm_dm33	120 mm Dm33	APFSDS	4.3	1640	0	0.12	0
gameData/Weapons/groundModels_weapons/120mm_oto_breda_120_44_ariete_amv_user_cannon.blk	120mm_dm33	120 mm Dm33	APFSDS	4.3	1640	0	0.12	0
gameData/Weapons/groundModels_weapons/120mm_rheinmetall_l44_can_user_cannon.blk	120mm_dm33	120 mm Dm33	APFSDS	4.3	1640	0	0.12	0
gameData/Weapons/groundModels_weapons/120mm_rheinmetall_l55_a1_cr_lep_user_cannon.blk	120mm_dm33	120 mm Dm33	APFSDS	4.3	1690	0	0.12	0
gameData/Weapons/groundModels_weapons/120mm_rheinmetall_l44_2ri_user_cannon.blk	120mm_dm43	120 mm Dm43	APFSDS	4	1660	0	0.12	0
gameData/Weapons/groundModels_weapons/120mm_rheinmetall_l55_a1_user_cannon.blk	120mm_dm43	120 mm Dm43	APFSDS	4	1750	0	0.12	0
gameData/Weapons/groundModels_weapons/120mm_rheinmetall_l55_user_cannon.blk	120mm_dm43	120 mm Dm43	APFSDS	4	1750	0	0.12	0
gameData/Weapons/groundModels_weapons/120mm_rheinmetall_l55_a1_cr_lep_user_cannon.blk	120mm_dm53	120 mm Dm53	APFSDS	5	1750	0	0.12	0
gameData/Weapons/groundModels_weapons/120mm_rheinmetall_l55_user_cannon.blk	120mm_dm53	120 mm Dm53	APFSDS	5	1750	0	0.12	0
gameData/Weapons/groundModels_weapons/120mm_rheinmetall_l55_a1_user_cannon.blk	120mm_dm53	120 mm Dm53	APFSDS	5	1750	0	0.12	0
gameData/Weapons/groundModels_weapons/120mm_oto_melara_120_45_mgs_user_cannon.blk	120mm_dm53	120 mm Dm53	APFSDS	5	1670	0	0.12	0
gameData/Weapons/groundModels_weapons/120mm_oto_breda_120_44_ariete_amv_user_cannon.blk	120mm_dm53	120 mm Dm53	APFSDS	5	1670	0	0.12	0
gameData/Weapons/groundModels_weapons/120mm_oto_breda_120_44_ariete_user_cannon.blk	120mm_dm53	120 mm Dm53	APFSDS	5	1670	0	0.12	0
gameData/Weapons/groundModels_weapons/120mm_kan_strv_122_user_cannon.blk	120mm_dm53	120 mm Dm53	APFSDS	5	1670	0	0.12	0
gameData/Weapons/groundModels_weapons/120mm_rheinmetall_l44_2ri_user_cannon.blk	120mm_dm53	120 mm Dm53	APFSDS	5	1670	0	0.12	0
gameData/Weapons/groundModels_weapons/120mm_oto_leonardo_120_45_user_cannon.blk	120mm_dm53	120 mm Dm53	APFSDS	5	1670	0	0.12	0
gameData/Weapons/groundModels_weapons/120mm_rheinmetall_l44_2a5_user_cannon.blk	120mm_dm53	120 mm Dm53	APFSDS	5	1670	0	0.12	0
gameData/Weapons/groundModels_weapons/120mm_rheinmetall_l44_2pl_user_cannon.blk	120mm_dm53	120 mm Dm53	APFSDS	5	1670	0	0.12	0
gameData/Weapons/groundModels_weapons/120mm_ptz89_user_cannon.blk	120mm_dyw_1	120 mm Dyw 1	APFSDS	4.45	1740	0	0.12	0
gameData/Weapons/groundModels_weapons/120mm_tkg_user_cannon.blk	120mm_jm33	120 mm Jm33	APFSDS	4.3	1640	0	0.12	0
gameData/Weapons/groundModels_weapons/120mm_type_90_l44_user_cannon.blk	120mm_jm33	120 mm Jm33	APFSDS	4.3	1640	0	0.12	0
gameData/Weapons/groundModels_weapons/120mm_rheinmetall_l44_can_user_cannon.blk	120mm_ke_w	120 mm Ke W	APFSDS	4	1585	0	0.12	0
gameData/Weapons/groundModels_weapons/120mm_m256_ke_w_user_cannon.blk	120mm_ke_w	120 mm Ke W	APFSDS	4	1585	0	0.12	0
gameData/Weapons/groundModels_weapons/120mm_m256_m1a2t_user_cannon.blk	120mm_ke_w	120 mm Ke W	APFSDS	4	1585	0	0.12	0
gameData/Weapons/groundModels_weapons/120mm_m256_m1a2t_user_cannon.blk	120mm_ke_w_a2	120 mm Ke W A2	APFSDS	4	1700	0	0.12	0
gameData/Weapons/groundModels_weapons/120mm_l11a5_user_cannon.blk	120mm_l23	120 mm L23	APFSDS	3.89	1535	0	0.12	410
gameData/Weapons/groundModels_weapons/120mm_obl_tk_l11_user_cannon.blk	120mm_l23	120 mm L23	APFSDS	3.89	1535	0	0.12	410
gameData/Weapons/groundModels_weapons/120mm_l11a5_mk3_user_cannon.blk	120mm_l23	120 mm L23	APFSDS	3.89	1535	0	0.12	410
gameData/Weapons/groundModels_weapons/120mm_l11a5_mk3_user_cannon.blk	120mm_l23a1	120 mm L23A1	APFSDS	3.89	1535	0	0.12	0
gameData/Weapons/groundModels_weapons/120mm_l11a5_mk3_vickers_user_cannon.blk	120mm_l23a1	120 mm L23A1	APFSDS	3.89	1535	0	0.12	0
gameData/Weapons/groundModels_weapons/120mm_l30a1_user_cannon.blk	120mm_l23a1	120 mm L23A1	APFSDS	3.89	1535	0	0.12	0
gameData/Weapons/groundModels_weapons/120mm_l11a5_user_cannon.blk	120mm_l23a1	120 mm L23A1	APFSDS	3.89	1535	0	0.12	0
gameData/Weapons/groundModels_weapons/120mm_l11a5_mk3_vickers_user_cannon.blk	120mm_l26	120 mm L26	APFSDS	4.3	1550	0	0.12	0
gameData/Weapons/groundModels_weapons/120mm_l30a1_2e_user_cannon.blk	120mm_l26	120 mm L26	APFSDS	4.3	1650	0	0.12	0
gameData/Weapons/groundModels_weapons/120mm_l30a1_user_cannon.blk	120mm_l26	120 mm L26	APFSDS	4.3	1650	0	0.12	0
gameData/Weapons/groundModels_weapons/120mm_l30a1_user_cannon.blk	120mm_l27a1	120 mm L27A1	APFSDS	4.3	1650	0	0.12	0
gameData/Weapons/groundModels_weapons/120mm_l30a1_2e_user_cannon.blk	120mm_l27a1	120 mm L27A1	APFSDS	4.3	1650	0	0.12	0
gameData/Weapons/groundModels_weapons/120mm_oto_melara_120_45_mgs_user_cannon.blk	120mm_m322	120 mm M322	APFSDS	5.6	1705	0	0.12	0
gameData/Weapons/groundModels_weapons/120mm_oto_leonardo_120_45_user_cannon.blk	120mm_m322	120 mm M322	APFSDS	5.6	1705	0	0.12	0
gameData/Weapons/groundModels_weapons/120mm_oto_breda_120_44_ariete_user_cannon.blk	120mm_m322	120 mm M322	APFSDS	5.6	1705	0	0.12	0
gameData/Weapons/groundModels_weapons/120mm_imi_mg251_user_cannon.blk	120mm_m322_idf	120 mm M322 Idf	APFSDS	5.6	1705	0	0.12	0
gameData/Weapons/groundModels_weapons/120mm_imi_mg253_user_cannon.blk	120mm_m322_idf	120 mm M322 Idf	APFSDS	5.6	1705	0	0.12	0
gameData/Weapons/groundModels_weapons/120mm_imi_mg251_lr_user_cannon.blk	120mm_m322_idf	120 mm M322 Idf	APFSDS	5.6	1705	0	0.12	0
gameData/Weapons/groundModels_weapons/120mm_imi_mg251_lr_user_cannon.blk	120mm_m338	120 mm M338	APFSDS	5.058	1680	0	0.12	0
gameData/Weapons/groundModels_weapons/120mm_imi_mg253_user_cannon.blk	120mm_m338	120 mm M338	APFSDS	5.058	1680	0	0.12	0
gameData/Weapons/groundModels_weapons/120mm_imi_mg251_user_cannon.blk	120mm_m338	120 mm M338	APFSDS	5.058	1680	0	0.12	0
gameData/Weapons/groundModels_weapons/120mm_m256_user_cannon.blk	120mm_m829	120 mm M829	APFSDS	4.268304	1670	0	0.12	0
gameData/Weapons/groundModels_weapons/120mm_m256_m1a2_user_cannon.blk	120mm_m829	120 mm M829	APFSDS	4.268304	1670	0	0.12	0
gameData/Weapons/groundModels_weapons/120mm_m256_user_cannon.blk	120mm_m829a1	120 mm M829A1	APFSDS	4.887458	1575	0	0.12	0
gameData/Weapons/groundModels_weapons/120mm_m256_m1a2_user_cannon.blk	120mm_m829a2	120 mm M829A2	APFSDS	4.921	1680	0	0.12	0
gameData/Weapons/groundModels_weapons/120mm_m256_m1a3_user_cannon.blk	120mm_m829a2	120 mm M829A2	APFSDS	4.921	1680	0	0.12	0
gameData/Weapons/groundModels_weapons/120mm_m256_m1a3_user_cannon.blk	120mm_m829a3	120 mm M829A3	APFSDS	6.5	1555	0	0.12	633.425
gameData/Weapons/groundModels_weapons/120mm_giat_cn120_26_f1_user_cannon.blk	120mm_ofl_120_f1	120 mm Ofl 120 F1	APFSDS	4	1790	0	0.12	0
gameData/Weapons/groundModels_weapons/120mm_giat_cn120_26_f1_user_cannon.blk	120mm_ofl_120_f2	120 mm Ofl 120 F2	APFSDS	4.4	1740	0	0.12	0
gameData/Weapons/groundModels_weapons/120mm_giat_cn120_25_g1_user_cannon.blk	120mm_ofl_120_g1	120 mm Ofl 120 G1	APFSDS	3.8	1650	0	0.12	0
gameData/Weapons/groundModels_weapons/120mm_giat_cn120_26_f1_msc_user_cannon.blk	120mm_ofl_120_g1	120 mm Ofl 120 G1	APFSDS	3.8	1780	0	0.12	0
gameData/Weapons/groundModels_weapons/120mm_ctg_l50_user_cannon.blk	120mm_slpprj_m95	120 mm Slpprj M95	APFSDS	5.6	1740	0	0.12	0
gameData/Weapons/groundModels_weapons/120mm_kan_strv_122_user_cannon.blk	120mm_slpprj_m95	120 mm Slpprj M95	APFSDS	5.6	1705	0	0.12	0
gameData/Weapons/groundModels_weapons/120mm_tkg_user_cannon.blk	120mm_type_10	120 mm Type 10	APFSDS	4.2	1780	0	0.12	0
gameData/Weapons/groundModels_weapons/125mm_type_88c_user_cannon.blk	125mm_125_1	125 mm 125 1	APFSDS	4.02	1730	0	0.125	0
gameData/Weapons/groundModels_weapons/125mm_l54_cn_user_cannon.blk	125mm_125_1	125 mm 125 1	APFSDS	4.02	1770	0	0.125	0
gameData/Weapons/groundModels_weapons/125mm_type_99a_user_cannon.blk	125mm_125_1	125 mm 125 1	APFSDS	4.02	1730	0	0.125	0
gameData/Weapons/groundModels_weapons/125mm_zpt_98_user_cannon.blk	125mm_125_1	125 mm 125 1	APFSDS	4.02	1730	0	0.125	0
gameData/Weapons/groundModels_weapons/125mm_2a26_user_cannon.blk	125mm_3bm15	125 mm 3Bm15	APFSDS	3.88	1780	0	0.125	440
gameData/Weapons/groundModels_weapons/125mm_2a46ms_user_cannon.blk	125mm_3bm15	125 mm 3Bm15	APFSDS	3.88	1780	0	0.125	440
gameData/Weapons/groundModels_weapons/125mm_2a46m_user_cannon.blk	125mm_3bm15	125 mm 3Bm15	APFSDS	3.88	1780	0	0.125	440
gameData/Weapons/groundModels_weapons/125mm_2a46m_user_cannon.blk	125mm_3bm22	125 mm 3Bm22	APFSDS	4.83	1760	0	0.125	425
gameData/Weapons/groundModels_weapons/125mm_2a46ms_user_cannon.blk	125mm_3bm22	125 mm 3Bm22	APFSDS	4.83	1760	0	0.125	425
gameData/Weapons/groundModels_weapons/125mm_2a46_2_user_cannon.blk	125mm_3bm22	125 mm 3Bm22	APFSDS	4.83	1760	0	0.125	425
gameData/Weapons/groundModels_weapons/125mm_2a46_m1_user_cannon.blk	125mm_3bm22	125 mm 3Bm22	APFSDS	4.83	1760	0	0.125	425
gameData/Weapons/groundModels_weapons/125mm_2a75_user_cannon.blk	125mm_3bm22	125 mm 3Bm22	APFSDS	4.83	1760	0	0.125	425
gameData/Weapons/groundModels_weapons/125mm_2a26_user_cannon.blk	125mm_3bm22	125 mm 3Bm22	APFSDS	4.83	1760	0	0.125	425
gameData/Weapons/groundModels_weapons/125mm_2a46_2_user_cannon.blk	125mm_3bm42	125 mm 3Bm42	APFSDS	4.85	1700	0	0.125	457
gameData/Weapons/groundModels_weapons/125mm_2a46_m1_t_80u_e1_user_cannon.blk	125mm_3bm42	125 mm 3Bm42	APFSDS	4.85	1700	0	0.125	457
gameData/Weapons/groundModels_weapons/125mm_2a46_m1_t_80uk_user_cannon.blk	125mm_3bm42	125 mm 3Bm42	APFSDS	4.85	1700	0	0.125	457
gameData/Weapons/groundModels_weapons/125mm_2a46_m1_t_80u_user_cannon.blk	125mm_3bm42	125 mm 3Bm42	APFSDS	4.85	1700	0	0.125	457
gameData/Weapons/groundModels_weapons/125mm_2a46m_user_cannon.blk	125mm_3bm42	125 mm 3Bm42	APFSDS	4.85	1700	0	0.125	457
gameData/Weapons/groundModels_weapons/125mm_2a75_m_user_cannon.blk	125mm_3bm42	125 mm 3Bm42	APFSDS	4.85	1700	0	0.125	457
gameData/Weapons/groundModels_weapons/125mm_2a75_user_cannon.blk	125mm_3bm42	125 mm 3Bm42	APFSDS	4.85	1700	0	0.125	457
gameData/Weapons/groundModels_weapons/125mm_2a46_m5_t_90s_bheeshma_user_cannon.blk	125mm_3bm42	125 mm 3Bm42	APFSDS	4.85	1700	0	0.125	457
gameData/Weapons/groundModels_weapons/125mm_2a46_m5_user_cannon.blk	125mm_3bm42	125 mm 3Bm42	APFSDS	4.85	1700	0	0.125	457
gameData/Weapons/groundModels_weapons/125mm_2a46_m5_t_90a_user_cannon.blk	125mm_3bm42	125 mm 3Bm42	APFSDS	4.85	1700	0	0.125	457
gameData/Weapons/groundModels_weapons/125mm_2a46_m1_t_80ud_user_cannon.blk	125mm_3bm42	125 mm 3Bm42	APFSDS	4.85	1700	0	0.125	457
gameData/Weapons/groundModels_weapons/125mm_kba_3_user_cannon.blk	125mm_3bm42	125 mm 3Bm42	APFSDS	4.85	1700	0	0.125	457
gameData/Weapons/groundModels_weapons/125mm_2a46_m1_user_cannon.blk	125mm_3bm42	125 mm 3Bm42	APFSDS	4.85	1700	0	0.125	457
gameData/Weapons/groundModels_weapons/125mm_2a46_m5_t_90m_user_cannon.blk	125mm_3bm42_2	125 mm 3Bm42 2	APFSDS	3.9	1750	0	0.125	0
gameData/Weapons/groundModels_weapons/125mm_2a46_m1_t_80bvm_user_cannon.blk	125mm_3bm42_2	125 mm 3Bm42 2	APFSDS	3.9	1750	0	0.125	0
gameData/Weapons/groundModels_weapons/125mm_2a46_m1_t_80u_e1_user_cannon.blk	125mm_3bm46	125 mm 3Bm46	APFSDS	4.85	1700	0	0.125	0
gameData/Weapons/groundModels_weapons/125mm_2a46_m1_t_80uk_user_cannon.blk	125mm_3bm46	125 mm 3Bm46	APFSDS	4.85	1700	0	0.125	0
gameData/Weapons/groundModels_weapons/125mm_2a46_m1_t_80u_user_cannon.blk	125mm_3bm46	125 mm 3Bm46	APFSDS	4.85	1700	0	0.125	0
gameData/Weapons/groundModels_weapons/125mm_2a46m_5_user_cannon.blk	125mm_3bm59	125 mm 3Bm59	APFSDS	4.85	1660	0	0.125	0
gameData/Weapons/groundModels_weapons/125mm_2a46m_5_user_cannon.blk	125mm_3bm60	125 mm 3Bm60	APFSDS	5.12	1660	0	0.125	0
gameData/Weapons/groundModels_weapons/125mm_2a46_m1_t_80bvm_user_cannon.blk	125mm_3bm60	125 mm 3Bm60	APFSDS	5.12	1660	0	0.125	0
gameData/Weapons/groundModels_weapons/125mm_2a46_m5_t_90m_user_cannon.blk	125mm_3bm60	125 mm 3Bm60	APFSDS	5.12	1660	0	0.125	0
gameData/Weapons/groundModels_weapons/125mm_2a46_m5_user_cannon.blk	125mm_3bm60	125 mm 3Bm60	APFSDS	5.12	1660	0	0.125	0
gameData/Weapons/groundModels_weapons/125mm_2a75_m_user_cannon.blk	125mm_3bm60	125 mm 3Bm60	APFSDS	5.12	1660	0	0.125	0
gameData/Weapons/groundModels_weapons/125mm_2a46_m5_t_90a_user_cannon.blk	125mm_3bm60	125 mm 3Bm60	APFSDS	5.12	1660	0	0.125	0
gameData/Weapons/groundModels_weapons/125mm_2a46_m5_t_90s_bheeshma_user_cannon.blk	125mm_3bm60	125 mm 3Bm60	APFSDS	5.12	1660	0	0.125	0
gameData/Weapons/groundModels_weapons/125mm_2a26_user_cannon.blk	125mm_3bm9	125 mm 3Bm9	APFSDS	3.6	1800	0	0.125	0
gameData/Weapons/groundModels_weapons/125mm_2a46ms_user_cannon.blk	125mm_3bm9	125 mm 3Bm9	APFSDS	3.6	1800	0	0.125	0
gameData/Weapons/groundModels_weapons/125mm_2a46m_user_cannon.blk	125mm_3bm9	125 mm 3Bm9	APFSDS	3.6	1800	0	0.125	0
gameData/Weapons/groundModels_weapons/125mm_kba_3_user_cannon.blk	125mm_bta4	125 mm Bta4	APFSDS	4.83	1740	0	0.125	0
gameData/Weapons/groundModels_weapons/125mm_zpt_98_vt4b_user_cannon.blk	125mm_dtc10_125	125 mm Dtc10 125	APFSDS	4.85	1770	0	0.125	0
gameData/Weapons/groundModels_weapons/125mm_zpt_98_user_cannon.blk	125mm_dtc10_125	125 mm Dtc10 125	APFSDS	4.85	1770	0	0.125	0
gameData/Weapons/groundModels_weapons/125mm_l54_cn_user_cannon.blk	125mm_dtc10_125	125 mm Dtc10 125	APFSDS	4.85	1810	0	0.125	0
gameData/Weapons/groundModels_weapons/125mm_type_99a_user_cannon.blk	125mm_dtc10_125	125 mm Dtc10 125	APFSDS	4.85	1770	0	0.125	0
gameData/Weapons/groundModels_weapons/125mm_zpt_98_vt4b_user_cannon.blk	125mm_dtw_125	125 mm Dtw 125	APFSDS	4.83	1740	0	0.125	0
gameData/Weapons/groundModels_weapons/125mm_2a46ms_user_cannon.blk	125mm_tapna	125 mm Tapna	APFSDS	3.7	1690	0	0.125	0
gameData/Weapons/groundModels_weapons/140mm_utc_l55_user_cannon.blk	140mm_KE	140 mm KE	APFSDS	24	2100	0	0.14	1050
gameData/Weapons/groundModels_weapons/152mm_lp83_user_cannon.blk	152mm_lp_83_apfsds	152 mm Lp 83 Apfsds	APFSDS	7	1980	0	0.152	0
gameData/Weapons/groundModels_weapons/152mm_m69_user_cannon.blk	152mm_m69_apds_fs	152 mm M69 APFSDS	APFSDS	8	1750	0	0.152	405
gameData/Weapons/groundModels_weapons/152mm_xm150e5_user_cannon.blk	152mm_xm578e1	152 mm Xm578e1	APFSDS	3.787496	1508.76	0	0.152	285.4
gameData/Weapons/groundModels_weapons/152mm_xm150e5_kpz_user_cannon.blk	152mm_xm578e1	152 mm Xm578e1	APFSDS	3.787496	1508.76	0	0.152	285.4
gameData/Weapons/groundModels_weapons/152mm_xm150e6_user_cannon.blk	152mm_xm578e1	152 mm Xm578e1	APFSDS	3.787496	1508.76	0	0.152	285.4
gameData/Weapons/groundModels_weapons/25mm_m242_user_cannon.blk	25mm_m919	25 mm M919	APFSDS	0.098	1385	0	0.025	0
gameData/Weapons/groundModels_weapons/25mm_m242_hr_user_cannon.blk	25mm_m919	25 mm M919	APFSDS	0.098	1385	0	0.025	0
gameData/Weapons/groundModels_weapons/25mm_cn25_m811_user_cannon.blk	25mm_pmb_09	25 mm Pmb 09	APFSDS	0.098	1385	0	0.025	0
gameData/Weapons/groundModels_weapons/25mm_oerlikon_kba_freccia_user_cannon.blk	25mm_pmb_09	25 mm Pmb 09	APFSDS	0.098	1385	0	0.025	0
gameData/Weapons/groundModels_weapons/25mm_m242_desert_warrior_user_cannon.blk	25mm_pmb_09	25 mm Pmb 09	APFSDS	0.098	1385	0	0.025	0
gameData/Weapons/groundModels_weapons/25mm_oerlikon_kba_dardo_user_cannon.blk	25mm_pmb_09	25 mm Pmb 09	APFSDS	0.098	1385	0	0.025	0
gameData/Weapons/groundModels_weapons/27mm_coaw_user_cannon.blk	27mm_ke	27 mm Ke	APFSDS	0.098	1385	0	0.025	101
gameData/Weapons/groundModels_weapons/30mm_2a72_btr_user_cannon.blk	30mm_3ubr_11	30 mm 3Ubr 11	APFSDS	0.165	1260	0	0.03	0
gameData/Weapons/groundModels_weapons/30mm_2a72_bmd_user_cannon.blk	30mm_3ubr_11	30 mm 3Ubr 11	APFSDS	0.165	1260	0	0.03	0
gameData/Weapons/groundModels_weapons/30mm_2a72_user_cannon.blk	30mm_3ubr_11	30 mm 3Ubr 11	APFSDS	0.165	1260	0	0.03	0
gameData/Weapons/groundModels_weapons/30mm_2a42_user_cannon.blk	30mm_3ubr_11	30 mm 3Ubr 11	APFSDS	0.165	1260	0	0.03	0
gameData/Weapons/groundModels_weapons/30mm_2a42_md_user_cannon.blk	30mm_3ubr_11	30 mm 3Ubr 11	APFSDS	0.165	1260	0	0.03	0
gameData/Weapons/groundModels_weapons/30mm_2a42_bmpt_user_cannon_2.blk	30mm_3ubr_11	30 mm 3Ubr 11	APFSDS	0.165	1260	0	0.03	0
gameData/Weapons/groundModels_weapons/30mm_ztm1_btr_user_cannon.blk	30mm_3ubr_11	30 mm 3Ubr 11	APFSDS	0.165	1260	0	0.03	0
gameData/Weapons/groundModels_weapons/30mm_2a42_bmpt_user_cannon.blk	30mm_3ubr_11	30 mm 3Ubr 11	APFSDS	0.165	1260	0	0.03	0
gameData/Weapons/groundModels_weapons/30mm_zpt_99_user_cannon.blk	30mm_dtc10_30	30 mm Dtc10 30	APFSDS	0.1298	1310	0	0.03	0
gameData/Weapons/groundModels_weapons/30mm_zpz02_user_cannon.blk	30mm_dtc10_30	30 mm Dtc10 30	APFSDS	0.1298	1310	0	0.03	0
gameData/Weapons/groundModels_weapons/30mm_l21a1_rarden_user_cannon.blk	30mm_l21a1	30 mm L21A1	APFSDS	0.16	1325	0	0.03	0
gameData/Weapons/groundModels_weapons/30mm_bushmaster_2_mk_44_9030_user_cannon.blk	30mm_mk258	30 mm Mk258	APFSDS	0.17	1430	0	0.03	0
gameData/Weapons/groundModels_weapons/30mm_bushmaster_2_mk_44_namer_user_cannon.blk	30mm_mk258	30 mm Mk258	APFSDS	0.17	1430	0	0.03	0
gameData/Weapons/groundModels_weapons/30mm_bushmaster_2_mk_44_mct30_user_cannon.blk	30mm_mk258	30 mm Mk258	APFSDS	0.17	1430	0	0.03	0
gameData/Weapons/groundModels_weapons/30mm_bushmaster_2_mk_44_user_cannon.blk	30mm_mk258	30 mm Mk258	APFSDS	0.17	1430	0	0.03	0
gameData/Weapons/groundModels_weapons/30mm_denel_gi30_user_cannon.blk	30mm_mk258	30 mm Mk258	APFSDS	0.17	1430	0	0.03	0
gameData/Weapons/groundModels_weapons/30mm_bushmaster_2_mk_44_vilkas_user_cannon.blk	30mm_mk258	30 mm Mk258	APFSDS	0.17	1430	0	0.03	0
gameData/Weapons/groundModels_weapons/30mm_bushmaster_2_mk_44_freccia_ows_user_cannon.blk	30mm_mk258	30 mm Mk258	APFSDS	0.17	1430	0	0.03	0
gameData/Weapons/groundModels_weapons/30mm_bushmaster_2_mk_44_efv_p1_user_cannon.blk	30mm_mk258	30 mm Mk258	APFSDS	0.17	1430	0	0.03	0
gameData/Weapons/groundModels_weapons/30mm_xm_813_user_cannon.blk	30mm_mk258	30 mm Mk258	APFSDS	0.17	1430	0	0.03	0
gameData/Weapons/groundModels_weapons/30mm_rheinmetall_mk_30_2_abm_kf41_user_cannon.blk	30mm_pmc287	30 mm Pmc287	APFSDS	0.165	1405	0	0.03	0
gameData/Weapons/groundModels_weapons/30mm_rheinmetall_mk_30_2_abm_user_cannon.blk	30mm_pmc287	30 mm Pmc287	APFSDS	0.165	1405	0	0.03	0
gameData/Weapons/groundModels_weapons/35mm_bushmaster_3_user_cannon.blk	35mm_pmc343	35 mm Pmc343	APFSDS	0.25	1400	0	0.035	0
gameData/Weapons/groundModels_weapons/40mm_ctc_user_cannon.blk	40mm_gpr_ke_t_apfsds	40 mm Gpr Ke T Apfsds	APFSDS	0.34	1510	0	0.04	0
gameData/Weapons/groundModels_weapons/40mm_kan_strf_user_cannon.blk	40mm_slpprj_m01	40 mm Slpprj M01	APFSDS	0.53	1495	0	0.04	0
gameData/Weapons/groundModels_weapons/40mm_kan_strf_user_cannon.blk	40mm_slpprj_m90	40 mm Slpprj M90	APFSDS	0.5	1465	0	0.04	0
gameData/Weapons/groundModels_weapons/57mm_au_220m_user_cannon.blk	57mm_3ubr_22	57 mm 3Ubr 22	APFSDS	0.95	1500	0	0.057	0
gameData/Weapons/groundModels_weapons/60mm_aa_user_cannon.blk	60mm_ke	60 mm Ke	APFSDS	2.2	2000	0	0.06	400
gameData/Weapons/groundModels_weapons/60mm_oto_hvg_user_cannon.blk	60mm_m300	60 mm M300	APFSDS	0.87	1620	0	0.06	0
gameData/Weapons/groundModels_weapons/60mm_oto_hvg_hitfist_user_cannon.blk	60mm_m300	60 mm M300	APFSDS	0.87	1620	0	0.06	0
gameData/Weapons/groundModels_weapons/60mm_hvms_user_cannon.blk	60mm_m300	60 mm M300	APFSDS	0.87	1620	0	0.06	0
gameData/Weapons/groundModels_weapons/75mm_xm274_ares_user_cannon.blk	75mm_xm885	75 mm XM885	APFSDS	2.27	1463	0	0.075	0
gameData/Weapons/groundModels_weapons/76mm_m32k1_user_cannon.blk	76mm_m464	76 mm M464	APFSDS	1.63	1433	0	0.076	0
gameData/Weapons/groundModels_weapons/76mm_oto_breda_76_62_user_cannon.blk	76mm_oto_apfsds	76 mm Oto Apfsds	APFSDS	2.175	1580	0	0.076	0
gameData/Weapons/groundModels_weapons/76mm_gt_4_user_cannon.blk	76mm_oto_apfsds	76 mm Oto Apfsds	APFSDS	2.175	1615	0	0.076	0
gameData/Weapons/groundModels_weapons/85mm_type_63_user_cannon.blk	85mm_djw_85	85 mm Djw 85	APFSDS	2.1	1290	0	0.085	0
gameData/Weapons/groundModels_weapons/90mm_cockerill_mk_3_user_cannon.blk	90mm_m652a1	90 mm M652A1	APFSDS	3.7	1200	0	0.09	360
gameData/Weapons/groundModels_weapons/90mm_cn_90_f4_user_cannon.blk	90mm_ofl_f1	90 mm Ofl F1	APFSDS	3.8	1275	0	0.09	0
gameData/Weapons/groundModels_weapons/90mm_t208e9_user_cannon.blk	90mm_t320	90 mm T320	APFSDS	3.6	1570	0	0.09	0
gameData/Weapons/groundModels_weapons/uw_railgun_mk_02_red.blk	apfsds_sabot	Apfsds Sabot	APFSDS	1	500	0.5	0.05	900
gameData/Weapons/groundModels_weapons/railgun_mk_01_04.blk	apfsds_sabot	Apfsds Sabot	APFSDS	1	3000	0	0.05	500
gameData/Weapons/groundModels_weapons/railgun_mk_01_04_red.blk	apfsds_sabot	Apfsds Sabot	APFSDS	1	3000	0	0.05	500
gameData/Weapons/groundModels_weapons/uw_railgun_mk_02.blk	apfsds_sabot	Apfsds Sabot	APFSDS	1	500	0.5	0.05	900
gameData/Weapons/groundModels_weapons/100mm_lb1_user_cannon.blk	100mm_br_412	100 mm Br 412	APHE	15.88	895	0.065	0.1	0
gameData/Weapons/groundModels_weapons/100mm_type59_user_cannon.blk	100mm_br_412	100 mm Br 412	APHE	15.88	895	0.065	0.1	0
gameData/Weapons/groundModels_weapons/100mm_d10s_user_cannon.blk	100mm_br_412	100 mm Br 412	APHE	15.88	895	0.065	0.1	0
gameData/Weapons/groundModels_weapons/100mm_d50_user_cannon.blk	100mm_br_412	100 mm Br 412	APHE	15.88	895	0.065	0.1	0
gameData/Weapons/groundModels_weapons/100mm_d10t_user_cannon.blk	100mm_br_412	100 mm Br 412	APHE	15.88	895	0.065	0.1	0
gameData/Weapons/groundModels_weapons/100mm_d50_user_cannon.blk	100mm_br_412b	100 mm Br 412B	APHE	15.88	895	0.065	0.1	0
gameData/Weapons/groundModels_weapons/100mm_d10t_user_cannon.blk	100mm_br_412b	100 mm Br 412B	APHE	15.88	895	0.065	0.1	0
gameData/Weapons/groundModels_weapons/100mm_c34_user_cannon.blk	100mm_br_412b	100 mm Br 412B	APHE	15.88	895	0.065	0.1	0
gameData/Weapons/groundModels_weapons/100mm_lb1_user_cannon.blk	100mm_br_412b	100 mm Br 412B	APHE	15.88	895	0.065	0.1	0
gameData/Weapons/groundModels_weapons/100mm_d10s_user_cannon.blk	100mm_br_412b	100 mm Br 412B	APHE	15.88	895	0.065	0.1	0
gameData/Weapons/groundModels_weapons/100mm_type59_user_cannon.blk	100mm_br_412b	100 mm Br 412B	APHE	15.88	895	0.065	0.1	0
gameData/Weapons/groundModels_weapons/105mm_k18_user_cannon.blk	105mm_pzrg	105 mm Pzrg	APHE	14	822	0.238	0.105	0
gameData/Weapons/groundModels_weapons/105mm_stuh42_user_cannon.blk	105mm_pzrg	105 mm Pzrg	APHE	14	480	0.238	0.105	0
gameData/Weapons/groundModels_weapons/105mm_type5_user_cannon.blk	105mm_type2_aphe	105 mm Type2 Aphe	APHE	16	1000	0.2	0.105	0
gameData/Weapons/groundModels_weapons/105mm_exp_hv_user_cannon.blk	105mm_type2_aphe	105 mm Type2 Aphe	APHE	16	915.7	0.2	0.105	0
gameData/Weapons/groundModels_weapons/107mm_zis6_user_cannon.blk	107mm_b420	107 mm B420	APHE	16.6	800	0.44	0.107	0
gameData/Weapons/groundModels_weapons/122mm_d25t_user_cannon.blk	122mm_br_471	122 mm Br 471	APHE	25	795	0.16	0.122	0
gameData/Weapons/groundModels_weapons/122mm_d30t_user_cannon.blk	122mm_br_471	122 mm Br 471	APHE	25	795	0.16	0.122	0
gameData/Weapons/groundModels_weapons/122mm_d25ts_user_cannon.blk	122mm_br_471	122 mm Br 471	APHE	25	795	0.16	0.122	0
gameData/Weapons/groundModels_weapons/122mm_d25s_user_cannon.blk	122mm_br_471	122 mm Br 471	APHE	25	795	0.16	0.122	0
gameData/Weapons/groundModels_weapons/122mm_a19_user_cannon.blk	122mm_br_471	122 mm Br 471	APHE	25	795	0.16	0.122	0
gameData/Weapons/groundModels_weapons/122mm_d49_user_cannon.blk	122mm_br_471	122 mm Br 471	APHE	25	795	0.16	0.122	0
gameData/Weapons/groundModels_weapons/122mm_d25_44t_user_cannon.blk	122mm_br_471	122 mm Br 471	APHE	25	795	0.16	0.122	0
gameData/Weapons/groundModels_weapons/122mm_d25t_user_cannon.blk	122mm_br_471b	122 mm Br 471B	APHE	25	795	0.16	0.122	0
gameData/Weapons/groundModels_weapons/122mm_d49_user_cannon.blk	122mm_br_471b	122 mm Br 471B	APHE	25	795	0.16	0.122	0
gameData/Weapons/groundModels_weapons/122mm_d25ts_user_cannon.blk	122mm_br_471b	122 mm Br 471B	APHE	25	795	0.16	0.122	0
gameData/Weapons/groundModels_weapons/122mm_d25_44t_user_cannon.blk	122mm_br_471b	122 mm Br 471B	APHE	25	795	0.16	0.122	0
gameData/Weapons/groundModels_weapons/122mm_d25s_user_cannon.blk	122mm_br_471b	122 mm Br 471B	APHE	25	795	0.16	0.122	0
gameData/Weapons/groundModels_weapons/122mm_a19_user_cannon.blk	122mm_br_471b	122 mm Br 471B	APHE	25	795	0.16	0.122	0
gameData/Weapons/groundModels_weapons/122mm_d30t_user_cannon.blk	122mm_br_471b	122 mm Br 471B	APHE	25	795	0.16	0.122	0
gameData/Weapons/groundModels_weapons/150mm_type_38_user_cannon.blk	150mm_type_95	150 mm Type 95	APHE	35.88	290	2.51	0.15	0
gameData/Weapons/groundModels_weapons/152mm_ml20s_user_cannon.blk	152mm_br_540	152 mm Br 540	APHE	48.78	600	0.48	0.152	0
gameData/Weapons/groundModels_weapons/152mm_2a65_m2_user_cannon.blk	152mm_br_540b	152 mm Br 540B	APHE	48.96	610	0.48	0.152	0
gameData/Weapons/groundModels_weapons/152mm_2a64_user_cannon.blk	152mm_br_540b	152 mm Br 540B	APHE	48.96	610	0.48	0.152	0
gameData/Weapons/groundModels_weapons/152mm_2a33_user_cannon.blk	152mm_br_540b	152 mm Br 540B	APHE	48.96	600	0.48	0.152	0
gameData/Weapons/groundModels_weapons/152mm_ml20s_user_cannon.blk	152mm_br_540b	152 mm Br 540B	APHE	48.96	600	0.48	0.152	0
gameData/Weapons/groundModels_weapons/152mm_m64_user_cannon.blk	152mm_br_540b	152 mm Br 540B	APHE	48.96	760	0.48	0.152	0
gameData/Weapons/groundModels_weapons/152mm_pl_66_gai_user_cannon.blk	152mm_br_540b	152 mm Br 540B	APHE	48.96	600	0.48	0.152	0
gameData/Weapons/groundModels_weapons/20mm_solothurn_qf_36m_user_cannon.blk	20mm_36M_pancelgranat	20 mm 36M Pancelgranat	APHE	0.148	762	0.0014	0.02	0
gameData/Weapons/groundModels_weapons/20mm_fucile_controcarri_s_user_cannon.blk	20mm_perforante_m35	20 mm Perforante M35	APHE	0.14	832	0.001	0.02	0
gameData/Weapons/groundModels_weapons/203mm_artillery_event_cannon.blk	203mm_artillery_event	203 mm Artillery Event	APHE	48.78	600	0.48	0.203	0
gameData/Weapons/groundModels_weapons/37mm_type_94_user_cannon.blk	37mm_aphe	37 mm Aphe	APHE	0.7	575	0.01	0.037	0
gameData/Weapons/groundModels_weapons/37mm_type1_user_cannon.blk	37mm_aphe	37 mm Aphe	APHE	0.7	700	0.01	0.037	0
gameData/Weapons/groundModels_weapons/37mm_sa_18_user_cannon.blk	37mm_mle1892	37 mm Mle1892	APHE	0.5	388	0.015	0.037	0
gameData/Weapons/groundModels_weapons/37mm_vickers_terni_37_40_m18_user_cannon.blk	37mm_perforante	37 mm Perforante	APHE	0.698	640	0.023	0.037	0
gameData/Weapons/groundModels_weapons/37mm_psv_k36_user_cannon.blk	37mm_pstkr	37 mm Pstkr	APHE	0.74	800	0.015	0.037	0
gameData/Weapons/groundModels_weapons/37mm_kwk36_race_user_cannon.blk	37mm_pzgr	37 mm Pzgr	APHE	0.685	745	0.013	0.037	0
gameData/Weapons/groundModels_weapons/37mm_kwk36_for_nbfz_user_cannon.blk	37mm_pzgr	37 mm Pzgr	APHE	0.685	745	0.013	0.037	0
gameData/Weapons/groundModels_weapons/37mm_kwk36_user_cannon.blk	37mm_pzgr	37 mm Pzgr	APHE	0.685	745	0.013	0.037	0
gameData/Weapons/groundModels_weapons/37mm_pak_user_cannon.blk	37mm_pzgr	37 mm Pzgr	APHE	0.685	745	0.013	0.037	0
gameData/Weapons/groundModels_weapons/37mm_gerat_341_user_cannon.blk	37mm_pzgr_341	37 mm Pzgr 341	APHE	0.82	1000	0.022	0.037	0
gameData/Weapons/groundModels_weapons/37mm_flak43_user_cannon.blk	37mm_pzgr_belt	37 mm Pzgr Belt	APHE	0.7	790	0.013	0.037	0
gameData/Weapons/groundModels_weapons/37mm_flak36_user_cannon.blk	37mm_pzgr_belt	37 mm Pzgr Belt	APHE	0.7	790	0.013	0.037	0
gameData/Weapons/groundModels_weapons/37mm_flak44_user_cannon.blk	37mm_pzgr_belt	37 mm Pzgr Belt	APHE	0.7	790	0.013	0.037	0
gameData/Weapons/groundModels_weapons/37mm_kan_m38_user_cannon.blk	37mm_slpgr_m39	37 mm Slpgr M39	APHE	0.74	800	0.015	0.037	0
gameData/Weapons/groundModels_weapons/37mm_type1_user_cannon.blk	37mm_type1_ap	37 mm Type1 Ap	APHE	0.72	800	0.008	0.037	0
gameData/Weapons/groundModels_weapons/37mm_type1_chi_ri_user_cannon.blk	37mm_type1_ap	37 mm Type1 Ap	APHE	0.72	800	0.008	0.037	0
gameData/Weapons/groundModels_weapons/37mm_type100_user_cannon.blk	37mm_type1_ap	37 mm Type1 Ap	APHE	0.72	700	0.008	0.037	0
gameData/Weapons/groundModels_weapons/40mm_37_42m_user_cannon.blk	40mm_36m	40 mm 36M	APHE	0.965	800	0.017	0.04	0
gameData/Weapons/groundModels_weapons/40mm_41m_user_cannon.blk	40mm_36m	40 mm 36M	APHE	0.965	812	0.017	0.04	0
gameData/Weapons/groundModels_weapons/40mm_qf_2pdr_churchill_user_cannon.blk	40mm_shell_mk1_apt	40 mm Shell Mk1 Apt	APHE	1.077	792	0.019	0.04	0
gameData/Weapons/groundModels_weapons/40mm_qf_2pdr_user_cannon.blk	40mm_shell_mk1_apt	40 mm Shell Mk1 Apt	APHE	1.077	792	0.019	0.04	0
gameData/Weapons/groundModels_weapons/45mm_20k_user_cannon_for_t_35.blk	45mm_br_243	45 mm Br 243	APHE	1.43	760	0.019	0.045	0
gameData/Weapons/groundModels_weapons/45mm_20k_for_tutorial_user_cannon.blk	45mm_br_243	45 mm Br 243	APHE	1.43	760	0.019	0.045	0
gameData/Weapons/groundModels_weapons/45mm_20k_user_cannon.blk	45mm_br_243	45 mm Br 243	APHE	1.43	760	0.019	0.045	0
gameData/Weapons/groundModels_weapons/45mm_20k_race_user_cannon.blk	45mm_br_243	45 mm Br 243	APHE	1.43	760	0.019	0.045	0
gameData/Weapons/groundModels_weapons/45mm_kwk_user_cannon_for_pzkmpflfr.blk	45mm_pzgr	45 mm Pzgr	APHE	1.43	760	0.019	0.045	0
gameData/Weapons/groundModels_weapons/47mm_oqf_3pdr_user_cannon.blk	47mm_aphe	47 mm Aphe	APHE	1.65	563	0.015	0.047	0
gameData/Weapons/groundModels_weapons/47mm_ansaldo_47_32_m39_user_cannon.blk	47mm_m35_ap	47 mm M35 Ap	APHE	1.5	630	0.03	0.047	0
gameData/Weapons/groundModels_weapons/47mm_ansaldo_47_32_m35_user_cannon.blk	47mm_m35_ap	47 mm M35 Ap	APHE	1.5	630	0.03	0.047	0
gameData/Weapons/groundModels_weapons/47mm_ansaldo_47_40_m38_user_cannon.blk	47mm_m39_apc	47 mm M39 Apc	APHE	1.44	755	0.03	0.047	0
gameData/Weapons/groundModels_weapons/47mm_ansaldo_47_32_m39_user_cannon.blk	47mm_m39_apc	47 mm M39 Apc	APHE	1.44	630	0.03	0.047	0
gameData/Weapons/groundModels_weapons/47mm_ansaldo_47_32_m35_user_cannon.blk	47mm_m39_apc	47 mm M39 Apc	APHE	1.44	630	0.03	0.047	0
gameData/Weapons/groundModels_weapons/47mm_sa_34_user_cannon.blk	47mm_mle1892g	47 mm Mle1892g	APHE	1.48	450	0.05	0.047	0
gameData/Weapons/groundModels_weapons/47mm_type1_user_cannon.blk	47mm_type1_ap	47 mm Type1 Ap	APHE	1.49	808	0.014	0.047	0
gameData/Weapons/groundModels_weapons/57mm_zis4_user_cannon.blk	57mm_br_271	57 mm Br 271	APHE	3.14	990	0.014	0.057	0
gameData/Weapons/groundModels_weapons/57mm_zis4_open_turret_user_cannon.blk	57mm_br_271	57 mm Br 271	APHE	3.14	990	0.014	0.057	0
gameData/Weapons/groundModels_weapons/57mm_zis2_user_cannon.blk	57mm_br_271	57 mm Br 271	APHE	3.14	990	0.014	0.057	0
gameData/Weapons/groundModels_weapons/57mm_zis4m_user_cannon.blk	57mm_br_271	57 mm Br 271	APHE	3.14	990	0.014	0.057	0
gameData/Weapons/groundModels_weapons/57mm_zis4_user_cannon.blk	57mm_br_271k	57 mm Br 271K	APHE	3.14	990	0.018	0.057	0
gameData/Weapons/groundModels_weapons/57mm_zis4m_user_cannon.blk	57mm_br_271k	57 mm Br 271K	APHE	3.14	990	0.018	0.057	0
gameData/Weapons/groundModels_weapons/57mm_zis2_user_cannon.blk	57mm_br_271k	57 mm Br 271K	APHE	3.14	990	0.018	0.057	0
gameData/Weapons/groundModels_weapons/57mm_zis4_open_turret_user_cannon.blk	57mm_br_271k	57 mm Br 271K	APHE	3.14	990	0.018	0.057	0
gameData/Weapons/groundModels_weapons/57mm_maxim_nordenfelt_user_cannon.blk	57mm_gr_p	57 mm Gr P	APHE	3.1	487	0.12	0.057	0
gameData/Weapons/groundModels_weapons/57mm_qf_6pdr_user_cannon.blk	57mm_qf_ap	57 mm Qf Ap	APHE	2.72	411	0.015	0.057	0
gameData/Weapons/groundModels_weapons/57mm_pv_kan_m43_user_cannon.blk	57mm_slpgr_m43	57 mm Slpgr M43	APHE	2.51	850	0.06	0.057	0
gameData/Weapons/groundModels_weapons/57mm_type90_user_cannon.blk	57mm_type90_ap	57 mm Type90 Ap	APHE	2.58	349	0.103	0.057	0
gameData/Weapons/groundModels_weapons/57mm_type97_user_cannon.blk	57mm_type90_ap	57 mm Type90 Ap	APHE	2.58	349	0.103	0.057	0
gameData/Weapons/groundModels_weapons/70mm_type94_user_cannon.blk	70mm_type95_ap	70 mm Type95 Ap	APHE	4.45	300	0.17	0.07	0
gameData/Weapons/groundModels_weapons/75mm_41m_user_cannon.blk	75mm_42_36m	75 mm 42 36M	APHE	5.7	535	0.08	0.075	0
gameData/Weapons/groundModels_weapons/75mm_apx_user_cannon.blk	75mm_mle1910m	75 mm Mle1910m	APHE	6.4	555	0.09	0.075	0
gameData/Weapons/groundModels_weapons/75mm_1897_user_cannon.blk	75mm_mle1910m	75 mm Mle1910m	APHE	6.4	570	0.09	0.075	0
gameData/Weapons/groundModels_weapons/75mm_sa_35_user_cannon.blk	75mm_mle1910m	75 mm Mle1910m	APHE	6.4	470	0.09	0.075	0
gameData/Weapons/groundModels_weapons/75mm_apx_1897_user_cannon.blk	75mm_mle1916	75 mm Mle1916	APHE	7.44	558	0.35	0.075	0
gameData/Weapons/groundModels_weapons/75mm_kan_m41_user_cannon.blk	75mm_slpgr_m39	75 mm Slpgr M39	APHE	6.5	580	0.26	0.075	0
gameData/Weapons/groundModels_weapons/75mm_kan_m41_open_turret_user_cannon.blk	75mm_slpgr_m39	75 mm Slpgr M39	APHE	6.5	580	0.26	0.075	0
gameData/Weapons/groundModels_weapons/75mm_kan_m02_user_cannon.blk	75mm_slpgr_m39	75 mm Slpgr M39	APHE	6.5	496	0.26	0.075	0
gameData/Weapons/groundModels_weapons/75mm_type_ii_model_i_user_cannon.blk	75mm_type1_ap	75 mm Type1 Ap	APHE	6.605	865	0.065	0.075	0
gameData/Weapons/groundModels_weapons/75mm_lightweight_type1_model_ii_user_cannon.blk	75mm_type1_ap	75 mm Type1 Ap	APHE	6.605	850	0.065	0.075	0
gameData/Weapons/groundModels_weapons/75mm_type3_user_cannon.blk	75mm_type1_ap	75 mm Type1 Ap	APHE	6.605	668	0.065	0.075	0
gameData/Weapons/groundModels_weapons/75mm_type4_user_cannon.blk	75mm_type1_ap	75 mm Type1 Ap	APHE	6.605	830	0.065	0.075	0
gameData/Weapons/groundModels_weapons/75mm_type90_user_cannon.blk	75mm_type1_ap	75 mm Type1 Ap	APHE	6.605	668	0.065	0.075	0
gameData/Weapons/groundModels_weapons/75mm_type5_user_cannon.blk	75mm_type1_ap	75 mm Type1 Ap	APHE	6.605	830	0.065	0.075	0
gameData/Weapons/groundModels_weapons/75mm_type_ii_model_ii_user_cannon.blk	75mm_type1_ap	75 mm Type1 Ap	APHE	6.605	865	0.065	0.075	0
gameData/Weapons/groundModels_weapons/75mm_type_ii_model_ii_user_cannon.blk	75mm_type4_ap_kou	75 mm Type4 Ap Kou	APHE	6.75	865	0.063	0.075	0
gameData/Weapons/groundModels_weapons/75mm_type_ii_model_i_user_cannon.blk	75mm_type4_ap_kou	75 mm Type4 Ap Kou	APHE	6.75	865	0.063	0.075	0
gameData/Weapons/groundModels_weapons/75mm_type99_user_cannon.blk	75mm_type95	75 mm Type95	APHE	6.21	450	0.46	0.075	0
gameData/Weapons/groundModels_weapons/76mm_l11_user_cannon.blk	76mm_br_350a	76 mm Br 350A	APHE	6.3	612	0.15	0.0762	0
gameData/Weapons/groundModels_weapons/76mm_kt28_user_cannon.blk	76mm_br_350a	76 mm Br 350A	APHE	6.3	370	0.155	0.0762	0
gameData/Weapons/groundModels_weapons/76mm_l10_user_cannon.blk	76mm_br_350a	76 mm Br 350A	APHE	6.3	555	0.15	0.0762	0
gameData/Weapons/groundModels_weapons/76mm_f34_user_cannon.blk	76mm_br_350a	76 mm Br 350A	APHE	6.3	662	0.15	0.0762	0
gameData/Weapons/groundModels_weapons/76mm_f96_user_cannon.blk	76mm_br_350a	76 mm Br 350A	APHE	6.3	662	0.15	0.0762	0
gameData/Weapons/groundModels_weapons/76mm_kt28_for_t26_user_cannon.blk	76mm_br_350a	76 mm Br 350A	APHE	6.3	370	0.155	0.0762	0
gameData/Weapons/groundModels_weapons/76mm_l11_t34_early_user_cannon.blk	76mm_br_350a	76 mm Br 350A	APHE	6.3	612	0.15	0.0762	0
gameData/Weapons/groundModels_weapons/76mm_zis5_user_cannon.blk	76mm_br_350a	76 mm Br 350A	APHE	6.3	662	0.15	0.0762	0
gameData/Weapons/groundModels_weapons/76mm_f32_user_cannon.blk	76mm_br_350a	76 mm Br 350A	APHE	6.3	612	0.15	0.0762	0
gameData/Weapons/groundModels_weapons/76mm_1902_30_user_cannon.blk	76mm_br_350a	76 mm Br 350A	APHE	6.3	662	0.15	0.0762	0
gameData/Weapons/groundModels_weapons/76mm_l11_smk_user_cannon.blk	76mm_br_350a	76 mm Br 350A	APHE	6.3	612	0.15	0.0762	0
gameData/Weapons/groundModels_weapons/76mm_zis3_user_cannon.blk	76mm_br_350a	76 mm Br 350A	APHE	6.3	662	0.15	0.0762	0
gameData/Weapons/groundModels_weapons/76mm_f96_user_cannon.blk	76mm_br_350b	76 mm Br 350B	APHE	6.5	655	0.065	0.0762	0
gameData/Weapons/groundModels_weapons/76mm_f34_user_cannon.blk	76mm_br_350b	76 mm Br 350B	APHE	6.5	655	0.065	0.0762	0
gameData/Weapons/groundModels_weapons/76mm_artillery_support_cannon.blk	76mm_br_350b	76 mm Br 350B	APHE	6.5	655	0.065	0.0762	0
gameData/Weapons/groundModels_weapons/76mm_zis3_user_cannon.blk	76mm_br_350b	76 mm Br 350B	APHE	6.5	655	0.065	0.0762	0
gameData/Weapons/groundModels_weapons/76mm_zis5_user_cannon.blk	76mm_br_350b	76 mm Br 350B	APHE	6.5	655	0.065	0.0762	0
gameData/Weapons/groundModels_weapons/76mm_f32_user_cannon.blk	76mm_br_350b	76 mm Br 350B	APHE	6.5	612	0.065	0.0762	0
gameData/Weapons/groundModels_weapons/76mm_d56_t_user_cannon.blk	76mm_br_354	76 mm Br 354	APHE	6.5	655	0.032	0.0762	0
gameData/Weapons/groundModels_weapons/76mm_type_60_user_cannon.blk	76mm_br_354	76 mm Br 354	APHE	6.5	655	0.032	0.0762	0
gameData/Weapons/groundModels_weapons/76mm_d56_ts_user_cannon.blk	76mm_br_354	76 mm Br 354	APHE	6.5	655	0.032	0.0762	0
gameData/Weapons/groundModels_weapons/76mm_3k_user_cannon.blk	76mm_br_361	76 mm Br 361	APHE	6.61	813	0.15	0.0762	0
gameData/Weapons/groundModels_weapons/85mm_d5s_user_cannon.blk	85mm_br_365a	85 mm Br 365A	APHE	9.2	792	0.164	0.085	0
gameData/Weapons/groundModels_weapons/85mm_d5t_user_cannon.blk	85mm_br_365a	85 mm Br 365A	APHE	9.2	792	0.164	0.085	0
gameData/Weapons/groundModels_weapons/85mm_zis_s_53_user_cannon.blk	85mm_br_365a	85 mm Br 365A	APHE	9.2	792	0.164	0.085	0
gameData/Weapons/groundModels_weapons/85mm_f30_user_cannon.blk	85mm_br_365a	85 mm Br 365A	APHE	9.2	792	0.164	0.085	0
gameData/Weapons/groundModels_weapons/85mm_f30_user_cannon.blk	85mm_br_365k	85 mm Br 365K	APHE	9.2	792	0.05	0.085	0
gameData/Weapons/groundModels_weapons/85mm_zis_s_53_user_cannon.blk	85mm_br_365k	85 mm Br 365K	APHE	9.2	792	0.05	0.085	0
gameData/Weapons/groundModels_weapons/85mm_d5s_user_cannon.blk	85mm_br_365k	85 mm Br 365K	APHE	9.2	792	0.05	0.085	0
gameData/Weapons/groundModels_weapons/85mm_d5t_user_cannon.blk	85mm_br_365k	85 mm Br 365K	APHE	9.2	792	0.05	0.085	0
gameData/Weapons/groundModels_weapons/85mm_type_56_user_cannon.blk	type_56_ap	Type 56 Ap	APHE	9.2	792	0.05	0.085	0
gameData/Weapons/groundModels_weapons/85mm_type_62_85_tc_user_cannon.blk	type_56_apbc	Type 56 Apbc	APHE	9.2	792	0.164	0.085	0
gameData/Weapons/groundModels_weapons/85mm_type_56_user_cannon.blk	type_56_apbc	Type 56 Apbc	APHE	9.2	792	0.164	0.085	0
gameData/Weapons/groundModels_weapons/100mm_d10t2s_user_cannon.blk	100mm_9m_117	100 mm 9M 117	ATGM	18.8	0	3	0.1	5
gameData/Weapons/groundModels_weapons/100mm_2a70_user_cannon.blk	100mm_9m_117	100 mm 9M 117	ATGM	18.8	0	3	0.1	5
gameData/Weapons/groundModels_weapons/100mm_2a70_bmd_user_cannon.blk	100mm_9m_117m1	100 mm 9M 117M1	ATGM	18.8	0	3	0.1	750
gameData/Weapons/groundModels_weapons/100mm_2a70_bmp_autoloader_user_cannon.blk	100mm_9m_117m1	100 mm 9M 117M1	ATGM	18.8	0	3	0.1	750
gameData/Weapons/groundModels_weapons/100mm_2a70_user_cannon.blk	100mm_9m_117m1	100 mm 9M 117M1	ATGM	18.8	0	3	0.1	750
gameData/Weapons/groundModels_weapons/100mm_2a70_zbd_user_cannon.blk	100mm_9m_117m1	100 mm 9M 117M1	ATGM	18.8	0	3	0.1	750
gameData/Weapons/groundModels_weapons/100mm_2a70_zbd_user_cannon.blk	100mm_aps_03	100 mm Aps 03	ATGM	18.8	0	3	0.1	600
gameData/Weapons/groundModels_weapons/100mm_atomic_hedgie_rocket_launcher.blk	100mm_atomic_hedgie_missile	100 mm Atomic Hedgie Missile	ATGM	20	0	0.35	0.1	200
gameData/Weapons/groundModels_weapons/103mm_milan_launcher_user_cannon.blk	103_milan	103 Milan	ATGM	6.7	0	1.4	0.103	5
gameData/Weapons/groundModels_weapons/105mm_xc8_l50_user_cannon.blk	105mm_falaric	105 mm Falaric	ATGM	24	0	3.2	0.105	50
gameData/Weapons/groundModels_weapons/105mm_at_wma_user_cannon.blk	105mm_gp_105	105 mm Gp 105	ATGM	18.8	0	3	0.105	750
gameData/Weapons/groundModels_weapons/105mm_zpl98a_user_cannon.blk	105mm_gp_105	105 mm Gp 105	ATGM	18.8	0	3	0.105	750
gameData/Weapons/groundModels_weapons/105mm_zpl151a_user_cannon.blk	105mm_gp_105	105 mm Gp 105	ATGM	18.8	0	3	0.105	750
gameData/Weapons/groundModels_weapons/110mm_mells_rocket_launchr_user_cannon.blk	110mm_spike_lr2	110 mm Spike Lr2	ATGM	13	0	0.9	0.11	50
gameData/Weapons/groundModels_weapons/110mm_spike_kf_41_rocket_launchr_user_cannon.blk	110mm_spike_lr2	110 mm Spike Lr2	ATGM	13	0	0.9	0.11	50
gameData/Weapons/groundModels_weapons/110mm_spike_freccia_rocket_launchr_user_cannon.blk	110mm_spike_lr2	110 mm Spike Lr2	ATGM	13	0	0.9	0.11	50
gameData/Weapons/groundModels_weapons/115mm_u5ts_t-62m1_user_cannon.blk	115mm_9m_117	115 mm 9M 117	ATGM	18.8	0	3	0.115	5
gameData/Weapons/groundModels_weapons/120mm_type_64_mat_launcher_user_cannon.blk	120mm_type64	120 mm Type64	ATGM	15.7	0	3.47	0.12	5
gameData/Weapons/groundModels_weapons/125mm_2a46_2_user_cannon.blk	125mm_9m_112	125 mm 9M 112	ATGM	27.5	0	3.6	0.125	5
gameData/Weapons/groundModels_weapons/125mm_2a46_m1_t_80u_user_cannon.blk	125mm_9m_119	125 mm 9M 119	ATGM	16.5	0	3.6	0.125	5
gameData/Weapons/groundModels_weapons/125mm_2a75_user_cannon.blk	125mm_9m_119	125 mm 9M 119	ATGM	16.5	0	3.6	0.125	5
gameData/Weapons/groundModels_weapons/125mm_2a46_m1_t_80uk_user_cannon.blk	125mm_9m_119	125 mm 9M 119	ATGM	16.5	0	3.6	0.125	5
gameData/Weapons/groundModels_weapons/125mm_2a46_m1_t_80ud_user_cannon.blk	125mm_9m_119	125 mm 9M 119	ATGM	16.5	0	3.6	0.125	5
gameData/Weapons/groundModels_weapons/125mm_2a46_m1_user_cannon.blk	125mm_9m_119	125 mm 9M 119	ATGM	16.5	0	3.6	0.125	5
gameData/Weapons/groundModels_weapons/125mm_2a46m_5_user_cannon.blk	125mm_9m_119m	125 mm 9M 119M	ATGM	17.2	0	3.6	0.125	750
gameData/Weapons/groundModels_weapons/125mm_2a46_m1_t_80bvm_user_cannon.blk	125mm_9m_119m1	125 mm 9M 119M1	ATGM	17.2	0	3.6	0.125	850
gameData/Weapons/groundModels_weapons/125mm_2a46_m5_t_90a_user_cannon.blk	125mm_9m_119m1	125 mm 9M 119M1	ATGM	17.2	0	3.6	0.125	850
gameData/Weapons/groundModels_weapons/125mm_2a75_m_user_cannon.blk	125mm_9m_119m1	125 mm 9M 119M1	ATGM	17.2	0	3.6	0.125	850
gameData/Weapons/groundModels_weapons/125mm_2a46_m5_t_90m_user_cannon.blk	125mm_9m_119m1	125 mm 9M 119M1	ATGM	17.2	0	3.6	0.125	850
gameData/Weapons/groundModels_weapons/125mm_2a46_m5_t_90s_bheeshma_user_cannon.blk	125mm_9m_119m1	125 mm 9M 119M1	ATGM	17.2	0	3.6	0.125	850
gameData/Weapons/groundModels_weapons/125mm_2a46_m1_t_80u_e1_user_cannon.blk	125mm_9m_119m1	125 mm 9M 119M1	ATGM	17.2	0	3.6	0.125	850
gameData/Weapons/groundModels_weapons/125mm_2a46_m5_user_cannon.blk	125mm_9m_119m1	125 mm 9M 119M1	ATGM	17.2	0	3.6	0.125	850
gameData/Weapons/groundModels_weapons/125mm_9m113_launcher_user_cannon.blk	125mm_9M113	125 mm 9M113	ATGM	14.5	0	2.75	0.125	5
gameData/Weapons/groundModels_weapons/125mm_l54_cn_user_cannon.blk	125mm_GP125	125 mm GP125	ATGM	17.2	0	3.6	0.125	850
gameData/Weapons/groundModels_weapons/125mm_kba_3_user_cannon.blk	125mm_GP125	125 mm GP125	ATGM	17.2	0	3.6	0.125	850
gameData/Weapons/groundModels_weapons/125mm_zpt_98_vt4b_user_cannon.blk	125mm_GP125	125 mm GP125	ATGM	17.2	0	3.6	0.125	850
gameData/Weapons/groundModels_weapons/125mm_type_99a_user_cannon.blk	125mm_GP125	125 mm GP125	ATGM	17.2	0	3.6	0.125	850
gameData/Weapons/groundModels_weapons/125mm_zpt_98_user_cannon.blk	125mm_GP125	125 mm GP125	ATGM	17.2	0	3.6	0.125	850
gameData/Weapons/groundModels_weapons/125mm_hj_73_rocket_launcher_user_cannon.blk	125mm_hj_73	125 mm Hj 73	ATGM	10.9	0	2.6	0.125	5
gameData/Weapons/groundModels_weapons/125mm_hj_73_rocket_launcher_user_cannon.blk	125mm_hj_73e	125 mm Hj 73E	ATGM	12.3	0	1.4	0.125	50
gameData/Weapons/groundModels_weapons/125mm_d_126_user_cannon.blk	125mm_rubin	125 mm Rubin	ATGM	28.5	0	2.7	0.125	5
gameData/Weapons/groundModels_weapons/127mm_tow_rocket_launcher.blk	127mm_atgm_tow	127 mm Atgm Tow	ATGM	37	0	2.36	0.127	5
gameData/Weapons/groundModels_weapons/127mm_bgm_71_tow_begleitpanzer_launcher_user_cannon.blk	127mm_atgm_tow	127 mm Atgm Tow	ATGM	37	0	2.36	0.127	5
gameData/Weapons/groundModels_weapons/127mm_bgm_71_tow_launcher_user_cannon.blk	127mm_i_tow	127 mm I Tow	ATGM	37	0	2.04	0.127	5
gameData/Weapons/groundModels_weapons/127mm_itow_launcher_user_cannon.blk	127mm_i_tow	127 mm I Tow	ATGM	37	0	2.04	0.127	5
gameData/Weapons/groundModels_weapons/127mm_bgm_71c_itow_rocket_launchr_user_cannon.blk	127mm_i_tow	127 mm I Tow	ATGM	37	0	2.04	0.127	5
gameData/Weapons/groundModels_weapons/127mm_bgm_71_tow_begleitpanzer_launcher_user_cannon.blk	127mm_i_tow	127 mm I Tow	ATGM	37	0	2.04	0.127	5
gameData/Weapons/groundModels_weapons/127mm_zt_3_launcher_user_cannon.blk	127mm_ingwe	127 mm Ingwe	ATGM	28.5	0	2.8	0.127	1000
gameData/Weapons/groundModels_weapons/127mm_rbs_55_tow_udes_launcher_user_cannon.blk	127mm_rb_55_b	127 mm Rb 55 B	ATGM	37	0	2.04	0.127	5
gameData/Weapons/groundModels_weapons/127mm_rbs_55_tow_launcher_user_cannon.blk	127mm_rb_55_b	127 mm Rb 55 B	ATGM	37	0	2.04	0.127	5
gameData/Weapons/groundModels_weapons/127mm_zt_3_launcher_user_cannon.blk	127mm_swift	127 mm Swift	ATGM	28	0	2.8	0.127	5
gameData/Weapons/groundModels_weapons/127mm_bgm_71_tow_m3a3_launcher_user_cannon.blk	127mm_tow_2b	127 mm Tow 2B	ATGM	22.59	0	2.4	0.152	5
gameData/Weapons/groundModels_weapons/127mm_bgm_71_tow_launcher_user_cannon.blk	127mm_tow_2b	127 mm Tow 2B	ATGM	22.59	0	2.4	0.152	5
gameData/Weapons/groundModels_weapons/127mm_bgm_71_tow_wiesel_launcher_user_cannon.blk	127mm_tow_2b	127 mm Tow 2B	ATGM	22.59	0	2.4	0.152	5
gameData/Weapons/groundModels_weapons/130mm_9m114_launcher_user_cannon.blk	130mm_9m114	130 mm 9M114	ATGM	31.4	0	2.47	0.13	5
gameData/Weapons/groundModels_weapons/130mm_9m114_launcher_user_cannon.blk	130mm_9m120	130 mm 9M120	ATGM	33.5	0	2.82	0.13	50
gameData/Weapons/groundModels_weapons/130mm_9m120_bmpt_launcher_user_cannon.blk	130mm_9m120_1	130 mm 9M120 1	ATGM	33.5	0	2.82	0.13	50
gameData/Weapons/groundModels_weapons/130mm_9m120_bmpt_launcher_user_cannon.blk	130mm_9m120_1f	130 mm 9M120 1F	ATGM	33.5	0	4.5	0.13	5
gameData/Weapons/groundModels_weapons/130mm_9m114_launcher_user_cannon.blk	130mm_9m120f_1	130 mm 9M120f 1	ATGM	33.5	0	4.5	0.13	5
gameData/Weapons/groundModels_weapons/130mm_9m114_launcher_user_cannon.blk	130mm_9m220o	130 mm 9M220o	ATGM	33.5	0	4	0.13	5
gameData/Weapons/groundModels_weapons/130mm_barrier_launcher_user_cannon.blk	130mm_r2	130 mm R2	ATGM	15.7	0	2	0.13	50
gameData/Weapons/groundModels_weapons/136mm_k3s_hot_launcher_user_cannon.blk	136mm_k3s_hot	136 mm K3s Hot	ATGM	23	0	2.9	0.136	5
gameData/Weapons/groundModels_weapons/136mm_mephisto_launcher_user_cannon.blk	136mm_k3s_hot	136 mm K3s Hot	ATGM	23	0	2.9	0.136	5
gameData/Weapons/groundModels_weapons/140mm_akeron_mp_rocket_launchr_user_cannon.blk	140mm_akeron_mp	140 mm Akeron Mp	ATGM	13	0	1	0.14	50
gameData/Weapons/groundModels_weapons/140mm_utc_l55_user_cannon.blk	140mm_clgp	140 mm Clgp	ATGM	35	0	7	0.14	700
gameData/Weapons/groundModels_weapons/142mm_acra_user_cannon.blk	142mm_acra	142 mm Acra	ATGM	16.5	0	2.5	0.142	5
gameData/Weapons/groundModels_weapons/150mm_rbs_56_bill_pbv_launcher_user_cannon.blk	150mm_bill_2	150 mm Bill 2	ATGM	10.9	0	2.08	0.15	5
gameData/Weapons/groundModels_weapons/150mm_rbs_56_bill_launcher_user_cannon.blk	150mm_bill_2	150 mm Bill 2	ATGM	10.9	0	2.08	0.15	5
gameData/Weapons/groundModels_weapons/136mm_mephisto_launcher_user_cannon.blk	150mm_k3s_hot_2	150 mm K3s Hot 2	ATGM	23	0	4.06	0.15	5
gameData/Weapons/groundModels_weapons/151mm_qn502cdd_rocket_launcher.blk	151mm_QN502CDD	151 mm QN502CDD	ATGM	16.2	0	0.9	0.151	50
gameData/Weapons/groundModels_weapons/152mm_9m123_launcher_user_cannon.blk	152mm_9m123	152 mm 9M123	ATGM	46	0	4	0.155	50
gameData/Weapons/groundModels_weapons/152mm_9m123_launcher_user_cannon.blk	152mm_9m123f	152 mm 9M123f	ATGM	46	0	6	0.155	5
gameData/Weapons/groundModels_weapons/152mm_9m133_btr_82at_launcher_user_cannon.blk	152mm_9m133	152 mm 9M133	ATGM	26	0	4	0.152	50
gameData/Weapons/groundModels_weapons/152mm_9m133_launcher_user_cannon.blk	152mm_9m133	152 mm 9M133	ATGM	26	0	4	0.152	50
gameData/Weapons/groundModels_weapons/152mm_9m133_launcher_user_cannon.blk	152mm_9m133fm_3	152 mm 9M133fm 3	ATGM	26	0	6	0.152	5
gameData/Weapons/groundModels_weapons/152mm_hj_9_launcher_user_cannon.blk	152mm_hj9	152 mm Hj9	ATGM	37	0	3.1	0.152	50
gameData/Weapons/groundModels_weapons/152mm_m81_user_cannon.blk	152mm_mgm_61b	152 mm Mgm 61B	ATGM	27.8	0	3.6	0.152	5
gameData/Weapons/groundModels_weapons/152mm_m162_user_cannon.blk	152mm_mgm_61b	152 mm Mgm 61B	ATGM	27.8	0	3.6	0.152	5
gameData/Weapons/groundModels_weapons/152mm_xm150e5_kpz_user_cannon.blk	152mm_mgm_61c	152 mm Mgm 61C	ATGM	27.8	0	3.6	0.152	5
gameData/Weapons/groundModels_weapons/152mm_xm150e5_user_cannon.blk	152mm_mgm_61c	152 mm Mgm 61C	ATGM	27.8	0	3.6	0.152	5
gameData/Weapons/groundModels_weapons/152mm_xm150e6_user_cannon.blk	152mm_mgm_61c	152 mm Mgm 61C	ATGM	27.8	0	3.6	0.152	5
gameData/Weapons/groundModels_weapons/127mm_rbs_55_tow_udes_launcher_user_cannon.blk	152mm_rb_55_c	152 mm Rb 55 C	ATGM	37	0	3.13	0.152	5
gameData/Weapons/groundModels_weapons/127mm_rbs_55_tow_launcher_user_cannon.blk	152mm_rb_55_c	152 mm Rb 55 C	ATGM	37	0	3.13	0.152	5
gameData/Weapons/groundModels_weapons/127mm_bgm_71_tow_wiesel_launcher_user_cannon.blk	152mm_tow_2	152 mm Tow 2	ATGM	37	0	3.13	0.152	5
gameData/Weapons/groundModels_weapons/127mm_bgm_71_tow_m3a3_launcher_user_cannon.blk	152mm_tow_2	152 mm Tow 2	ATGM	37	0	3.13	0.152	5
gameData/Weapons/groundModels_weapons/127mm_bgm_71_tow_m3a3_launcher_user_cannon.blk	152mm_tow_2a	152 mm Tow 2A	ATGM	37	0	3.2	0.152	800
gameData/Weapons/groundModels_weapons/127mm_bgm_71_tow_wiesel_launcher_user_cannon.blk	152mm_tow_2a	152 mm Tow 2A	ATGM	37	0	3.2	0.152	800
gameData/Weapons/groundModels_weapons/162mm_mgm166_launcher_user_cannon.blk	162mm_losat	162 mm Losat	ATGM	37	1700	0	0.163	0
gameData/Weapons/groundModels_weapons/164mm_nord_s11_rocket_launcher.blk	164mm_lfk_ss_11	164 mm Lfk Ss 11	ATGM	30	0	1.53	0.164	5
gameData/Weapons/groundModels_weapons/164mm_lfk_ss11_rocket_launcher_user_cannon.blk	164mm_lfk_ss_11	164 mm Lfk Ss 11	ATGM	30	0	1.53	0.164	5
gameData/Weapons/groundModels_weapons/164mm_lfk_ss11_rocket_launcher_user_cannon.blk	164mm_lfk_ss_11b	164 mm Lfk Ss 11B	ATGM	30	0	1.53	0.164	5
gameData/Weapons/groundModels_weapons/164mm_nord_s11_rocket_launcher.blk	164mm_lfk_ss_11b	164 mm Lfk Ss 11B	ATGM	30	0	1.53	0.164	5
gameData/Weapons/groundModels_weapons/170mm_bae_swingfire_launcher_user_cannon.blk	170mm_swingfire	170 mm Swingfire	ATGM	27	0	3.47	0.17	5
gameData/Weapons/groundModels_weapons/170mm_bae_swingfire_fv438_launcher_user_cannon.blk	170mm_swingfire	170 mm Swingfire	ATGM	27	0	3.47	0.17	5
gameData/Weapons/groundModels_weapons/170mm_bae_swingfire_fv438_launcher_user_cannon.blk	170mm_swingfire_mk_2	170 mm Swingfire Mk 2	ATGM	37	0	3.47	0.17	5
gameData/Weapons/groundModels_weapons/170mm_bae_swingfire_launcher_user_cannon.blk	170mm_swingfire_mk_2	170 mm Swingfire Mk 2	ATGM	37	0	3.47	0.17	5
gameData/Weapons/groundModels_weapons/180mm_2k4_launcher_user_cannon.blk	180mm_3m7	180 mm 3M7	ATGM	54	0	2.52	0.18	5
gameData/Weapons/groundModels_weapons/70mm_qn201dd_rocket_launcher.blk	70mm_QN201DD	70 mm QN201DD	ATGM	7	0	0.6	0.07	5
gameData/Weapons/groundModels_weapons/combat_track_missile_launcher.blk	combat_track_missile	Combat Track Missile	ATGM	23	0	2.2	0.12	1700
gameData/Weapons/groundModels_weapons/152mm_mim146_launcher_user_cannon.blk	152mm_mim146	MIM-146	ATGM	51	0	4.17	0.152	5
gameData/Weapons/groundModels_weapons/152mm_mim146.blk	152mm_mim146	MIM-146	ATGM	51	0	4.17	0.152	5
gameData/Weapons/groundModels_weapons/152mm_type_79_launcher_user_cannon.blk	type_79_asm	Type 79 Asm	ATGM	19.9	0	2.3	0.152	5
gameData/Weapons/groundModels_weapons/152mm_type_79_rocket_launcher.blk	type_79_atgm	Type 79 Atgm	ATGM	19.9	0	4.2	0.152	5
gameData/Weapons/groundModels_weapons/152mm_type_79_launcher_user_cannon.blk	type_79_atgm	Type 79 Atgm	ATGM	19.9	0	4.2	0.152	5
gameData/Weapons/groundModels_weapons/gh_user_cannon.blk	cannon_ball	Cannon Ball	Cannon Ball	5	250	0	0.128	15
gameData/Weapons/groundModels_weapons/152mm_football_user_cannon_orange_jump.blk	football_jump	Football Jump	Football Jump	50	1500	0	0.152	1
gameData/Weapons/groundModels_weapons/152mm_football_user_cannon_jump.blk	football_jump	Football Jump	Football Jump	50	1500	0	0.152	1
gameData/Weapons/groundModels_weapons/152mm_football_user_cannon.blk	football_kick	Football Kick	Football Kick	50	1500	0	0.152	1
gameData/Weapons/groundModels_weapons/152mm_football_user_cannon_without_effect.blk	football_kick	Football Kick	Football Kick	50	1500	0	0.152	1
gameData/Weapons/groundModels_weapons/152mm_football_user_cannon_orange.blk	football_kick	Football Kick	Football Kick	50	1500	0	0.152	1
gameData/Weapons/groundModels_weapons/20mm_tnsh_user_cannon.blk	20mm_shvak_frag	20 mm Shvak Frag	Frag I	0.091	800	0.0056	0.02	0
gameData/Weapons/groundModels_weapons/25mm_72k_user_cannon.blk	25mm_ozr_132	25 mm Ozr 132	Frag I T	0.288	910	0.013	0.025	0
gameData/Weapons/groundModels_weapons/25mm_pg87_pgz_user_cannon.blk	25mm_type_87_he	25 mm Type 87 He	Frag I T	0.25	1050	0.019	0.025	0
gameData/Weapons/groundModels_weapons/25mm_zpt90_user_cannon.blk	25mm_type_87_he	25 mm Type 87 He	Frag I T	0.25	1050	0.019	0.025	0
gameData/Weapons/groundModels_weapons/25mm_pg87_user_cannon.blk	25mm_type_87_he	25 mm Type 87 He	Frag I T	0.25	1050	0.019	0.025	0
gameData/Weapons/groundModels_weapons/30mm_zk_453_user_cannon.blk	30mm_jfsv_53_he	30 mm Jfsv 53 He	Frag I T	0.453	1000	0.041	0.03	0
gameData/Weapons/groundModels_weapons/37mm_flak43_user_cannon.blk	37mm_sprgr_18_belt	37 mm Sprgr 18 Belt	Frag I T	0.612	840	0.026	0.037	0
gameData/Weapons/groundModels_weapons/37mm_flak44_user_cannon.blk	37mm_sprgr_18_belt	37 mm Sprgr 18 Belt	Frag I T	0.612	840	0.026	0.037	0
gameData/Weapons/groundModels_weapons/37mm_flak36_user_cannon.blk	37mm_sprgr_18_belt	37 mm Sprgr 18 Belt	Frag I T	0.612	840	0.026	0.037	0
gameData/Weapons/groundModels_weapons/37mm_gerat_341_user_cannon.blk	37mm_sprgr_341	37 mm Sprgr 341	Frag I T	0.725	1040	0.065	0.037	0
gameData/Weapons/groundModels_weapons/40mm_bofors_l60_user_cannon.blk	40mm_MkII	40 mm Mkii	Frag I T	0.829394	874	0.063	0.04	0
gameData/Weapons/groundModels_weapons/40mm_m2_user_cannon.blk	40mm_MkII	40 mm Mkii	Frag I T	0.829394	874	0.063	0.04	0
gameData/Weapons/groundModels_weapons/laser_gun_mark_07_19.blk	laser	Laser	Frag I T	0.0001	1	0	0	0
gameData/Weapons/groundModels_weapons/heavy_lasgun.blk	laser	Laser	Frag I T	0.0001	1	0	0	0
gameData/Weapons/groundModels_weapons/laser_gun_mark_07_20_red.blk	laser	Laser	Frag I T	0.0001	1	0	0	0
gameData/Weapons/groundModels_weapons/100mm_mod_1914_100_17_user_cannon.blk	100mm_gr_mod914	100 mm Gr Mod914	HE	16.2	244	1.55	0.1	0
gameData/Weapons/groundModels_weapons/14_5mm_kpvt_btr_152_user_machinegun.blk	14mm_mdz	14 mm Mdz	HE	0.059	1000	0.002	0.0145	3.5
gameData/Weapons/groundModels_weapons/14_5mm_kpvt_user_machinegun.blk	14mm_mdz	14 mm Mdz	HE	0.059	1000	0.002	0.0145	3.5
gameData/Weapons/groundModels_weapons/14_5mm_qjg02_user_machinegun.blk	14mm_mdz	14 mm Mdz	HE	0.059	1000	0.002	0.0145	3.5
gameData/Weapons/groundModels_weapons/180mm_destroyer_h_user_cannon.blk	180mm_mphe	180 mm Mphe	HE	70.7	900	20.2	0.18	1500
gameData/Weapons/groundModels_weapons/20mm_m168_user_cannon.blk	20mm_m242a1	20 mm M242A1	HE	0.102	1030	0.0075	0.02	0
gameData/Weapons/groundModels_weapons/20mm_oerlikon_kad_b17_user_cannon.blk	20mm_m594	20 mm M594	HE	0.12	1054	0.016	0.02	0
gameData/Weapons/groundModels_weapons/20mm_m139_user_cannon.blk	20mm_m594	20 mm M594	HE	0.12	1054	0.016	0.02	0
gameData/Weapons/groundModels_weapons/20mm_oerlikon_204gk_user_cannon.blk	20mm_m594	20 mm M594	HE	0.12	1054	0.016	0.02	0
gameData/Weapons/groundModels_weapons/20mm_gai_co1_user_cannon.blk	20mm_m594	20 mm M594	HE	0.12	1054	0.016	0.02	0
gameData/Weapons/groundModels_weapons/20mm_gi_2_user_cannon.blk	20mm_m594	20 mm M594	HE	0.12	1054	0.016	0.02	0
gameData/Weapons/groundModels_weapons/20mm_mg151_20_mid_drilling_user_cannon.blk	20mm_mgr	20 mm Mgr	HE	0.092	785	0.0186	0.02	0
gameData/Weapons/groundModels_weapons/20mm_mg151_20_out_drilling_user_cannon.blk	20mm_mgr	20 mm Mgr	HE	0.092	785	0.0186	0.02	0
gameData/Weapons/groundModels_weapons/25mm_lw25_user_cannon.blk	25mm_hedp	25 mm Hedp	HE	0.141	405	0.021	0.025	5
gameData/Weapons/groundModels_weapons/25mm_m242_user_cannon.blk	25mm_m792	25 mm M792	HE	0.185	1100	0.032	0.025	0
gameData/Weapons/groundModels_weapons/25mm_oerlikon_kba_user_cannon.blk	25mm_m792	25 mm M792	HE	0.185	1100	0.032	0.025	0
gameData/Weapons/groundModels_weapons/25mm_oerlikon_kba_freccia_user_cannon.blk	25mm_m792	25 mm M792	HE	0.185	1100	0.032	0.025	0
gameData/Weapons/groundModels_weapons/25mm_oerlikon_kba_dardo_user_cannon.blk	25mm_m792	25 mm M792	HE	0.185	1100	0.032	0.025	0
gameData/Weapons/groundModels_weapons/25mm_m242_hr_user_cannon.blk	25mm_m792	25 mm M792	HE	0.185	1100	0.032	0.025	0
gameData/Weapons/groundModels_weapons/25mm_cn25_m811_user_cannon.blk	25mm_m792	25 mm M792	HE	0.185	1100	0.032	0.025	0
gameData/Weapons/groundModels_weapons/25mm_m242_desert_warrior_user_cannon.blk	25mm_m792	25 mm M792	HE	0.185	1100	0.032	0.025	0
gameData/Weapons/groundModels_weapons/25mm_gau_12u_equalizer_user_cannon.blk	25mm_pgu_25_u	25 mm Pgu 25 U	HE	0.185	1085	0.032	0.025	0
gameData/Weapons/groundModels_weapons/25mm_gau_12u_user_cannon.blk	25mm_pgu_25_u	25 mm Pgu 25 U	HE	0.185	1085	0.032	0.025	0
gameData/Weapons/groundModels_weapons/25mm_gau_12u_equalizer_user_cannon.blk	25mm_pgu_32	25 mm Pgu 32	HE	0.185	1100	0.016	0.025	0
gameData/Weapons/groundModels_weapons/25mm_gau_12u_user_cannon.blk	25mm_pgu_32	25 mm Pgu 32	HE	0.185	1100	0.016	0.025	0
gameData/Weapons/groundModels_weapons/30mm_hss_831l_user_cannon.blk	30_170mm_he_i	30 170 mm He I	HE	0.36	1080	0.06	0.03	0
gameData/Weapons/groundModels_weapons/30mm_hss_831a_user_cannon.blk	30_170mm_he_i	30 170 mm He I	HE	0.36	1080	0.06	0.03	0
gameData/Weapons/groundModels_weapons/30mm_l21a1_rarden_user_cannon.blk	30_170mm_he_i_t	30 170 mm He I T	HE	0.36	1080	0.05	0.03	0
gameData/Weapons/groundModels_weapons/30mm_hss_831l_user_cannon.blk	30_170mm_he_i_t	30 170 mm He I T	HE	0.36	1080	0.05	0.03	0
gameData/Weapons/groundModels_weapons/30mm_hss_831l_turm_user_cannon.blk	30_170mm_he_i_t	30 170 mm He I T	HE	0.36	1080	0.05	0.03	0
gameData/Weapons/groundModels_weapons/30mm_hss_831a_user_cannon.blk	30_170mm_he_i_t	30 170 mm He I T	HE	0.36	1080	0.05	0.03	0
gameData/Weapons/groundModels_weapons/30mm_pgz_625_user_cannon.blk	30mm_china_PTFP	30 mm China PTFP	HE	0.36	980	0.0005	0.03	0
gameData/Weapons/groundModels_weapons/30mm_mk103_45_user_cannon.blk	30mm_MGr	30 mm Mgr	HE	0.33	920	0.07	0.03	2
gameData/Weapons/groundModels_weapons/30mm_mk103_38_user_cannon.blk	30mm_MGr	30 mm Mgr	HE	0.33	920	0.07	0.03	2
gameData/Weapons/groundModels_weapons/30mm_rheinmetall_mk_30_2_abm_user_cannon.blk	30mm_mk_266	30 mm Mk 266	HE	0.362	1080	0.032	0.03	0
gameData/Weapons/groundModels_weapons/30mm_rheinmetall_mk_30_2_abm_kf41_user_cannon.blk	30mm_mk_266	30 mm Mk 266	HE	0.362	1080	0.032	0.03	0
gameData/Weapons/groundModels_weapons/30mm_xm_813_user_cannon.blk	30mm_mk_266	30 mm Mk 266	HE	0.362	1080	0.032	0.03	0
gameData/Weapons/groundModels_weapons/30mm_bushmaster_2_mk_44_freccia_ows_user_cannon.blk	30mm_mk_266	30 mm Mk 266	HE	0.362	1080	0.032	0.03	0
gameData/Weapons/groundModels_weapons/30mm_bushmaster_2_mk_44_mct30_user_cannon.blk	30mm_mk_266	30 mm Mk 266	HE	0.362	1080	0.032	0.03	0
gameData/Weapons/groundModels_weapons/30mm_bushmaster_2_mk_44_9030_user_cannon.blk	30mm_mk_266	30 mm Mk 266	HE	0.362	1080	0.032	0.03	0
gameData/Weapons/groundModels_weapons/30mm_bushmaster_2_mk_44_efv_p1_user_cannon.blk	30mm_mk_266	30 mm Mk 266	HE	0.362	1080	0.032	0.03	0
gameData/Weapons/groundModels_weapons/30mm_bushmaster_2_mk_44_namer_user_cannon.blk	30mm_mk_266	30 mm Mk 266	HE	0.362	1080	0.032	0.03	0
gameData/Weapons/groundModels_weapons/30mm_bushmaster_2_mk_44_vilkas_user_cannon.blk	30mm_mk_266	30 mm Mk 266	HE	0.362	1080	0.032	0.03	0
gameData/Weapons/groundModels_weapons/30mm_denel_gi30_user_cannon.blk	30mm_mk_266	30 mm Mk 266	HE	0.362	1080	0.032	0.03	0
gameData/Weapons/groundModels_weapons/30mm_bushmaster_2_mk_44_user_cannon.blk	30mm_mk_266	30 mm Mk 266	HE	0.362	1080	0.032	0.03	0
gameData/Weapons/groundModels_weapons/30mm_xm_813_user_cannon.blk	30mm_mk_310	30 mm Mk 310	HE	0.424	970	0.04	0.03	0
gameData/Weapons/groundModels_weapons/30mm_bushmaster_2_mk_44_user_cannon.blk	30mm_mk_310	30 mm Mk 310	HE	0.424	970	0.04	0.03	0
gameData/Weapons/groundModels_weapons/30mm_saw_user_cannon.blk	30mm_mphe	30 mm Mphe	HE	0.86	750	0.12	0.03	0
gameData/Weapons/groundModels_weapons/30mm_rheinmetall_mk_30_2_abm_user_cannon.blk	30mm_pmc308	30 mm Pmc308	HE	0.36	1100	0.0005	0.03	0
gameData/Weapons/groundModels_weapons/30mm_rheinmetall_mk_30_2_abm_kf41_user_cannon.blk	30mm_pmc308	30 mm Pmc308	HE	0.36	1100	0.0005	0.03	0
gameData/Weapons/groundModels_weapons/30mm_2a42_bmpt_user_cannon_2.blk	30mm_UOF23	30 mm UOF23	HE	0.39	960	0.04	0.03	0
gameData/Weapons/groundModels_weapons/30mm_2a42_bmpt_user_cannon.blk	30mm_UOF23	30 mm UOF23	HE	0.39	960	0.04	0.03	0
gameData/Weapons/groundModels_weapons/35mm_oerlikon_kda_marksman_user_cannon.blk	35_228mm_he_i_t	35 228 mm He I T	HE	0.55	1175	0.12	0.035	0
gameData/Weapons/groundModels_weapons/35mm_oerlikon_kda_user_cannon.blk	35_228mm_he_i_t	35 228 mm He I T	HE	0.55	1175	0.12	0.035	0
gameData/Weapons/groundModels_weapons/35mm_bushmaster_3_user_cannon.blk	35_228mm_he_i_t	35 228 mm He I T	HE	0.55	1175	0.12	0.035	0
gameData/Weapons/groundModels_weapons/35mm_ga_35_user_cannon.blk	35_228mm_he_i_t	35 228 mm He I T	HE	0.55	1175	0.12	0.035	0
gameData/Weapons/groundModels_weapons/35mm_oerlikon_us_xm246_user_cannon.blk	35_228mm_he_i_t	35 228 mm He I T	HE	0.55	1175	0.12	0.035	0
gameData/Weapons/groundModels_weapons/35mm_pg_99_35_2_user_cannon.blk	35mm_dkg_01a	35 mm Dkg 01A	HE	0.535	1175	0.098	0.035	0
gameData/Weapons/groundModels_weapons/35mm_pg_99_35_2_user_cannon.blk	35mm_pmd062	35 mm Pmd062	HE	0.75	1050	0.0008	0.035	0
gameData/Weapons/groundModels_weapons/37mm_m5_user_cannon.blk	37mm_m63	37 mm M63	HE	0.73	781	0.038	0.037	0
gameData/Weapons/groundModels_weapons/37mm_m5_early_user_cannon.blk	37mm_m63	37 mm M63	HE	0.73	781	0.038	0.037	0
gameData/Weapons/groundModels_weapons/37mm_m5_user_cannon_for_m3_lee.blk	37mm_m63	37 mm M63	HE	0.73	792	0.038	0.037	0
gameData/Weapons/groundModels_weapons/37mm_m6_user_cannon.blk	37mm_m63	37 mm M63	HE	0.73	792	0.038	0.037	0
gameData/Weapons/groundModels_weapons/37mm_m6_race_user_cannon.blk	37mm_m63	37 mm M63	HE	0.73	792	0.038	0.037	0
gameData/Weapons/groundModels_weapons/37mm_m3_user_cannon_for_m6a1.blk	37mm_m63	37 mm M63	HE	0.73	792	0.038	0.037	0
gameData/Weapons/groundModels_weapons/37mm_m3_user_cannon.blk	37mm_m63	37 mm M63	HE	0.73	820	0.038	0.037	0
gameData/Weapons/groundModels_weapons/37mm_flak36_user_cannon.blk	37mm_mgr_18	37 mm Mgr 18	HE	0.565	900	0.09	0.037	0
gameData/Weapons/groundModels_weapons/37mm_flak43_user_cannon.blk	37mm_mgr_18	37 mm Mgr 18	HE	0.565	900	0.09	0.037	0
gameData/Weapons/groundModels_weapons/37mm_flak44_user_cannon.blk	37mm_mgr_18	37 mm Mgr 18	HE	0.565	900	0.09	0.037	0
gameData/Weapons/groundModels_weapons/40mm_ctc_user_cannon.blk	40mm_ke_ab_ahead	40 mm Ke Ab Ahead	HE	1.4	900	0.0008	0.04	0
gameData/Weapons/groundModels_weapons/40mm_m266_user_cannon.blk	40mm_m811_fuze_delay	40 mm M811 Fuze Delay	HE	0.87	1100	0.165	0.04	0
gameData/Weapons/groundModels_weapons/40mm_q_ad_user_cannon.blk	40mm_mp_he	40 mm Mp He	HE	1.5	1200	0.5	0.04	0
gameData/Weapons/groundModels_weapons/40mm_lva_kan_m48_veak_user_cannon.blk	40mm_slhpgr_m43	40 mm Slhpgr M43	HE	1	880	0.038	0.04	0
gameData/Weapons/groundModels_weapons/40mm_lva_kan_m48_user_cannon.blk	40mm_slhpgr_m43	40 mm Slhpgr M43	HE	1	880	0.038	0.04	0
gameData/Weapons/groundModels_weapons/40mm_42m_user_cannon.blk	40mm_slhpgr_m43	40 mm Slhpgr M43	HE	1	880	0.038	0.04	0
gameData/Weapons/groundModels_weapons/40mm_lva_kan_m36_user_cannon.blk	40mm_slhpgr_m43	40 mm Slhpgr M43	HE	1	880	0.038	0.04	0
gameData/Weapons/groundModels_weapons/57mm_bofors_l70_mk_1_user_cannon.blk	57_438mm_sap	57 438 mm Sap	HE	2.7	950	0.3	0.057	0
gameData/Weapons/groundModels_weapons/60mm_aa_user_cannon.blk	60mm_mphe	60 mm Mphe	HE	6.7	1400	1.2	0.06	0
gameData/Weapons/groundModels_weapons/180mm_destroyer_h_user_cannon.blk	60mm_mphe	60 mm Mphe	HE	70.7	1200	30.2	0.06	0
gameData/Weapons/groundModels_weapons/73mm_2a28_user_cannon.blk	73mm_og_9	73 mm Og 9	HE	3.7	290	0.735	0.073	0
gameData/Weapons/groundModels_weapons/73mm_type_85_user_cannon.blk	73mm_type_85_he	73 mm Type 85 He	HE	3.7	290	0.735	0.073	0
gameData/Weapons/groundModels_weapons/76mm_oto_breda_76_62_user_cannon.blk	76mm_sapom_sap	76 mm Sapom Sap	HE	6.35	910	0.46	0.076	0
gameData/Weapons/groundModels_weapons/81mm_oerlikon_typ_3z_8dla_user_cannon.blk	81mm_ssk032	81 mm Ssk032	HE	19.7	0	2.78	0.081	0
gameData/Weapons/groundModels_weapons/81mm_oerlikon_typ_3z_8dla_raketenautomat_user_cannon.blk	81mm_ssk032	81 mm Ssk032	HE	19.7	0	2.78	0.081	0
gameData/Weapons/groundModels_weapons/12_7mm_qjc_88a_user_machinegun.blk	i_ball_mdz	I Ball Mdz	HE	0.04425	860	0.0019	0.0127	3.5
gameData/Weapons/groundModels_weapons/12_7mm_nsv_t_80_user_cannon.blk	i_ball_mdz	I Ball Mdz	HE	0.04425	860	0.0019	0.0127	3.5
gameData/Weapons/groundModels_weapons/12_7mm_nsv_user_cannon.blk	i_ball_mdz	I Ball Mdz	HE	0.04425	860	0.0019	0.0127	3.5
gameData/Weapons/groundModels_weapons/12_7mm_6p50_kord_t_90m_2020_user_machinegun.blk	i_ball_mdz	I Ball Mdz	HE	0.04425	860	0.0019	0.0127	3.5
gameData/Weapons/groundModels_weapons/12_7mm_type_77_user_machinegun.blk	i_ball_mdz	I Ball Mdz	HE	0.04425	860	0.0019	0.0127	3.5
gameData/Weapons/groundModels_weapons/12_7mm_type_54_user_machinegun.blk	i_ball_mdz	I Ball Mdz	HE	0.04425	860	0.0019	0.0127	3.5
gameData/Weapons/groundModels_weapons/12_7mm_nsv_t_72_user_cannon.blk	i_ball_mdz	I Ball Mdz	HE	0.04425	860	0.0019	0.0127	3.5
gameData/Weapons/groundModels_weapons/12_7mm_dshk_gaz_user_machinegun.blk	i_ball_mdz	I Ball Mdz	HE	0.04425	860	0.0019	0.0127	3.5
gameData/Weapons/groundModels_weapons/12_7mm_6p50_kord_t_72_user_machinegun.blk	i_ball_mdz	I Ball Mdz	HE	0.04425	860	0.0019	0.0127	3.5
gameData/Weapons/groundModels_weapons/12_7mm_6p50_kord_user_machinegun.blk	i_ball_mdz	I Ball Mdz	HE	0.04425	860	0.0019	0.0127	3.5
gameData/Weapons/groundModels_weapons/12_7mm_dk_user_machinegun.blk	i_ball_mdz	I Ball Mdz	HE	0.04425	860	0.0019	0.0127	3.5
gameData/Weapons/groundModels_weapons/12_7mm_dshk_user_machinegun.blk	i_ball_mdz	I Ball Mdz	HE	0.04425	860	0.0019	0.0127	3.5
gameData/Weapons/groundModels_weapons/12_7mm_kt_user_cannon.blk	i_ball_mdz	I Ball Mdz	HE	0.04425	860	0.0019	0.0127	3.5
gameData/Weapons/groundModels_weapons/12_7mm_m80_user_machinegun.blk	t_ball_M48A2	T Ball M48A2	HE	0.054431	525.17	0	0.0127	7
gameData/Weapons/groundModels_weapons/12_7mm_m80_20_user_machinegun.blk	t_ball_M48A2	T Ball M48A2	HE	0.054431	525.17	0	0.0127	7
gameData/Weapons/groundModels_weapons/12_7mm_type_60b_user_machinegun.blk	t_ball_M48A2	T Ball M48A2	HE	0.053329498	532	0	0.0127	7
gameData/Weapons/groundModels_weapons/12_7mm_l21a1_user_machinegun.blk	t_ball_M48A2	T Ball M48A2	HE	0.035	915	0	0.0127	7
gameData/Weapons/groundModels_weapons/100mm_2a48_user_cannon.blk	100mm_3bk_17m	100 mm 3Bk 17M	HEAT-FS	9.96	1085	0.935	0.1	5
gameData/Weapons/groundModels_weapons/100mm_d10t2s_fin_user_cannon.blk	100mm_3bk_17m	100 mm 3Bk 17M	HEAT-FS	9.96	1085	0.935	0.1	5
gameData/Weapons/groundModels_weapons/100mm_d10t2s_user_cannon.blk	100mm_3bk_17m	100 mm 3Bk 17M	HEAT-FS	9.96	1085	0.935	0.1	5
gameData/Weapons/groundModels_weapons/100mm_d54ts_user_cannon.blk	100mm_d54ts_heat	100 mm D54ts Heat	HEAT-FS	12.38	1025	0.995	0.1	5
gameData/Weapons/groundModels_weapons/100mm_type59_user_cannon.blk	100mm_type1973	100 mm Type1973	HEAT-FS	10.05	955	0.922	0.1	5
gameData/Weapons/groundModels_weapons/100mm_type69_user_cannon.blk	100mm_type1973	100 mm Type1973	HEAT-FS	10.05	955	0.922	0.1	5
gameData/Weapons/groundModels_weapons/100mm_type69_ii_user_cannon.blk	100mm_type1973	100 mm Type1973	HEAT-FS	10.05	955	0.922	0.1	5
gameData/Weapons/groundModels_weapons/100mm_ptp86_user_cannon.blk	100mm_type1973	100 mm Type1973	HEAT-FS	10.05	955	0.922	0.1	5
gameData/Weapons/groundModels_weapons/100mm_d10t_user_cannon.blk	100mm_zbk_5	100 mm Zbk 5	HEAT-FS	12.38	900	0.995	0.1	5
gameData/Weapons/groundModels_weapons/100mm_d10s_user_cannon.blk	100mm_zbk_5	100 mm Zbk 5	HEAT-FS	12.38	900	0.995	0.1	5
gameData/Weapons/groundModels_weapons/100mm_d10t2s_to_55_user_cannon.blk	100mm_zbk_5	100 mm Zbk 5	HEAT-FS	12.38	900	0.995	0.1	5
gameData/Weapons/groundModels_weapons/100mm_d50_user_cannon.blk	100mm_zbk_5	100 mm Zbk 5	HEAT-FS	12.38	900	0.995	0.1	5
gameData/Weapons/groundModels_weapons/100mm_lb1_user_cannon.blk	100mm_zbk_5	100 mm Zbk 5	HEAT-FS	12.38	900	0.995	0.1	5
gameData/Weapons/groundModels_weapons/105mm_mavag_40_43m_user_cannon.blk	105mm_42m	105 mm 42M	HEAT-FS	17	444	1.8	0.105	5
gameData/Weapons/groundModels_weapons/105mm_fmk4_modelo_1l_2c_user_cannon.blk	105mm_dm12	105 mm Dm12	HEAT-FS	10.5	1173.5	0.97	0.105	400
gameData/Weapons/groundModels_weapons/105mm_l7a3_radpanzer_user_cannon.blk	105mm_dm12	105 mm Dm12	HEAT-FS	10.5	1173.5	0.97	0.105	400
gameData/Weapons/groundModels_weapons/105mm_cockerill_hp_user_cannon.blk	105mm_dm12	105 mm Dm12	HEAT-FS	10.5	1173.5	0.97	0.105	400
gameData/Weapons/groundModels_weapons/105mm_l7a3_user_cannon.blk	105mm_dm12	105 mm Dm12	HEAT-FS	10.5	1173.5	0.97	0.105	400
gameData/Weapons/groundModels_weapons/105mm_l7a3_ga_2_user_cannon.blk	105mm_dm12	105 mm Dm12	HEAT-FS	10.5	1173.5	0.97	0.105	400
gameData/Weapons/groundModels_weapons/105mm_fmk4_modelo_1l_user_cannon.blk	105mm_dm12	105 mm Dm12	HEAT-FS	10.5	1173.5	0.97	0.105	400
gameData/Weapons/groundModels_weapons/105mm_gt_7_user_cannon.blk	105mm_dm12	105 mm Dm12	HEAT-FS	10.5	1173.5	0.97	0.105	400
gameData/Weapons/groundModels_weapons/105mm_rh105_30_user_cannon.blk	105mm_dm12	105 mm Dm12	HEAT-FS	10.5	1173.5	0.97	0.105	400
gameData/Weapons/groundModels_weapons/105mm_fmk4_modelo_1l_2ip_user_cannon.blk	105mm_dm12	105 mm Dm12	HEAT-FS	10.5	1173.5	0.97	0.105	400
gameData/Weapons/groundModels_weapons/105mm_gt3b_user_cannon.blk	105mm_dm12	105 mm Dm12	HEAT-FS	10.5	1173.5	0.97	0.105	400
gameData/Weapons/groundModels_weapons/105mm_ansaldo_105_25_user_cannon.blk	105mm_ep_m43	105 mm Ep M43	HEAT-FS	14	510	1.8	0.105	5
gameData/Weapons/groundModels_weapons/100mm_mod_1914_100_17_user_cannon.blk	105mm_ep_m43	105 mm Ep M43	HEAT-FS	12.5	431	1.2	0.1	5
gameData/Weapons/groundModels_weapons/105mm_stuh42_user_cannon.blk	105mm_grhl_39_b	105 mm Grhl 39 B	HEAT-FS	12.35	495	1.49	0.105	5
gameData/Weapons/groundModels_weapons/105mm_stuh42_user_cannon.blk	105mm_grhl_39_c	105 mm Grhl 39 C	HEAT-FS	12.35	495	1.5	0.105	5
gameData/Weapons/groundModels_weapons/105mm_m68_magach_user_cannon.blk	105mm_imi_m152	105 mm Imi M152	HEAT-FS	10.5	1173.5	0.97	0.105	400
gameData/Weapons/groundModels_weapons/105mm_gt3_user_cannon.blk	105mm_imi_m152	105 mm Imi M152	HEAT-FS	10.5	1173.5	0.97	0.105	400
gameData/Weapons/groundModels_weapons/105mm_gt3_ttd_user_cannon.blk	105mm_imi_m152	105 mm Imi M152	HEAT-FS	10.5	1173.5	0.97	0.105	400
gameData/Weapons/groundModels_weapons/105mm_l7_shot_user_cannon.blk	105mm_imi_m152	105 mm Imi M152	HEAT-FS	10.5	1173.5	0.97	0.105	400
gameData/Weapons/groundModels_weapons/105mm_cn_105_g2_user_cannon.blk	105mm_m1061	105 mm M1061	HEAT-FS	10.5	1173.5	0.97	0.105	400
gameData/Weapons/groundModels_weapons/105mm_xc8_l50_user_cannon.blk	105mm_m1061	105 mm M1061	HEAT-FS	10.5	1173.5	0.97	0.105	400
gameData/Weapons/groundModels_weapons/105mm_m68_xm_user_cannon.blk	105mm_m456	105 mm M456	HEAT-FS	10.5	1173.5	0.97	0.105	400
gameData/Weapons/groundModels_weapons/105mm_m68_tts_user_cannon.blk	105mm_m456	105 mm M456	HEAT-FS	10.5	1173.5	0.97	0.105	400
gameData/Weapons/groundModels_weapons/105mm_m68_user_cannon.blk	105mm_m456	105 mm M456	HEAT-FS	10.5	1173.5	0.97	0.105	400
gameData/Weapons/groundModels_weapons/105mm_m68_m60a1_user_cannon.blk	105mm_m456	105 mm M456	HEAT-FS	10.5	1173.5	0.97	0.105	400
gameData/Weapons/groundModels_weapons/105mm_gt_8_user_cannon.blk	105mm_m456	105 mm M456	HEAT-FS	10.5	1173.5	0.97	0.105	400
gameData/Weapons/groundModels_weapons/105mm_oto_melara_romor_user_cannon.blk	105mm_m456	105 mm M456	HEAT-FS	10.5	1173.5	0.97	0.105	400
gameData/Weapons/groundModels_weapons/105mm_oto_melara_user_cannon.blk	105mm_m456	105 mm M456	HEAT-FS	10.5	1173.5	0.97	0.105	400
gameData/Weapons/groundModels_weapons/105mm_l7_mk_3_user_cannon.blk	105mm_m456	105 mm M456	HEAT-FS	10.5	1173.5	0.97	0.105	400
gameData/Weapons/groundModels_weapons/105mm_oto_melara_mk_2_user_cannon.blk	105mm_m456	105 mm M456	HEAT-FS	10.5	1173.5	0.97	0.105	400
gameData/Weapons/groundModels_weapons/105mm_105_55_oto_melara_user_cannon.blk	105mm_m456	105 mm M456	HEAT-FS	10.5	1173.5	0.97	0.105	400
gameData/Weapons/groundModels_weapons/105mm_l7a3_type74_user_cannon.blk	105mm_m456	105 mm M456	HEAT-FS	10.5	1173.5	0.97	0.105	400
gameData/Weapons/groundModels_weapons/105mm_l7a3_stb_user_cannon.blk	105mm_m456	105 mm M456	HEAT-FS	10.5	1173.5	0.97	0.105	400
gameData/Weapons/groundModels_weapons/105mm_m68a1_e8_user_cannon.blk	105mm_m456a2	105 mm M456A2	HEAT-FS	10.5	1173.5	0.97	0.105	400
gameData/Weapons/groundModels_weapons/105mm_m35_user_cannon.blk	105mm_m456a2	105 mm M456A2	HEAT-FS	10.5	1173.5	0.97	0.105	400
gameData/Weapons/groundModels_weapons/105mm_xm_35_user_cannon.blk	105mm_m456a2	105 mm M456A2	HEAT-FS	10.5	1173.5	0.97	0.105	400
gameData/Weapons/groundModels_weapons/105mm_m68a1_ags_user_cannon.blk	105mm_m456a2	105 mm M456A2	HEAT-FS	10.5	1173.5	0.97	0.105	400
gameData/Weapons/groundModels_weapons/105mm_m68a1_ip_user_cannon.blk	105mm_m456a2	105 mm M456A2	HEAT-FS	10.5	1173.5	0.97	0.105	400
gameData/Weapons/groundModels_weapons/105mm_m68a1_user_cannon.blk	105mm_m456a2	105 mm M456A2	HEAT-FS	10.5	1173.5	0.97	0.105	400
gameData/Weapons/groundModels_weapons/105mm_lrf_user_cannon.blk	105mm_m456a2	105 mm M456A2	HEAT-FS	10.5	1173.5	0.97	0.105	400
gameData/Weapons/groundModels_weapons/105mm_m4_user_cannon.blk	105mm_m67	105 mm M67	HEAT-FS	13.14	381	1.33	0.105	5
gameData/Weapons/groundModels_weapons/105mm_pzk_m57_user_cannon.blk	105mm_occ_f1	105 mm Occ F1	HEAT-FS	10.95	1000	0.78	0.105	5
gameData/Weapons/groundModels_weapons/105mm_cn_105_f1_user_cannon.blk	105mm_occ_f1	105 mm Occ F1	HEAT-FS	10.95	1000	0.78	0.105	5
gameData/Weapons/groundModels_weapons/105mm_cn_105_57_user_cannon.blk	105mm_occ_f1	105 mm Occ F1	HEAT-FS	10.95	800	0.78	0.105	5
gameData/Weapons/groundModels_weapons/105mm_cn_105_g1_user_cannon.blk	105mm_occ_f1	105 mm Occ F1	HEAT-FS	10.95	800	0.78	0.105	5
gameData/Weapons/groundModels_weapons/105mm_m_51_user_cannon.blk	105mm_occ_f1	105 mm Occ F1	HEAT-FS	10.95	800	0.78	0.105	5
gameData/Weapons/groundModels_weapons/105mm_modele_f2_user_cannon.blk	105mm_occ_f3	105 mm Occ F3	HEAT-FS	5.65	1120	0.78	0.105	5
gameData/Weapons/groundModels_weapons/105mm_giat_105_g1_user_cannon.blk	105mm_occ_f3	105 mm Occ F3	HEAT-FS	5.65	1120	0.78	0.105	5
gameData/Weapons/groundModels_weapons/105mm_kan_ikv_user_cannon.blk	105mm_psgr_m49	105 mm Psgr M49	HEAT-FS	10.25	418	0.95	0.105	5
gameData/Weapons/groundModels_weapons/105mm_kan_m44_user_cannon.blk	105mm_psgr_m49	105 mm Psgr M49	HEAT-FS	10.25	425	0.95	0.105	5
gameData/Weapons/groundModels_weapons/105mm_kan_ikv_user_cannon.blk	105mm_slpsgr_m65	105 mm Slpsgr M65	HEAT-FS	10.2	530	1.08	0.105	5
gameData/Weapons/groundModels_weapons/105mm_t140e3_user_cannon.blk	105mm_t298e1	105 mm T298e1	HEAT-FS	10.2	1128	1.2	0.105	5
gameData/Weapons/groundModels_weapons/105mm_t140_user_cannon.blk	105mm_t298e1	105 mm T298e1	HEAT-FS	10.2	1128	1.2	0.105	5
gameData/Weapons/groundModels_weapons/105mm_type_75_user_cannon.blk	105mm_type_75_heat	105 mm Type 75 Heat	HEAT-FS	7.96	503	1.26	0.105	1
gameData/Weapons/groundModels_weapons/105mm_at_wma_user_cannon.blk	105mm_TYPE83_HEAT	105 mm TYPE83 HEAT	HEAT-FS	11	1173.5	0.97	0.105	400
gameData/Weapons/groundModels_weapons/105mm_type_83_user_cannon.blk	105mm_TYPE83_HEAT	105 mm TYPE83 HEAT	HEAT-FS	11	1173.5	0.97	0.105	400
gameData/Weapons/groundModels_weapons/105mm_88b_105t_user_cannon.blk	105mm_TYPE83_HEAT	105 mm TYPE83 HEAT	HEAT-FS	11	1173.5	0.97	0.105	400
gameData/Weapons/groundModels_weapons/105mm_zpl94_user_cannon.blk	105mm_TYPE83_HEAT	105 mm TYPE83 HEAT	HEAT-FS	11	1200	0.97	0.105	400
gameData/Weapons/groundModels_weapons/105mm_zpl151a_user_cannon.blk	105mm_TYPE83_HEAT	105 mm TYPE83 HEAT	HEAT-FS	11	1173.5	0.97	0.105	400
gameData/Weapons/groundModels_weapons/105mm_zpl98a_user_cannon.blk	105mm_TYPE83_HEAT	105 mm TYPE83 HEAT	HEAT-FS	11	1173.5	0.97	0.105	400
gameData/Weapons/groundModels_weapons/105mm_l7a3_type74kai_user_cannon.blk	105mm_type91	105 mm Type91	HEAT-FS	9.4	1150	1.2	0.105	400
gameData/Weapons/groundModels_weapons/105mm_jsw_user_cannon.blk	105mm_type91	105 mm Type91	HEAT-FS	9.4	1150	1.2	0.105	400
gameData/Weapons/groundModels_weapons/105mm_type_91_user_cannon.blk	105mm_type91_heat	105 mm Type91 Heat	HEAT-FS	10.91	337	1.59	0.105	5
gameData/Weapons/groundModels_weapons/106mm_m40a1c_t114_user_cannon.blk	106mm_m344a1	106 mm M344A1	HEAT-FS	10	502	1.26	0.106	1
gameData/Weapons/groundModels_weapons/106mm_m40a1c_user_cannon.blk	106mm_m344a1	106 mm M344A1	HEAT-FS	7.96	502.92	1.26	0.106	1
gameData/Weapons/groundModels_weapons/106mm_106_sr_user_cannon.blk	106mm_m344a1	106 mm M344A1	HEAT-FS	7.96	502.92	1.26	0.106	1
gameData/Weapons/groundModels_weapons/106mm_m40_rr_user_cannon.blk	106mm_m344a1	106 mm M344A1	HEAT-FS	7.96	502.92	1.26	0.106	1
gameData/Weapons/groundModels_weapons/106mm_m40a1_lgs_user_cannon.blk	106mm_m344a1	106 mm M344A1	HEAT-FS	7.96	502.92	1.26	0.106	1
gameData/Weapons/groundModels_weapons/106mm_106_sr_md_user_cannon.blk	106mm_m361a1_md	106 mm M361A1 Md	HEAT-FS	7.96	502.92	0.75	0.106	1
gameData/Weapons/groundModels_weapons/106mm_type_60b_user_cannon.blk	106mm_type_64_heat	106 mm Type 64 Heat	HEAT-FS	7.96	502.92	1.26	0.106	1
gameData/Weapons/groundModels_weapons/114mm_psv_h_18_user_cannon.blk	114mm_hkr	114 mm Hkr	HEAT-FS	13.5	357	1.5	0.114	5
gameData/Weapons/groundModels_weapons/115mm_u5ts_t-62m1_user_cannon.blk	115mm_3bk_15m	115 mm 3Bk 15M	HEAT-FS	12.2	1060	1.478	0.115	5
gameData/Weapons/groundModels_weapons/115mm_u5ts_user_cannon.blk	115mm_3bk_4	115 mm 3Bk 4	HEAT-FS	12.97	950	1.478	0.115	5
gameData/Weapons/groundModels_weapons/120mm_122tm_user_cannon.blk	120mm_122tm_heat	120 mm 122Tm Heat	HEAT-FS	15	1000	1.35	0.12	5
gameData/Weapons/groundModels_weapons/120mm_rheinmetall_l44_user_cannon.blk	120mm_dm12	120 mm Dm12	HEAT-FS	13.5	1140	1.64	0.12	480
gameData/Weapons/groundModels_weapons/120mm_rheinmetall_l44_autoloader_user_cannon.blk	120mm_dm12	120 mm Dm12	HEAT-FS	13.5	1140	1.64	0.12	480
gameData/Weapons/groundModels_weapons/120mm_rheinmetall_l44_vt_user_cannon.blk	120mm_dm12	120 mm Dm12	HEAT-FS	13.5	1140	1.64	0.12	480
gameData/Weapons/groundModels_weapons/120mm_rheinmetall_l55_user_cannon.blk	120mm_dm12a1	120 mm Dm12A1	HEAT-FS	13.5	1190	1.64	0.12	480
gameData/Weapons/groundModels_weapons/120mm_oto_breda_120_44_ariete_amv_user_cannon.blk	120mm_dm12a1	120 mm Dm12A1	HEAT-FS	13.5	1140	1.64	0.12	480
gameData/Weapons/groundModels_weapons/120mm_rheinmetall_l44_2pl_user_cannon.blk	120mm_dm12a1	120 mm Dm12A1	HEAT-FS	13.5	1140	1.64	0.12	480
gameData/Weapons/groundModels_weapons/120mm_ctg_l50_user_cannon.blk	120mm_dm12a1	120 mm Dm12A1	HEAT-FS	13.5	1170	1.64	0.12	480
gameData/Weapons/groundModels_weapons/120mm_oto_breda_120_44_ariete_user_cannon.blk	120mm_dm12a1	120 mm Dm12A1	HEAT-FS	13.5	1140	1.64	0.12	480
gameData/Weapons/groundModels_weapons/120mm_oto_leonardo_120_45_user_cannon.blk	120mm_dm12a1	120 mm Dm12A1	HEAT-FS	13.5	1140	1.64	0.12	480
gameData/Weapons/groundModels_weapons/120mm_oto_breda_120_44_user_cannon.blk	120mm_dm12a1	120 mm Dm12A1	HEAT-FS	13.5	1140	1.64	0.12	480
gameData/Weapons/groundModels_weapons/120mm_rheinmetall_l44_2ri_user_cannon.blk	120mm_dm12a1	120 mm Dm12A1	HEAT-FS	13.5	1140	1.64	0.12	480
gameData/Weapons/groundModels_weapons/120mm_rheinmetall_l55_a1_cr_lep_user_cannon.blk	120mm_dm12a1	120 mm Dm12A1	HEAT-FS	13.5	1190	1.64	0.12	480
gameData/Weapons/groundModels_weapons/120mm_rheinmetall_l44_can_user_cannon.blk	120mm_dm12a1	120 mm Dm12A1	HEAT-FS	13.5	1140	1.64	0.12	480
gameData/Weapons/groundModels_weapons/120mm_kan_strv_122_user_cannon.blk	120mm_dm12a1	120 mm Dm12A1	HEAT-FS	13.5	1140	1.64	0.12	480
gameData/Weapons/groundModels_weapons/120mm_rheinmetall_l44_2a5_user_cannon.blk	120mm_dm12a1	120 mm Dm12A1	HEAT-FS	13.5	1140	1.64	0.12	480
gameData/Weapons/groundModels_weapons/120mm_oto_melara_120_45_mgs_user_cannon.blk	120mm_dm12a1	120 mm Dm12A1	HEAT-FS	13.5	1140	1.64	0.12	480
gameData/Weapons/groundModels_weapons/120mm_rheinmetall_l55_a1_user_cannon.blk	120mm_dm12a1	120 mm Dm12A1	HEAT-FS	13.5	1190	1.64	0.12	480
gameData/Weapons/groundModels_weapons/120mm_type_90_l44_user_cannon.blk	120mm_jm12a1	120 mm Jm12A1	HEAT-FS	13.5	1140	1.64	0.12	480
gameData/Weapons/groundModels_weapons/120mm_tkg_user_cannon.blk	120mm_jm12a1	120 mm Jm12A1	HEAT-FS	13.5	1140	1.64	0.12	480
gameData/Weapons/groundModels_weapons/120mm_imi_mg251_user_cannon.blk	120mm_m325	120 mm M325	HEAT-FS	15.81	1078	1.8	0.12	5
gameData/Weapons/groundModels_weapons/120mm_imi_mg253_user_cannon.blk	120mm_m325	120 mm M325	HEAT-FS	15.81	1078	1.8	0.12	5
gameData/Weapons/groundModels_weapons/120mm_imi_mg251_lr_user_cannon.blk	120mm_m325	120 mm M325	HEAT-FS	15.81	1078	1.8	0.12	5
gameData/Weapons/groundModels_weapons/120mm_m58_user_cannon.blk	120mm_m469	120 mm M469	HEAT-FS	23.81	1143	2.04	0.12	5
gameData/Weapons/groundModels_weapons/120mm_m256_m1a3_user_cannon.blk	120mm_m830	120 mm M830	HEAT-FS	13.1	1140	1.64	0.12	5
gameData/Weapons/groundModels_weapons/120mm_m256_m1a2t_user_cannon.blk	120mm_m830	120 mm M830	HEAT-FS	13.1	1140	1.64	0.12	5
gameData/Weapons/groundModels_weapons/120mm_m256_m1a2_user_cannon.blk	120mm_m830	120 mm M830	HEAT-FS	13.1	1140	1.64	0.12	5
gameData/Weapons/groundModels_weapons/120mm_m256_ke_w_user_cannon.blk	120mm_m830	120 mm M830	HEAT-FS	13.1	1140	1.64	0.12	5
gameData/Weapons/groundModels_weapons/120mm_m256_user_cannon.blk	120mm_m830	120 mm M830	HEAT-FS	13.1	1140	1.64	0.12	5
gameData/Weapons/groundModels_weapons/120mm_giat_cn120_26_f1_msc_user_cannon.blk	120mm_occ_120_g1	120 mm Occ 120 G1	HEAT-FS	14.4	1100	1.64	0.12	5
gameData/Weapons/groundModels_weapons/120mm_giat_cn120_26_f1_user_cannon.blk	120mm_occ_120_g1	120 mm Occ 120 G1	HEAT-FS	14.4	1100	1.64	0.12	5
gameData/Weapons/groundModels_weapons/120mm_giat_cn120_25_g1_user_cannon.blk	120mm_occ_120_g1	120 mm Occ 120 G1	HEAT-FS	14.3	1050	1.64	0.12	5
gameData/Weapons/groundModels_weapons/122mm_m30_user_cannon.blk	122mm_bp_462	122 mm Bp 462	HEAT-FS	13.4	335	2.18	0.122	5
gameData/Weapons/groundModels_weapons/122mm_d49_user_cannon.blk	122mm_zbk_10	122 mm Zbk 10	HEAT-FS	18.4	820	1.334	0.122	5
gameData/Weapons/groundModels_weapons/122mm_d25ts_user_cannon.blk	122mm_zbk_10	122 mm Zbk 10	HEAT-FS	18.4	820	1.334	0.122	5
gameData/Weapons/groundModels_weapons/122mm_d30t_user_cannon.blk	122mm_zbk_10	122 mm Zbk 10	HEAT-FS	18.4	820	1.334	0.122	5
gameData/Weapons/groundModels_weapons/122mm_d25t_user_cannon.blk	122mm_zbk_10	122 mm Zbk 10	HEAT-FS	18.4	820	1.334	0.122	5
gameData/Weapons/groundModels_weapons/122mm_2a31_user_cannon.blk	122mm_zbk_10	122 mm Zbk 10	HEAT-FS	18.4	726	1.334	0.122	5
gameData/Weapons/groundModels_weapons/122mm_m62t2s_user_cannon.blk	122mm_zbk_9	122 mm Zbk 9	HEAT-FS	18.4	920	1.698	0.122	5
gameData/Weapons/groundModels_weapons/125mm_2a46_2_user_cannon.blk	125mm_3bk_12m	125 mm 3Bk 12M	HEAT-FS	19	905	1.65	0.125	5
gameData/Weapons/groundModels_weapons/125mm_2a46_m1_t_80bvm_user_cannon.blk	125mm_3bk_12m	125 mm 3Bk 12M	HEAT-FS	19	905	1.65	0.125	5
gameData/Weapons/groundModels_weapons/125mm_2a75_m_user_cannon.blk	125mm_3bk_12m	125 mm 3Bk 12M	HEAT-FS	19	905	1.65	0.125	5
gameData/Weapons/groundModels_weapons/125mm_2a26_user_cannon.blk	125mm_3bk_12m	125 mm 3Bk 12M	HEAT-FS	19	905	1.65	0.125	5
gameData/Weapons/groundModels_weapons/125mm_2a46_m1_t_80u_e1_user_cannon.blk	125mm_3bk_12m	125 mm 3Bk 12M	HEAT-FS	19	905	1.65	0.125	5
gameData/Weapons/groundModels_weapons/125mm_2a46_m1_t_80u_user_cannon.blk	125mm_3bk_12m	125 mm 3Bk 12M	HEAT-FS	19	905	1.65	0.125	5
gameData/Weapons/groundModels_weapons/125mm_2a46ms_user_cannon.blk	125mm_3bk_12m	125 mm 3Bk 12M	HEAT-FS	19	905	1.65	0.125	5
gameData/Weapons/groundModels_weapons/125mm_2a46_m1_user_cannon.blk	125mm_3bk_12m	125 mm 3Bk 12M	HEAT-FS	19	905	1.65	0.125	5
gameData/Weapons/groundModels_weapons/125mm_2a46_m1_t_80uk_user_cannon.blk	125mm_3bk_12m	125 mm 3Bk 12M	HEAT-FS	19	905	1.65	0.125	5
gameData/Weapons/groundModels_weapons/125mm_2a46m_user_cannon.blk	125mm_3bk_12m	125 mm 3Bk 12M	HEAT-FS	19	905	1.65	0.125	5
gameData/Weapons/groundModels_weapons/125mm_2a46_m1_t_80ud_user_cannon.blk	125mm_3bk_12m	125 mm 3Bk 12M	HEAT-FS	19	905	1.65	0.125	5
gameData/Weapons/groundModels_weapons/125mm_2a75_user_cannon.blk	125mm_3bk_12m	125 mm 3Bk 12M	HEAT-FS	19	905	1.65	0.125	5
gameData/Weapons/groundModels_weapons/125mm_2a46_m5_t_90m_user_cannon.blk	125mm_3bk_18m	125 mm 3Bk 18M	HEAT-FS	19	905	1.754	0.125	5
gameData/Weapons/groundModels_weapons/125mm_2a46_m5_user_cannon.blk	125mm_3bk_18m	125 mm 3Bk 18M	HEAT-FS	19	905	1.754	0.125	5
gameData/Weapons/groundModels_weapons/125mm_2a46_m5_t_90a_user_cannon.blk	125mm_3bk_18m	125 mm 3Bk 18M	HEAT-FS	19	905	1.754	0.125	5
gameData/Weapons/groundModels_weapons/125mm_2a46_m1_user_cannon.blk	125mm_3bk_18m	125 mm 3Bk 18M	HEAT-FS	19	905	1.754	0.125	5
gameData/Weapons/groundModels_weapons/125mm_2a46_m5_t_90s_bheeshma_user_cannon.blk	125mm_3bk_18m	125 mm 3Bk 18M	HEAT-FS	19	905	1.754	0.125	5
gameData/Weapons/groundModels_weapons/125mm_2a46_m1_t_80u_e1_user_cannon.blk	125mm_3bk_18m	125 mm 3Bk 18M	HEAT-FS	19	905	1.754	0.125	5
gameData/Weapons/groundModels_weapons/125mm_2a46_m1_t_80uk_user_cannon.blk	125mm_3bk_18m	125 mm 3Bk 18M	HEAT-FS	19	905	1.754	0.125	5
gameData/Weapons/groundModels_weapons/125mm_2a46_m1_t_80u_user_cannon.blk	125mm_3bk_18m	125 mm 3Bk 18M	HEAT-FS	19	905	1.754	0.125	5
gameData/Weapons/groundModels_weapons/125mm_kba_3_user_cannon.blk	125mm_3bk_18m	125 mm 3Bk 18M	HEAT-FS	19	905	1.754	0.125	5
gameData/Weapons/groundModels_weapons/125mm_2a75_user_cannon.blk	125mm_3bk_18m	125 mm 3Bk 18M	HEAT-FS	19	905	1.754	0.125	5
gameData/Weapons/groundModels_weapons/125mm_2a46_m1_t_80ud_user_cannon.blk	125mm_3bk_18m	125 mm 3Bk 18M	HEAT-FS	19	905	1.754	0.125	5
gameData/Weapons/groundModels_weapons/125mm_2a75_m_user_cannon.blk	125mm_3bk_18m	125 mm 3Bk 18M	HEAT-FS	19	905	1.754	0.125	5
gameData/Weapons/groundModels_weapons/125mm_2a46_2_user_cannon.blk	125mm_3bk_18m	125 mm 3Bk 18M	HEAT-FS	19	905	1.754	0.125	5
gameData/Weapons/groundModels_weapons/125mm_2a46_m1_t_80bvm_user_cannon.blk	125mm_3bk_18m	125 mm 3Bk 18M	HEAT-FS	19	905	1.754	0.125	5
gameData/Weapons/groundModels_weapons/125mm_2a46m_5_user_cannon.blk	125mm_3bk_29m	125 mm 3Bk 29M	HEAT-FS	18.4	915	1.64	0.125	5
gameData/Weapons/groundModels_weapons/125mm_zpt_98_user_cannon.blk	125mm_dtp_125	125 mm Dtp 125	HEAT-FS	18	905	1.71	0.125	5
gameData/Weapons/groundModels_weapons/125mm_type_88c_user_cannon.blk	125mm_dtp_125	125 mm Dtp 125	HEAT-FS	18	905	1.71	0.125	5
gameData/Weapons/groundModels_weapons/125mm_type_99a_user_cannon.blk	125mm_dtp_125	125 mm Dtp 125	HEAT-FS	18	905	1.71	0.125	5
gameData/Weapons/groundModels_weapons/125mm_zpt_98_vt4b_user_cannon.blk	125mm_dtp_125	125 mm Dtp 125	HEAT-FS	18	905	1.71	0.125	5
gameData/Weapons/groundModels_weapons/125mm_l54_cn_user_cannon.blk	125mm_dtp_125	125 mm Dtp 125	HEAT-FS	18	930	1.71	0.125	5
gameData/Weapons/groundModels_weapons/140mm_ct_t_user_cannon.blk	140mm_mphe	140 mm Mphe	HEAT-FS	37.5	1650	5.5	0.14	100
gameData/Weapons/groundModels_weapons/140mm_utc_l55_user_cannon.blk	140mm_mphe	140 mm Mphe	HEAT-FS	37.5	1410	5.5	0.14	100
gameData/Weapons/groundModels_weapons/150mm_sfh_18_user_cannon.blk	150mm_gr_39_hl_a_heat	150 mm Gr 39 Hl A Heat	HEAT-FS	25	465	4.16	0.15	5
gameData/Weapons/groundModels_weapons/150mm_stuh_43_user_cannon.blk	150mm_jgr_39	150 mm Jgr 39	HEAT-FS	24.58	280	4.16	0.15	5
gameData/Weapons/groundModels_weapons/150mm_sig_33_user_cannon.blk	150mm_jgr_39	150 mm Jgr 39	HEAT-FS	24.58	280	4.16	0.15	5
gameData/Weapons/groundModels_weapons/152mm_m64_user_cannon.blk	152mm_bp_540	152 mm Bp 540	HEAT-FS	27.4	770	3.839	0.152	5
gameData/Weapons/groundModels_weapons/152mm_ml20s_user_cannon.blk	152mm_bp_540	152 mm Bp 540	HEAT-FS	27.4	680	3.839	0.152	5
gameData/Weapons/groundModels_weapons/152mm_2a33_user_cannon.blk	152mm_bp_540	152 mm Bp 540	HEAT-FS	27.4	680	3.839	0.152	5
gameData/Weapons/groundModels_weapons/152mm_2a65_m2_user_cannon.blk	152mm_bp_540	152 mm Bp 540	HEAT-FS	27.4	700	3.839	0.152	5
gameData/Weapons/groundModels_weapons/152mm_2a64_user_cannon.blk	152mm_bp_540	152 mm Bp 540	HEAT-FS	27.4	700	3.839	0.152	5
gameData/Weapons/groundModels_weapons/152mm_xm150e6_user_cannon.blk	152mm_m409a1	152 mm M409A1	HEAT-FS	18.9	682	2.85	0.152	5
gameData/Weapons/groundModels_weapons/152mm_m81_user_cannon.blk	152mm_m409a1	152 mm M409A1	HEAT-FS	18.9	682	2.85	0.152	5
gameData/Weapons/groundModels_weapons/152mm_xm150e5_user_cannon.blk	152mm_m409a1	152 mm M409A1	HEAT-FS	18.9	682	2.85	0.152	5
gameData/Weapons/groundModels_weapons/152mm_m162_user_cannon.blk	152mm_m409a1	152 mm M409A1	HEAT-FS	18.9	682	2.85	0.152	5
gameData/Weapons/groundModels_weapons/152mm_xm150e5_kpz_user_cannon.blk	152mm_m409a1	152 mm M409A1	HEAT-FS	18.9	682	2.85	0.152	5
gameData/Weapons/groundModels_weapons/152mm_m69_user_cannon.blk	152mm_m69_heat	152 mm M69 Heat	HEAT-FS	35	1000	3.8	0.152	5
gameData/Weapons/groundModels_weapons/155mm_t180_user_cannon.blk	155_mm_t267	155 mm T267	HEAT-FS	18.9	826	2.85	0.155	5
gameData/Weapons/groundModels_weapons/30mm_2a82_space_user_cannon.blk	30mm_m789	30 mm M789	HEAT-FS	1.2	1500	0.9	0.03	150
gameData/Weapons/groundModels_weapons/50mm_firos_6_user_cannon.blk	50mm_arf_8m3	50 mm Arf 8M3	HEAT-FS	4.8	0	0.37	0.05	1
gameData/Weapons/groundModels_weapons/57mm_type90_user_cannon.blk	57mm_type3	57 mm Type3	HEAT-FS	1.8	380	0.237	0.057	5
gameData/Weapons/groundModels_weapons/57mm_type97_user_cannon.blk	57mm_type3	57 mm Type3	HEAT-FS	1.8	380	0.237	0.057	5
gameData/Weapons/groundModels_weapons/70mm_hydra_70_user_cannon.blk	70mm_m247	70 mm M247	HEAT-FS	10.16	0	0.91	0.07	1
gameData/Weapons/groundModels_weapons/70mm_hydra_70_magach_user_cannon.blk	70mm_m247	70 mm M247	HEAT-FS	10.16	0	0.91	0.07	1
gameData/Weapons/groundModels_weapons/70mm_type94_user_cannon.blk	70mm_type3	70 mm Type3	HEAT-FS	3.35	200	0.47	0.07	5
gameData/Weapons/groundModels_weapons/73mm_2a28_user_cannon.blk	73mm_pg_9	73 mm Pg 9	HEAT-FS	2.6	665	0.322	0.073	1
gameData/Weapons/groundModels_weapons/73mm_type_85_user_cannon.blk	73mm_type_85_heat	73 mm Type 85 Heat	HEAT-FS	2.6	665	0.315	0.073	1
gameData/Weapons/groundModels_weapons/75mm_41m_user_cannon.blk	75mm_42m	75 mm 42M	HEAT-FS	4.8	450	0.515	0.075	5
gameData/Weapons/groundModels_weapons/75mm_43m_user_cannon.blk	75mm_43m_heat	75 mm 43M Heat	HEAT-FS	4.4	550	0.513	0.075	5
gameData/Weapons/groundModels_weapons/75mm_ansaldo_75_18_m34_user_cannon.blk	75mm_eps_m42	75 mm Eps M42	HEAT-FS	5.3	399	0.5	0.075	5
gameData/Weapons/groundModels_weapons/75mm_ansaldo_75_32_m37_user_cannon.blk	75mm_eps_m42	75 mm Eps M42	HEAT-FS	5.3	580	0.5	0.075	5
gameData/Weapons/groundModels_weapons/75mm_kwk37_user_cannon.blk	75mm_grhl_38_b	75 mm Grhl 38 B	HEAT-FS	4.57	450	0.513	0.075	5
gameData/Weapons/groundModels_weapons/75mm_kwk37_for_nbfz_user_cannon.blk	75mm_grhl_38_b	75 mm Grhl 38 B	HEAT-FS	4.57	450	0.513	0.075	5
gameData/Weapons/groundModels_weapons/75mm_pak39_l48_hetzer_user_cannon.blk	75mm_grhl_38_b	75 mm Grhl 38 B	HEAT-FS	4.4	450	0.513	0.075	5
gameData/Weapons/groundModels_weapons/75mm_kwk40_user_cannon.blk	75mm_grhl_38_b	75 mm Grhl 38 B	HEAT-FS	4.4	450	0.513	0.075	5
gameData/Weapons/groundModels_weapons/75mm_pak39_l48_user_cannon.blk	75mm_grhl_38_b	75 mm Grhl 38 B	HEAT-FS	4.4	450	0.513	0.075	5
gameData/Weapons/groundModels_weapons/75mm_stuk40_l48_user_cannon.blk	75mm_grhl_38_b	75 mm Grhl 38 B	HEAT-FS	4.4	450	0.513	0.075	5
gameData/Weapons/groundModels_weapons/75mm_kwk51_user_cannon.blk	75mm_grhl_38_b	75 mm Grhl 38 B	HEAT-FS	4.57	450	0.513	0.075	5
gameData/Weapons/groundModels_weapons/75mm_kwk44_l36_user_cannon.blk	75mm_grhl_38_b	75 mm Grhl 38 B	HEAT-FS	4.4	450	0.513	0.075	5
gameData/Weapons/groundModels_weapons/75mm_stuk40_l43_user_cannon.blk	75mm_grhl_38_b	75 mm Grhl 38 B	HEAT-FS	4.4	450	0.513	0.075	5
gameData/Weapons/groundModels_weapons/75mm_kwk40_l43_user_cannon.blk	75mm_grhl_38_b	75 mm Grhl 38 B	HEAT-FS	4.4	450	0.513	0.075	5
gameData/Weapons/groundModels_weapons/75mm_stuk37_user_cannon.blk	75mm_grhl_38_b	75 mm Grhl 38 B	HEAT-FS	4.57	450	0.513	0.075	5
gameData/Weapons/groundModels_weapons/75mm_kwk40_l48_user_cannon.blk	75mm_grhl_38_b	75 mm Grhl 38 B	HEAT-FS	4.4	450	0.513	0.075	5
gameData/Weapons/groundModels_weapons/75mm_pak40_3_l46_user_cannon.blk	75mm_grhl_38_b	75 mm Grhl 38 B	HEAT-FS	4.4	450	0.513	0.075	5
gameData/Weapons/groundModels_weapons/75mm_kwk51_user_cannon.blk	75mm_grhl_38_c	75 mm Grhl 38 C	HEAT-FS	4.8	450	0.515	0.075	5
gameData/Weapons/groundModels_weapons/75mm_kwk37_user_cannon.blk	75mm_grhl_38_c	75 mm Grhl 38 C	HEAT-FS	4.8	450	0.515	0.075	5
gameData/Weapons/groundModels_weapons/75mm_stuk37_user_cannon.blk	75mm_grhl_38_c	75 mm Grhl 38 C	HEAT-FS	4.8	450	0.515	0.075	5
gameData/Weapons/groundModels_weapons/75mm_kwk44_l36_user_cannon.blk	75mm_grhl_38_c	75 mm Grhl 38 C	HEAT-FS	4.8	450	0.515	0.075	5
gameData/Weapons/groundModels_weapons/75mm_ansaldo_75_34_m39_user_cannon.blk	75mm_m42_eps	75 mm M42 Eps	HEAT-FS	5.3	552	0.513	0.075	5
gameData/Weapons/groundModels_weapons/75mm_ansaldo_75_34_user_cannon.blk	75mm_m42_eps	75 mm M42 Eps	HEAT-FS	5.3	552	0.513	0.075	5
gameData/Weapons/groundModels_weapons/75mm_snowball_event_user_cannon.blk	75mm_m66	75 mm M66	HEAT-FS	6.02	304	0.453	0.075	5
gameData/Weapons/groundModels_weapons/75mm_m2_howitzer_user_cannon.blk	75mm_m66	75 mm M66	HEAT-FS	6.02	304	0.453	0.075	5
gameData/Weapons/groundModels_weapons/75mm_type99_user_cannon.blk	75mm_type2	75 mm Type2	HEAT-FS	3.56	350	0.5	0.075	5
gameData/Weapons/groundModels_weapons/76mm_d56_ts_user_cannon.blk	76mm_bk_354m	76 mm Bk 354M	HEAT-FS	7	700	0.44	0.0762	5
gameData/Weapons/groundModels_weapons/76mm_d56_t_user_cannon.blk	76mm_bk_354m	76 mm Bk 354M	HEAT-FS	7	700	0.44	0.0762	5
gameData/Weapons/groundModels_weapons/76mm_zis5_user_cannon.blk	76mm_bp_350a	76 mm Bp 350A	HEAT-FS	3.94	355	0.48	0.0762	5
gameData/Weapons/groundModels_weapons/76mm_f96_user_cannon.blk	76mm_bp_350a	76 mm Bp 350A	HEAT-FS	3.94	355	0.48	0.0762	5
gameData/Weapons/groundModels_weapons/76mm_f34_user_cannon.blk	76mm_bp_350a	76 mm Bp 350A	HEAT-FS	3.94	355	0.48	0.0762	5
gameData/Weapons/groundModels_weapons/76mm_artillery_support_cannon.blk	76mm_bp_350a	76 mm Bp 350A	HEAT-FS	3.94	355	0.48	0.0762	5
gameData/Weapons/groundModels_weapons/76mm_f32_user_cannon.blk	76mm_bp_350a	76 mm Bp 350A	HEAT-FS	3.94	612	0.48	0.0762	5
gameData/Weapons/groundModels_weapons/76mm_zis3_user_cannon.blk	76mm_bp_350a	76 mm Bp 350A	HEAT-FS	3.94	355	0.48	0.0762	5
gameData/Weapons/groundModels_weapons/76mm_l11_smk_user_cannon.blk	76mm_bp_350a	76 mm Bp 350A	HEAT-FS	3.94	612	0.48	0.0762	5
gameData/Weapons/groundModels_weapons/76mm_l11_user_cannon.blk	76mm_bp_350a	76 mm Bp 350A	HEAT-FS	3.94	612	0.48	0.0762	5
gameData/Weapons/groundModels_weapons/76mm_pak36_r_user_cannon.blk	76mm_grhl_38_c	76 mm Grhl 38 C	HEAT-FS	5.05	450	0.515	0.0762	100
gameData/Weapons/groundModels_weapons/76mm_pak39_r_user_cannon.blk	76mm_grhl_38_c	76 mm Grhl 38 C	HEAT-FS	5.05	450	0.515	0.0762	100
gameData/Weapons/groundModels_weapons/76mm_t185e1_user_cannon.blk	76mm_m496	76 mm M496	HEAT-FS	3.2	1082	0.499	0.0762	5
gameData/Weapons/groundModels_weapons/76mm_m32k1_user_cannon.blk	76mm_m496	76 mm M496	HEAT-FS	3.2	1082	0.499	0.0762	5
gameData/Weapons/groundModels_weapons/76mm_m32_user_cannon.blk	76mm_m496	76 mm M496	HEAT-FS	3.2	1082	0.499	0.0762	5
gameData/Weapons/groundModels_weapons/76mm_kwk_m32_user_cannon.blk	76mm_m496	76 mm M496	HEAT-FS	3.2	1082	0.499	0.0762	5
gameData/Weapons/groundModels_weapons/81mm_oerlikon_typ_3z_8dla_raketenautomat_user_cannon.blk	81mm_pl03	81 mm Pl03	HEAT-FS	13.2	0	1	0.081	1
gameData/Weapons/groundModels_weapons/81mm_oerlikon_typ_3z_8dla_user_cannon.blk	81mm_pl03	81 mm Pl03	HEAT-FS	13.2	0	1	0.081	1
gameData/Weapons/groundModels_weapons/85mm_f30_user_cannon.blk	85mm_3bk2	85 mm 3Bk2	HEAT-FS	7.35	842	0.935	0.085	5
gameData/Weapons/groundModels_weapons/85mm_zis_s_53_user_cannon.blk	85mm_3bk2	85 mm 3Bk2	HEAT-FS	7.35	842	0.935	0.085	5
gameData/Weapons/groundModels_weapons/85mm_d5t_user_cannon.blk	85mm_3bk2	85 mm 3Bk2	HEAT-FS	7.35	842	0.935	0.085	5
gameData/Weapons/groundModels_weapons/85mm_d5s_user_cannon.blk	85mm_3bk2	85 mm 3Bk2	HEAT-FS	7.35	842	0.935	0.085	5
gameData/Weapons/groundModels_weapons/85mm_type_56_user_cannon.blk	85mm_3bk2	85 mm 3Bk2	HEAT-FS	7.35	842	0.935	0.085	5
gameData/Weapons/groundModels_weapons/85mm_d58_user_cannon.blk	85mm_3bk7	85 mm 3Bk7	HEAT-FS	7.22	925	0.935	0.085	5
gameData/Weapons/groundModels_weapons/85mm_d70_user_cannon.blk	85mm_3bk7	85 mm 3Bk7	HEAT-FS	7.22	925	0.935	0.085	5
gameData/Weapons/groundModels_weapons/85mm_type_63_user_cannon.blk	85mm_type1956	85 mm Type1956	HEAT-FS	7	845	0.68	0.085	5
gameData/Weapons/groundModels_weapons/85mm_type_62_85_tc_user_cannon.blk	85mm_type1956	85 mm Type1956	HEAT-FS	7	845	0.68	0.085	5
gameData/Weapons/groundModels_weapons/88mm_kwk43_for_tutorial_user_cannon.blk	88mm_grhl39	88 mm Grhl39	HEAT-FS	7.64	600	0.646	0.088	400
gameData/Weapons/groundModels_weapons/88mm_kwk43_for_panther_ii_user_cannon.blk	88mm_grhl39	88 mm Grhl39	HEAT-FS	7.64	600	0.646	0.088	110
gameData/Weapons/groundModels_weapons/88mm_kwk43_user_cannon.blk	88mm_grhl39	88 mm Grhl39	HEAT-FS	7.64	600	0.646	0.088	110
gameData/Weapons/groundModels_weapons/88mm_pak43_open_turret_user_cannon.blk	88mm_grhl39	88 mm Grhl39	HEAT-FS	7.64	600	0.646	0.088	110
gameData/Weapons/groundModels_weapons/88mm_kwk36_user_cannon.blk	88mm_grhl39	88 mm Grhl39	HEAT-FS	7.64	600	0.646	0.088	110
gameData/Weapons/groundModels_weapons/88mm_pak43_user_cannon.blk	88mm_grhl39	88 mm Grhl39	HEAT-FS	7.64	600	0.646	0.088	110
gameData/Weapons/groundModels_weapons/90mm_m3_m36b2_user_cannon.blk	90mm_m348	90 mm M348	HEAT-FS	6.5	853	0.707	0.09	5
gameData/Weapons/groundModels_weapons/90mm_m3a1_user_cannon.blk	90mm_m348	90 mm M348	HEAT-FS	6.5	853	0.707	0.09	5
gameData/Weapons/groundModels_weapons/90mm_bk_90_user_cannon.blk	90mm_m431	90 mm M431	HEAT-FS	5.8	1181	0.544	0.09	5
gameData/Weapons/groundModels_weapons/90mm_bk90_ru251_user_cannon.blk	90mm_m431	90 mm M431	HEAT-FS	5.8	1181	0.544	0.09	5
gameData/Weapons/groundModels_weapons/90mm_m36_user_cannon.blk	90mm_m431	90 mm M431	HEAT-FS	5.8	1216	0.544	0.09	5
gameData/Weapons/groundModels_weapons/90mm_m41_user_cannon.blk	90mm_m431	90 mm M431	HEAT-FS	5.8	1216	0.544	0.09	5
gameData/Weapons/groundModels_weapons/90mm_type61_user_cannon.blk	90mm_m431	90 mm M431	HEAT-FS	5.8	1216	0.544	0.09	5
gameData/Weapons/groundModels_weapons/90mm_m54_user_cannon.blk	90mm_m431	90 mm M431	HEAT-FS	5.8	1216	0.544	0.09	5
gameData/Weapons/groundModels_weapons/90mm_kanone_m41_user_cannon.blk	90mm_m431	90 mm M431	HEAT-FS	5.8	1216	0.544	0.09	5
gameData/Weapons/groundModels_weapons/90mm_type61_b_user_cannon.blk	90mm_m431	90 mm M431	HEAT-FS	5.8	1216	0.544	0.09	5
gameData/Weapons/groundModels_weapons/90mm_cockerill_mk_3_user_cannon.blk	90mm_m620a1	90 mm M620A1	HEAT-FS	4.1	890	0.56	0.09	5
gameData/Weapons/groundModels_weapons/90mm_cn_90_f3_user_cannon.blk	90mm_occ_90_62	90 mm Occ 90 62	HEAT-FS	3.65	950	0.67	0.09	5
gameData/Weapons/groundModels_weapons/90mm_cn_90_f2_user_cannon.blk	90mm_occ_90_62	90 mm Occ 90 62	HEAT-FS	3.65	750	0.67	0.09	5
gameData/Weapons/groundModels_weapons/90mm_d915_user_cannon.blk	90mm_occ_90_62	90 mm Occ 90 62	HEAT-FS	3.65	800	0.67	0.09	5
gameData/Weapons/groundModels_weapons/90mm_defa_d921_user_cannon.blk	90mm_occ_90_62	90 mm Occ 90 62	HEAT-FS	3.65	800	0.67	0.09	5
gameData/Weapons/groundModels_weapons/90mm_gt_2_user_cannon.blk	90mm_occ_90_62	90 mm Occ 90 62	HEAT-FS	3.65	800	0.67	0.09	5
gameData/Weapons/groundModels_weapons/90mm_cn_90_f4_user_cannon.blk	90mm_occ_90_f2	90 mm Occ 90 F2	HEAT-FS	8.95	950	0.67	0.09	5
gameData/Weapons/groundModels_weapons/90mm_bofors_ikv_user_cannon.blk	90mm_slpsgr_m72	90 mm Slpsgr M72	HEAT-FS	4.5	825	0.6	0.09	5
gameData/Weapons/groundModels_weapons/90mm_90_50_m3a1_user_cannon.blk	90mm_t108_da90_50	90 mm T108 Da90 50	HEAT-FS	6.5	853	0.707	0.09	5
gameData/Weapons/groundModels_weapons/95mm_qf_mk1_user_cannon.blk	95mm_shell_heat	95 mm Shell Heat	HEAT-FS	6.72	502	0.646	0.095	110
gameData/Weapons/groundModels_weapons/57mm_ub_16_user_cannon.blk	57mm_s_5kp	S-5KP rockets	HEAT-FS	5.01	0	0.44	0.057	1
gameData/Weapons/groundModels_weapons/120mm_m256_m1a2_user_cannon.blk	120mm_m830a1	120 mm M830A1	HEAT-MP-T	11.4	1410	0.966	0.12	5
gameData/Weapons/groundModels_weapons/120mm_m256_m1a2t_user_cannon.blk	120mm_m830a1	120 mm M830A1	HEAT-MP-T	11.4	1410	0.966	0.12	5
gameData/Weapons/groundModels_weapons/120mm_m256_ke_w_user_cannon.blk	120mm_m830a1	120 mm M830A1	HEAT-MP-T	11.4	1410	0.966	0.12	5
gameData/Weapons/groundModels_weapons/120mm_m256_m1a3_user_cannon.blk	120mm_m830a1	120 mm M830A1	HEAT-MP-T	11.4	1410	0.966	0.12	5
gameData/Weapons/groundModels_weapons/120mm_m256_user_cannon.blk	120mm_m830a1	120 mm M830A1	HEAT-MP-T	11.4	1410	0.966	0.12	5
gameData/Weapons/groundModels_weapons/100mm_ptp86_user_cannon.blk	100mm_1_71_74	100 mm 1 71 74	HE-FRAG	15	900	1.3	0.1	0
gameData/Weapons/groundModels_weapons/100mm_type69_user_cannon.blk	100mm_1_71_74	100 mm 1 71 74	HE-FRAG	15	900	1.3	0.1	0
gameData/Weapons/groundModels_weapons/100mm_2a70_zbd_user_cannon.blk	100mm_3of_32	100 mm 3Of 32	HE-FRAG	15.6	250	1.69	0.1	0
gameData/Weapons/groundModels_weapons/100mm_2a70_bmd_user_cannon.blk	100mm_3of_32	100 mm 3Of 32	HE-FRAG	15.6	250	1.69	0.1	0
gameData/Weapons/groundModels_weapons/100mm_2a70_bmp_autoloader_user_cannon.blk	100mm_3of_32	100 mm 3Of 32	HE-FRAG	15.6	250	1.69	0.1	0
gameData/Weapons/groundModels_weapons/100mm_2a70_user_cannon.blk	100mm_3of_32	100 mm 3Of 32	HE-FRAG	15.6	250	1.69	0.1	0
gameData/Weapons/groundModels_weapons/100mm_2a70_zbd_user_cannon.blk	100mm_3of_70	100 mm 3Of 70	HE-FRAG	13.41	355	2.3	0.1	0
gameData/Weapons/groundModels_weapons/100mm_2a70_user_cannon.blk	100mm_3of_70	100 mm 3Of 70	HE-FRAG	13.41	355	2.3	0.1	0
gameData/Weapons/groundModels_weapons/100mm_2a70_bmp_autoloader_user_cannon.blk	100mm_3of_70	100 mm 3Of 70	HE-FRAG	13.41	355	2.3	0.1	0
gameData/Weapons/groundModels_weapons/100mm_2a70_bmd_user_cannon.blk	100mm_3of_70	100 mm 3Of 70	HE-FRAG	13.41	355	2.3	0.1	0
gameData/Weapons/groundModels_weapons/100mm_d54ts_user_cannon.blk	100mm_d54ts_he	100 mm D54ts He	HE-FRAG	15.6	1025	1.462	0.1	0
gameData/Weapons/groundModels_weapons/100mm_mod_1914_100_17_user_cannon.blk	100mm_gr_mod32	100 mm Gr Mod32	HE-FRAG	13.49	399	2.218	0.1	0
gameData/Weapons/groundModels_weapons/100mm_d10s_user_cannon.blk	100mm_of_412	100 mm Of 412	HE-FRAG	15.6	900	1.462	0.1	0
gameData/Weapons/groundModels_weapons/100mm_d50_user_cannon.blk	100mm_of_412	100 mm Of 412	HE-FRAG	15.6	900	1.462	0.1	0
gameData/Weapons/groundModels_weapons/100mm_c34_user_cannon.blk	100mm_of_412	100 mm Of 412	HE-FRAG	15.6	900	1.462	0.1	0
gameData/Weapons/groundModels_weapons/100mm_d10t2s_to_55_user_cannon.blk	100mm_of_412	100 mm Of 412	HE-FRAG	15.6	900	1.462	0.1	0
gameData/Weapons/groundModels_weapons/100mm_type59_user_cannon.blk	100mm_of_412	100 mm Of 412	HE-FRAG	15.6	900	1.462	0.1	0
gameData/Weapons/groundModels_weapons/100mm_d10t2s_user_cannon.blk	100mm_of_412	100 mm Of 412	HE-FRAG	15.6	900	1.462	0.1	0
gameData/Weapons/groundModels_weapons/100mm_2a48_user_cannon.blk	100mm_of_412	100 mm Of 412	HE-FRAG	15.6	900	1.462	0.1	0
gameData/Weapons/groundModels_weapons/100mm_d10t2s_fin_user_cannon.blk	100mm_of_412	100 mm Of 412	HE-FRAG	15.6	900	1.462	0.1	0
gameData/Weapons/groundModels_weapons/100mm_d10t_user_cannon.blk	100mm_of_412	100 mm Of 412	HE-FRAG	15.6	900	1.462	0.1	0
gameData/Weapons/groundModels_weapons/100mm_lb1_user_cannon.blk	100mm_of_412	100 mm Of 412	HE-FRAG	15.6	900	1.462	0.1	0
gameData/Weapons/groundModels_weapons/100mm_sa_47_user_cannon.blk	100mm_sa47_he	100 mm Sa47 He	HE-FRAG	14.8	1000	1.4	0.1	0
gameData/Weapons/groundModels_weapons/100mm_sa_47_ca_user_cannon.blk	100mm_sa47_he	100 mm Sa47 He	HE-FRAG	14.8	1000	1.4	0.1	0
gameData/Weapons/groundModels_weapons/105mm_mavag_40_43m_user_cannon.blk	105mm_38_33m	105 mm 38 33M	HE-FRAG	15.04	471	2.218	0.1	0
gameData/Weapons/groundModels_weapons/105mm_exp_hv_user_cannon.blk	105mm_exp_he	105 mm Exp He	HE-FRAG	16	920	2.52	0.105	0
gameData/Weapons/groundModels_weapons/105mm_type5_user_cannon.blk	105mm_exp_he	105 mm Exp He	HE-FRAG	16	920	2.52	0.105	0
gameData/Weapons/groundModels_weapons/105mm_stuh42_user_cannon.blk	105mm_fhgr	105 mm Fhgr	HE-FRAG	14.81	472	1.75	0.105	0
gameData/Weapons/groundModels_weapons/105mm_lefh18_support_user_cannon.blk	105mm_fhgr	105 mm Fhgr	HE-FRAG	14.81	472	1.75	0.105	0
gameData/Weapons/groundModels_weapons/105mm_k18_user_cannon.blk	105mm_gr19	105 mm Gr19	HE-FRAG	15.1	835	1.85	0.105	0
gameData/Weapons/groundModels_weapons/105mm_m4_user_cannon.blk	105mm_m1	105 mm M1	HE-FRAG	14.85	472	2.18	0.105	0
gameData/Weapons/groundModels_weapons/105mm_giat_105_g1_user_cannon.blk	105mm_oe_60	105 mm Oe 60	HE-FRAG	7.1	690	2	0.105	0
gameData/Weapons/groundModels_weapons/105mm_cn_105_g1_user_cannon.blk	105mm_oe_f1_mle60	105 mm Oe F1 Mle60	HE-FRAG	12.1	800	2	0.105	0
gameData/Weapons/groundModels_weapons/105mm_cn_105_57_user_cannon.blk	105mm_oe_f1_mle60	105 mm Oe F1 Mle60	HE-FRAG	12.1	800	2	0.105	0
gameData/Weapons/groundModels_weapons/105mm_pzk_m57_user_cannon.blk	105mm_oe_f1_mle60	105 mm Oe F1 Mle60	HE-FRAG	12.1	700	2	0.105	0
gameData/Weapons/groundModels_weapons/105mm_cn_105_f1_user_cannon.blk	105mm_oe_f1_mle60	105 mm Oe F1 Mle60	HE-FRAG	12.1	700	2	0.105	0
gameData/Weapons/groundModels_weapons/105mm_m_51_user_cannon.blk	105mm_oe_f1_mle60	105 mm Oe F1 Mle60	HE-FRAG	12.1	800	2	0.105	0
gameData/Weapons/groundModels_weapons/105mm_modele_f2_user_cannon.blk	105mm_oe_f3	105 mm Oe F3	HE-FRAG	7.1	800	2	0.105	0
gameData/Weapons/groundModels_weapons/105mm_kan_m44_user_cannon.blk	105mm_sgr_m34_lt	105 mm Sgr M34 Lt	HE-FRAG	11.67	475	1.82	0.105	0
gameData/Weapons/groundModels_weapons/105mm_kan_ikv_user_cannon.blk	105mm_sgr_m34_lt	105 mm Sgr M34 Lt	HE-FRAG	11.67	400	1.82	0.105	0
gameData/Weapons/groundModels_weapons/105mm_l74_103c_user_cannon.blk	105mm_slsgr_m61	105 mm Slsgr M61	HE-FRAG	15.5	680	1.83	0.105	0
gameData/Weapons/groundModels_weapons/105mm_kan_strv_105_user_cannon.blk	105mm_slsgr_m61	105 mm Slsgr M61	HE-FRAG	15.5	650	1.83	0.105	0
gameData/Weapons/groundModels_weapons/105mm_kan_strv_104_user_cannon.blk	105mm_slsgr_m61	105 mm Slsgr M61	HE-FRAG	15.5	650	1.83	0.105	0
gameData/Weapons/groundModels_weapons/105mm_kan_strv_101_user_cannon.blk	105mm_slsgr_m61	105 mm Slsgr M61	HE-FRAG	15.5	650	1.83	0.105	0
gameData/Weapons/groundModels_weapons/105mm_l74_user_cannon.blk	105mm_slsgr_m61	105 mm Slsgr M61	HE-FRAG	15.5	680	1.83	0.105	0
gameData/Weapons/groundModels_weapons/105mm_bofors_ikv_user_cannon.blk	105mm_slsgr_m61	105 mm Slsgr M61	HE-FRAG	15.5	650	1.83	0.105	0
gameData/Weapons/groundModels_weapons/105mm_kwk46_user_cannon.blk	105mm_sprgr	105 mm Sprgr	HE-FRAG	15.1	900	1.55	0.105	0
gameData/Weapons/groundModels_weapons/105mm_t5e2_user_cannon.blk	105mm_t30e1	105 mm T30e1	HE-FRAG	15.2	945	1.55	0.105	0
gameData/Weapons/groundModels_weapons/105mm_t15e2_user_cannon.blk	105mm_t30e1	105 mm T30e1	HE-FRAG	15.2	945	1.55	0.105	0
gameData/Weapons/groundModels_weapons/105mm_type_91_user_cannon.blk	105mm_type91_he	105 mm Type91 He	HE-FRAG	15.76	546	2.52	0.105	0
gameData/Weapons/groundModels_weapons/107mm_zis6_user_cannon.blk	107mm_of_420	107 mm Of 420	HE-FRAG	17.2	720	2.15	0.107	0
gameData/Weapons/groundModels_weapons/114mm_psv_h_18_user_cannon.blk	114mm_akr	114 mm Akr	HE-FRAG	14.4	350	2	0.114	0
gameData/Weapons/groundModels_weapons/115mm_u5ts_user_cannon.blk	115mm_3of_11	115 mm 3Of 11	HE-FRAG	14.86	905	2.64	0.115	0
gameData/Weapons/groundModels_weapons/115mm_u5ts_t-62m1_user_cannon.blk	115mm_3of_27	115 mm 3Of 27	HE-FRAG	17.82	800	3.13	0.115	0
gameData/Weapons/groundModels_weapons/120mm_122tm_user_cannon.blk	120mm_122tm_he	120 mm 122Tm He	HE-FRAG	16.5	940	2.763	0.12	0
gameData/Weapons/groundModels_weapons/120mm_ptz89_user_cannon.blk	120mm_dys_120	120 mm Dys 120	HE-FRAG	19.5	900	2.485	0.12	0
gameData/Weapons/groundModels_weapons/120mm_oto_breda_120_44_ariete_user_cannon.blk	120mm_f1_he	120 mm F1 He	HE-FRAG	16.8	1050	3	0.12	0
gameData/Weapons/groundModels_weapons/120mm_oto_breda_120_44_ariete_amv_user_cannon.blk	120mm_f1_he	120 mm F1 He	HE-FRAG	16.8	1050	3	0.12	0
gameData/Weapons/groundModels_weapons/120mm_oto_leonardo_120_45_user_cannon.blk	120mm_f1_he	120 mm F1 He	HE-FRAG	16.8	1050	3	0.12	0
gameData/Weapons/groundModels_weapons/120mm_oto_breda_120_44_user_cannon.blk	120mm_f1_he	120 mm F1 He	HE-FRAG	16.8	1050	3	0.12	0
gameData/Weapons/groundModels_weapons/120mm_oto_melara_120_45_mgs_user_cannon.blk	120mm_f1_he	120 mm F1 He	HE-FRAG	16.8	1050	3	0.12	0
gameData/Weapons/groundModels_weapons/120mm_giat_cn120_26_f1_msc_user_cannon.blk	120mm_f1_he	120 mm F1 He	HE-FRAG	16.8	1050	3	0.12	0
gameData/Weapons/groundModels_weapons/120mm_giat_cn120_26_f1_user_cannon.blk	120mm_f1_he	120 mm F1 He	HE-FRAG	16.8	1050	3	0.12	0
gameData/Weapons/groundModels_weapons/120mm_rheinmetall_l44_can_user_cannon.blk	120mm_im_he	120 mm Im He	HE-FRAG	16	1000	3.2	0.12	0
gameData/Weapons/groundModels_weapons/120mm_m58_user_cannon.blk	120mm_m356	120 mm M356	HE-FRAG	22.84	762	3.55	0.12	0
gameData/Weapons/groundModels_weapons/120mm_automatkanon_user_cannon.blk	120mm_m50z	120 mm M50z	HE-FRAG	23.5	525	2.25	0.12	0
gameData/Weapons/groundModels_weapons/120mm_t53_user_cannon.blk	120mm_m73	120 mm M73	HE-FRAG	22.5	944	2.38	0.12	0
gameData/Weapons/groundModels_weapons/120mm_sa_46_user_cannon.blk	120mm_obus_explosif	120 mm Obus Explosif	HE-FRAG	22.84	762	3.55	0.12	0
gameData/Weapons/groundModels_weapons/120mm_sa_46_surbaisse_user_cannon.blk	120mm_obus_explosif	120 mm Obus Explosif	HE-FRAG	22.84	762	3.55	0.12	0
gameData/Weapons/groundModels_weapons/120mm_10th_year_type_user_cannon.blk	120mm_ordinary_mod_1	120 mm Ordinary Mod 1	HE-FRAG	20.4	825	1.79	0.12	0
gameData/Weapons/groundModels_weapons/120mm_schneider_canet_1898_user_cannon.blk	120mm_schneider_canet_he	120 mm Schneider Canet He	HE-FRAG	20.4	580	1.79	0.12	0
gameData/Weapons/groundModels_weapons/120mm_ctg_l50_user_cannon.blk	120mm_slsgr_m95	120 mm Slsgr M95	HE-FRAG	17.5	754	2.7	0.12	0
gameData/Weapons/groundModels_weapons/120mm_kan_strv_121_user_cannon.blk	120mm_slsgr_m95	120 mm Slsgr M95	HE-FRAG	17.5	736	2.7	0.12	0
gameData/Weapons/groundModels_weapons/120mm_kan_strv_122_user_cannon.blk	120mm_slsgr_m95	120 mm Slsgr M95	HE-FRAG	17.5	736	2.7	0.12	0
gameData/Weapons/groundModels_weapons/120mm_navy_short_gun_user_cannon.blk	120mm_type88_mod4_fuze	120 mm Type88 Mod4 Fuze	HE-FRAG	13	290	2.515	0.12	0
gameData/Weapons/groundModels_weapons/122mm_2a31_user_cannon.blk	122mm_3of24	122 mm 3Of24	HE-FRAG	27.2	686	3.97	0.122	0
gameData/Weapons/groundModels_weapons/122mm_2a31_user_cannon.blk	122mm_3of56	122 mm 3Of56	HE-FRAG	21.8	690	3.97	0.122	0
gameData/Weapons/groundModels_weapons/122mm_m30_user_cannon.blk	122mm_of_462	122 mm Of 462	HE-FRAG	21.76	515	3.672	0.122	0
gameData/Weapons/groundModels_weapons/122mm_d25_44t_user_cannon.blk	122mm_of_471	122 mm Of 471	HE-FRAG	25	795	3.6	0.122	0
gameData/Weapons/groundModels_weapons/122mm_a19_user_cannon.blk	122mm_of_471	122 mm Of 471	HE-FRAG	25	795	3.6	0.122	0
gameData/Weapons/groundModels_weapons/122mm_d49_user_cannon.blk	122mm_of_471	122 mm Of 471	HE-FRAG	25	795	3.6	0.122	0
gameData/Weapons/groundModels_weapons/122mm_d25t_user_cannon.blk	122mm_of_471	122 mm Of 471	HE-FRAG	25	795	3.6	0.122	0
gameData/Weapons/groundModels_weapons/122mm_d25ts_user_cannon.blk	122mm_of_471	122 mm Of 471	HE-FRAG	25	795	3.6	0.122	0
gameData/Weapons/groundModels_weapons/122mm_d30t_user_cannon.blk	122mm_of_471	122 mm Of 471	HE-FRAG	25	795	3.6	0.122	0
gameData/Weapons/groundModels_weapons/122mm_d25s_user_cannon.blk	122mm_of_471	122 mm Of 471	HE-FRAG	25	795	3.6	0.122	0
gameData/Weapons/groundModels_weapons/122mm_m30_support_user_cannon.blk	122mm_of_471	122 mm Of 471	HE-FRAG	25	795	3.6	0.122	0
gameData/Weapons/groundModels_weapons/122mm_m62t2s_user_cannon.blk	122mm_of_472	122 mm Of 472	HE-FRAG	27.2	865	3	0.122	0
gameData/Weapons/groundModels_weapons/125mm_2a26_user_cannon.blk	125mm_3of_19	125 mm 3Of 19	HE-FRAG	23.2	850	3.15	0.125	0
gameData/Weapons/groundModels_weapons/125mm_2a46m_5_user_cannon.blk	125mm_3of_19	125 mm 3Of 19	HE-FRAG	23.2	850	3.15	0.125	0
gameData/Weapons/groundModels_weapons/125mm_2a75_m_user_cannon.blk	125mm_3of_26	125 mm 3Of 26	HE-FRAG	23	850	3.402	0.125	0
gameData/Weapons/groundModels_weapons/125mm_2a75_user_cannon.blk	125mm_3of_26	125 mm 3Of 26	HE-FRAG	23	850	3.402	0.125	0
gameData/Weapons/groundModels_weapons/125mm_2a46_m1_t_80bvm_user_cannon.blk	125mm_3of_26	125 mm 3Of 26	HE-FRAG	23	850	3.402	0.125	0
gameData/Weapons/groundModels_weapons/125mm_kba_3_user_cannon.blk	125mm_3of_26	125 mm 3Of 26	HE-FRAG	23	850	3.402	0.125	0
gameData/Weapons/groundModels_weapons/125mm_2a46_m5_t_90m_user_cannon.blk	125mm_3of_26	125 mm 3Of 26	HE-FRAG	23	850	3.402	0.125	0
gameData/Weapons/groundModels_weapons/125mm_2a46_m1_t_80u_user_cannon.blk	125mm_3of_26	125 mm 3Of 26	HE-FRAG	23	850	3.402	0.125	0
gameData/Weapons/groundModels_weapons/125mm_2a46_m1_t_80ud_user_cannon.blk	125mm_3of_26	125 mm 3Of 26	HE-FRAG	23	850	3.402	0.125	0
gameData/Weapons/groundModels_weapons/125mm_2a46m_user_cannon.blk	125mm_3of_26	125 mm 3Of 26	HE-FRAG	23	850	3.402	0.125	0
gameData/Weapons/groundModels_weapons/125mm_2a46ms_user_cannon.blk	125mm_3of_26	125 mm 3Of 26	HE-FRAG	23	850	3.402	0.125	0
gameData/Weapons/groundModels_weapons/125mm_2a46_m1_user_cannon.blk	125mm_3of_26	125 mm 3Of 26	HE-FRAG	23	850	3.402	0.125	0
gameData/Weapons/groundModels_weapons/125mm_2a46_m5_user_cannon.blk	125mm_3of_26	125 mm 3Of 26	HE-FRAG	23	850	3.402	0.125	0
gameData/Weapons/groundModels_weapons/125mm_2a26_user_cannon.blk	125mm_3of_26	125 mm 3Of 26	HE-FRAG	23	850	3.402	0.125	0
gameData/Weapons/groundModels_weapons/125mm_2a46_2_user_cannon.blk	125mm_3of_26	125 mm 3Of 26	HE-FRAG	23	850	3.402	0.125	0
gameData/Weapons/groundModels_weapons/125mm_d_126_user_cannon.blk	125mm_bur	125 mm Bur	HE-FRAG	22	0	2.57	0.125	5
gameData/Weapons/groundModels_weapons/125mm_type_88c_user_cannon.blk	125mm_dtb_125	125 mm Dtb 125	HE-FRAG	23	850	3.548	0.125	0
gameData/Weapons/groundModels_weapons/125mm_zpt_98_user_cannon.blk	125mm_dtb_125	125 mm Dtb 125	HE-FRAG	23	850	3.548	0.125	0
gameData/Weapons/groundModels_weapons/125mm_type_99a_user_cannon.blk	125mm_dtb_125	125 mm Dtb 125	HE-FRAG	23	850	3.548	0.125	0
gameData/Weapons/groundModels_weapons/125mm_zpt_98_vt4b_user_cannon.blk	125mm_dtb_125	125 mm Dtb 125	HE-FRAG	23	850	3.548	0.125	0
gameData/Weapons/groundModels_weapons/125mm_l54_cn_user_cannon.blk	125mm_dtb_125	125 mm Dtb 125	HE-FRAG	23	870	3.548	0.125	0
gameData/Weapons/groundModels_weapons/128mm_kwk44_user_cannon.blk	128mm_sprgr	128 mm Sprgr	HE-FRAG	28	750	3.7	0.128	0
gameData/Weapons/groundModels_weapons/128mm_k40_user_cannon.blk	128mm_sprgr	128 mm Sprgr	HE-FRAG	28	880	3.7	0.128	0
gameData/Weapons/groundModels_weapons/128mm_pak44_user_cannon.blk	128mm_sprgr	128 mm Sprgr	HE-FRAG	28	750	3.7	0.128	0
gameData/Weapons/groundModels_weapons/130mm_pl_59a_gai_user_cannon.blk	130mm_djb_1	130 mm Djb 1	HE-FRAG	33.4	930	3.74	0.13	0
gameData/Weapons/groundModels_weapons/130mm_b13_user_cannon.blk	130mm_of_46	130 mm Of 46	HE-FRAG	33.4	870	3.583	0.13	0
gameData/Weapons/groundModels_weapons/130mm_c70_user_cannon.blk	130mm_of_482m	130 mm Of 482M	HE-FRAG	33.4	900	3.64	0.13	0
gameData/Weapons/groundModels_weapons/130mm_m65_user_cannon.blk	130mm_of_482m	130 mm Of 482M	HE-FRAG	33.4	900	3.64	0.13	0
gameData/Weapons/groundModels_weapons/142mm_acra_user_cannon.blk	142mm_muc	142 mm Muc	HE-FRAG	20	0	2.8	0.142	5
gameData/Weapons/groundModels_weapons/15mm_mg151_out_drilling_user_cannon.blk	15mm_brsprgr	15 mm Brsprgr	HE-FRAG	0.057	960	0.0019	0.015	0
gameData/Weapons/groundModels_weapons/15mm_mg151_mid_drilling_user_cannon.blk	15mm_brsprgr	15 mm Brsprgr	HE-FRAG	0.057	960	0.0019	0.015	0
gameData/Weapons/groundModels_weapons/15mm_mg151_user_cannon.blk	15mm_brsprgr	15 mm Brsprgr	HE-FRAG	0.057	960	0.0019	0.015	0
gameData/Weapons/groundModels_weapons/15mm_mg151_out_drilling_user_cannon.blk	15mm_sprgr	15 mm Sprgr	HE-FRAG	0.057	960	0.001	0.015	0
gameData/Weapons/groundModels_weapons/15mm_mg151_mid_drilling_user_cannon.blk	15mm_sprgr	15 mm Sprgr	HE-FRAG	0.057	960	0.001	0.015	0
gameData/Weapons/groundModels_weapons/15mm_mg151_user_cannon.blk	15mm_sprgr	15 mm Sprgr	HE-FRAG	0.057	960	0.001	0.015	0
gameData/Weapons/groundModels_weapons/150mm_sfh_18_user_cannon.blk	150mm_gr_19_he	150 mm Gr 19 He	HE-FRAG	43.5	520	4.3	0.15	20
gameData/Weapons/groundModels_weapons/150mm_sfh_18_user_cannon.blk	150mm_gr_36_he	150 mm Gr 36 He	HE-FRAG	43.5	520	5.1	0.15	20
gameData/Weapons/groundModels_weapons/150mm_stuh_43_user_cannon.blk	150mm_jgr_38	150 mm Jgr 38	HE-FRAG	38	240	8.6	0.15	20
gameData/Weapons/groundModels_weapons/150mm_sig_33_user_cannon.blk	150mm_jgr_38	150 mm Jgr 38	HE-FRAG	38	240	8.6	0.15	20
gameData/Weapons/groundModels_weapons/150mm_kan_fm43_44_user_cannon.blk	150mm_sgr_m38	150 mm Sgr M38	HE-FRAG	37	285	5.8	0.15	0
gameData/Weapons/groundModels_weapons/150mm_type_38_user_cannon.blk	150mm_type_92	150 mm Type 92	HE-FRAG	36	290	7.67	0.15	0
gameData/Weapons/groundModels_weapons/152mm_d1_illum_support_user_cannon.blk	152mm_3c1	152 mm 3C1	HE-FRAG	40.2	0	0.0005	0.152	0
gameData/Weapons/groundModels_weapons/152mm_2a65_m2_user_cannon.blk	152mm_3of25	152 mm 3Of25	HE-FRAG	43.56	655	6.57	0.152	0
gameData/Weapons/groundModels_weapons/152mm_2a64_user_cannon.blk	152mm_3of25	152 mm 3Of25	HE-FRAG	43.56	655	6.57	0.152	0
gameData/Weapons/groundModels_weapons/152mm_2a33_user_cannon.blk	152mm_3of25	152 mm 3Of25	HE-FRAG	43.56	655	6.57	0.152	0
gameData/Weapons/groundModels_weapons/152mm_2a65_m2_user_cannon.blk	152mm_3of45	152 mm 3Of45	HE-FRAG	43.56	810	7.65	0.152	0
gameData/Weapons/groundModels_weapons/152mm_2a64_user_cannon.blk	152mm_3of45	152 mm 3Of45	HE-FRAG	43.56	810	7.65	0.152	0
gameData/Weapons/groundModels_weapons/152mm_pl_66_gai_user_cannon.blk	152mm_bee_7	152 mm Bee 7	HE-FRAG	43.56	655	6.674	0.152	0
gameData/Weapons/groundModels_weapons/152mm_pl_66_gai_user_cannon.blk	152mm_ddb_1	152 mm Ddb 1	HE-FRAG	43.56	655	5.86	0.152	0
gameData/Weapons/groundModels_weapons/152mm_lp83_user_cannon.blk	152mm_lp_83_he_fs	152 mm Lp 83 He Fs	HE-FRAG	45.9	920	5.6	0.152	0
gameData/Weapons/groundModels_weapons/152mm_m162_user_cannon.blk	152mm_m657a2	152 mm M657A2	HE-FRAG	22	682	4.3	0.152	0
gameData/Weapons/groundModels_weapons/152mm_m81_user_cannon.blk	152mm_m657a2	152 mm M657A2	HE-FRAG	22	682	4.3	0.152	0
gameData/Weapons/groundModels_weapons/152mm_m69_user_cannon.blk	152mm_m69_he_fs	152 mm M69 He Fs	HE-FRAG	43.5	960	5.9	0.152	0
gameData/Weapons/groundModels_weapons/152mm_m10t_user_cannon.blk	152mm_of_530	152 mm Of 530	HE-FRAG	40	530	5.82	0.152	0
gameData/Weapons/groundModels_weapons/152mm_m10sh_user_cannon.blk	152mm_of_530	152 mm Of 530	HE-FRAG	40	530	5.82	0.152	0
gameData/Weapons/groundModels_weapons/152mm_m64_user_cannon.blk	152mm_of_540	152 mm Of 540	HE-FRAG	43.56	750	5.86	0.152	0
gameData/Weapons/groundModels_weapons/152mm_2a33_user_cannon.blk	152mm_of_540	152 mm Of 540	HE-FRAG	43.56	655	5.86	0.152	0
gameData/Weapons/groundModels_weapons/152mm_d1_support_user_cannon.blk	152mm_of_540	152 mm Of 540	HE-FRAG	43.56	655	5.86	0.152	0
gameData/Weapons/groundModels_weapons/152mm_ml20s_user_cannon.blk	152mm_of_540	152 mm Of 540	HE-FRAG	43.56	655	5.86	0.152	0
gameData/Weapons/groundModels_weapons/150mm_sfh18_support_user_cannon.blk	152mm_of_540	152 mm Of 540	HE-FRAG	43.56	655	5.86	0.152	0
gameData/Weapons/groundModels_weapons/152mm_stuh_443_r_user_cannon.blk	152mm_sprgr	152 mm Sprgr	HE-FRAG	40	530	5.82	0.152	0
gameData/Weapons/groundModels_weapons/155mm_type_99_l52_user_cannon.blk	155mm_l15_a2	155 mm L15 A2	HE-FRAG	43.5	940	11.3	0.155	0
gameData/Weapons/groundModels_weapons/155mm_l_39_user_cannon.blk	155mm_l15_a2	155 mm L15 A2	HE-FRAG	43.5	684	11.3	0.155	0
gameData/Weapons/groundModels_weapons/155mm_l_31_user_cannon.blk	155mm_l15_a2	155 mm L15 A2	HE-FRAG	43.5	810	11.3	0.155	0
gameData/Weapons/groundModels_weapons/155mm_g6_l45_user_cannon.blk	155mm_m1	155 mm M1	HE-FRAG	45.5	897	8.7	0.155	0
gameData/Weapons/groundModels_weapons/155mm_m126_user_cannon.blk	155mm_m107	155 mm M107	HE-FRAG	43.1	562	6.98	0.155	0
gameData/Weapons/groundModels_weapons/155mm_t7_user_cannon.blk	155mm_m107	155 mm M107	HE-FRAG	43.1	717	6.98	0.155	0
gameData/Weapons/groundModels_weapons/155mm_l52_user_cannon.blk	155mm_m107	155 mm M107	HE-FRAG	43.1	945	6.98	0.155	0
gameData/Weapons/groundModels_weapons/155mm_l_39_user_cannon.blk	155mm_m107	155 mm M107	HE-FRAG	43.1	684	6.98	0.155	0
gameData/Weapons/groundModels_weapons/155mm_l_31_user_cannon.blk	155mm_m107	155 mm M107	HE-FRAG	43.1	810	6.98	0.155	0
gameData/Weapons/groundModels_weapons/155mm_fh70_l_39_user_cannon.blk	155mm_m107	155 mm M107	HE-FRAG	43.1	827	6.98	0.155	0
gameData/Weapons/groundModels_weapons/155mm_obusier_modele_1950_user_cannon.blk	155mm_m107	155 mm M107	HE-FRAG	43.1	563	6.98	0.155	0
gameData/Weapons/groundModels_weapons/155mm_cn98_user_cannon.blk	155mm_m107	155 mm M107	HE-FRAG	43.1	563	6.98	0.155	0
gameData/Weapons/groundModels_weapons/155mm_soltam_user_cannon.blk	155mm_m107	155 mm M107	HE-FRAG	43.1	897	6.98	0.155	0
gameData/Weapons/groundModels_weapons/155mm_nsj_l30_user_cannon.blk	155mm_m107	155 mm M107	HE-FRAG	43.1	580	6.98	0.155	0
gameData/Weapons/groundModels_weapons/155mm_type_99_l52_user_cannon.blk	155mm_m107	155 mm M107	HE-FRAG	43.1	940	6.98	0.155	0
gameData/Weapons/groundModels_weapons/155mm_m126e1_user_cannon.blk	155mm_m107	155 mm M107	HE-FRAG	43.1	684	6.98	0.155	0
gameData/Weapons/groundModels_weapons/155mm_m45_user_cannon.blk	155mm_m107	155 mm M107	HE-FRAG	43.1	563	6.98	0.155	0
gameData/Weapons/groundModels_weapons/155mm_m185_user_cannon.blk	155mm_m107	155 mm M107	HE-FRAG	43.1	684	6.98	0.155	0
gameData/Weapons/groundModels_weapons/155mm_soltam_user_cannon.blk	155mm_m401	155 mm M401	HE-FRAG	43.1	897	12	0.155	20
gameData/Weapons/groundModels_weapons/155mm_schneider_155_c_user_cannon.blk	155mm_oa_mle14	155 mm Oa Mle14	HE-FRAG	43.2	210	10.2	0.155	0
gameData/Weapons/groundModels_weapons/155mm_gct_f1_user_cannon.blk	155mm_oe_155_56_he	155 mm Oe 155 56 He	HE-FRAG	43.75	810	6.8	0.155	0
gameData/Weapons/groundModels_weapons/155mm_cn98_user_cannon.blk	155mm_oe_f3	155 mm Oe F3	HE-FRAG	44.4	935	9	0.155	0
gameData/Weapons/groundModels_weapons/155mm_l52_user_cannon.blk	155mm_oe_f3	155 mm Oe F3	HE-FRAG	44.4	935	9	0.155	0
gameData/Weapons/groundModels_weapons/155mm_fh70_l_39_user_cannon.blk	155mm_p3	155 mm P3	HE-FRAG	43.5	827	11.7	0.155	0
gameData/Weapons/groundModels_weapons/155mm_pl05_user_cannon.blk	155mm_plz_05_he	155 mm Plz 05 He	HE-FRAG	47	933	8.4	0.155	0
gameData/Weapons/groundModels_weapons/155mm_bkan_user_cannon.blk	155mm_sgr_m60	155 mm Sgr M60	HE-FRAG	48	850	7.5	0.155	0
gameData/Weapons/groundModels_weapons/155mm_nsj_l30_user_cannon.blk	155mm_type75	155 mm Type75	HE-FRAG	43.6	720	6.8	0.155	0
gameData/Weapons/groundModels_weapons/20mm_mg151_20_user_cannon.blk	20mm_brgr	20 mm Brgr	HE-FRAG	0.115	705	0	0.02	2
gameData/Weapons/groundModels_weapons/20mm_rh_202_marder_user_cannon.blk	20mm_dm51a1	20 mm Dm51A1	HE-FRAG	0.126	1100	0.0065	0.02	0
gameData/Weapons/groundModels_weapons/20mm_rh_202_wiesel_user_cannon.blk	20mm_dm51a1	20 mm Dm51A1	HE-FRAG	0.126	1100	0.0065	0.02	0
gameData/Weapons/groundModels_weapons/20mm_rh_202_6616_user_cannon.blk	20mm_dm51a1	20 mm Dm51A1	HE-FRAG	0.126	1100	0.0065	0.02	0
gameData/Weapons/groundModels_weapons/20mm_luchs_a2_user_cannon.blk	20mm_dm51a1	20 mm Dm51A1	HE-FRAG	0.126	1100	0.0065	0.02	0
gameData/Weapons/groundModels_weapons/20mm_mk_20_1_user_cannon.blk	20mm_dm51a1	20 mm Dm51A1	HE-FRAG	0.126	1100	0.0065	0.02	0
gameData/Weapons/groundModels_weapons/20mm_rh_202_user_cannon.blk	20mm_dm51a1	20 mm Dm51A1	HE-FRAG	0.126	1100	0.0065	0.02	0
gameData/Weapons/groundModels_weapons/20mm_m_693_marder_clovis_user_cannon.blk	20mm_dm51a1	20 mm Dm51A1	HE-FRAG	0.126	1100	0.0065	0.02	0
gameData/Weapons/groundModels_weapons/20mm_m693_amx_10_user_cannon.blk	20mm_dm51a1	20 mm Dm51A1	HE-FRAG	0.126	1100	0.0065	0.02	0
gameData/Weapons/groundModels_weapons/20mm_m_693_user_cannon.blk	20mm_dm51a1	20 mm Dm51A1	HE-FRAG	0.126	1100	0.0065	0.02	0
gameData/Weapons/groundModels_weapons/20mm_breda_20_65_m35_user_cannon.blk	20mm_granata_m35	20 mm Granata M35	HE-FRAG	0.135	830	0.003	0.02	0
gameData/Weapons/groundModels_weapons/20mm_breda_m35_l6_user_cannon.blk	20mm_granata_m35	20 mm Granata M35	HE-FRAG	0.135	830	0.003	0.02	0
gameData/Weapons/groundModels_weapons/20mm_scotti_isotta_20_70_m41_user_cannon.blk	20mm_granata_m35	20 mm Granata M35	HE-FRAG	0.135	830	0.003	0.02	0
gameData/Weapons/groundModels_weapons/20mm_m168_user_cannon.blk	20mm_m56a3	20 mm M56A3	HE-FRAG	0.10166	1030	0.0107	0.02	0
gameData/Weapons/groundModels_weapons/20mm_polsten_user_cannon.blk	20mm_oerlikon_he	20 mm Oerlikon He	HE-FRAG	0.123	838	0.006	0.02	0
gameData/Weapons/groundModels_weapons/20mm_hispano_mk_5_user_cannon.blk	20mm_oerlikon_he	20 mm Oerlikon He	HE-FRAG	0.123	838	0.006	0.02	0
gameData/Weapons/groundModels_weapons/20mm_oerlikon_for_tutorial_user_cannon.blk	20mm_oerlikon_he	20 mm Oerlikon He	HE-FRAG	0.123	838	0.006	0.02	0
gameData/Weapons/groundModels_weapons/20mm_oerlikon_user_cannon.blk	20mm_oerlikon_he	20 mm Oerlikon He	HE-FRAG	0.123	838	0.006	0.02	0
gameData/Weapons/groundModels_weapons/20mm_hispano_mk_5_user_cannon.blk	20mm_oerlikon_he_i	20 mm Oerlikon He I	HE-FRAG	0.123	838	0.005	0.02	0
gameData/Weapons/groundModels_weapons/20mm_polsten_user_cannon.blk	20mm_oerlikon_he_i	20 mm Oerlikon He I	HE-FRAG	0.123	838	0.005	0.02	0
gameData/Weapons/groundModels_weapons/20mm_oerlikon_user_cannon.blk	20mm_oerlikon_he_i	20 mm Oerlikon He I	HE-FRAG	0.123	838	0.005	0.02	0
gameData/Weapons/groundModels_weapons/20mm_hispano_mk_5_user_cannon.blk	20mm_oerlikon_he_t	20 mm Oerlikon He T	HE-FRAG	0.123	838	0.005	0.02	0
gameData/Weapons/groundModels_weapons/20mm_polsten_user_cannon.blk	20mm_oerlikon_he_t	20 mm Oerlikon He T	HE-FRAG	0.123	838	0.005	0.02	0
gameData/Weapons/groundModels_weapons/20mm_oerlikon_user_cannon.blk	20mm_oerlikon_he_t	20 mm Oerlikon He T	HE-FRAG	0.123	838	0.005	0.02	0
gameData/Weapons/groundModels_weapons/20mm_oerlikon_for_tutorial_user_cannon.blk	20mm_oerlikon_he_t	20 mm Oerlikon He T	HE-FRAG	0.15	838	0.1	0.02	0
gameData/Weapons/groundModels_weapons/20mm_akan_m47_d_user_cannon.blk	20mm_slsgr_71	20 mm Slsgr 71	HE-FRAG	0.121	855	0.039	0.02	0
gameData/Weapons/groundModels_weapons/20mm_lva_kan_m40_b_user_cannon.blk	20mm_slsgr_m42	20 mm Slsgr M42	HE-FRAG	0.136	845	0.006	0.02	0
gameData/Weapons/groundModels_weapons/20mm_pvlv_kan_m40_user_cannon.blk	20mm_slsgr_m42	20 mm Slsgr M42	HE-FRAG	0.136	845	0.006	0.02	0
gameData/Weapons/groundModels_weapons/20mm_akan_m45_b_user_cannon.blk	20mm_slsgr_m42	20 mm Slsgr M42	HE-FRAG	0.136	845	0.006	0.02	0
gameData/Weapons/groundModels_weapons/20mm_flak38_wirbelwind_user_cannon.blk	20mm_sprgr	20 mm Sprgr	HE-FRAG	0.115	900	0.006	0.02	0
gameData/Weapons/groundModels_weapons/20mm_flak38_user_cannon.blk	20mm_sprgr	20 mm Sprgr	HE-FRAG	0.115	900	0.006	0.02	0
gameData/Weapons/groundModels_weapons/20mm_kwk30_222_user_cannon.blk	20mm_sprgr	20 mm Sprgr	HE-FRAG	0.115	900	0.006	0.02	0
gameData/Weapons/groundModels_weapons/20mm_kwk38_user_cannon.blk	20mm_sprgr	20 mm Sprgr	HE-FRAG	0.115	900	0.006	0.02	0
gameData/Weapons/groundModels_weapons/20mm_kwk30_user_cannon.blk	20mm_sprgr	20 mm Sprgr	HE-FRAG	0.115	900	0.006	0.02	0
gameData/Weapons/groundModels_weapons/20mm_kwk30_k_user_cannon.blk	20mm_sprgr	20 mm Sprgr	HE-FRAG	0.115	900	0.006	0.02	0
gameData/Weapons/groundModels_weapons/20mm_type98_user_cannon.blk	20mm_type100_he	20 mm Type100 He	HE-FRAG	0.133	950	0.006	0.02	0
gameData/Weapons/groundModels_weapons/203mm_b4_support_user_cannon.blk	203mm_f_620	203 mm F 620	HE-FRAG	98.75	550	0	0.203	0
gameData/Weapons/groundModels_weapons/203mm_m47_user_cannon.blk	203mm_m106	203 mm M106	HE-FRAG	104	594	17.6	0.203	0
gameData/Weapons/groundModels_weapons/23mm_2a14_user_cannon.blk	23mm_hei	23 mm Hei	HE-FRAG	0.183	980	0.0185	0.023	0
gameData/Weapons/groundModels_weapons/23mm_2a7_user_cannon.blk	23mm_hei	23 mm Hei	HE-FRAG	0.183	980	0.0185	0.023	0
gameData/Weapons/groundModels_weapons/23mm_2a14_user_cannon.blk	23mm_heit	23 mm Heit	HE-FRAG	0.188	970	0.013	0.023	0
gameData/Weapons/groundModels_weapons/23mm_2a7_user_cannon.blk	23mm_heit	23 mm Heit	HE-FRAG	0.188	970	0.013	0.023	0
gameData/Weapons/groundModels_weapons/30mm_pgz_625_user_cannon.blk	30mm_china_HE	30 mm China HE	HE-FRAG	0.389	960	0.049	0.03	0
gameData/Weapons/groundModels_weapons/30mm_2a42_user_cannon.blk	30mm_UOF8	30 mm UOF8	HE-FRAG	0.389	960	0.049	0.03	0
gameData/Weapons/groundModels_weapons/30mm_ztm1_btr_user_cannon.blk	30mm_UOF8	30 mm UOF8	HE-FRAG	0.389	960	0.049	0.03	0
gameData/Weapons/groundModels_weapons/30mm_2a42_bmpt_user_cannon_2.blk	30mm_UOF8	30 mm UOF8	HE-FRAG	0.389	960	0.049	0.03	0
gameData/Weapons/groundModels_weapons/30mm_2a38m_user_cannon.blk	30mm_UOF8	30 mm UOF8	HE-FRAG	0.389	960	0.049	0.03	0
gameData/Weapons/groundModels_weapons/30mm_2a42_bmpt_user_cannon.blk	30mm_UOF8	30 mm UOF8	HE-FRAG	0.389	960	0.049	0.03	0
gameData/Weapons/groundModels_weapons/30mm_2a72_btr_user_cannon.blk	30mm_UOF8	30 mm UOF8	HE-FRAG	0.389	960	0.049	0.03	0
gameData/Weapons/groundModels_weapons/30mm_2a42_md_user_cannon.blk	30mm_UOF8	30 mm UOF8	HE-FRAG	0.389	960	0.049	0.03	0
gameData/Weapons/groundModels_weapons/30mm_2a38_user_cannon.blk	30mm_UOF8	30 mm UOF8	HE-FRAG	0.389	960	0.049	0.03	0
gameData/Weapons/groundModels_weapons/30mm_2a72_user_cannon.blk	30mm_UOF8	30 mm UOF8	HE-FRAG	0.389	960	0.049	0.03	0
gameData/Weapons/groundModels_weapons/30mm_2a38m1_user_cannon.blk	30mm_UOF8	30 mm UOF8	HE-FRAG	0.389	960	0.049	0.03	0
gameData/Weapons/groundModels_weapons/30mm_2a72_bmd_user_cannon.blk	30mm_UOF8	30 mm UOF8	HE-FRAG	0.389	960	0.049	0.03	0
gameData/Weapons/groundModels_weapons/30mm_zpz02_user_cannon.blk	30mm_UOR6	30 mm UOR6	HE-FRAG	0.385	960	0.0116	0.03	0
gameData/Weapons/groundModels_weapons/30mm_2a42_md_user_cannon.blk	30mm_UOR6	30 mm UOR6	HE-FRAG	0.385	960	0.0116	0.03	0
gameData/Weapons/groundModels_weapons/30mm_2a72_user_cannon.blk	30mm_UOR6	30 mm UOR6	HE-FRAG	0.385	960	0.0116	0.03	0
gameData/Weapons/groundModels_weapons/30mm_ztm1_btr_user_cannon.blk	30mm_UOR6	30 mm UOR6	HE-FRAG	0.385	960	0.0116	0.03	0
gameData/Weapons/groundModels_weapons/30mm_2a72_btr_user_cannon.blk	30mm_UOR6	30 mm UOR6	HE-FRAG	0.385	960	0.0116	0.03	0
gameData/Weapons/groundModels_weapons/30mm_2a42_bmpt_user_cannon_2.blk	30mm_UOR6	30 mm UOR6	HE-FRAG	0.385	960	0.0116	0.03	0
gameData/Weapons/groundModels_weapons/30mm_2a38m1_user_cannon.blk	30mm_UOR6	30 mm UOR6	HE-FRAG	0.385	960	0.0116	0.03	0
gameData/Weapons/groundModels_weapons/30mm_2a38_user_cannon.blk	30mm_UOR6	30 mm UOR6	HE-FRAG	0.385	960	0.0116	0.03	0
gameData/Weapons/groundModels_weapons/30mm_2a42_bmpt_user_cannon.blk	30mm_UOR6	30 mm UOR6	HE-FRAG	0.385	960	0.0116	0.03	0
gameData/Weapons/groundModels_weapons/30mm_2a38m_user_cannon.blk	30mm_UOR6	30 mm UOR6	HE-FRAG	0.385	960	0.0116	0.03	0
gameData/Weapons/groundModels_weapons/30mm_zpt_99_user_cannon.blk	30mm_UOR6	30 mm UOR6	HE-FRAG	0.385	960	0.0116	0.03	0
gameData/Weapons/groundModels_weapons/30mm_2a42_user_cannon.blk	30mm_UOR6	30 mm UOR6	HE-FRAG	0.385	960	0.0116	0.03	0
gameData/Weapons/groundModels_weapons/30mm_2a72_bmd_user_cannon.blk	30mm_UOR6	30 mm UOR6	HE-FRAG	0.385	960	0.0116	0.03	0
gameData/Weapons/groundModels_weapons/30mm_ag_17_user_cannon.blk	30mm_vog_30	30 mm Vog 30	HE-FRAG	0.275	185	0.042	0.03	0
gameData/Weapons/groundModels_weapons/30mm_ag_30_user_cannon.blk	30mm_vog_30	30 mm Vog 30	HE-FRAG	0.275	185	0.042	0.03	0
gameData/Weapons/groundModels_weapons/30mm_zpt_99_user_cannon.blk	30mm_zpz02_hei	30 mm Zpz02 Hei	HE-FRAG	0.389	960	0.049	0.03	0
gameData/Weapons/groundModels_weapons/30mm_zpz02_user_cannon.blk	30mm_zpz02_hei	30 mm Zpz02 Hei	HE-FRAG	0.389	960	0.049	0.03	0
gameData/Weapons/groundModels_weapons/35mm_oerlikon_kde_user_cannon.blk	35_228mm_he_i_t_belt	35 228 mm He I T Belt	HE-FRAG	0.55	1175	0.12	0.035	0
gameData/Weapons/groundModels_weapons/37mm_type_76_user_cannon.blk	37mm_heit_1955	37 mm Heit 1955	HE-FRAG	0.732	1000	0.037	0.037	0
gameData/Weapons/groundModels_weapons/37mm_m1a2_user_cannon.blk	37mm_m54	37 mm M54	HE-FRAG	0.607814	792	0.045359	0.037	0
gameData/Weapons/groundModels_weapons/37mm_sh_37_user_cannon.blk	37mm_OFZ	37 mm OFZ	HE-FRAG	0.735	900	0.034	0.037	0
gameData/Weapons/groundModels_weapons/37mm_kwk36_for_nbfz_user_cannon.blk	37mm_sprgr_18	37 mm Sprgr 18	HE-FRAG	0.62	745	0.029	0.037	0
gameData/Weapons/groundModels_weapons/37mm_pak_user_cannon.blk	37mm_sprgr_18	37 mm Sprgr 18	HE-FRAG	0.62	745	0.029	0.037	0
gameData/Weapons/groundModels_weapons/37mm_kwk36_race_user_cannon.blk	37mm_sprgr_18	37 mm Sprgr 18	HE-FRAG	0.62	745	0.029	0.037	0
gameData/Weapons/groundModels_weapons/37mm_kwk36_user_cannon.blk	37mm_sprgr_18	37 mm Sprgr 18	HE-FRAG	0.62	745	0.029	0.037	0
gameData/Weapons/groundModels_weapons/37mm_kwk34_t_user_cannon.blk	37mm_sprgr_umg	37 mm Sprgr Umg	HE-FRAG	0.62	687	0.027	0.037	0
gameData/Weapons/groundModels_weapons/37mm_kwk38_t_user_cannon.blk	37mm_sprgr_umg	37 mm Sprgr Umg	HE-FRAG	0.62	745	0.027	0.037	0
gameData/Weapons/groundModels_weapons/37mm_type1_chi_ri_user_cannon.blk	37mm_type_94_he	37 mm Type 94 He	HE-FRAG	0.646	726	0.058	0.037	0
gameData/Weapons/groundModels_weapons/37mm_type_65_user_cannon.blk	37mm_UOR_167	37 mm UOR 167	HE-FRAG	0.732	866	0.037	0.037	0
gameData/Weapons/groundModels_weapons/37mm_61_k_user_cannon.blk	37mm_UOR_167	37 mm UOR 167	HE-FRAG	0.732	866	0.037	0.037	0
gameData/Weapons/groundModels_weapons/37mm_2a11_user_cannon.blk	37mm_UOR_167	37 mm UOR 167	HE-FRAG	0.732	1000	0.037	0.037	0
gameData/Weapons/groundModels_weapons/380mm_skc_34.blk	380mm_spr_gr_l_4_6_kz	380 mm Spr Gr L 4 6 Kz	HE-FRAG	800.8	820	60.5	0.38	0
gameData/Weapons/groundModels_weapons/40mm_41m_user_cannon.blk	40mm_39m	40 mm 39M	HE-FRAG	0.965	812	0.063	0.04	0
gameData/Weapons/groundModels_weapons/40mm_37_42m_user_cannon.blk	40mm_39m	40 mm 39M	HE-FRAG	0.965	800	0.063	0.04	0
gameData/Weapons/groundModels_weapons/40mm_ctc_user_cannon.blk	40mm_gpr_pd_t_he	40 mm Gpr Pd T He	HE-FRAG	0.98	1000	0.115	0.04	0
gameData/Weapons/groundModels_weapons/40mm_l60_bofors_user_cannon.blk	40mm_HF_MKII_TL	40 mm HF MKII TL	HE-FRAG	0.829394	874	0.063	0.04	0
gameData/Weapons/groundModels_weapons/40mm_mle51_t1_user_cannon.blk	40mm_l70_he	40 mm L70 He	HE-FRAG	0.96	1005	0.103	0.04	0
gameData/Weapons/groundModels_weapons/40mm_cannone_da_40_70_user_cannon.blk	40mm_m2_he	40 mm M2 He	HE-FRAG	0.96	1005	0.103	0.04	0
gameData/Weapons/groundModels_weapons/40mm_m266_user_cannon.blk	40mm_m811	40 mm M811	HE-FRAG	0.87	1100	0.165	0.04	0
gameData/Weapons/groundModels_weapons/40mm_l70_bofors_mk3_user_cannon.blk	40mm_m811	40 mm M811	HE-FRAG	0.87	1100	0.165	0.04	0
gameData/Weapons/groundModels_weapons/40mm_grenade_launcher_m129.blk	40mm_m822	40 mm M822	HE-FRAG	0.25	241	0.032	0.04	76
gameData/Weapons/groundModels_weapons/40mm_mk19_space_user_grenade_launcher.blk	40mm_m822	40 mm M822	HE-FRAG	0.86	200	0.2	0.04	0
gameData/Weapons/groundModels_weapons/40mm_qf_2pdr_user_cannon.blk	40mm_shell_mk2	40 mm Shell Mk2	HE-FRAG	1.34	687	0.085	0.04	0
gameData/Weapons/groundModels_weapons/40mm_qf_2pdr_race_user_cannon.blk	40mm_shell_mk2	40 mm Shell Mk2	HE-FRAG	1.34	687	0.085	0.04	0
gameData/Weapons/groundModels_weapons/40mm_qf_2pdr_churchill_user_cannon.blk	40mm_shell_mk2	40 mm Shell Mk2	HE-FRAG	1.34	687	0.085	0.04	0
gameData/Weapons/groundModels_weapons/40mm_42m_user_cannon.blk	40mm_slsgr_m36c	40 mm Slsgr M36c	HE-FRAG	1	850	0.044	0.04	0
gameData/Weapons/groundModels_weapons/40mm_lva_kan_m36_user_cannon.blk	40mm_slsgr_m36c	40 mm Slsgr M36c	HE-FRAG	1	850	0.044	0.04	0
gameData/Weapons/groundModels_weapons/40mm_lva_kan_m48_veak_user_cannon.blk	40mm_slsgr_m36c	40 mm Slsgr M36c	HE-FRAG	1	850	0.044	0.04	0
gameData/Weapons/groundModels_weapons/40mm_lva_kan_m48_user_cannon.blk	40mm_slsgr_m36c	40 mm Slsgr M36c	HE-FRAG	1	850	0.044	0.04	0
gameData/Weapons/groundModels_weapons/40mm_kan_strf_user_cannon.blk	40mm_slsgr_m90	40 mm Slsgr M90	HE-FRAG	0.96	988	0.109	0.04	0
gameData/Weapons/groundModels_weapons/45mm_20k_user_cannon_for_t_35.blk	45mm_o_243	45 mm O 243	HE-FRAG	2.14	335	0.118	0.045	0
gameData/Weapons/groundModels_weapons/45mm_20k_user_cannon.blk	45mm_o_243	45 mm O 243	HE-FRAG	2.14	335	0.118	0.045	0
gameData/Weapons/groundModels_weapons/45mm_20k_race_user_cannon.blk	45mm_o_243	45 mm O 243	HE-FRAG	2.14	335	0.118	0.045	0
gameData/Weapons/groundModels_weapons/45mm_20k_for_tutorial_user_cannon.blk	45mm_o_243	45 mm O 243	HE-FRAG	2.14	335	0.118	0.045	0
gameData/Weapons/groundModels_weapons/45mm_kwk_user_cannon_for_pzkmpflfr.blk	45mm_sprgr	45 mm Sprgr	HE-FRAG	2.14	335	0.118	0.045	0
gameData/Weapons/groundModels_weapons/47mm_ansaldo_47_32_m35_user_cannon.blk	47mm_m35_he	47 mm M35 He	HE-FRAG	2.37	250	0.15	0.047	0
gameData/Weapons/groundModels_weapons/47mm_ansaldo_47_32_m39_user_cannon.blk	47mm_m35_he	47 mm M35 He	HE-FRAG	2.37	250	0.15	0.047	0
gameData/Weapons/groundModels_weapons/47mm_ansaldo_47_40_m38_user_cannon.blk	47mm_m35_he	47 mm M35 He	HE-FRAG	2.37	364	0.15	0.047	0
gameData/Weapons/groundModels_weapons/47mm_sa_35_user_cannon.blk	47mm_mle1935_he	47 mm Mle1935 He	HE-FRAG	1.41	590	0.143	0.047	0
gameData/Weapons/groundModels_weapons/47mm_type1_user_cannon.blk	47mm_type1_he	47 mm Type1 He	HE-FRAG	1.4	822	0.087	0.047	0
gameData/Weapons/groundModels_weapons/50mm_kwk39_1_user_cannon.blk	50mm_sprgr_38	50 mm Sprgr 38	HE-FRAG	1.82	870	0.17	0.05	0
gameData/Weapons/groundModels_weapons/47mm_pak_t_sf_user_cannon.blk	50mm_sprgr_38	50 mm Sprgr 38	HE-FRAG	1.5	400	0.18	0.047	0
gameData/Weapons/groundModels_weapons/50mm_kwk38_open_turret_user_cannon.blk	50mm_sprgr_38	50 mm Sprgr 38	HE-FRAG	1.82	870	0.17	0.05	0
gameData/Weapons/groundModels_weapons/50mm_kwk38_user_cannon.blk	50mm_sprgr_38	50 mm Sprgr 38	HE-FRAG	1.82	870	0.17	0.05	0
gameData/Weapons/groundModels_weapons/50mm_kwk39_user_cannon.blk	50mm_sprgr_38	50 mm Sprgr 38	HE-FRAG	1.82	870	0.17	0.05	0
gameData/Weapons/groundModels_weapons/50mm_pak38_user_cannon.blk	50mm_sprgr_38	50 mm Sprgr 38	HE-FRAG	1.82	870	0.17	0.05	0
gameData/Weapons/groundModels_weapons/57mm_bofors_l70_mk_1_user_cannon.blk	57_438mm_he	57 438 mm He	HE-FRAG	2.4	1020	0.45	0.057	0
gameData/Weapons/groundModels_weapons/57mm_maxim_nordenfelt_user_cannon.blk	57mm_gr	57 mm Gr	HE-FRAG	2.75	487	0.16	0.057	0
gameData/Weapons/groundModels_weapons/57mm_zis2_user_cannon.blk	57mm_o_271	57 mm O 271	HE-FRAG	3.72	700	0.22	0.057	0
gameData/Weapons/groundModels_weapons/57mm_ch51m_user_cannon.blk	57mm_o_271	57 mm O 271	HE-FRAG	3.72	695	0.22	0.057	0
gameData/Weapons/groundModels_weapons/57mm_zis4_user_cannon.blk	57mm_o_271	57 mm O 271	HE-FRAG	3.72	700	0.22	0.057	0
gameData/Weapons/groundModels_weapons/57mm_zis4_open_turret_user_cannon.blk	57mm_o_271	57 mm O 271	HE-FRAG	3.72	700	0.22	0.057	0
gameData/Weapons/groundModels_weapons/57mm_zis4m_user_cannon.blk	57mm_o_271	57 mm O 271	HE-FRAG	3.72	700	0.22	0.057	0
gameData/Weapons/groundModels_weapons/57mm_au_220m_user_cannon.blk	57mm_or_281u	57 mm Or 281U	HE-FRAG	2.8	1000	0.153	0.057	0
gameData/Weapons/groundModels_weapons/57mm_au_220_user_cannon.blk	57mm_or_281u	57 mm Or 281U	HE-FRAG	2.8	1000	0.153	0.057	0
gameData/Weapons/groundModels_weapons/57mm_s_68_user_cannon.blk	57mm_or_281u_belt	57 mm Or 281U Belt	HE-FRAG	2.8	1000	0.153	0.057	0
gameData/Weapons/groundModels_weapons/57mm_qf_6pdr_user_cannon.blk	57mm_qf_he	57 mm Qf He	HE-FRAG	2.72	411	0.16	0.057	0
gameData/Weapons/groundModels_weapons/57mm_pv_kan_m43_user_cannon.blk	57mm_sgr_m43	57 mm Sgr M43	HE-FRAG	2.82	600	0.5	0.057	0
gameData/Weapons/groundModels_weapons/57mm_6pdr_qqf_mk_5_l50_user_cannon.blk	57mm_shell_mk10t	57 mm Shell Mk10t	HE-FRAG	2.72	655	0.59	0.057	0
gameData/Weapons/groundModels_weapons/57mm_6pdr_qqf_mk_3_l43_user_cannon.blk	57mm_shell_mk10t	57 mm Shell Mk10t	HE-FRAG	2.72	655	0.59	0.057	0
gameData/Weapons/groundModels_weapons/57mm_type97_user_cannon.blk	57mm_type90_he	57 mm Type90 He	HE-FRAG	2.36	300	0.25	0.057	0
gameData/Weapons/groundModels_weapons/57mm_type90_user_cannon.blk	57mm_type90_he	57 mm Type90 He	HE-FRAG	2.36	300	0.25	0.057	0
gameData/Weapons/groundModels_weapons/60mm_hvms_user_cannon.blk	60mm_oto_he	60 mm Oto He	HE-FRAG	3.07	1000	0.45	0.06	0
gameData/Weapons/groundModels_weapons/60mm_oto_hvg_user_cannon.blk	60mm_oto_he	60 mm Oto He	HE-FRAG	3.07	1000	0.45	0.06	0
gameData/Weapons/groundModels_weapons/60mm_oto_hvg_hitfist_user_cannon.blk	60mm_oto_he	60 mm Oto He	HE-FRAG	3.07	1000	0.45	0.06	0
gameData/Weapons/groundModels_weapons/70mm_type94_user_cannon.blk	70mm_type92_he	70 mm Type92 He	HE-FRAG	3.81	348	0.59	0.07	0
gameData/Weapons/groundModels_weapons/75mm_ansaldo_75_34_m39_user_cannon.blk	75_32_he	75 32 He	HE-FRAG	6.35	552	0.6	0.075	0
gameData/Weapons/groundModels_weapons/75mm_ansaldo_75_34_user_cannon.blk	75_32_he	75 32 He	HE-FRAG	6.35	552	0.6	0.075	0
gameData/Weapons/groundModels_weapons/75mm_41m_user_cannon.blk	75mm_42_38m	75 mm 42 38M	HE-FRAG	5.2	450	0.4	0.075	0
gameData/Weapons/groundModels_weapons/75mm_43m_user_cannon.blk	75mm_43m_he	75 mm 43M He	HE-FRAG	5.74	550	0.686	0.075	0
gameData/Weapons/groundModels_weapons/75mm_ansaldo_75_18_m34_user_cannon.blk	75mm_m32	75 mm M32	HE-FRAG	6.35	450	0.61	0.075	0
gameData/Weapons/groundModels_weapons/75mm_ansaldo_75_32_m37_user_cannon.blk	75mm_m32	75 mm M32	HE-FRAG	6.35	490	0.61	0.075	0
gameData/Weapons/groundModels_weapons/75mm_m2_howitzer_user_cannon.blk	75mm_m48	75 mm M48	HE-FRAG	6.3	381	0.666	0.075	0
gameData/Weapons/groundModels_weapons/75mm_m1897a4_user_cannon.blk	75mm_m48	75 mm M48	HE-FRAG	6.3	594.4	0.666	0.075	0
gameData/Weapons/groundModels_weapons/75mm_m2_user_cannon.blk	75mm_m48	75 mm M48	HE-FRAG	6.3	448	0.666	0.075	0
gameData/Weapons/groundModels_weapons/75mm_m3_open_turret_user_cannon.blk	75mm_m48	75 mm M48	HE-FRAG	6.3	463	0.666	0.075	0
gameData/Weapons/groundModels_weapons/75mm_qqf_mkv_na75_user_cannon.blk	75mm_m48	75 mm M48	HE-FRAG	6.3	463	0.666	0.075	0
gameData/Weapons/groundModels_weapons/75mm_m3_user_cannon.blk	75mm_m48	75 mm M48	HE-FRAG	6.3	463	0.666	0.075	0
gameData/Weapons/groundModels_weapons/75mm_qqf_mkv_user_cannon.blk	75mm_m48	75 mm M48	HE-FRAG	6.3	463	0.666	0.075	0
gameData/Weapons/groundModels_weapons/75mm_sa_49_user_cannon.blk	75mm_m48	75 mm M48	HE-FRAG	6.3	463	0.666	0.075	0
gameData/Weapons/groundModels_weapons/75mm_m6_user_cannon.blk	75mm_m48	75 mm M48	HE-FRAG	6.3	463	0.666	0.075	0
gameData/Weapons/groundModels_weapons/75mm_1897_user_cannon.blk	75mm_mle_1900_he	75 mm Mle 1900 He	HE-FRAG	5.3	400	0.695	0.075	0
gameData/Weapons/groundModels_weapons/75mm_apx_1897_user_cannon.blk	75mm_mle_1900_he	75 mm Mle 1900 He	HE-FRAG	5.3	500	0.695	0.075	0
gameData/Weapons/groundModels_weapons/75mm_sa_35_user_cannon.blk	75mm_mle1915	75 mm Mle1915	HE-FRAG	5.55	500	0.74	0.075	0
gameData/Weapons/groundModels_weapons/75mm_apx_user_cannon.blk	75mm_mle1915	75 mm Mle1915	HE-FRAG	5.37	389	0.74	0.075	0
gameData/Weapons/groundModels_weapons/75mm_sa_46_user_cannon.blk	75mm_obus_explosif	75 mm Obus Explosif	HE-FRAG	6.44	700	0.675	0.075	0
gameData/Weapons/groundModels_weapons/75mm_sa_50_user_cannon.blk	75mm_sa50_he	75 mm Sa50 He	HE-FRAG	6.2	753	0.675	0.075	0
gameData/Weapons/groundModels_weapons/75mm_sa_50_m4a4_user_cannon.blk	75mm_sa50_he	75 mm Sa50 He	HE-FRAG	6.2	753	0.675	0.075	0
gameData/Weapons/groundModels_weapons/75mm_kan_m02_user_cannon.blk	75mm_sgr_m22_38	75 mm Sgr M22 38	HE-FRAG	6.6	496	0.55	0.075	0
gameData/Weapons/groundModels_weapons/75mm_pv_kan_m43_1963_user_cannon.blk	75mm_sgr_m38	75 mm Sgr M38	HE-FRAG	6.43	840	0.69	0.075	0
gameData/Weapons/groundModels_weapons/75mm_lv_kan_m37_a_user_cannon.blk	75mm_sgr_m38	75 mm Sgr M38	HE-FRAG	6.43	840	0.69	0.075	0
gameData/Weapons/groundModels_weapons/75mm_kan_strv_74_user_cannon.blk	75mm_sgr_m38	75 mm Sgr M38	HE-FRAG	6.43	840	0.69	0.075	0
gameData/Weapons/groundModels_weapons/75mm_pv_kan_m43_user_cannon.blk	75mm_sgr_m38	75 mm Sgr M38	HE-FRAG	6.43	840	0.69	0.075	0
gameData/Weapons/groundModels_weapons/75mm_kan_m41_open_turret_user_cannon.blk	75mm_sgr_m40	75 mm Sgr M40	HE-FRAG	6.43	570	0.58	0.075	0
gameData/Weapons/groundModels_weapons/75mm_kan_m41_user_cannon.blk	75mm_sgr_m40	75 mm Sgr M40	HE-FRAG	6.43	570	0.58	0.075	0
gameData/Weapons/groundModels_weapons/75mm_kwk51_user_cannon.blk	75mm_sprgr_34	75 mm Sprgr 34	HE-FRAG	5.74	420	0.686	0.075	0
gameData/Weapons/groundModels_weapons/75mm_pak40_3_l46_user_cannon.blk	75mm_sprgr_34	75 mm Sprgr 34	HE-FRAG	5.74	550	0.686	0.075	0
gameData/Weapons/groundModels_weapons/75mm_pak39_l48_user_cannon.blk	75mm_sprgr_34	75 mm Sprgr 34	HE-FRAG	5.74	550	0.686	0.075	0
gameData/Weapons/groundModels_weapons/75mm_kwk37_user_cannon.blk	75mm_sprgr_34	75 mm Sprgr 34	HE-FRAG	5.74	420	0.686	0.075	0
gameData/Weapons/groundModels_weapons/75mm_kwk37_for_nbfz_user_cannon.blk	75mm_sprgr_34	75 mm Sprgr 34	HE-FRAG	5.74	420	0.686	0.075	0
gameData/Weapons/groundModels_weapons/75mm_stuk37_user_cannon.blk	75mm_sprgr_34	75 mm Sprgr 34	HE-FRAG	5.74	420	0.686	0.075	0
gameData/Weapons/groundModels_weapons/75mm_pak39_l48_hetzer_user_cannon.blk	75mm_sprgr_34	75 mm Sprgr 34	HE-FRAG	5.74	550	0.686	0.075	0
gameData/Weapons/groundModels_weapons/75mm_stuk40_l43_user_cannon.blk	75mm_sprgr_34	75 mm Sprgr 34	HE-FRAG	5.74	550	0.686	0.075	0
gameData/Weapons/groundModels_weapons/75mm_kwk40_user_cannon.blk	75mm_sprgr_34	75 mm Sprgr 34	HE-FRAG	5.74	550	0.686	0.075	0
gameData/Weapons/groundModels_weapons/75mm_kwk40_l48_user_cannon.blk	75mm_sprgr_34	75 mm Sprgr 34	HE-FRAG	5.74	550	0.686	0.075	0
gameData/Weapons/groundModels_weapons/75mm_kwk40_l43_user_cannon.blk	75mm_sprgr_34	75 mm Sprgr 34	HE-FRAG	5.74	550	0.686	0.075	0
gameData/Weapons/groundModels_weapons/75mm_kwk44_l36_user_cannon.blk	75mm_sprgr_34	75 mm Sprgr 34	HE-FRAG	5.74	420	0.686	0.075	0
gameData/Weapons/groundModels_weapons/75mm_stuk40_l48_user_cannon.blk	75mm_sprgr_34	75 mm Sprgr 34	HE-FRAG	5.74	550	0.686	0.075	0
gameData/Weapons/groundModels_weapons/75mm_kwk44_user_cannon.blk	75mm_sprgr_42	75 mm Sprgr 42	HE-FRAG	5.74	700	0.725	0.075	0
gameData/Weapons/groundModels_weapons/75mm_pak42_user_cannon.blk	75mm_sprgr_42	75 mm Sprgr 42	HE-FRAG	5.74	700	0.725	0.075	0
gameData/Weapons/groundModels_weapons/75mm_kwk42_user_cannon.blk	75mm_sprgr_42	75 mm Sprgr 42	HE-FRAG	5.74	700	0.725	0.075	0
gameData/Weapons/groundModels_weapons/75mm_lightweight_type1_model_ii_user_cannon.blk	75mm_type90	75 mm Type90	HE-FRAG	6.17	830	0.49	0.075	0
gameData/Weapons/groundModels_weapons/75mm_type4_user_cannon.blk	75mm_type90	75 mm Type90	HE-FRAG	6.17	830	0.49	0.075	0
gameData/Weapons/groundModels_weapons/75mm_type_ii_model_i_user_cannon.blk	75mm_type90	75 mm Type90	HE-FRAG	6.17	830	0.49	0.075	0
gameData/Weapons/groundModels_weapons/75mm_type5_user_cannon.blk	75mm_type90	75 mm Type90	HE-FRAG	6.17	830	0.49	0.075	0
gameData/Weapons/groundModels_weapons/75mm_type_ii_model_ii_user_cannon.blk	75mm_type90	75 mm Type90	HE-FRAG	6.17	830	0.49	0.075	0
gameData/Weapons/groundModels_weapons/75mm_type3_user_cannon.blk	75mm_type94_he	75 mm Type94 He	HE-FRAG	6.02	522	0.81	0.075	0
gameData/Weapons/groundModels_weapons/75mm_type99_user_cannon.blk	75mm_type94_he	75 mm Type94 He	HE-FRAG	6.02	522	0.81	0.075	0
gameData/Weapons/groundModels_weapons/75mm_type90_user_cannon.blk	75mm_type94_he	75 mm Type94 He	HE-FRAG	6.02	522	0.81	0.075	0
gameData/Weapons/groundModels_weapons/76mm_1910_16_user_cannon.blk	76mm_1910_he	76 mm 1910 He	HE-FRAG	6.4	381	0.785	0.0762	0
gameData/Weapons/groundModels_weapons/76mm_gt_4_user_cannon.blk	76mm_gt4_he	76 mm Gt4 He	HE-FRAG	6.3	915	0.673	0.076	0
gameData/Weapons/groundModels_weapons/76mm_3inch_howitzer_mki_user_cannon.blk	76mm_howitzer_shell_he	76 mm Howitzer Shell He	HE-FRAG	6.02	210	0.606	0.0762	0
gameData/Weapons/groundModels_weapons/76mm_m32k1_user_cannon.blk	76mm_m352	76 mm M352	HE-FRAG	6.8	732	0.662	0.0761	0
gameData/Weapons/groundModels_weapons/76mm_m32_user_cannon.blk	76mm_m352	76 mm M352	HE-FRAG	6.8	732	0.662	0.0761	0
gameData/Weapons/groundModels_weapons/76mm_kwk_m32_user_cannon.blk	76mm_m352	76 mm M352	HE-FRAG	6.8	732	0.662	0.0761	0
gameData/Weapons/groundModels_weapons/76mm_t185e1_user_cannon.blk	76mm_m352	76 mm M352	HE-FRAG	6.8	732	0.662	0.0761	0
gameData/Weapons/groundModels_weapons/76mm_m1_for_m18_user_cannon.blk	76mm_m42a1	76 mm M42A1	HE-FRAG	5.84	823	0.39	0.0762	0
gameData/Weapons/groundModels_weapons/76mm_m1_open_turret_no_mb_user_cannon.blk	76mm_m42a1	76 mm M42A1	HE-FRAG	5.84	823	0.39	0.0762	0
gameData/Weapons/groundModels_weapons/76mm_m1_no_mb_user_cannon.blk	76mm_m42a1	76 mm M42A1	HE-FRAG	5.84	823	0.39	0.0762	0
gameData/Weapons/groundModels_weapons/76mm_m1_user_cannon.blk	76mm_m42a1	76 mm M42A1	HE-FRAG	5.84	823	0.39	0.0762	0
gameData/Weapons/groundModels_weapons/76mm_m1_open_turret_user_cannon.blk	76mm_m42a1	76 mm M42A1	HE-FRAG	5.84	823	0.39	0.0762	0
gameData/Weapons/groundModels_weapons/76mm_m7_for_m10_user_cannon.blk	76mm_m42a1	76 mm M42A1	HE-FRAG	5.84	853	0.39	0.0762	0
gameData/Weapons/groundModels_weapons/76mm_m7_user_cannon.blk	76mm_m42a1	76 mm M42A1	HE-FRAG	5.84	853	0.39	0.0762	0
gameData/Weapons/groundModels_weapons/76mm_zis5_user_cannon.blk	76mm_of_350m	76 mm Of 350M	HE-FRAG	6.2	680	0.621	0.0762	0
gameData/Weapons/groundModels_weapons/76mm_d56_t_user_cannon.blk	76mm_of_350m	76 mm Of 350M	HE-FRAG	6.2	680	0.621	0.0762	0
gameData/Weapons/groundModels_weapons/76mm_f32_user_cannon.blk	76mm_of_350m	76 mm Of 350M	HE-FRAG	6.2	612	0.621	0.0762	0
gameData/Weapons/groundModels_weapons/76mm_l10_user_cannon.blk	76mm_of_350m	76 mm Of 350M	HE-FRAG	6.2	560	0.621	0.0762	0
gameData/Weapons/groundModels_weapons/76mm_l11_user_cannon.blk	76mm_of_350m	76 mm Of 350M	HE-FRAG	6.2	612	0.621	0.0762	0
gameData/Weapons/groundModels_weapons/76mm_l11_smk_user_cannon.blk	76mm_of_350m	76 mm Of 350M	HE-FRAG	6.2	612	0.621	0.0762	0
gameData/Weapons/groundModels_weapons/76mm_d56_ts_user_cannon.blk	76mm_of_350m	76 mm Of 350M	HE-FRAG	6.2	680	0.621	0.0762	0
gameData/Weapons/groundModels_weapons/76mm_f96_user_cannon.blk	76mm_of_350m	76 mm Of 350M	HE-FRAG	6.2	680	0.621	0.0762	0
gameData/Weapons/groundModels_weapons/76mm_1902_30_user_cannon.blk	76mm_of_350m	76 mm Of 350M	HE-FRAG	6.2	680	0.621	0.0762	0
gameData/Weapons/groundModels_weapons/76mm_zis3_user_cannon.blk	76mm_of_350m	76 mm Of 350M	HE-FRAG	6.2	680	0.621	0.0762	0
gameData/Weapons/groundModels_weapons/76mm_f34_user_cannon.blk	76mm_of_350m	76 mm Of 350M	HE-FRAG	6.2	680	0.621	0.0762	0
gameData/Weapons/groundModels_weapons/76mm_kt28_user_cannon.blk	76mm_of_350m	76 mm Of 350M	HE-FRAG	6.2	387	0.71	0.0762	0
gameData/Weapons/groundModels_weapons/76mm_artillery_support_cannon.blk	76mm_of_350m	76 mm Of 350M	HE-FRAG	6.2	680	0.621	0.0762	0
gameData/Weapons/groundModels_weapons/76mm_kt28_for_t26_user_cannon.blk	76mm_of_350m	76 mm Of 350M	HE-FRAG	6.2	387	0.71	0.0762	0
gameData/Weapons/groundModels_weapons/76mm_l11_t34_early_user_cannon.blk	76mm_of_350m	76 mm Of 350M	HE-FRAG	6.2	612	0.621	0.0762	0
gameData/Weapons/groundModels_weapons/76mm_qqf_3in_20cwt_user_cannon.blk	76mm_shell_he	76 mm Shell He	HE-FRAG	7.26	609	0.53	0.0762	0
gameData/Weapons/groundModels_weapons/76mm_17pdr_qf_user_cannon.blk	76mm_shell_mk1_he	76 mm Shell Mk1 He	HE-FRAG	6.98	883	0.58	0.0762	0
gameData/Weapons/groundModels_weapons/76mm_17pdr_qf_open_turret_user_cannon.blk	76mm_shell_mk1_he	76 mm Shell Mk1 He	HE-FRAG	6.98	883	0.58	0.0762	0
gameData/Weapons/groundModels_weapons/77mm_qqf_mk_ii_l50_user_cannon.blk	76mm_shell_mk1_he	76 mm Shell Mk1 He	HE-FRAG	6.98	495.3	0.58	0.0762	0
gameData/Weapons/groundModels_weapons/76mm_pak39_r_user_cannon.blk	76mm_sprgr_39	76 mm Sprgr 39	HE-FRAG	6.25	550	0.585	0.0762	0
gameData/Weapons/groundModels_weapons/76mm_pak36_r_user_cannon.blk	76mm_sprgr_39	76 mm Sprgr 39	HE-FRAG	6.25	550	0.585	0.0762	0
gameData/Weapons/groundModels_weapons/84mm_qqf_20pdr_mk_i_user_cannon.blk	83mm_shell_mk1	83 mm Shell Mk1	HE-FRAG	7.835099	609.6	1.13	0.0834	0
gameData/Weapons/groundModels_weapons/84mm_qqf_20pdr_mk_i_fume_extractor_user_cannon.blk	83mm_shell_mk1	83 mm Shell Mk1	HE-FRAG	7.835099	609.6	1.13	0.0834	0
gameData/Weapons/groundModels_weapons/84mm_kan_strv81_user_cannon.blk	83mm_slsgr_m53	83 mm Slsgr M53	HE-FRAG	7.88	609.6	1.21	0.0834	0
gameData/Weapons/groundModels_weapons/85mm_zis_s_53_user_cannon.blk	85mm_o_365k	85 mm O 365K	HE-FRAG	9.54	785	0.741	0.085	0
gameData/Weapons/groundModels_weapons/85mm_d5t_user_cannon.blk	85mm_o_365k	85 mm O 365K	HE-FRAG	9.54	785	0.741	0.085	0
gameData/Weapons/groundModels_weapons/85mm_d5s_user_cannon.blk	85mm_o_365k	85 mm O 365K	HE-FRAG	9.54	785	0.741	0.085	0
gameData/Weapons/groundModels_weapons/85mm_f30_user_cannon.blk	85mm_o_365k	85 mm O 365K	HE-FRAG	9.54	785	0.741	0.085	0
gameData/Weapons/groundModels_weapons/85mm_d70_user_cannon.blk	85mm_of_372	85 mm Of 372	HE-FRAG	9.66	1010	0.74	0.085	0
gameData/Weapons/groundModels_weapons/85mm_d58_user_cannon.blk	85mm_of_372	85 mm Of 372	HE-FRAG	9.66	1010	0.74	0.085	0
gameData/Weapons/groundModels_weapons/88mm_kwk43_for_tutorial_user_cannon.blk	88mm_sprgr	88 mm Sprgr	HE-FRAG	9	820	0.9	0.088	0
gameData/Weapons/groundModels_weapons/88mm_kwk36_user_cannon.blk	88mm_sprgr	88 mm Sprgr	HE-FRAG	9	820	0.9	0.088	0
gameData/Weapons/groundModels_weapons/88mm_kwk43_for_panther_ii_user_cannon.blk	88mm_sprgr_43	88 mm Sprgr 43	HE-FRAG	9.4	820	1	0.088	0
gameData/Weapons/groundModels_weapons/88mm_kwk43_user_cannon.blk	88mm_sprgr_43	88 mm Sprgr 43	HE-FRAG	9.4	820	1	0.088	0
gameData/Weapons/groundModels_weapons/88mm_pak43_user_cannon.blk	88mm_sprgr_43	88 mm Sprgr 43	HE-FRAG	9.4	820	1	0.088	0
gameData/Weapons/groundModels_weapons/88mm_pak43_open_turret_user_cannon.blk	88mm_sprgr_43	88 mm Sprgr 43	HE-FRAG	9.4	820	1	0.088	0
gameData/Weapons/groundModels_weapons/90mm_90_53_mod41_user_cannon.blk	90mm_gr_90	90 mm Gr 90	HE-FRAG	10.3	830	0.871	0.09	0
gameData/Weapons/groundModels_weapons/90mm_t54_user_cannon.blk	90mm_he_shell	90 mm He Shell	HE-FRAG	10.6	975	0.925	0.09	0
gameData/Weapons/groundModels_weapons/90mm_bk_90_user_cannon.blk	90mm_m71	90 mm M71	HE-FRAG	10.55	823	0.925	0.09	0
gameData/Weapons/groundModels_weapons/90mm_m54_user_cannon.blk	90mm_m71	90 mm M71	HE-FRAG	10.55	823	0.925	0.09	0
gameData/Weapons/groundModels_weapons/90mm_bk90_ru251_user_cannon.blk	90mm_m71	90 mm M71	HE-FRAG	10.55	823	0.925	0.09	0
gameData/Weapons/groundModels_weapons/90mm_kanone_m41_user_cannon.blk	90mm_m71	90 mm M71	HE-FRAG	10.55	823	0.925	0.09	0
gameData/Weapons/groundModels_weapons/90mm_m41_user_cannon.blk	90mm_m71	90 mm M71	HE-FRAG	10.55	823	0.925	0.09	0
gameData/Weapons/groundModels_weapons/90mm_m3_m36b2_user_cannon.blk	90mm_m71	90 mm M71	HE-FRAG	10.55	823	0.925	0.09	0
gameData/Weapons/groundModels_weapons/90mm_type61_b_user_cannon.blk	90mm_m71	90 mm M71	HE-FRAG	10.55	823	0.925	0.09	0
gameData/Weapons/groundModels_weapons/90mm_m3_without_mb_user_cannon.blk	90mm_m71	90 mm M71	HE-FRAG	10.55	823	0.925	0.09	0
gameData/Weapons/groundModels_weapons/90mm_m3_open_turret_without_mb_user_cannon.blk	90mm_m71	90 mm M71	HE-FRAG	10.55	823	0.925	0.09	0
gameData/Weapons/groundModels_weapons/90mm_type61_user_cannon.blk	90mm_m71	90 mm M71	HE-FRAG	10.55	823	0.925	0.09	0
gameData/Weapons/groundModels_weapons/90mm_t7_user_cannon.blk	90mm_m71	90 mm M71	HE-FRAG	10.55	823	0.925	0.09	0
gameData/Weapons/groundModels_weapons/90mm_m3a1_user_cannon.blk	90mm_m71	90 mm M71	HE-FRAG	10.55	823	0.925	0.09	0
gameData/Weapons/groundModels_weapons/90mm_m3_user_cannon.blk	90mm_m71	90 mm M71	HE-FRAG	10.55	823	0.925	0.09	0
gameData/Weapons/groundModels_weapons/90mm_m3_open_turret_user_cannon.blk	90mm_m71	90 mm M71	HE-FRAG	10.55	823	0.925	0.09	0
gameData/Weapons/groundModels_weapons/90mm_90_50_m3a1_user_cannon.blk	90mm_m71_da90_50	90 mm M71 Da90 50	HE-FRAG	10.55	823	0.925	0.09	0
gameData/Weapons/groundModels_weapons/90mm_char_25t_user_cannon.blk	90mm_m71a1	90 mm M71A1	HE-FRAG	10.55	800	0.925	0.09	0
gameData/Weapons/groundModels_weapons/90mm_m36_user_cannon.blk	90mm_m71a1	90 mm M71A1	HE-FRAG	10.55	732	0.925	0.09	0
gameData/Weapons/groundModels_weapons/90mm_d915_user_cannon.blk	90mm_oe_90_f1	90 mm Oe 90 F1	HE-FRAG	5.27	650	0.945	0.09	0
gameData/Weapons/groundModels_weapons/90mm_defa_d921_user_cannon.blk	90mm_oe_90_f1	90 mm Oe 90 F1	HE-FRAG	5.27	650	0.945	0.09	0
gameData/Weapons/groundModels_weapons/90mm_gt_2_user_cannon.blk	90mm_oe_90_f1	90 mm Oe 90 F1	HE-FRAG	5.27	640	0.945	0.09	0
gameData/Weapons/groundModels_weapons/90mm_cn_90_f4_user_cannon.blk	90mm_oe_90_f1	90 mm Oe 90 F1	HE-FRAG	10.45	750	0.945	0.09	0
gameData/Weapons/groundModels_weapons/90mm_cn_90_f3_user_cannon.blk	90mm_oe_90_f1	90 mm Oe 90 F1	HE-FRAG	10.45	750	0.945	0.09	0
gameData/Weapons/groundModels_weapons/90mm_cn_90_f2_user_cannon.blk	90mm_oe_90_f1	90 mm Oe 90 F1	HE-FRAG	5.27	635	0.945	0.09	0
gameData/Weapons/groundModels_weapons/90mm_f3_user_cannon.blk	90mm_sa45_he	90 mm Sa45 He	HE-FRAG	11.3	700	0.945	0.09	0
gameData/Weapons/groundModels_weapons/90mm_sa45_user_cannon.blk	90mm_sa45_he	90 mm Sa45 He	HE-FRAG	11.3	700	0.945	0.09	0
gameData/Weapons/groundModels_weapons/90mm_sa45_arl_user_cannon.blk	90mm_sa45_he	90 mm Sa45 He	HE-FRAG	11.3	700	0.945	0.09	0
gameData/Weapons/groundModels_weapons/90mm_sa47_user_cannon.blk	90mm_sa45_he	90 mm Sa45 He	HE-FRAG	11.3	700	0.945	0.09	0
gameData/Weapons/groundModels_weapons/90mm_bofors_ikv_user_cannon.blk	90mm_slsgr_m72	90 mm Slsgr M72	HE-FRAG	6.67	600	1.46	0.09	0
gameData/Weapons/groundModels_weapons/90mm_t208e9_user_cannon.blk	90mm_t340e14h	90 mm T340e14h	HE-FRAG	8.2	1143	1.01	0.09	0
gameData/Weapons/groundModels_weapons/90mm_t15e1_user_cannon.blk	90mm_t42	90 mm T42	HE-FRAG	10.6	975	0.925	0.09	0
gameData/Weapons/groundModels_weapons/90mm_t15e2_user_cannon.blk	90mm_t42	90 mm T42	HE-FRAG	10.6	975	0.925	0.09	0
gameData/Weapons/groundModels_weapons/94mm_qf_mk1_user_cannon.blk	94mm_shell_mk1	94 mm Shell Mk1	HE-FRAG	12.7	792	0.92	0.094	0
gameData/Weapons/groundModels_weapons/94mm_qqf_32pdr_user_cannon.blk	94mm_shell_mk1	94 mm Shell Mk1	HE-FRAG	12.7	1043	0.92	0.094	0
gameData/Weapons/groundModels_weapons/94mm_qf_28pdr_user_cannon.blk	94mm_shell_mk1	94 mm Shell Mk1	HE-FRAG	12.7	792	0.92	0.094	0
gameData/Weapons/groundModels_weapons/95mm_qf_mk1_user_cannon.blk	95mm_shell_mk1a_he	95 mm Shell Mk1a He	HE-FRAG	11.34	320	1.36	0.095	0
gameData/Weapons/groundModels_weapons/75mm_oto_75_43_m40_user_cannon.blk	granata_mod_34	Granata Mod 34	HE-FRAG	5.74	550	0.686	0.075	0
gameData/Weapons/groundModels_weapons/100mm_type69_ii_user_cannon.blk	type_44_he	Type 44 He	HE-FRAG	15.6	900	1.462	0.1	0
gameData/Weapons/groundModels_weapons/85mm_type_63_user_cannon.blk	type_56_he	Type 56 He	HE-FRAG	9.54	785	0.741	0.085	0
gameData/Weapons/groundModels_weapons/85mm_type_62_85_tc_user_cannon.blk	type_56_he	Type 56 He	HE-FRAG	9.54	785	0.741	0.085	0
gameData/Weapons/groundModels_weapons/85mm_type_56_user_cannon.blk	type_56_he	Type 56 He	HE-FRAG	9.54	785	0.741	0.085	0
gameData/Weapons/groundModels_weapons/57mm_wa_318_user_cannon.blk	type_59_he	Type 59 He	HE-FRAG	2.8	1000	0.159	0.057	0
gameData/Weapons/groundModels_weapons/105mm_at_wma_user_cannon.blk	105mm_dtb_1_he	105 mm Dtb 1 He	HE-FRAG (proximity fuse)	16.2	825	1.661	0.105	0
gameData/Weapons/groundModels_weapons/105mm_zpl98a_user_cannon.blk	105mm_dtb_1_he	105 mm Dtb 1 He	HE-FRAG (proximity fuse)	16.2	825	1.661	0.105	0
gameData/Weapons/groundModels_weapons/105mm_zpl151a_user_cannon.blk	105mm_dtb_1_he	105 mm Dtb 1 He	HE-FRAG (proximity fuse)	16.2	825	1.661	0.105	0
gameData/Weapons/groundModels_weapons/105mm_zpl94_user_cannon.blk	105mm_dtb_1_he	105 mm Dtb 1 He	HE-FRAG (proximity fuse)	16.2	825	1.661	0.105	0
gameData/Weapons/groundModels_weapons/120mm_rheinmetall_l44_2ri_user_cannon.blk	120mm_dm_11	120 mm Dm 11	HE-FRAG (proximity fuse)	19	980	3	0.12	0
gameData/Weapons/groundModels_weapons/120mm_oto_breda_120_44_ariete_amv_user_cannon.blk	120mm_dm_11	120 mm Dm 11	HE-FRAG (proximity fuse)	19	980	3	0.12	0
gameData/Weapons/groundModels_weapons/120mm_rheinmetall_l55_a1_user_cannon.blk	120mm_dm_11	120 mm Dm 11	HE-FRAG (proximity fuse)	19	1015	3	0.12	0
gameData/Weapons/groundModels_weapons/120mm_oto_melara_120_45_mgs_user_cannon.blk	120mm_dm_11	120 mm Dm 11	HE-FRAG (proximity fuse)	19	980	3	0.12	0
gameData/Weapons/groundModels_weapons/120mm_oto_breda_120_44_user_cannon.blk	120mm_dm_11	120 mm Dm 11	HE-FRAG (proximity fuse)	19	980	3	0.12	0
gameData/Weapons/groundModels_weapons/120mm_rheinmetall_l44_2a5_user_cannon.blk	120mm_dm_11	120 mm Dm 11	HE-FRAG (proximity fuse)	19	980	3	0.12	0
gameData/Weapons/groundModels_weapons/120mm_rheinmetall_l44_2pl_user_cannon.blk	120mm_dm_11	120 mm Dm 11	HE-FRAG (proximity fuse)	19	980	3	0.12	0
gameData/Weapons/groundModels_weapons/120mm_oto_breda_120_44_ariete_user_cannon.blk	120mm_dm_11	120 mm Dm 11	HE-FRAG (proximity fuse)	19	980	3	0.12	0
gameData/Weapons/groundModels_weapons/120mm_rheinmetall_l55_user_cannon.blk	120mm_dm_11	120 mm Dm 11	HE-FRAG (proximity fuse)	19	1015	3	0.12	0
gameData/Weapons/groundModels_weapons/120mm_rheinmetall_l55_a1_cr_lep_user_cannon.blk	120mm_dm_11	120 mm Dm 11	HE-FRAG (proximity fuse)	19	1015	3	0.12	0
gameData/Weapons/groundModels_weapons/120mm_imi_mg251_lr_user_cannon.blk	120mm_m339	120 mm M339	HE-FRAG (proximity fuse)	17	900	2.3	0.12	0
gameData/Weapons/groundModels_weapons/120mm_imi_mg253_user_cannon.blk	120mm_m339	120 mm M339	HE-FRAG (proximity fuse)	17	900	2.3	0.12	0
gameData/Weapons/groundModels_weapons/120mm_imi_mg251_user_cannon.blk	120mm_m339	120 mm M339	HE-FRAG (proximity fuse)	17	900	2.3	0.12	0
gameData/Weapons/groundModels_weapons/120mm_oto_leonardo_120_45_user_cannon.blk	120mm_m339	120 mm M339	HE-FRAG (proximity fuse)	17	900	2.3	0.12	0
gameData/Weapons/groundModels_weapons/120mm_m256_m1a3_user_cannon.blk	120mm_xm1147	120 mm XM1147	HE-FRAG (proximity fuse)	13	1150	2.3	0.12	0
gameData/Weapons/groundModels_weapons/122mm_2a31_user_cannon.blk	122mm_3of7_vt	122 mm 3Of7 Vt	HE-FRAG (proximity fuse)	27.2	686	3.97	0.122	0
gameData/Weapons/groundModels_weapons/125mm_2a46_m5_t_90s_bheeshma_user_cannon.blk	125mm_3of_26_edkv	125 mm 3Of 26 Edkv	HE-FRAG (proximity fuse)	23	850	3.402	0.125	0
gameData/Weapons/groundModels_weapons/125mm_2a46_m1_t_80u_e1_user_cannon.blk	125mm_3of_26_edkv	125 mm 3Of 26 Edkv	HE-FRAG (proximity fuse)	23	850	3.402	0.125	0
gameData/Weapons/groundModels_weapons/125mm_2a46_m5_t_90a_user_cannon.blk	125mm_3of_26_edkv	125 mm 3Of 26 Edkv	HE-FRAG (proximity fuse)	23	850	3.402	0.125	0
gameData/Weapons/groundModels_weapons/125mm_2a46_m1_t_80uk_user_cannon.blk	125mm_3of_26_edkv	125 mm 3Of 26 Edkv	HE-FRAG (proximity fuse)	23	850	3.402	0.125	0
gameData/Weapons/groundModels_weapons/125mm_2a46_m5_t_90m_user_cannon.blk	125mm_3of_82	125 mm 3Of 82	HE-FRAG (proximity fuse)	23	850	3	0.125	0
gameData/Weapons/groundModels_weapons/125mm_type_99a_user_cannon.blk	125mm_dtb_12_he	125 mm Dtb 12 He	HE-FRAG (proximity fuse)	23.2	850	3.44	0.125	0
gameData/Weapons/groundModels_weapons/125mm_zpt_98_user_cannon.blk	125mm_dtb_12_he	125 mm Dtb 12 He	HE-FRAG (proximity fuse)	23.2	850	3.44	0.125	0
gameData/Weapons/groundModels_weapons/125mm_l54_cn_user_cannon.blk	125mm_dtb_12_he	125 mm Dtb 12 He	HE-FRAG (proximity fuse)	23.2	870	3.44	0.125	0
gameData/Weapons/groundModels_weapons/125mm_zpt_98_vt4b_user_cannon.blk	125mm_dtb_12_he	125 mm Dtb 12 He	HE-FRAG (proximity fuse)	23.2	850	3.44	0.125	0
gameData/Weapons/groundModels_weapons/130mm_pl_59a_gai_user_cannon.blk	130mm_djb_1_vt	130 mm Djb 1 Vt	HE-FRAG (proximity fuse)	33.4	930	3.69	0.13	0
gameData/Weapons/groundModels_weapons/152mm_2a33_user_cannon.blk	152mm_3of25_vt	152 mm 3Of25 Vt	HE-FRAG (proximity fuse)	43.56	655	6.57	0.152	0
gameData/Weapons/groundModels_weapons/152mm_2a65_m2_user_cannon.blk	152mm_3of45_vt	152 mm 3Of45 Vt	HE-FRAG (proximity fuse)	43.56	810	7.65	0.152	0
gameData/Weapons/groundModels_weapons/152mm_2a64_user_cannon.blk	152mm_3of45_vt	152 mm 3Of45 Vt	HE-FRAG (proximity fuse)	43.56	810	7.65	0.152	0
gameData/Weapons/groundModels_weapons/152mm_pl_66_gai_user_cannon.blk	152mm_bee_7_vt	152 mm Bee 7 Vt	HE-FRAG (proximity fuse)	43.56	655	6.674	0.152	0
gameData/Weapons/groundModels_weapons/155mm_g6_l45_user_cannon.blk	155mm_m1_pf	155 mm M1 Pf	HE-FRAG (proximity fuse)	45.5	897	8.7	0.155	0
gameData/Weapons/groundModels_weapons/155mm_l_31_user_cannon.blk	155mm_m107_pf	155 mm M107 Pf	HE-FRAG (proximity fuse)	43.1	810	6.98	0.155	0
gameData/Weapons/groundModels_weapons/155mm_nsj_l30_user_cannon.blk	155mm_m107_pf	155 mm M107 Pf	HE-FRAG (proximity fuse)	43.1	580	6.98	0.155	0
gameData/Weapons/groundModels_weapons/155mm_m126_user_cannon.blk	155mm_m107_pf	155 mm M107 Pf	HE-FRAG (proximity fuse)	43.1	562	6.98	0.155	0
gameData/Weapons/groundModels_weapons/155mm_l52_user_cannon.blk	155mm_m107_pf	155 mm M107 Pf	HE-FRAG (proximity fuse)	43.1	945	6.98	0.155	0
gameData/Weapons/groundModels_weapons/155mm_l_39_user_cannon.blk	155mm_m107_pf	155 mm M107 Pf	HE-FRAG (proximity fuse)	43.1	684	6.98	0.155	0
gameData/Weapons/groundModels_weapons/155mm_m126e1_user_cannon.blk	155mm_m107_pf	155 mm M107 Pf	HE-FRAG (proximity fuse)	43.1	684	6.98	0.155	0
gameData/Weapons/groundModels_weapons/155mm_m185_user_cannon.blk	155mm_m107_pf	155 mm M107 Pf	HE-FRAG (proximity fuse)	43.1	684	6.98	0.155	0
gameData/Weapons/groundModels_weapons/155mm_cn98_user_cannon.blk	155mm_m107_pf	155 mm M107 Pf	HE-FRAG (proximity fuse)	43.1	580	6.98	0.155	0
gameData/Weapons/groundModels_weapons/155mm_type_99_l52_user_cannon.blk	155mm_m107_pf	155 mm M107 Pf	HE-FRAG (proximity fuse)	43.1	940	6.98	0.155	0
gameData/Weapons/groundModels_weapons/155mm_fh70_l_39_user_cannon.blk	155mm_m107_pf	155 mm M107 Pf	HE-FRAG (proximity fuse)	43.1	827	6.98	0.155	0
gameData/Weapons/groundModels_weapons/155mm_gct_f1_user_cannon.blk	155mm_m107_pf	155 mm M107 Pf	HE-FRAG (proximity fuse)	43.1	580	6.98	0.155	0
gameData/Weapons/groundModels_weapons/155mm_soltam_user_cannon.blk	155mm_m401_pf	155 mm M401 Pf	HE-FRAG (proximity fuse)	43.1	897	12	0.155	0
gameData/Weapons/groundModels_weapons/155mm_pl05_user_cannon.blk	155mm_plz_05_he_vt	155 mm Plz 05 He Vt	HE-FRAG (proximity fuse)	47	933	8.4	0.155	0
gameData/Weapons/groundModels_weapons/155mm_m777_support_user_cannon.blk	155mm_zonar_m65	155 mm Zonar M65	HE-FRAG (proximity fuse)	48	850	7.5	0.155	20
gameData/Weapons/groundModels_weapons/155mm_bkan_user_cannon.blk	155mm_zonar_m65	155 mm Zonar M65	HE-FRAG (proximity fuse)	48	850	7.5	0.155	0
gameData/Weapons/groundModels_weapons/40mm_ctc_user_cannon.blk	40mm_gpr_ab_t_he	40 mm Gpr Ab T He	HE-FRAG (proximity fuse)	0.98	1000	0.115	0.04	0
gameData/Weapons/groundModels_weapons/40mm_kan_strf_user_cannon.blk	40mm_kulsgr_m90	40 mm Kulsgr M90	HE-FRAG (proximity fuse)	0.88	1015	0.12	0.04	0
gameData/Weapons/groundModels_weapons/40mm_m266_user_cannon.blk	40mm_m822	40 mm M822	HE-FRAG (proximity fuse)	0.88	1100	0.12	0.04	0
gameData/Weapons/groundModels_weapons/40mm_l70_bofors_mk3_user_cannon.blk	40mm_m822	40 mm M822	HE-FRAG (proximity fuse)	0.88	1100	0.12	0.04	0
gameData/Weapons/groundModels_weapons/57mm_bofors_l70_mk_1_user_cannon.blk	57_438mm_he_vt	57 438 mm He Vt	HE-FRAG (proximity fuse)	2.4	1020	0.45	0.057	2
gameData/Weapons/groundModels_weapons/57mm_au_220m_user_cannon.blk	57mm_3uo8	57 mm 3Uo8	HE-FRAG (proximity fuse)	2.8	1000	0.15	0.057	0
gameData/Weapons/groundModels_weapons/57mm_s_68_user_cannon.blk	57mm_dky_1	57 mm Dky 1	HE-FRAG (proximity fuse)	2.8	1012	0.29	0.057	0
gameData/Weapons/groundModels_weapons/57mm_wa_318_user_cannon.blk	57mm_dky_1	57 mm Dky 1	HE-FRAG (proximity fuse)	2.8	1012	0.29	0.057	0
gameData/Weapons/groundModels_weapons/60mm_aa_user_cannon.blk	60mm_clgp	60 mm Clgp	HE-FRAG (proximity fuse)	6	0	1	0.06	2
gameData/Weapons/groundModels_weapons/60mm_oto_hvg_hitfist_user_cannon.blk	60mm_oto_he_vt	60 mm Oto He Vt	HE-FRAG (proximity fuse)	3.07	1000	0.45	0.06	0
gameData/Weapons/groundModels_weapons/75mm_xm274_ares_user_cannon.blk	75mm_xm884	75 mm XM884	HE-FRAG (proximity fuse)	6.3	910	0.745	0.075	0
gameData/Weapons/groundModels_weapons/76mm_oto_breda_76_62_user_cannon.blk	76mm_he_mom_vt	76 mm He Mom Vt	HE-FRAG (proximity fuse)	6.3	910	0.745	0.076	0
gameData/Weapons/groundModels_weapons/76mm_3k_user_cannon.blk	76mm_o_361	76 mm O 361	HE-FRAG (proximity fuse)	6.61	813	0.621	0.0762	0
gameData/Weapons/groundModels_weapons/88mm_flak37_user_cannon.blk	88mm_sprgr_dist_fuse	88 mm Sprgr Dist Fuse	HE-FRAG (proximity fuse)	9	820	0.698	0.088	0
gameData/Weapons/groundModels_weapons/88mm_flak41_user_cannon.blk	88mm_sprgr_flak_41	88 mm Sprgr Flak 41	HE-FRAG (proximity fuse)	9.4	1000	1	0.088	0
gameData/Weapons/groundModels_weapons/90mm_90_53_mod41_user_cannon.blk	90mm_gr_ca	90 mm Gr Ca	HE-FRAG (proximity fuse)	10.1	850	0.871	0.09	0
gameData/Weapons/groundModels_weapons/120mm_m256_user_cannon.blk	120mm_m908	120 mm M908	HE-OR	11.4	1410	0.966	0.12	300
gameData/Weapons/groundModels_weapons/120mm_m256_m1a3_user_cannon.blk	120mm_m908	120 mm M908	HE-OR	11.4	1410	0.966	0.12	300
gameData/Weapons/groundModels_weapons/120mm_m256_m1a2_user_cannon.blk	120mm_m908	120 mm M908	HE-OR	11.4	1410	0.966	0.12	300
gameData/Weapons/groundModels_weapons/100mm_mod_1914_100_17_user_cannon.blk	100mm_ep	100 mm Ep	HESH	10.45	399	1.65	0.1	8
gameData/Weapons/groundModels_weapons/105mm_gt3b_user_cannon.blk	105mm_dm502	105 mm Dm502	HESH	11.2	731.5	2.99371	0.105	8
gameData/Weapons/groundModels_weapons/105mm_fmk4_modelo_1l_2ip_user_cannon.blk	105mm_dm502	105 mm Dm502	HESH	11.2	731.5	2.99371	0.105	8
gameData/Weapons/groundModels_weapons/105mm_l7a3_ga_2_user_cannon.blk	105mm_dm502	105 mm Dm502	HESH	11.2	731.5	2.99371	0.105	8
gameData/Weapons/groundModels_weapons/105mm_l7a3_radpanzer_user_cannon.blk	105mm_dm502	105 mm Dm502	HESH	11.2	731.5	2.99371	0.105	8
gameData/Weapons/groundModels_weapons/105mm_fmk4_modelo_1l_2c_user_cannon.blk	105mm_dm502	105 mm Dm502	HESH	11.2	731.5	2.99371	0.105	8
gameData/Weapons/groundModels_weapons/105mm_rh105_30_user_cannon.blk	105mm_dm502	105 mm Dm502	HESH	11.2	731.5	2.99371	0.105	8
gameData/Weapons/groundModels_weapons/105mm_cockerill_hp_user_cannon.blk	105mm_dm502	105 mm Dm502	HESH	11.2	731.5	2.99371	0.105	8
gameData/Weapons/groundModels_weapons/105mm_l7a3_user_cannon.blk	105mm_dm502	105 mm Dm502	HESH	11.2	731.5	2.99371	0.105	8
gameData/Weapons/groundModels_weapons/105mm_gt_8_user_cannon.blk	105mm_dm502	105 mm Dm502	HESH	11.2	731.5	2.99371	0.105	8
gameData/Weapons/groundModels_weapons/105mm_fmk4_modelo_1l_user_cannon.blk	105mm_dm502	105 mm Dm502	HESH	11.2	731.5	2.99371	0.105	8
gameData/Weapons/groundModels_weapons/105mm_gt_7_user_cannon.blk	105mm_dm502	105 mm Dm502	HESH	11.2	731.5	2.99371	0.105	8
gameData/Weapons/groundModels_weapons/105mm_m68_magach_user_cannon.blk	105mm_imi_m156	105 mm Imi M156	HESH	11.4	731	2.2	0.105	8
gameData/Weapons/groundModels_weapons/105mm_gt3_user_cannon.blk	105mm_imi_m156	105 mm Imi M156	HESH	11.4	731	2.2	0.105	8
gameData/Weapons/groundModels_weapons/105mm_gt3_ttd_user_cannon.blk	105mm_imi_m156	105 mm Imi M156	HESH	11.4	731	2.2	0.105	8
gameData/Weapons/groundModels_weapons/105mm_l7_shot_user_cannon.blk	105mm_imi_m156	105 mm Imi M156	HESH	11.4	731	2.2	0.105	8
gameData/Weapons/groundModels_weapons/105mm_l7_user_cannon.blk	105mm_l35	105 mm L35	HESH	11.4	720	1.97	0.105	8
gameData/Weapons/groundModels_weapons/105mm_l7_mk_3_user_cannon.blk	105mm_l35	105 mm L35	HESH	11.4	720	1.97	0.105	8
gameData/Weapons/groundModels_weapons/105mm_oto_melara_mk_2_user_cannon.blk	105mm_m393a2	105 mm M393A2	HESH	11.2	731.5	2.99371	0.105	8
gameData/Weapons/groundModels_weapons/105mm_m68_tts_user_cannon.blk	105mm_m393a2	105 mm M393A2	HESH	11.2	731.5	2.99371	0.105	8
gameData/Weapons/groundModels_weapons/105mm_oto_melara_romor_user_cannon.blk	105mm_m393a2	105 mm M393A2	HESH	11.2	731.5	2.99371	0.105	8
gameData/Weapons/groundModels_weapons/105mm_lrf_user_cannon.blk	105mm_m393a2	105 mm M393A2	HESH	11.2	731.5	2.99371	0.105	8
gameData/Weapons/groundModels_weapons/105mm_l7a3_type74_user_cannon.blk	105mm_m393a2	105 mm M393A2	HESH	11.2	731.5	2.99371	0.105	8
gameData/Weapons/groundModels_weapons/105mm_m68_m60a1_user_cannon.blk	105mm_m393a2	105 mm M393A2	HESH	11.2	731.5	2.99371	0.105	8
gameData/Weapons/groundModels_weapons/105mm_cn_105_g2_user_cannon.blk	105mm_m393a2	105 mm M393A2	HESH	11.2	731.5	2.99371	0.105	8
gameData/Weapons/groundModels_weapons/105mm_oto_melara_user_cannon.blk	105mm_m393a2	105 mm M393A2	HESH	11.2	731.5	2.99371	0.105	8
gameData/Weapons/groundModels_weapons/105mm_xc8_l50_user_cannon.blk	105mm_m393a2	105 mm M393A2	HESH	11.2	731.5	2.99371	0.105	8
gameData/Weapons/groundModels_weapons/105mm_m68_xm_user_cannon.blk	105mm_m393a2	105 mm M393A2	HESH	11.2	731.5	2.99371	0.105	8
gameData/Weapons/groundModels_weapons/105mm_m68a1_user_cannon.blk	105mm_m393a2	105 mm M393A2	HESH	11.2	731.5	2.99371	0.105	8
gameData/Weapons/groundModels_weapons/105mm_xm_35_user_cannon.blk	105mm_m393a2	105 mm M393A2	HESH	11.2	731.5	2.99371	0.105	8
gameData/Weapons/groundModels_weapons/105mm_m68a1_ags_user_cannon.blk	105mm_m393a2	105 mm M393A2	HESH	11.2	731.5	2.99371	0.105	8
gameData/Weapons/groundModels_weapons/105mm_m68a1_ip_user_cannon.blk	105mm_m393a2	105 mm M393A2	HESH	11.2	731.5	2.99371	0.105	8
gameData/Weapons/groundModels_weapons/105mm_m68_user_cannon.blk	105mm_m393a2	105 mm M393A2	HESH	11.2	731.5	2.99371	0.105	8
gameData/Weapons/groundModels_weapons/105mm_105_55_oto_melara_user_cannon.blk	105mm_m393a2	105 mm M393A2	HESH	11.2	731.5	2.99371	0.105	8
gameData/Weapons/groundModels_weapons/105mm_m35_user_cannon.blk	105mm_m393a3	105 mm M393A3	HESH	11.2	753	2.99371	0.105	8
gameData/Weapons/groundModels_weapons/105mm_l74_user_cannon.blk	105mm_slspgr_m61	105 mm Slspgr M61	HESH	11.4	760	1.97	0.105	8
gameData/Weapons/groundModels_weapons/105mm_kan_strv_105_user_cannon.blk	105mm_slspgr_m61	105 mm Slspgr M61	HESH	11.4	720	1.97	0.105	8
gameData/Weapons/groundModels_weapons/105mm_kan_strv_101_user_cannon.blk	105mm_slspgr_m61	105 mm Slspgr M61	HESH	11.4	720	1.97	0.105	8
gameData/Weapons/groundModels_weapons/105mm_bofors_ikv_user_cannon.blk	105mm_slspgr_m61	105 mm Slspgr M61	HESH	11.4	720	1.97	0.105	8
gameData/Weapons/groundModels_weapons/105mm_kan_strv_104_user_cannon.blk	105mm_slspgr_m61	105 mm Slspgr M61	HESH	11.4	720	1.97	0.105	8
gameData/Weapons/groundModels_weapons/105mm_l74_103c_user_cannon.blk	105mm_slspgr_m61	105 mm Slspgr M61	HESH	11.4	720	1.97	0.105	8
gameData/Weapons/groundModels_weapons/105mm_type_75_user_cannon.blk	105mm_type_75_hesh	105 mm Type 75 Hesh	HESH	7.95	323	3.5	0.105	8
gameData/Weapons/groundModels_weapons/105mm_l7a3_stb_user_cannon.blk	105mm_type75	105 mm Type75	HESH	10.8	760	2.7	0.105	8
gameData/Weapons/groundModels_weapons/105mm_l7a3_type74kai_user_cannon.blk	105mm_type75	105 mm Type75	HESH	10.8	760	2.7	0.105	8
gameData/Weapons/groundModels_weapons/105mm_jsw_user_cannon.blk	105mm_type75	105 mm Type75	HESH	10.8	760	2.7	0.105	8
gameData/Weapons/groundModels_weapons/105mm_zpl94_user_cannon.blk	105mm_TYPE83_HESH	105 mm TYPE83 HESH	HESH	11.2	750	2.99371	0.105	8
gameData/Weapons/groundModels_weapons/105mm_type_83_user_cannon.blk	105mm_TYPE83_HESH	105 mm TYPE83 HESH	HESH	11.2	731.5	2.99371	0.105	8
gameData/Weapons/groundModels_weapons/105mm_88b_105t_user_cannon.blk	105mm_TYPE83_HESH	105 mm TYPE83 HESH	HESH	11.2	731.5	2.99371	0.105	8
gameData/Weapons/groundModels_weapons/105mm_at_wma_user_cannon.blk	105mm_TYPE83_HESH	105 mm TYPE83 HESH	HESH	11.2	731.5	2.99371	0.105	8
gameData/Weapons/groundModels_weapons/106mm_m40a1c_user_cannon.blk	106mm_m361a1	106 mm M361A1	HESH	7.95	498.348	3.5	0.106	8
gameData/Weapons/groundModels_weapons/106mm_m40a1_lgs_user_cannon.blk	106mm_m361a1	106 mm M361A1	HESH	7.95	498.348	3.5	0.106	8
gameData/Weapons/groundModels_weapons/106mm_106_sr_user_cannon.blk	106mm_m361a1	106 mm M361A1	HESH	7.95	498.348	3.5	0.106	8
gameData/Weapons/groundModels_weapons/106mm_m40a1c_t114_user_cannon.blk	106mm_m361a1	106 mm M361A1	HESH	10	498	3.5	0.106	8
gameData/Weapons/groundModels_weapons/106mm_m40_rr_user_cannon.blk	106mm_m361a1	106 mm M361A1	HESH	7.95	498.348	3.5	0.106	8
gameData/Weapons/groundModels_weapons/106mm_type_60b_user_cannon.blk	106mm_type_68_hesh	106 mm Type 68 Hesh	HESH	7.95	498.348	3.5	0.106	8
gameData/Weapons/groundModels_weapons/120mm_qqf_tk_l1a1_user_cannon.blk	120mm_l1tk	120 mm L1tk	HESH	15.87	792	3.1	0.12	8
gameData/Weapons/groundModels_weapons/120mm_l30a1_user_cannon.blk	120mm_l37a7	120 mm L37A7	HESH	17.34	670	4.08	0.12	8
gameData/Weapons/groundModels_weapons/120mm_l11a5_mk3_user_cannon.blk	120mm_l37a7	120 mm L37A7	HESH	17.34	670	4.08	0.12	8
gameData/Weapons/groundModels_weapons/120mm_l11a5_user_cannon.blk	120mm_l37a7	120 mm L37A7	HESH	17.34	670	4.08	0.12	8
gameData/Weapons/groundModels_weapons/120mm_l30a1_2e_user_cannon.blk	120mm_l37a7	120 mm L37A7	HESH	17.34	670	4.08	0.12	8
gameData/Weapons/groundModels_weapons/120mm_l11a5_mk3_vickers_user_cannon.blk	120mm_l37a7	120 mm L37A7	HESH	17.34	670	4.08	0.12	8
gameData/Weapons/groundModels_weapons/120mm_obl_tk_l11_user_cannon.blk	120mm_l37a7	120 mm L37A7	HESH	17.34	670	4.08	0.12	8
gameData/Weapons/groundModels_weapons/155mm_t180_user_cannon.blk	155mm_t152	155 mm T152	HESH	31.978	563	11.7	0.155	8
gameData/Weapons/groundModels_weapons/165mm_l9a1_user_cannon.blk	165mm_l33a1	165 mm L33A1	HESH	30.6	259	15.87	0.165	8
gameData/Weapons/groundModels_weapons/165mm_m135_user_cannon.blk	165mm_m123	165 mm M123	HESH	28.3	259	15.9	0.165	8
gameData/Weapons/groundModels_weapons/183mm_qf_l4_user_cannon.blk	183mm_hesh	183 mm Hesh	HESH	72.57478	716	17	0.183	8
gameData/Weapons/groundModels_weapons/90mm_bk_90_user_cannon.blk	90mm_dm502	90 mm Dm502	HESH	10.6	853	2.12	0.09	8
gameData/Weapons/groundModels_weapons/90mm_kanone_m41_user_cannon.blk	90mm_dm502	90 mm Dm502	HESH	10.6	853	2.12	0.09	8
gameData/Weapons/groundModels_weapons/90mm_bk90_ru251_user_cannon.blk	90mm_dm502	90 mm Dm502	HESH	10.6	853	2.12	0.09	8
gameData/Weapons/groundModels_weapons/90mm_cockerill_mk_3_user_cannon.blk	90mm_m625a1	90 mm M625A1	HESH	4.5	800	1.2	0.09	8
gameData/Weapons/groundModels_weapons/90mm_m41_user_cannon.blk	90mm_t142e3	90 mm T142e3	HESH	10.6	792	2.12	0.09	8
gameData/Weapons/groundModels_weapons/90mm_m54_user_cannon.blk	90mm_t142e3	90 mm T142e3	HESH	10.6	792	2.12	0.09	8
gameData/Weapons/groundModels_weapons/12_7mm_smg_50_user_machinegun.blk	i_ball_M1	I Ball M1	I Ball M1	0.041017707	944	0	0.0127	7
gameData/Weapons/groundModels_weapons/12_7mm_m2_hb_user_machinegun_for_m15.blk	i_ball_M1	I Ball M1	I Ball M1	0.041017707	944	0	0.0127	7
gameData/Weapons/groundModels_weapons/12_7mm_m2_hb_t77e1_user_machinegun.blk	i_ball_M1	I Ball M1	I Ball M1	0.041017707	944	0	0.0127	7
gameData/Weapons/groundModels_weapons/12_7mm_ksp_m88_user_machinegun.blk	i_ball_M1	I Ball M1	I Ball M1	0.041017707	944	0	0.0127	7
gameData/Weapons/groundModels_weapons/12_7mm_m2_hb_user_machinegun_for_chaffee.blk	i_ball_M1	I Ball M1	I Ball M1	0.041017707	944	0	0.0127	7
gameData/Weapons/groundModels_weapons/12_7mm_m2_hb_user_machinegun_for_leclerc.blk	i_ball_M1	I Ball M1	I Ball M1	0.041017707	944	0	0.0127	7
gameData/Weapons/groundModels_weapons/12_7mm_m3p_user_machinegun.blk	i_ball_M1	I Ball M1	I Ball M1	0.041017707	944	0	0.0127	7
gameData/Weapons/groundModels_weapons/12_7mm_m2_hb_user_machinegun_for_400.blk	i_ball_M1	I Ball M1	I Ball M1	0.041017707	944	0	0.0127	7
gameData/Weapons/groundModels_weapons/12_7mm_m2_hb_user_machinegun.blk	i_ball_M1	I Ball M1	I Ball M1	0.041017707	944	0	0.0127	7
gameData/Weapons/groundModels_weapons/105mm_lrf_md_user_cannon.blk	105mm_incendiary_md	105 mm Incendiary Md	Incendiary Tank	11.2	600	2.75	0.105	0
gameData/Weapons/groundModels_weapons/125mm_2a46_m1_user_cannon.blk	125mm_practice	125 mm Practice	Practice Tank	19	905	0	0.125	0
gameData/Weapons/groundModels_weapons/125mm_type_99a_user_cannon.blk	125mm_practice	125 mm Practice	Practice Tank	19	905	0	0.125	0
gameData/Weapons/groundModels_weapons/125mm_2a46_m1_t_80u_e1_user_cannon.blk	125mm_practice	125 mm Practice	Practice Tank	19	905	0	0.125	0
gameData/Weapons/groundModels_weapons/125mm_2a46_m1_t_80ud_user_cannon.blk	125mm_practice	125 mm Practice	Practice Tank	19	905	0	0.125	0
gameData/Weapons/groundModels_weapons/125mm_zpt_98_vt4b_user_cannon.blk	125mm_practice	125 mm Practice	Practice Tank	19	905	0	0.125	0
gameData/Weapons/groundModels_weapons/125mm_2a46_m1_t_80uk_user_cannon.blk	125mm_practice	125 mm Practice	Practice Tank	19	905	0	0.125	0
gameData/Weapons/groundModels_weapons/125mm_zpt_98_user_cannon.blk	125mm_practice	125 mm Practice	Practice Tank	19	905	0	0.125	0
gameData/Weapons/groundModels_weapons/125mm_2a75_user_cannon.blk	125mm_practice	125 mm Practice	Practice Tank	19	905	0	0.125	0
gameData/Weapons/groundModels_weapons/125mm_2a46_m5_user_cannon.blk	125mm_practice	125 mm Practice	Practice Tank	19	905	0	0.125	0
gameData/Weapons/groundModels_weapons/125mm_2a46_m1_t_80u_user_cannon.blk	125mm_practice	125 mm Practice	Practice Tank	19	905	0	0.125	0
gameData/Weapons/groundModels_weapons/125mm_2a46_m5_t_90m_user_cannon.blk	125mm_practice	125 mm Practice	Practice Tank	19	905	0	0.125	0
gameData/Weapons/groundModels_weapons/125mm_l54_cn_user_cannon.blk	125mm_practice	125 mm Practice	Practice Tank	19	930	0	0.125	0
gameData/Weapons/groundModels_weapons/125mm_type_88c_user_cannon.blk	125mm_practice	125 mm Practice	Practice Tank	19	905	0	0.125	0
gameData/Weapons/groundModels_weapons/105mm_rbs_70_asrad_launcher_user_cannon.blk	105mm_bolide	105 mm Bolide	SAM	17	0	0.522	0.105	5
gameData/Weapons/groundModels_weapons/105mm_rbs_70_launcher_user_cannon.blk	105mm_rb_70	105 mm Rb 70	SAM	17	0	0.522	0.105	5
gameData/Weapons/groundModels_weapons/105mm_rbs_70_launcher_user_cannon.blk	105mm_rb_70_2	105 mm Rb 70 2	SAM	17	0	0.522	0.105	5
gameData/Weapons/groundModels_weapons/105mm_rbs_70_asrad_launcher_user_cannon.blk	105mm_rb_70_2	105 mm Rb 70 2	SAM	17	0	0.522	0.105	5
gameData/Weapons/groundModels_weapons/120mm_9m37m_rocket_launcher.blk	120mm_9m37m	120 mm 9M37m	SAM	39.2	0	1.1	0.12	28
gameData/Weapons/groundModels_weapons/127mm_mim_72_launcher_user_cannon.blk	127mm_mim72c	127 mm Mim72c	SAM	86.3	0	2.99	0.127	28
gameData/Weapons/groundModels_weapons/127mm_mim_72_launcher_user_cannon.blk	127mm_mim72e	127 mm Mim72e	SAM	86.3	0	2.99	0.127	28
gameData/Weapons/groundModels_weapons/127mm_mim_72g_launcher_user_cannon.blk	127mm_mim72e	127 mm Mim72e	SAM	86.3	0	2.99	0.127	28
gameData/Weapons/groundModels_weapons/127mm_mim_72g_launcher_user_cannon.blk	127mm_mim72g	127 mm Mim72g	SAM	86.3	0	2.99	0.127	28
gameData/Weapons/groundModels_weapons/127mm_mim_72_launcher_user_cannon.blk	127mm_mim72g	127 mm Mim72g	SAM	86.3	0	2.99	0.127	28
gameData/Weapons/groundModels_weapons/127mm_tc_1l_rocket_launcher_user_cannon.blk	127mm_tc_1l	127 mm Tc 1L	SAM	83	0	3.628739	0.127	28
gameData/Weapons/groundModels_weapons/130mm_rapier_launcher_user_cannon.blk	130mm_rapier_mk1e	130 mm Rapier Mk1e	SAM	42.6	0	0.5	0.13	0
gameData/Weapons/groundModels_weapons/130mm_rapier_launcher_user_cannon.blk	130mm_rapier_mk2	130 mm Rapier Mk2	SAM	42.6	0	0.5	0.13	0
gameData/Weapons/groundModels_weapons/130mm_starstreak_hvm_launcher_user_cannon.blk	130mm_starstreak_hvm	130 mm Starstreak Hvm	SAM	14	0	1.2	0.13	50
gameData/Weapons/groundModels_weapons/130mm_starstreak_hvm_rocket_launcher.blk	130mm_starstreak_hvm	130 mm Starstreak Hvm	SAM	14	0	1.2	0.13	50
gameData/Weapons/groundModels_weapons/158mm_nb_wf_41_gun_rocket_launcher.blk	152mm_wgr_41	152 mm Wgr 41	SAM	39.06	0	2.15	0.15	0
gameData/Weapons/groundModels_weapons/152mm_9m311_rocket_launcher.blk	152mm_zur_9m311	152 mm Zur 9M311	SAM	18.5	0	3	0.152	28
gameData/Weapons/groundModels_weapons/152mm_9m311_1m_rocket_launcher.blk	152mm_zur_9m311_1m	152 mm Zur 9M311 1M	SAM	18.5	0	3	0.152	28
gameData/Weapons/groundModels_weapons/160mm_sam_1c_launcher_user_cannon.blk	160mm_sam_1c	160 mm Sam 1C	SAM	105	0	3.75	0.08	28
gameData/Weapons/groundModels_weapons/160mm_sam_1c_slave_launcher_user_cannon.blk	160mm_sam_1c	160 mm Sam 1C	SAM	105	0	3.75	0.08	28
gameData/Weapons/groundModels_weapons/160mm_sam_1c_launcher_user_cannon.blk	160mm_sam_arh_1c	160 mm Sam Arh 1C	SAM	105	0	3.75	0.08	28
gameData/Weapons/groundModels_weapons/160mm_sam_1c_slave_launcher_user_cannon.blk	160mm_sam_arh_1c	160 mm Sam Arh 1C	SAM	105	0	3.75	0.08	28
gameData/Weapons/groundModels_weapons/163mm_roland_launcher_user_cannon.blk	163mm_roland_1	163 mm Roland 1	SAM	65	550	3.5	0.163	28
gameData/Weapons/groundModels_weapons/163mm_roland_2_launcher_user_cannon.blk	163mm_roland_2	163 mm Roland 2	SAM	65	550	3.5	0.163	28
gameData/Weapons/groundModels_weapons/163mm_roland_launcher_user_cannon.blk	163mm_roland_3	163 mm Roland 3	SAM	77	550	5.2	0.163	28
gameData/Weapons/groundModels_weapons/163mm_roland_2_launcher_user_cannon.blk	163mm_roland_3	163 mm Roland 3	SAM	77	550	5.2	0.163	28
gameData/Weapons/groundModels_weapons/163mm_vt_1_launcher_user_cannon.blk	165mm_vt_1	165 mm Vt 1	SAM	73	0	6	0.165	28
gameData/Weapons/groundModels_weapons/163mm_roland_vt_1_launcher_user_cannon.blk	165mm_vt_1	165 mm Vt 1	SAM	73	0	6	0.165	28
gameData/Weapons/groundModels_weapons/166mm_camm_user_cannon.blk	166mm_camm	166 mm Camm	SAM	99	0	3.85	0.166	28
gameData/Weapons/groundModels_weapons/166mm_camm_user_cannon.blk	166mm_camm_er	166 mm Camm Er	SAM	160	0	3.85	0.19	28
gameData/Weapons/groundModels_weapons/170mm_57e6m_launcher_user_cannon.blk	170mm_57e6m	170 mm 57E6m	SAM	90	0	0.5	0.19	28
gameData/Weapons/groundModels_weapons/170mm_57e6m_launcher_user_cannon.blk	170mm_tkb_1055	170 mm Tkb 1055	SAM	18	0	1.85	0.08	28
gameData/Weapons/groundModels_weapons/170mm_57e6m_launcher_user_cannon.blk	170mm_zur_95ya6	170 mm Zur 95Ya6	SAM	72.5	0	5.5	0.17	28
gameData/Weapons/groundModels_weapons/170mm_57e6_rocket_launcher.blk	170mm_zur_95ya6	170 mm Zur 95Ya6	SAM	72.5	0	5.5	0.17	28
gameData/Weapons/groundModels_weapons/178mm_hedgehog_user_cannon.blk	178mm_hedgehog_projectile	178 mm Hedgehog Projectile	SAM	29.5	0	15.8	0.178	0
gameData/Weapons/groundModels_weapons/209mm_9m33a3_launcher_user_cannon.blk	209mm_9m33m3	209 mm 9M33m3	SAM	126.3	580	5.38	0.2096	28
gameData/Weapons/groundModels_weapons/239mm_9m331_user_cannon.blk	239mm_9m331	239 mm 9M331	SAM	167	0	5.3	0.239	28
gameData/Weapons/groundModels_weapons/239mm_hq_17_user_cannon.blk	239mm_hq17	239 mm Hq17	SAM	167	0	5.3	0.239	28
gameData/Weapons/groundModels_weapons/360mm_9m317m_user_cannon.blk	360mm_9m317ma	360 mm 9M317ma	SAM	581	0	29.7	0.36	28
gameData/Weapons/groundModels_weapons/380mm_aster_30_user_cannon.blk	380mm_aster_30	380 mm Aster 30	SAM	450	0	5.25	0.38	28
gameData/Weapons/groundModels_weapons/380mm_rw_61_user_cannon.blk	380mm_sprgr4581	380 mm Sprgr4581	SAM	345	0	125	0.38	0
gameData/Weapons/groundModels_weapons/400mm_buk_9m38_rocket_launcher.blk	400mm_9m38m1	400 mm 9M38m1	SAM	690	0	29.7	0.4	28
gameData/Weapons/groundModels_weapons/410mm_patriot_mim_104_rocket_launcher.blk	410mm_mim104b	410 mm Mim104b	SAM	900	0	30	0.41	28
gameData/Weapons/groundModels_weapons/508mm_s300ps_5v55_rocket_launcher.blk	508mm_5v55r	508 mm 5V55r	SAM	1664	0	80	0.508	28
gameData/Weapons/groundModels_weapons/557mm_mgm_52_rocket_launcher.blk	557mm_mgm_52	557 mm Mgm 52	SAM	2000	0	0.3	0.557	5
gameData/Weapons/groundModels_weapons/650mm_9k79_rocket_launcher.blk	650mm_9m79	650 mm 9M79	SAM	2000	0	1.45	0.65	3
gameData/Weapons/groundModels_weapons/70mm_fim_92e_stinger_launcher_user_cannon.blk	70mm_fim_92e	70 mm Fim 92E	SAM	10.1	0	0.45	0.07	28
gameData/Weapons/groundModels_weapons/70mm_fim_92e_stinger_lav_launcher_user_cannon.blk	70mm_fim_92e	70 mm Fim 92E	SAM	10.1	0	0.45	0.07	28
gameData/Weapons/groundModels_weapons/70mm_fim_92e_stinger_lav_4_launcher_user_cannon.blk	70mm_fim_92e	70 mm Fim 92E	SAM	10.1	0	0.45	0.07	28
gameData/Weapons/groundModels_weapons/70mm_fim_92e_stinger_machbet_launcher_user_cannon.blk	70mm_fim_92e	70 mm Fim 92E	SAM	10.1	0	0.45	0.07	28
gameData/Weapons/groundModels_weapons/70mm_fim_92e_stinger_stormer_launcher_user_cannon.blk	70mm_fim_92e	70 mm Fim 92E	SAM	10.1	0	0.45	0.07	28
gameData/Weapons/groundModels_weapons/70mm_fim_92e_stinger_launcher_user_cannon.blk	70mm_fim_92k	70 mm Fim 92K	SAM	10.1	0	0.45	0.07	28
gameData/Weapons/groundModels_weapons/70mm_fim_92e_stinger_machbet_launcher_user_cannon.blk	70mm_fim_92k	70 mm Fim 92K	SAM	10.1	0	0.45	0.07	28
gameData/Weapons/groundModels_weapons/70mm_fim_92e_stinger_lav_4_launcher_user_cannon.blk	70mm_fim_92k	70 mm Fim 92K	SAM	10.1	0	0.45	0.07	28
gameData/Weapons/groundModels_weapons/70mm_fim_92e_stinger_stormer_launcher_user_cannon.blk	70mm_fim_92k	70 mm Fim 92K	SAM	10.1	0	0.45	0.07	28
gameData/Weapons/groundModels_weapons/70mm_fim_92e_stinger_lav_launcher_user_cannon.blk	70mm_fim_92k	70 mm Fim 92K	SAM	10.1	0	0.45	0.07	28
gameData/Weapons/groundModels_weapons/70mm_hydra_70_md_user_cannon.blk	70mm_m247_md	70 mm M247 Md	SAM	10.16	0	0	0.07	0
gameData/Weapons/groundModels_weapons/72mm_9s846_4_rocket_launcher.blk	72mm_9m342	72 mm 9M342	SAM	11.7	0	0.57	0.072	28
gameData/Weapons/groundModels_weapons/72mm_9s846_4_rocket_launcher.blk	72mm_9m39	72 mm 9M39	SAM	10.6	0	0.4	0.072	28
gameData/Weapons/groundModels_weapons/72mm_hn_6_launcher_user_cannon.blk	72mm_hn_6	72 mm Hn 6	SAM	10.77	0	0.6	0.072	28
gameData/Weapons/groundModels_weapons/80mm_type_91_launcher_user_cannon.blk	80mm_type_91	80 mm Type 91	SAM	11.5	0	0.45	0.08	28
gameData/Weapons/groundModels_weapons/82mm_m8_launcher_user_cannon.blk	82mm_m_8	82 mm M 8	SAM	39.06	0	0.6	0.15	0
gameData/Weapons/groundModels_weapons/178mm_sl_amraam_user_cannon.blk	us_aim_120c_7_sam	AIM-120C-7 surface-to-air missiles	SAM	161	0	8.6183	0.1778	28
gameData/Weapons/groundModels_weapons/178mm_nasams_user_cannon.blk	us_aim_120c_7_sam	AIM-120C-7 surface-to-air missiles	SAM	161	0	8.6183	0.1778	28
gameData/Weapons/groundModels_weapons/127mm_aim_9x_user_cannon.blk	us_aim_9x_block_2	AIM-9X Block 2 Sidewinder air-to-air missiles	SAM	88	0	3.5834	0.127	28
gameData/Weapons/groundModels_weapons/178mm_nasams_user_cannon.blk	us_aim_9x_block_2	AIM-9X Block 2 Sidewinder air-to-air missiles	SAM	88	0	3.5834	0.127	28
gameData/Weapons/groundModels_weapons/127mm_aim_9x_nomads_user_cannon.blk	us_aim_9x_block_2	AIM-9X Block 2 Sidewinder air-to-air missiles	SAM	88	0	3.5834	0.127	28
gameData/Weapons/groundModels_weapons/178mm_nasams_user_cannon.blk	us_amraam_er	AMRAAM-ER SAM	SAM	279	0	8.6183	0.254	28
gameData/Weapons/groundModels_weapons/250mm_fm_3000_user_cannon.blk	cn_fm_3000	Cn Fm 3000	SAM	583	0	7.25	0.25	28
gameData/Weapons/groundModels_weapons/130mm_fb_10_rocket_launcher.blk	fb10_rocket	Fb10 Rocket	SAM	46	0	1.05	0.13	28
gameData/Weapons/groundModels_weapons/130mm_fb_10_rocket_launcher.blk	fb10a_rocket	Fb10a Rocket	SAM	46	0	1.05	0.13	28
gameData/Weapons/groundModels_weapons/160mm_spyder_launcher_user_cannon.blk	il_derby_er_sam	I-Derby ER surface-to-air missiles	SAM	122	0	1.85	0.16	28
gameData/Weapons/groundModels_weapons/160mm_spyder_launcher_user_cannon.blk	il_derby_sam	I-Derby SR surface-to-air missiles	SAM	118	0	5	0.16	28
gameData/Weapons/groundModels_weapons/320mm_type_03_user_cannon.blk	jp_type_03	Jp Type 03	SAM	583	0	14	0.326	28
gameData/Weapons/groundModels_weapons/90mm_atam_mistral_user_cannon.blk	atam_mistral_sam	Mistral surface-to-air missiles	SAM	19.7	0	1.11	0.09	28
gameData/Weapons/groundModels_weapons/90mm_atam_mistral_rocket_launcher.blk	atam_mistral_sam	Mistral surface-to-air missiles	SAM	19.7	0	1.11	0.09	28
gameData/Weapons/groundModels_weapons/230mm_petard_spigot_mortar_user_cannon.blk	no_1_demolition_bomb	No 1 Demolition Bomb	SAM	18.14	0	10.43	0.2306	0
gameData/Weapons/groundModels_weapons/160mm_spyder_launcher_user_cannon.blk	il_python_5_sam	Python 5 air-to-air missiles	SAM	105	0	5	0.16	28
gameData/Weapons/groundModels_weapons/127mm_iris_t_user_cannon.blk	us_iris_t	Us Iris T	SAM	88	0	4.5	0.127	28
gameData/Weapons/groundModels_weapons/180mm_iris_t_sl_user_cannon.blk	us_iris_t_sl	Us Iris T Sl	SAM	155	0	4.5	0.18	28
gameData/Weapons/groundModels_weapons/370mm_i_hawk_rocket_launcher.blk	us_mim_23b	Us Mim 23B	SAM	625	0	36.2874	0.37	28
gameData/Weapons/groundModels_weapons/654mm_s_75_v_755_20ds_rocket_launcher.blk	V_759	V 759	SAM	2397.9	0	118	0.5	28
gameData/Weapons/groundModels_weapons/120mm_coastal_fort_cannon.blk	120mm_obr1911_sap	120 mm Obr1911 Sap	SAP	28.97	792.5	3.73	0.12	0
gameData/Weapons/groundModels_weapons/152mm_d1_coastal_fort_cannon.blk	152mm_pb35	152 mm Pb35	SAP	55	950	3.83	0.152	0
gameData/Weapons/groundModels_weapons/30mm_hss_831l_user_cannon.blk	30_170mm_aphe_i	30 170 mm Aphe I	SAP	0.36	1080	0.018	0.03	0
gameData/Weapons/groundModels_weapons/30mm_hss_831l_turm_user_cannon.blk	30_170mm_aphe_i	30 170 mm Aphe I	SAP	0.36	1080	0.018	0.03	0
gameData/Weapons/groundModels_weapons/30mm_hss_831a_user_cannon.blk	30_170mm_aphe_i	30 170 mm Aphe I	SAP	0.36	1080	0.018	0.03	0
gameData/Weapons/groundModels_weapons/30mm_l21a1_rarden_user_cannon.blk	30_170mm_aphe_i	30 170 mm Aphe I	SAP	0.36	1080	0.018	0.03	0
gameData/Weapons/groundModels_weapons/76mm_1910_16_user_cannon.blk	76mm_1910_shrapnel	76 mm 1910 Shrapnel	Shrapnel	6.5	381	0.085	0.0762	0
gameData/Weapons/groundModels_weapons/76mm_kt28_user_cannon.blk	76mm_sh_353	76 mm Sh 353	Shrapnel	6.44	381	0.085	0.0762	0
gameData/Weapons/groundModels_weapons/76mm_kt28_for_t26_user_cannon.blk	76mm_sh_353	76 mm Sh 353	Shrapnel	6.44	381	0.085	0.0762	0
gameData/Weapons/groundModels_weapons/76mm_f34_user_cannon.blk	76mm_sh_354t	76 mm Sh 354T	Shrapnel	6.44	618	0.085	0.0762	0
gameData/Weapons/groundModels_weapons/76mm_f32_user_cannon.blk	76mm_sh_354t	76 mm Sh 354T	Shrapnel	6.44	612	0.085	0.0762	0
gameData/Weapons/groundModels_weapons/76mm_zis3_user_cannon.blk	76mm_sh_354t	76 mm Sh 354T	Shrapnel	6.44	618	0.085	0.0762	0
gameData/Weapons/groundModels_weapons/76mm_l11_t34_early_user_cannon.blk	76mm_sh_354t	76 mm Sh 354T	Shrapnel	6.44	612	0.085	0.0762	0
gameData/Weapons/groundModels_weapons/76mm_l11_user_cannon.blk	76mm_sh_354t	76 mm Sh 354T	Shrapnel	6.44	612	0.085	0.0762	0
gameData/Weapons/groundModels_weapons/76mm_l10_user_cannon.blk	76mm_sh_354t	76 mm Sh 354T	Shrapnel	6.44	560	0.085	0.0762	34
gameData/Weapons/groundModels_weapons/76mm_1902_30_user_cannon.blk	76mm_sh_354t	76 mm Sh 354T	Shrapnel	6.44	618	0.085	0.0762	0
gameData/Weapons/groundModels_weapons/76mm_l11_smk_user_cannon.blk	76mm_sh_354t	76 mm Sh 354T	Shrapnel	6.44	612	0.085	0.0762	0
gameData/Weapons/groundModels_weapons/76mm_zis5_user_cannon.blk	76mm_sh_354t	76 mm Sh 354T	Shrapnel	6.44	618	0.085	0.0762	0
gameData/Weapons/groundModels_weapons/76mm_f96_user_cannon.blk	76mm_sh_354t	76 mm Sh 354T	Shrapnel	6.44	618	0.085	0.0762	0
gameData/Weapons/groundModels_weapons/76mm_artillery_support_cannon.blk	76mm_sh_354t	76 mm Sh 354T	Shrapnel	6.44	618	0.085	0.0762	0
gameData/Weapons/groundModels_weapons/100mm_d10t_user_cannon.blk	100mm_3d3	100 mm 3D3	Smoke	15.6	880	0.05	0.1	0
gameData/Weapons/groundModels_weapons/100mm_2a48_user_cannon.blk	100mm_3d3	100 mm 3D3	Smoke	15.6	880	0.05	0.1	0
gameData/Weapons/groundModels_weapons/100mm_type59_user_cannon.blk	100mm_3d3	100 mm 3D3	Smoke	15.6	880	0.05	0.1	0
gameData/Weapons/groundModels_weapons/100mm_c34_user_cannon.blk	100mm_3d3	100 mm 3D3	Smoke	15.6	880	0.05	0.1	0
gameData/Weapons/groundModels_weapons/100mm_d10s_user_cannon.blk	100mm_3d3	100 mm 3D3	Smoke	15.6	880	0.05	0.1	0
gameData/Weapons/groundModels_weapons/100mm_d10t2s_to_55_user_cannon.blk	100mm_3d3	100 mm 3D3	Smoke	15.6	880	0.05	0.1	0
gameData/Weapons/groundModels_weapons/100mm_lb1_user_cannon.blk	100mm_3d3	100 mm 3D3	Smoke	15.6	880	0.05	0.1	0
gameData/Weapons/groundModels_weapons/100mm_d50_user_cannon.blk	100mm_3d3	100 mm 3D3	Smoke	15.6	880	0.05	0.1	0
gameData/Weapons/groundModels_weapons/100mm_d10t2s_user_cannon.blk	100mm_3d3	100 mm 3D3	Smoke	15.6	880	0.05	0.1	0
gameData/Weapons/groundModels_weapons/100mm_d10t2s_fin_user_cannon.blk	100mm_3d3	100 mm 3D3	Smoke	15.6	880	0.05	0.1	0
gameData/Weapons/groundModels_weapons/105mm_stuh42_user_cannon.blk	105mm_f_h_gr_nb	105 mm F H Gr Nb	Smoke	14	480	0.05	0.105	0
gameData/Weapons/groundModels_weapons/105mm_fmk4_modelo_1l_user_cannon.blk	105mm_m416	105 mm M416	Smoke	11.6	731.5	0.05	0.105	0
gameData/Weapons/groundModels_weapons/105mm_xm_35_user_cannon.blk	105mm_m416	105 mm M416	Smoke	11.6	731.5	0.05	0.105	0
gameData/Weapons/groundModels_weapons/105mm_m68_tts_user_cannon.blk	105mm_m416	105 mm M416	Smoke	11.6	731.5	0.05	0.105	0
gameData/Weapons/groundModels_weapons/105mm_gt3_user_cannon.blk	105mm_m416	105 mm M416	Smoke	11.6	731.5	0.05	0.105	0
gameData/Weapons/groundModels_weapons/105mm_m68_xm_user_cannon.blk	105mm_m416	105 mm M416	Smoke	11.6	731.5	0.05	0.105	0
gameData/Weapons/groundModels_weapons/105mm_m68_m60a1_user_cannon.blk	105mm_m416	105 mm M416	Smoke	11.6	731.5	0.05	0.105	0
gameData/Weapons/groundModels_weapons/105mm_m68_magach_user_cannon.blk	105mm_m416	105 mm M416	Smoke	11.6	731.5	0.05	0.105	0
gameData/Weapons/groundModels_weapons/105mm_m68a1_user_cannon.blk	105mm_m416	105 mm M416	Smoke	11.6	731.5	0.05	0.105	0
gameData/Weapons/groundModels_weapons/105mm_xc8_l50_user_cannon.blk	105mm_m416	105 mm M416	Smoke	11.6	731.5	0.05	0.105	0
gameData/Weapons/groundModels_weapons/105mm_m68a1_ags_user_cannon.blk	105mm_m416	105 mm M416	Smoke	11.6	731.5	0.05	0.105	0
gameData/Weapons/groundModels_weapons/105mm_m68a1_ip_user_cannon.blk	105mm_m416	105 mm M416	Smoke	11.6	731.5	0.05	0.105	0
gameData/Weapons/groundModels_weapons/105mm_jsw_user_cannon.blk	105mm_m416	105 mm M416	Smoke	11.6	731.5	0.05	0.105	0
gameData/Weapons/groundModels_weapons/105mm_m68_user_cannon.blk	105mm_m416	105 mm M416	Smoke	11.6	731.5	0.05	0.105	0
gameData/Weapons/groundModels_weapons/105mm_105_55_oto_melara_user_cannon.blk	105mm_m416	105 mm M416	Smoke	11.6	731.5	0.05	0.105	0
gameData/Weapons/groundModels_weapons/105mm_l7_shot_user_cannon.blk	105mm_m416	105 mm M416	Smoke	11.6	731.5	0.05	0.105	0
gameData/Weapons/groundModels_weapons/105mm_oto_melara_romor_user_cannon.blk	105mm_m416	105 mm M416	Smoke	11.6	731.5	0.05	0.105	0
gameData/Weapons/groundModels_weapons/105mm_cn_105_g2_user_cannon.blk	105mm_m416	105 mm M416	Smoke	11.6	731.5	0.05	0.105	0
gameData/Weapons/groundModels_weapons/105mm_l7a3_ga_2_user_cannon.blk	105mm_m416	105 mm M416	Smoke	11.6	731.5	0.05	0.105	0
gameData/Weapons/groundModels_weapons/105mm_l7a3_user_cannon.blk	105mm_m416	105 mm M416	Smoke	11.6	731.5	0.05	0.105	0
gameData/Weapons/groundModels_weapons/105mm_l7a3_type74_user_cannon.blk	105mm_m416	105 mm M416	Smoke	11.6	731.5	0.05	0.105	0
gameData/Weapons/groundModels_weapons/105mm_oto_melara_mk_2_user_cannon.blk	105mm_m416	105 mm M416	Smoke	11.6	731.5	0.05	0.105	0
gameData/Weapons/groundModels_weapons/105mm_l7a3_type74kai_user_cannon.blk	105mm_m416	105 mm M416	Smoke	11.6	731.5	0.05	0.105	0
gameData/Weapons/groundModels_weapons/105mm_l7a3_stb_user_cannon.blk	105mm_m416	105 mm M416	Smoke	11.6	731.5	0.05	0.105	0
gameData/Weapons/groundModels_weapons/105mm_oto_melara_user_cannon.blk	105mm_m416	105 mm M416	Smoke	11.6	731.5	0.05	0.105	0
gameData/Weapons/groundModels_weapons/105mm_m4_user_cannon.blk	105mm_m84	105 mm M84	Smoke	14.9	457	0.05	0.105	0
gameData/Weapons/groundModels_weapons/105mm_modele_f2_user_cannon.blk	105mm_o_fum_ph_f3	105 mm O Fum Ph F3	Smoke	7.1	800	0.05	0.105	0
gameData/Weapons/groundModels_weapons/105mm_giat_105_g1_user_cannon.blk	105mm_o_fum_ph_f3	105 mm O Fum Ph F3	Smoke	7.1	800	0.05	0.105	0
gameData/Weapons/groundModels_weapons/105mm_cn_105_g1_user_cannon.blk	105mm_ofph_f1	105 mm Ofph F1	Smoke	11.4	600	0.05	0.105	0
gameData/Weapons/groundModels_weapons/105mm_pzk_m57_user_cannon.blk	105mm_ofph_f1	105 mm Ofph F1	Smoke	11.4	700	0.05	0.105	0
gameData/Weapons/groundModels_weapons/105mm_m_51_user_cannon.blk	105mm_ofph_f1	105 mm Ofph F1	Smoke	11.4	600	0.05	0.105	0
gameData/Weapons/groundModels_weapons/105mm_cn_105_57_user_cannon.blk	105mm_ofph_f1	105 mm Ofph F1	Smoke	11.4	600	0.05	0.105	0
gameData/Weapons/groundModels_weapons/105mm_cn_105_f1_user_cannon.blk	105mm_ofph_f1	105 mm Ofph F1	Smoke	11.4	700	0.05	0.105	0
gameData/Weapons/groundModels_weapons/105mm_kan_ikv_user_cannon.blk	105mm_rokgr_m49	105 mm Rokgr M49	Smoke	14.7	359	0.05	0.105	0
gameData/Weapons/groundModels_weapons/105mm_kan_strv_101_user_cannon.blk	105mm_rokgr_m61	105 mm Rokgr M61	Smoke	19.6	320	0.05	0.105	0
gameData/Weapons/groundModels_weapons/105mm_kan_strv_104_user_cannon.blk	105mm_rokgr_m61	105 mm Rokgr M61	Smoke	19.6	330	0.05	0.105	0
gameData/Weapons/groundModels_weapons/105mm_kan_strv_105_user_cannon.blk	105mm_rokgr_m61	105 mm Rokgr M61	Smoke	19.6	330	0.05	0.105	0
gameData/Weapons/groundModels_weapons/105mm_bofors_ikv_user_cannon.blk	105mm_rokgr_m61	105 mm Rokgr M61	Smoke	19.6	330	0.05	0.105	0
gameData/Weapons/groundModels_weapons/105mm_l74_user_cannon.blk	105mm_rokgr_m61	105 mm Rokgr M61	Smoke	19.6	330	0.05	0.105	0
gameData/Weapons/groundModels_weapons/105mm_l74_103c_user_cannon.blk	105mm_rokgr_m61	105 mm Rokgr M61	Smoke	19.6	330	0.05	0.105	0
gameData/Weapons/groundModels_weapons/120mm_m58_user_cannon.blk	120mm_m357	120 mm M357	Smoke	22.9	762	0.05	0.12	0
gameData/Weapons/groundModels_weapons/120mm_l30a1_2e_user_cannon.blk	120mm_smoke_l34	120 mm Smoke L34	Smoke	17.1	670	0.05	0.12	0
gameData/Weapons/groundModels_weapons/120mm_l30a1_user_cannon.blk	120mm_smoke_l34	120 mm Smoke L34	Smoke	17.1	670	0.05	0.12	0
gameData/Weapons/groundModels_weapons/120mm_l11a5_user_cannon.blk	120mm_smoke_l34	120 mm Smoke L34	Smoke	17.1	670	0.05	0.12	0
gameData/Weapons/groundModels_weapons/120mm_obl_tk_l11_user_cannon.blk	120mm_smoke_l34	120 mm Smoke L34	Smoke	17.1	670	0.05	0.12	0
gameData/Weapons/groundModels_weapons/120mm_l11a5_mk3_vickers_user_cannon.blk	120mm_smoke_l34	120 mm Smoke L34	Smoke	17.1	670	0.05	0.12	0
gameData/Weapons/groundModels_weapons/120mm_l11a5_mk3_user_cannon.blk	120mm_smoke_l34	120 mm Smoke L34	Smoke	17.1	670	0.05	0.12	0
gameData/Weapons/groundModels_weapons/76mm_artillery_support_cannon.blk	122mm_3vdcz3	122 mm 3Vdcz3	Smoke	23.3	515	0.05	0.122	0
gameData/Weapons/groundModels_weapons/122mm_m30_support_user_cannon.blk	122mm_3vdcz3	122 mm 3Vdcz3	Smoke	23.3	515	0.05	0.122	0
gameData/Weapons/groundModels_weapons/122mm_m30_support_smoke_user_cannon.blk	122mm_d462a	122 mm D462a	Smoke	22.32	515	0.05	0.122	0
gameData/Weapons/groundModels_weapons/122mm_m30_user_cannon.blk	122mm_d462a	122 mm D462a	Smoke	22.32	515	0.05	0.122	0
gameData/Weapons/groundModels_weapons/130mm_pl_59a_gai_user_cannon.blk	130mm_djb_1_smoke	130 mm Djb 1 Smoke	Smoke	32.47	935	0.272	0.13	0
gameData/Weapons/groundModels_weapons/150mm_sfh_18_user_cannon.blk	150mm_gr_19_nb	150 mm Gr 19 Nb	Smoke	39	520	0.05	0.15	0
gameData/Weapons/groundModels_weapons/152mm_xm150e5_kpz_user_cannon.blk	152mm_xm410e1	152 mm Xm410e1	Smoke	18.9	754	0.05	0.152	0
gameData/Weapons/groundModels_weapons/152mm_xm150e6_user_cannon.blk	152mm_xm410e1	152 mm Xm410e1	Smoke	18.9	754	0.05	0.152	0
gameData/Weapons/groundModels_weapons/152mm_xm150e5_user_cannon.blk	152mm_xm410e1	152 mm Xm410e1	Smoke	18.9	754	0.05	0.152	0
gameData/Weapons/groundModels_weapons/155mm_g6_l45_user_cannon.blk	155mm_g6_smoke	155 mm G6 Smoke	Smoke	45.7	897	0.05	0.155	0
gameData/Weapons/groundModels_weapons/155mm_m126e1_user_cannon.blk	155mm_m110	155 mm M110	Smoke	44.63	684	0.05	0.155	0
gameData/Weapons/groundModels_weapons/155mm_l52_user_cannon.blk	155mm_m110	155 mm M110	Smoke	40.8	945	0.05	0.155	0
gameData/Weapons/groundModels_weapons/155mm_m126_user_cannon.blk	155mm_m110	155 mm M110	Smoke	44.63	562	0.05	0.155	0
gameData/Weapons/groundModels_weapons/155mm_m185_user_cannon.blk	155mm_m110	155 mm M110	Smoke	44.63	684	0.05	0.155	0
gameData/Weapons/groundModels_weapons/155mm_nsj_l30_user_cannon.blk	155mm_m110	155 mm M110	Smoke	40.8	563	0.05	0.155	0
gameData/Weapons/groundModels_weapons/155mm_obusier_modele_1950_user_cannon.blk	155mm_m110	155 mm M110	Smoke	40.8	563	0.05	0.155	0
gameData/Weapons/groundModels_weapons/155mm_m45_user_cannon.blk	155mm_m110	155 mm M110	Smoke	40.8	563	0.05	0.155	0
gameData/Weapons/groundModels_weapons/155mm_t7_user_cannon.blk	155mm_m110	155 mm M110	Smoke	44.63	717	0.05	0.155	0
gameData/Weapons/groundModels_weapons/155mm_l_31_user_cannon.blk	155mm_m110	155 mm M110	Smoke	40.8	810	0.05	0.155	0
gameData/Weapons/groundModels_weapons/155mm_l_39_user_cannon.blk	155mm_m110	155 mm M110	Smoke	40.8	684	0.05	0.155	0
gameData/Weapons/groundModels_weapons/155mm_gct_f1_user_cannon.blk	155mm_m110	155 mm M110	Smoke	40.8	563	0.05	0.155	0
gameData/Weapons/groundModels_weapons/155mm_type_99_l52_user_cannon.blk	155mm_m110	155 mm M110	Smoke	40.8	940	0.05	0.155	0
gameData/Weapons/groundModels_weapons/155mm_cn98_user_cannon.blk	155mm_m110	155 mm M110	Smoke	40.8	563	0.05	0.155	0
gameData/Weapons/groundModels_weapons/155mm_fh70_l_39_user_cannon.blk	155mm_p5	155 mm P5	Smoke	43.5	827	0.05	0.155	0
gameData/Weapons/groundModels_weapons/75mm_ansaldo_75_32_m37_user_cannon.blk	75mm_gr_fumogena	75 mm Gr Fumogena	Smoke	6.4	490	0.05	0.075	0
gameData/Weapons/groundModels_weapons/75mm_ansaldo_75_18_m34_user_cannon.blk	75mm_gr_fumogena	75 mm Gr Fumogena	Smoke	6.4	450	0.05	0.075	0
gameData/Weapons/groundModels_weapons/75mm_stuk37_user_cannon.blk	75mm_k_gr_rot_nb	75 mm K Gr Rot Nb	Smoke	6.2	423	0.05	0.075	0
gameData/Weapons/groundModels_weapons/75mm_pak39_l48_user_cannon.blk	75mm_k_gr_rot_nb	75 mm K Gr Rot Nb	Smoke	6.2	540	0.05	0.075	0
gameData/Weapons/groundModels_weapons/75mm_stuk40_l43_user_cannon.blk	75mm_k_gr_rot_nb	75 mm K Gr Rot Nb	Smoke	6.2	540	0.05	0.075	0
gameData/Weapons/groundModels_weapons/75mm_pak40_3_l46_user_cannon.blk	75mm_k_gr_rot_nb	75 mm K Gr Rot Nb	Smoke	6.2	540	0.05	0.075	0
gameData/Weapons/groundModels_weapons/75mm_stuk40_l48_user_cannon.blk	75mm_k_gr_rot_nb	75 mm K Gr Rot Nb	Smoke	6.2	540	0.05	0.075	0
gameData/Weapons/groundModels_weapons/75mm_pak39_l48_hetzer_user_cannon.blk	75mm_k_gr_rot_nb	75 mm K Gr Rot Nb	Smoke	6.2	540	0.05	0.075	0
gameData/Weapons/groundModels_weapons/75mm_kwk51_user_cannon.blk	75mm_k_gr_rot_nb	75 mm K Gr Rot Nb	Smoke	6.2	423	0.05	0.075	0
gameData/Weapons/groundModels_weapons/75mm_kwk40_l43_user_cannon.blk	75mm_k_gr_rot_nb	75 mm K Gr Rot Nb	Smoke	6.2	540	0.05	0.075	0
gameData/Weapons/groundModels_weapons/75mm_kwk44_l36_user_cannon.blk	75mm_k_gr_rot_nb	75 mm K Gr Rot Nb	Smoke	6.2	423	0.05	0.075	0
gameData/Weapons/groundModels_weapons/75mm_kwk40_l48_user_cannon.blk	75mm_k_gr_rot_nb	75 mm K Gr Rot Nb	Smoke	6.2	540	0.05	0.075	0
gameData/Weapons/groundModels_weapons/75mm_kwk37_for_nbfz_user_cannon.blk	75mm_k_gr_rot_nb	75 mm K Gr Rot Nb	Smoke	6.2	423	0.05	0.075	0
gameData/Weapons/groundModels_weapons/75mm_kwk40_user_cannon.blk	75mm_k_gr_rot_nb	75 mm K Gr Rot Nb	Smoke	6.2	540	0.05	0.075	0
gameData/Weapons/groundModels_weapons/75mm_kwk37_user_cannon.blk	75mm_k_gr_rot_nb	75 mm K Gr Rot Nb	Smoke	6.2	423	0.05	0.075	0
gameData/Weapons/groundModels_weapons/76mm_m32_user_cannon.blk	75mm_m361	75 mm M361	Smoke	7.1	713	0.05	0.076	0
gameData/Weapons/groundModels_weapons/76mm_m32k1_user_cannon.blk	75mm_m361	75 mm M361	Smoke	7.1	713	0.05	0.076	0
gameData/Weapons/groundModels_weapons/75mm_m2_howitzer_user_cannon.blk	75mm_m64	75 mm M64	Smoke	6.9	603	0.05	0.075	0
gameData/Weapons/groundModels_weapons/75mm_m6_user_cannon.blk	75mm_m64	75 mm M64	Smoke	6.9	603	0.05	0.075	0
gameData/Weapons/groundModels_weapons/76mm_m1_open_turret_no_mb_user_cannon.blk	75mm_m88	75 mm M88	Smoke	3.44	274	0.05	0.076	0
gameData/Weapons/groundModels_weapons/76mm_m1_no_mb_user_cannon.blk	75mm_m88	75 mm M88	Smoke	3.44	274	0.05	0.076	0
gameData/Weapons/groundModels_weapons/76mm_m1_for_m18_user_cannon.blk	75mm_m88	75 mm M88	Smoke	3.44	274	0.05	0.076	0
gameData/Weapons/groundModels_weapons/76mm_m1_open_turret_user_cannon.blk	75mm_m88	75 mm M88	Smoke	3.44	274	0.05	0.076	0
gameData/Weapons/groundModels_weapons/76mm_m1_user_cannon.blk	75mm_m88	75 mm M88	Smoke	3.44	274	0.05	0.076	0
gameData/Weapons/groundModels_weapons/75mm_m3_user_cannon.blk	75mm_m89	75 mm M89	Smoke	3	259	0.05	0.075	0
gameData/Weapons/groundModels_weapons/75mm_qqf_mkv_user_cannon.blk	75mm_m89	75 mm M89	Smoke	3	259	0.05	0.075	0
gameData/Weapons/groundModels_weapons/75mm_m3_open_turret_user_cannon.blk	75mm_m89	75 mm M89	Smoke	3	259	0.05	0.075	0
gameData/Weapons/groundModels_weapons/75mm_m2_user_cannon.blk	75mm_m89	75 mm M89	Smoke	3	259	0.05	0.075	0
gameData/Weapons/groundModels_weapons/75mm_qqf_mkv_na75_user_cannon.blk	75mm_m89	75 mm M89	Smoke	3	259	0.05	0.075	0
gameData/Weapons/groundModels_weapons/75mm_m1897a4_user_cannon.blk	75mm_m89	75 mm M89	Smoke	3	259	0.05	0.075	0
gameData/Weapons/groundModels_weapons/75mm_sa_49_user_cannon.blk	75mm_m89	75 mm M89	Smoke	3	259	0.05	0.075	0
gameData/Weapons/groundModels_weapons/75mm_kan_m41_open_turret_user_cannon.blk	75mm_rokgr_m22	75 mm Rokgr M22	Smoke	6.6	496	0.008	0.075	0
gameData/Weapons/groundModels_weapons/75mm_kan_m41_user_cannon.blk	75mm_rokgr_m22	75 mm Rokgr M22	Smoke	6.6	496	0.008	0.075	0
gameData/Weapons/groundModels_weapons/75mm_kan_m02_user_cannon.blk	75mm_rokgr_m22	75 mm Rokgr M22	Smoke	6.6	496	0.008	0.075	0
gameData/Weapons/groundModels_weapons/75mm_type99_user_cannon.blk	75mm_type90_smoke	75 mm Type90 Smoke	Smoke	5.72	570	0.1	0.075	0
gameData/Weapons/groundModels_weapons/75mm_type3_user_cannon.blk	75mm_type90_smoke	75 mm Type90 Smoke	Smoke	5.72	570	0.1	0.075	0
gameData/Weapons/groundModels_weapons/75mm_type90_user_cannon.blk	75mm_type90_smoke	75 mm Type90 Smoke	Smoke	5.72	570	0.1	0.075	0
gameData/Weapons/groundModels_weapons/76mm_f96_user_cannon.blk	76mm_d350a	76 mm D350a	Smoke	6.45	680	0.05	0.076	0
gameData/Weapons/groundModels_weapons/76mm_f32_user_cannon.blk	76mm_d350a	76 mm D350a	Smoke	6.45	612	0.05	0.076	0
gameData/Weapons/groundModels_weapons/76mm_f34_user_cannon.blk	76mm_d350a	76 mm D350a	Smoke	6.45	680	0.05	0.076	0
gameData/Weapons/groundModels_weapons/76mm_zis5_user_cannon.blk	76mm_d350a	76 mm D350a	Smoke	6.45	680	0.05	0.076	0
gameData/Weapons/groundModels_weapons/76mm_zis3_user_cannon.blk	76mm_d350a	76 mm D350a	Smoke	6.45	680	0.05	0.076	0
gameData/Weapons/groundModels_weapons/76mm_artillery_support_cannon.blk	76mm_d350a	76 mm D350a	Smoke	6.45	680	0.05	0.076	0
gameData/Weapons/groundModels_weapons/76mm_3inch_howitzer_mki_tog_user_cannon.blk	76mm_howitzer_shell_smoke	76 mm Howitzer Shell Smoke	Smoke	3.175	210	0.008	0.0762	0
gameData/Weapons/groundModels_weapons/76mm_3inch_howitzer_mki_user_cannon.blk	76mm_howitzer_shell_smoke	76 mm Howitzer Shell Smoke	Smoke	3.175	210	0.008	0.0762	0
gameData/Weapons/groundModels_weapons/76mm_17pdr_qf_open_turret_user_cannon.blk	76mm_shell_ss_mk1	76 mm Shell Ss Mk1	Smoke	8.44	229	0.05	0.076	0
gameData/Weapons/groundModels_weapons/76mm_17pdr_qf_user_cannon.blk	76mm_shell_ss_mk1	76 mm Shell Ss Mk1	Smoke	8.44	229	0.05	0.076	0
gameData/Weapons/groundModels_weapons/84mm_kan_strv81_user_cannon.blk	83mm_rokgr_m53	83 mm Rokgr M53	Smoke	10.131411	251.46	0.05	0.0834	0
gameData/Weapons/groundModels_weapons/84mm_qqf_20pdr_mk_i_fume_extractor_user_cannon.blk	83mm_shell_ss_mk1	83 mm Shell Ss Mk1	Smoke	10.131411	251.46	0.05	0.0834	0
gameData/Weapons/groundModels_weapons/84mm_qqf_20pdr_mk_i_user_cannon.blk	83mm_shell_ss_mk1	83 mm Shell Ss Mk1	Smoke	10.131411	251.46	0.05	0.0834	0
gameData/Weapons/groundModels_weapons/90mm_kanone_m41_user_cannon.blk	90mm_m313	90 mm M313	Smoke	10.7	821	0.05	0.09	0
gameData/Weapons/groundModels_weapons/90mm_m3_open_turret_user_cannon.blk	90mm_m313	90 mm M313	Smoke	10.7	821	0.05	0.09	0
gameData/Weapons/groundModels_weapons/90mm_m3_m36b2_user_cannon.blk	90mm_m313	90 mm M313	Smoke	10.7	821	0.05	0.09	0
gameData/Weapons/groundModels_weapons/90mm_type61_user_cannon.blk	90mm_m313	90 mm M313	Smoke	10.7	821	0.05	0.09	0
gameData/Weapons/groundModels_weapons/90mm_m3_user_cannon.blk	90mm_m313	90 mm M313	Smoke	10.7	821	0.05	0.09	0
gameData/Weapons/groundModels_weapons/90mm_m54_user_cannon.blk	90mm_m313	90 mm M313	Smoke	10.7	821	0.05	0.09	0
gameData/Weapons/groundModels_weapons/90mm_m3_without_mb_user_cannon.blk	90mm_m313	90 mm M313	Smoke	10.7	821	0.05	0.09	0
gameData/Weapons/groundModels_weapons/90mm_m36_user_cannon.blk	90mm_m313	90 mm M313	Smoke	10.7	821	0.05	0.09	0
gameData/Weapons/groundModels_weapons/90mm_m3a1_user_cannon.blk	90mm_m313	90 mm M313	Smoke	10.7	821	0.05	0.09	0
gameData/Weapons/groundModels_weapons/90mm_m41_user_cannon.blk	90mm_m313	90 mm M313	Smoke	10.7	821	0.05	0.09	0
gameData/Weapons/groundModels_weapons/90mm_type61_b_user_cannon.blk	90mm_m313	90 mm M313	Smoke	10.7	821	0.05	0.09	0
gameData/Weapons/groundModels_weapons/90mm_t7_user_cannon.blk	90mm_m313	90 mm M313	Smoke	10.7	821	0.05	0.09	0
gameData/Weapons/groundModels_weapons/90mm_m3_open_turret_without_mb_user_cannon.blk	90mm_m313	90 mm M313	Smoke	10.7	821	0.05	0.09	0
gameData/Weapons/groundModels_weapons/90mm_90_50_m3a1_user_cannon.blk	90mm_m313_da90_50	90 mm M313 Da90 50	Smoke	10.7	821	0.05	0.09	0
gameData/Weapons/groundModels_weapons/90mm_cockerill_mk_3_user_cannon.blk	90mm_m618a1	90 mm M618A1	Smoke	5.3	714	0.05	0.09	0
gameData/Weapons/groundModels_weapons/90mm_cn_90_f4_user_cannon.blk	90mm_ofum_90_f1	90 mm Ofum 90 F1	Smoke	10.2	750	0.05	0.09	0
gameData/Weapons/groundModels_weapons/90mm_gt_2_user_cannon.blk	90mm_ofum_ph90	90 mm Ofum Ph90	Smoke	5.4	640	0.05	0.09	0
gameData/Weapons/groundModels_weapons/90mm_defa_d921_user_cannon.blk	90mm_ofum_ph90	90 mm Ofum Ph90	Smoke	5.4	640	0.05	0.09	0
gameData/Weapons/groundModels_weapons/90mm_d915_user_cannon.blk	90mm_ofum_ph90	90 mm Ofum Ph90	Smoke	5.4	645	0.05	0.09	0
gameData/Weapons/groundModels_weapons/90mm_cn_90_f3_user_cannon.blk	90mm_ofum_ph90	90 mm Ofum Ph90	Smoke	10.2	750	0.05	0.09	0
gameData/Weapons/groundModels_weapons/90mm_cn_90_f2_user_cannon.blk	90mm_ofum_ph90	90 mm Ofum Ph90	Smoke	5.4	640	0.05	0.09	0
gameData/Weapons/groundModels_weapons/90mm_t208e9_user_cannon.blk	90mm_t339e14	90 mm T339e14	Smoke	8.2	1143	0.05	0.09	0
gameData/Weapons/groundModels_weapons/95mm_qf_mk1_user_cannon.blk	95mm_shell_se_mk1	95 mm Shell Se Mk1	Smoke	11.34	320	0.05	0.095	0
gameData/Weapons/groundModels_weapons/75mm_snowball_event_user_cannon.blk	snowball_tank	Snowball Tank	Snowball Tank	1	300	0	0.075	5
gameData/Weapons/groundModels_weapons/acoustic_heavy_user_cannon.blk	sonicWave	Sonicwave	Sonicwave	1	1	0	1	20
gameData/Weapons/groundModels_weapons/12_7mm_smg_50_md_user_machinegun.blk	t_ball_M1	T Ball M1	T Ball	0.044128053	832	0	0.0127	10
gameData/Weapons/groundModels_weapons/12_7mm_m2_hb_md_user_machinegun.blk	t_ball_M1	T Ball M1	T Ball	0.044128053	832	0	0.0127	10
gameData/Weapons/groundModels_weapons/12_7mm_dshk_gaz_user_machinegun.blk	t_ball_t_38	T Ball T 38	T Ball	0.044	865	0	0.0127	10
gameData/Weapons/groundModels_weapons/100mm_m4_fake_user_cannon.blk	100mm_tp	100 mm Tp	Tp Tank	0.2	150	0	0.12	3
gameData/Weapons/groundModels_weapons/100mm_m4_fake_user_cannon.blk	100mm_tphv	100 mm Tphv	Tphv Tank	0.05	200	0	0.05	6
