a_109_eoa2	a_109_eoa2_default	4x ffar extra
a_109_eoa2	a_109_eoa2_4xTOW	bgm71 default; bgm71
a_109_eoa2	a_109_eoa2_fn_m3p	2x fn m3p
a_109_eoa2	a_109_eoa2_gun_fn_m3p_hvar	fn m3p hvar slot2; fn m3p hvar slot3
a_10a_early	a_10a_default	no suspended armament
a_10a_early	a_10a_early_aero_131a	6x us hydra 70 m247
a_10a_early	a_10a_early_3x_aero_131a	4x us hydra 70 m247 x3
a_10a_early	a_10a_early_3x_aero_131a_aim_9l	us aim9l sidewinder lm default; 4x us hydra 70 m247 x3; us aim9l sidewinder rm default
a_10a_early	a_10a_early_500lb_mk_82	10x us 500lb mk 82 ldgp
a_10a_early	a_10a_early_3x_500lb_mk_82	4x us 500lb mk 82 x3 ter9a 1
a_10a_early	a_10a_early_500lb_mk_82_snakeye	6x us 500lb mk 82 ldgp snakeye; 4x us 500lb mk 82 snakeye x3 ter9a 1
a_10a_early	a_10a_early_3x_500lb_mk_82_aim_9l	us aim9l sidewinder lm default; 4x us 500lb mk 82 x3 ter9a 1; us aim9l sidewinder rm default
a_10a_early	a_10a_early_2000lb_mk_84	6x us 2000lb mk 84 ldgp
a_10a_early	a_10a_early_2000lb_mk_84_aim_9l	us aim9l sidewinder lm default; 6x us 2000lb mk 84 ldgp; us aim9l sidewinder rm default
a_10a_early	a_10a_early_2000lb_gbu_8	4x us 2000lb gbu 8 hobos
a_10a_early	a_10a_early_2000lb_gbu_8_aim_9l	us aim9l sidewinder lm default; 4x us 2000lb gbu 8 hobos; us aim9l sidewinder rm default
a_10a_early	a_10a_early_3x_agm_65b	2x us agm 65a x 3
a_10a_early	a_10a_early_3x_agm_65b_aim_9l	us aim9l sidewinder lm default; 2x us agm 65a x 3; us aim9l sidewinder rm default
a_10a_early	a_10a_early_aim_9l	us aim9l sidewinder lm default; us aim9l sidewinder rm default
a_10a_early	a_10a_early_suu_23a	suu 23a pod slot5; suu 23a pod slot6
a_10a_early	a_10a_early_suu_23a_aim_9l	us aim9l sidewinder lm default; suu 23a pod slot5; suu 23a pod slot6; us aim9l sidewinder rm default
a_10a_early	a_10a_early_2000lb_mk_84_air	6x us 2000lb mk 84 ldgp air
a_10a_early	a_10a_early_2000lb_mk_84_air_aim_9l	us aim9l sidewinder lm default; 6x us 2000lb mk 84 ldgp air; us aim9l sidewinder rm default
a_10a_late	a_10a_default	no suspended armament
a_10a_late	a_10a_late_aim_9l_default	us aim9l sidewinder lm default; us aim9l sidewinder rm default
a_10a_late	a_10a_late_aero_131a	6x us hydra 70 m247
a_10a_late	a_10a_late_3x_aero_131a	4x us hydra 70 m247 x3
a_10a_late	a_10a_late_3x_aero_131a_aim_9l	2x us aim9l sidewinder; 4x us hydra 70 m247 x3
a_10a_late	a_10a_late_500lb_mk_82	10x us 500lb mk 82 ldgp
a_10a_late	a_10a_late_x3_500lb_mk_82	4x us 500lb mk 82 x3 ter9a 1
a_10a_late	a_10a_late_500lb_mk_82_snakeye	6x us 500lb mk 82 ldgp snakeye; 4x us 500lb mk 82 snakeye x3 ter9a 1
a_10a_late	a_10a_late_x3_500lb_mk_82_aim_9l	2x us aim9l sidewinder; 4x us 500lb mk 82 x3 ter9a 1
a_10a_late	a_10a_late_2000lb_mk_84	6x us 2000lb mk 84 ldgp
a_10a_late	a_10a_late_2000lb_mk_84_aim_9l	2x us aim9l sidewinder; 6x us 2000lb mk 84 ldgp
a_10a_late	a_10a_late_3x_agm_65d	2x us agm 65d x 3
a_10a_late	a_10a_late_3x_agm_65d_aim_9l	2x us aim9l sidewinder; 2x us agm 65d x 3
a_10a_late	a_10a_late_aim_9l	2x us aim9l sidewinder
a_10a_late	a_10a_late_2000lb_mk_84_air	6x us 2000lb mk 84 ldgp air
a_10c	a_10c_default	ptb slot4; ptb slot6; ptb slot8
a_10c	a_10c_aim_9l_default	aim9l default slot1; aim9l default slot11
a_10c	a_10c_aim_9l	aim9l x2 slot1; aim9l x2 slot11
a_10c	a_10c_aim_9m	aim9m x2 slot1; aim9m x2 slot11
a_10c	a_10c_lau_131_default	hydra 70 x1 slot3; hydra 70 x1 slot4; hydra 70 x1 slot8; hydra 70 x1 slot9
a_10c	a_10c_lau_131	hydra 70 x1 slot2; hydra 70 x3 slot3; hydra 70 x3 slot4; hydra 70 x3 slot8; hydra 70 x3 slot9; hydra 70 x1 slot10
a_10c	a_10c_apkws_m151	apkws m151 x1 slot2; apkws m151 x3 slot3; apkws m151 x3 slot4; apkws m151 x3 slot8; apkws m151 x3 slot9; sniper pod
a_10c	a_10c_apkws_m282	apkws m282 x1 slot2; apkws m282 x3 slot3; apkws m282 x3 slot4; apkws m282 x3 slot8; apkws m282 x3 slot9; sniper pod
a_10c	a_10c_agm_65d_x3	agm 65d x3 slot3; agm 65d x3 slot9
a_10c	a_10c_agm_65l	agm 65l slot3; agm 65l slot9; sniper pod
a_10c	a_10c_agm_65g	agm 65g slot3; agm 65g slot9
a_10c	a_10c_mk82_default	500lbs slot3; 500lbs slot4; 500lbs slot5; 500lbs slot7; 500lbs slot8; 500lbs slot9
a_10c	a_10c_mk82	500lbs slot1; 500lbs slot2; 500lbs slot3; 500lbs slot4; 500lbs slot5; 500lbs slot7; 500lbs slot8; 500lbs slot9; 500lbs slot10; 500lbs slot11
a_10c	a_10c_mk82_x3	500lbs x3 slot3; 500lbs x3 slot4; 500lbs x3 slot8; 500lbs x3 slot9
a_10c	a_10c_mk84	2000lbs slot3; 2000lbs slot4; 2000lbs slot5; 2000lbs slot7; 2000lbs slot8; 2000lbs slot9
a_10c	a_10c_mk82_air	500lbs air slot1; 500lbs air slot2; 500lbs air slot3; 500lbs air slot4; 500lbs air slot5; 500lbs air slot7; 500lbs air slot8; 500lbs air slot9; 500lbs air slot10; 500lbs air slot11
a_10c	a_10c_mk82_air_x3	500lbs air x3 slot3; 500lbs air x3 slot4; 500lbs air x3 slot8; 500lbs air x3 slot9
a_10c	a_10c_mk84_air	2000lbs air slot3; 2000lbs air slot4; 2000lbs air slot5; 2000lbs air slot7; 2000lbs air slot8; 2000lbs air slot9
a_10c	a_10c_gbu_12	gbu12 slot1; gbu12 slot2; gbu12 x3 slot3; gbu12 x3 slot4; gbu12 slot5; gbu12 slot7; gbu12 x3 slot8; gbu12 x3 slot9; sniper pod; gbu12 slot11
a_10c	a_10c_gbu_10	gbu 10 slot3; gbu 10 slot4; gbu 10 slot5; gbu 10 slot7; gbu 10 slot8; gbu 10 slot9; sniper pod
a_10c	a_10c_jdam_38	jdam38 slot3; jdam38 slot4; jdam38 slot5; jdam38 slot7; jdam38 slot8; jdam38 slot9
a_10c	a_10c_jdam_31	jdam31 slot3; jdam31 slot4; jdam31 slot5; jdam31 slot7; jdam31 slot8; jdam31 slot9
a_10c	a_10c_gbu_39	us gbu 39 slot3; us gbu 39 slot4; us gbu 39 slot5; us gbu 39 slot7; us gbu 39 slot8; us gbu 39 slot9
a_10c	a_10c_jdam_62	jdam62 slot3; jdam62 slot4; jdam62 slot5; jdam62 slot7; jdam62 slot8; jdam62 slot9
a_10c	a_10c_jdam_64	jdam64 slot3; jdam64 slot4; jdam64 slot5; jdam64 slot7; jdam64 slot8; jdam64 slot9
a_129_a	a_129_a_default	no suspended armament
a_129_a	a_129a_rocket	4x hl 19 70
a_129_a	a_129a_gun_fn_m3p	2x hmp 400
a_129_a	a_129a_gun_fn_m3p_hvar	2x rmp lc
a_129_a	a_129a_gun_fn_m3p_rocket	2x hl 19 70; 2x hmp 400
a_129_a	a_129a_gun_fn_m3p_hvar_rocket	2x hl 19 70; 2x rmp lc
a_129_a	a_129a_rocket_8xTOW	2x tow2 x4
a_129_a	a_129a_8_hellfire	2x helfire x4
a_129_a	a_129a_gun_fn_m3p_8xTOW	2x tow2 x4; 2x hmp 400
a_129_a	a_129a_gun_fn_m3p_8_hellfire	2x helfire x4; 2x hmp 400
a_129_a	a_129a_gun_fn_m3p_hvar_8xTOW	2x tow2 x4; 2x rmp lc
a_129_a	a_129a_gun_fn_m3p_hvar_8_hellfire	2x helfire x4; 2x rmp lc
a_129_a	a_129a_gun_fn_m3p_hvar_rocket_TOW	2x tow2 x4; rmp lc; hl 19 70
a_129_a	a_129a_gun_fn_m3p_hvar_rocket_hellfire	2x helfire x4; rmp lc; hl 19 70
a_129_a	a_129a_rocket_TOW	2x tow2 x4; 2x hl 19 70
a_129_a	a_129a_rocket_hellfire	2x helfire x4; 2x hl 19 70
a_129_cbt	a_129_cbt_default	no suspended armament
a_129_cbt	a_129_cbt_rocket_ffar	4x hl 7 70
a_129_cbt	a_129_cbt_hydra_70_m229	4x hl 19 70
a_129_cbt	a_129_cbt_gun_fn_m3p	2x hmp 400
a_129_cbt	a_129_cbt_gun_fn_m3p_hvar	2x rmp lc
a_129_cbt	a_129_cbt_rocket_4xTOW2	2x tow2 x2
a_129_cbt	a_129_cbt_rocket_8xTOW2	2x tow2 x4
a_129_cbt	a_129_cbt_4_hellfire	2x helfire x2
a_129_cbt	a_129_cbt_8_hellfire	2x helfire x4
a_129_cbt	a_129_cbt_stinger	4x atas
a_129_cbt	a_129_cbt_mistral	4x mistral
a_129_d	a_129_d_default	no suspended armament
a_129_d	a_129_d_rocket_ffar	4x hl 7 70
a_129_d	a_129_d_hydra_70_m229	4x hl 19 70
a_129_d	a_129_d_gun_fn_m3p	2x hmp 400
a_129_d	a_129_d_gun_fn_m3p_hvar	2x rmp lc
a_129_d	a_129_d_4_hellfire_default	2x helfire x2
a_129_d	a_129_d_8_hellfire	2x helfire x4
a_129_d	a_129_d_4_spike	2x spike x2
a_129_d	a_129_d_8_spike	2x spike x4
a_129_d	a_129_d_stinger	4x atas
a_129_d	a_129_d_mistral	4x mistral
a_20g_30_ussr	a_20g_30_default	no suspended armament
a_20g_30_ussr	a_20g_30_fab_50_x8	4x fab 50; fab 50 x4
a_20g_30_ussr	a_20g_30_fab_50_x16	fab 50 x16
a_20g_30_ussr	a_20g_30_fab_100_x8	4x fab 100; fab 100 x4
a_20g_30_ussr	a_20g_30_fab_100_x16	fab 100 x16
a_20g_30_ussr	a_20g_30_fab_250_x6_fuse	us 500lb x4
a_20g_30_ussr	a_20g_30_fab_250_x6_wing	4x fab 250; 2x fab 250 fuse
a_20g_30_ussr	a_20g_30_fab_500_x3	2x fab 500
a_20g_30_ussr	a_20g_30_fab_1000_x2	2x fab 1000
a_20g_30_ussr	a_20g_30_45_36_torpedo_x2	2x torpedo
a_29_hudson	a_29_hudson_bombs	no suspended armament
a_4b	a_4b_default	no suspended armament
a_4b	a_4b_rockets_aim_9	2x aim9b
a_4b	a_4b_rockets_lau18	ffar left x2; ffar; ffar right x2
a_4b	a_4b_rockets_zuni	zuni left x2; zuni; zuni right x2
a_4b	a_4b_rockets_agm_12b	3x agm12
a_4b	a_4b_rockets_agm_12c	2x agm12c
a_4b	a_4b_bomb_mk81	3x 250lbs
a_4b	a_4b_bomb_mk82	2x 500lbs; 500lbs x6
a_4b	a_4b_bomb_mk81_snakeye	3x 250lbs snakeye
a_4b	a_4b_bomb_mk82_snakeye	2x 500lbs snakeye; 500lbs snakeye x6
a_4b	a_4b_bomb_mk83	1000lbs left x2; 1000lbs; 1000lbs right x2
a_4b	a_4b_bomb_mk84	2000lbs
a_4b	a_4b_bomb_mk84_air	2000lbs air
a_4b	a_4b_bomb_mk77	mk77 left x2; mk77; mk77 right x2
a_4b	a_4b_bomb_mk79	mk79 left x2; mk79; mk79 right x2
a_4b	a_4b_mk4_mod0	3x mk11
a_4e_early	a_4e_early_default	no suspended armament
a_4e_early	a_4e_early_rockets_aim_9	2x aim9b
a_4e_early	a_4e_early_rockets_lau18	2x ffar x1; ffar left x2; ffar central; ffar right x2
a_4e_early	a_4e_early_rockets_zuni	2x zuni x1; zuni left x2; zuni central; zuni right x2
a_4e_early	a_4e_early_rockets_agm_12b	5x agm12
a_4e_early	a_4e_early_rockets_agm_12c	2x agm12c
a_4e_early	a_4e_early_bomb_mk81	2x mk81 x1; 3x mk81 x6
a_4e_early	a_4e_early_bomb_mk82	2x mk82 x1; 2x mk82 x3; mk82 x6
a_4e_early	a_4e_early_bomb_mk81_snakeye	2x mk81 x1 snakeye; 3x mk81 x6 snakeye
a_4e_early	a_4e_early_bomb_mk82_snakeye	2x mk82 x1 snakeye; 2x mk82 x3 snakeye; mk82 x6 snakeye
a_4e_early	a_4e_early_bomb_m117	2x mk117 x1; mk117 x1 central
a_4e_early	a_4e_early_bomb_mk83	2x mk83 x1; mk83 x1 central
a_4e_early	a_4e_early_bomb_mk84	mk84 x1 central
a_4e_early	a_4e_early_bomb_mk84_air	mk84 air x1 central
a_4e_early	a_4e_early_bomb_mk77	2x mk77 x1; mk77 left x2; mk77 x3 central; mk77 right x2
a_4e_early	a_4e_early_agm_62	2x agm62
a_4e_early	a_4e_early_mk4_mod0	3x mk11
a_4e_early_iaf	a_4e_early_default	no suspended armament
a_4e_early_iaf	a_4e_early_iaf_rockets_aim_9	2x aim9b
a_4e_early_iaf	a_4e_early_iaf_rockets_lau18	2x ffar x1; ffar left x2; ffar central; ffar right x2
a_4e_early_iaf	a_4e_early_iaf_rockets_zuni	2x zuni x1; zuni left x2; zuni central; zuni right x2
a_4e_early_iaf	a_4e_early_iaf_bomb_100gp	2x is 100 50 gp x1; 3x is 100 50 gp x6
a_4e_early_iaf	a_4e_early_iaf_bomb_250gp	2x is 250 50 gp x1; 2x is 250 50 gp x3; is 250 50 gp x6
a_4e_early_iaf	a_4e_early_iaf_bomb_360gp	3x is 360 50 gp x1
a_4e_early_iaf	a_4e_early_iaf_bomb_500gp	2x is 500 50 gp x1; is 500 50 gp x3
a_4e_early_iaf	a_4e_early_iaf_bomb_mk84	mk84 x1 central
a_4e_early_iaf	a_4e_early_iaf_bomb_mk82_snakeye	2x fr 250kg samp mk82 snakeye; 2x ter fr 250kg samp mk82 snakeye; mer fr 250kg samp mk82 x6 snakeye
a_4e_early_iaf	a_4e_early_iaf_agm_62	2x agm62
a_4e_early_iaf	a_4e_late_iaf_bomb_guided_gbu8	gbu 8
a_4e_early_iaf	a_4e_early_iaf_bomb_mk77	2x mk77 x1; mk77 left x2; mk77 x3 central; mk77 right x2
a_4e_early_iaf	a_4e_early_iaf_mk4_mod0	3x mk11
a_4e_late_iaf	a_4e_late_iaf_default	no suspended armament
a_4e_late_iaf	a_4e_late_iaf_rockets_aim_9	2x aim9b
a_4e_late_iaf	a_4e_late_iaf_rockets_lau18	2x ffar x1; ffar left x2; ffar central; ffar right x2
a_4e_late_iaf	a_4e_late_iaf_rockets_zuni	2x zuni x1; zuni left x2; zuni central; zuni right x2
a_4e_late_iaf	a_4e_late_iaf_bomb_mk81	2x mk81 x1; 3x mk81 x6
a_4e_late_iaf	a_4e_late_iaf_bomb_mk82	2x mk82 x1; 2x mk82 x3; mk82 x6
a_4e_late_iaf	a_4e_late_iaf_bomb_mk81_snakeye	2x mk81 x1 snakeye; 3x mk81 x6 snakeye
a_4e_late_iaf	a_4e_late_iaf_bomb_mk82_snakeye	2x mk82 x1 snakeye; 2x mk82 x3 snakeye; mk82 x6 snakeye
a_4e_late_iaf	a_4e_late_iaf_bomb_m117	2x aim9b; 2x mk117 x1; mk117 x1 central
a_4e_late_iaf	a_4e_late_iaf_bomb_mk83	2x aim9b; 2x mk83 x1; mk83 x1 central
a_4e_late_iaf	a_4e_late_iaf_bomb_mk84	2x aim9b; mk84 x1 central
a_4e_late_iaf	a_4e_late_iaf_bomb_mk77	2x mk77 x1; mk77 left x2; mk77 x3 central; mk77 right x2
a_4e_late_iaf	a_4e_late_iaf_agm_62	2x agm62
a_4e_late_iaf	a_4e_late_iaf_agm_62_aim9b	2x aim9b; 2x agm62
a_4e_late_iaf	a_4e_late_iaf_bomb_guided_gbu8	gbu 8
a_4e_late_iaf	a_4e_late_iaf_bomb_guided_gbu8_aim9b	2x aim9b; gbu 8
a_4e_late_iaf	a_4e_late_iaf_mk4_mod0	2x aim9b; 3x mk11
a_4h	a_4h_iaf_default	no suspended armament
a_4h	a_4e_early_iaf_rockets_lau18	2x ffar x1; ffar left x2; ffar central; ffar right x2
a_4h	a_4e_early_iaf_rockets_zuni	2x zuni x1; zuni left x2; zuni central; zuni right x2
a_4h	a_4e_early_iaf_bomb_100gp	2x is 100 50 gp x1; 3x is 100 50 gp x6
a_4h	a_4e_early_iaf_bomb_250gp	2x is 250 50 gp x1; 2x is 250 50 gp x3; is 250 50 gp x6
a_4h	a_4e_early_iaf_bomb_360gp	3x is 360 50 gp x1
a_4h	a_4e_early_iaf_bomb_500gp	2x is 500 50 gp x1; is 500 50 gp x3
a_4h	a_4e_early_iaf_bomb_mk84	mk84 x1 central
a_4h	a_4e_early_iaf_bomb_mk82_snakeye	2x fr 250kg samp mk82 snakeye; 2x ter fr 250kg samp mk82 snakeye; mer fr 250kg samp mk82 x6 snakeye
a_4h	a_4e_early_iaf_bomb_mk77	2x mk77 x1; mk77 left x2; mk77 x3 central; mk77 right x2
a_4h	a_4h_mk4_mod0	3x mk11
a_4n	a_4n_default	no suspended armament
a_4n	a_4n_rockets_shafrir2	2x shafrir2 default
a_4n	a_4n_rockets_shafrir2_4	2x shafrir2 default; 2x shafrir2
a_4n	a_4n_rockets_aim_9d	2x aim9d
a_4n	a_4n_rockets_lau18	2x ffar x1; ffar left x2; ffar central; ffar right x2
a_4n	a_4n_rockets_zuni	2x zuni x1; zuni left x2; zuni central; zuni right x2
a_4n	a_4n_rocket_agm12b	4x agm12
a_4n	a_4n_rocket_agm_65a	agm65a
a_4n	a_4n_default_mk81_snakeye	2x mk81 x1 snakeye; 3x mk81 x6 snakeye
a_4n	a_4n_bomb_mk82_snakeye	2x mk82 x1 snakeye; 2x mk82 x3 snakeye; mk82 x6 snakeye
a_4n	a_4n_default_mk81	2x mk81 x1; 3x mk81 x6
a_4n	a_4n_bomb_mk82	2x mk82 x1; 2x mk82 x3; mk82 x6
a_4n	a_4n_bomb_m117	2x mk117 x1; mk117 x1 central
a_4n	a_4n_bomb_mk83	2x mk83 x1; mk83 x1 central
a_4n	a_4n_bomb_mk84	3x mk84
a_4n	a_4n_bomb_mk77	2x mk77 x1; mk77 left x2; mk77 x3 central; mk77 right x2
a_4n	a_4n_agm_62	2x agm62
a_4n	a_4n_bomb_guided_gbu8	gbu 8
a_4n	a_4n_agm_45b_3b	agm 45b 3b slot1; agm 45b 3b slot2; agm 45b 3b slot4; agm 45b 3b slot5
a_4n	a_4n_agm_45b_4	agm 45b 4 slot1; agm 45b 4 slot2; agm 45b 4 slot4; agm 45b 4 slot5
a_4n	a_4n_agm_45b_6	agm 45b 6 slot1; agm 45b 6 slot2; agm 45b 6 slot4; agm 45b 6 slot5
a_4n	a_4n_mk4_mod0	3x mk11
a_5c	a_5c_default	no suspended armament
a_5c	a_5c_aim9	2x us aim9p
a_5c	a_5c_matra550	2x r550 magic
a_5c	a_5c_type90_rockets	2x hf7 pylon; 2x hf7
a_5c	a_5c_type130_rockets	2x hf14 pylon; 2x hf14
a_5c	a_5c_4x500kg_bombs	2x gp250; gp250 x4
a_5c	a_5c_4x500lb_mk82_bombs	2x us 500lb; us 500lb x4
a_5c	a_5c_4x500kg_3_bombs	2x gp250 3; gp250 3 x4
a_5c	a_5c_4x500kg_4_bombs	2x us 500lb 4; us 500lb 4 x4
a_5c	a_5c_4x750lbs_bombs	bomb 750lb x4
a_5c	a_5c_500kg_bombs	2x gp500
a_5c	a_5c_500kg_4_bombs	2x gp500 4
a_5c	a_5c_4x500kg_bombs_inc	2x gp250 4 inc; gp250 4 x4 inc
a_5c	a_5c_matra550_type90_4x500kg_bombs	2x r550 magic; 2x hf7 pylon; 2x hf7; us 500lb x4
a_5c	a_5c_matra550_type130_4x750lb_bombs	2x r550 magic; bomb 750lb x4
a_5c	a_5c_aim9_type130_4x500kg_bombs	2x r550 magic; 2x hf14 pylon; 2x hf14; gp250 3 x4
a_5c	a_5c_aim9_type90_4x750lb_bombs	2x r550 magic; 2x hf14 pylon; 2x hf14; gp250 4 x4 inc
a_6e_tram	a_6e_tram_default	2x us aim 9l; 2x us gbu 10; mer mk82
a_6e_tram	a_6e_tram_aim_9g	4x us aim 9g
a_6e_tram	a_6e_tram_aim_9l	4x us aim 9l
a_6e_tram	a_6e_tram_lau_1a_zuni	2x lau 10a; lau 10a left x2; lau 10a right x2
a_6e_tram	a_6e_tram_ffar	ffar slot1; ffar slot2; ffar slot4; ffar slot5
a_6e_tram	a_6e_tram_gbu_12	us gbu 12 slot1; us gbu 12 slot2; us gbu 12 slot3; us gbu 12 slot4; us gbu 12 slot5
a_6e_tram	a_6e_tram_gbu_16	5x us gbu 16
a_6e_tram	a_6e_tram_gbu_10	5x us gbu 10
a_6e_tram	a_6e_tram_agm_123	4x us agm 123
a_6e_tram	a_6e_tram_mk81	3x mer mk81; mer mk81 x5 left; mer mk81 x5 right
a_6e_tram	a_6e_tram_mk82	3x mer mk82; mer mk82 x5 left; mer mk82 x5 right
a_6e_tram	a_6e_tram_mk83	3x mer mk83 2 1; 2x mer mk83 1 2
a_6e_tram	a_6e_tram_mk84	5x mk84
a_6e_tram	a_6e_tram_mk81_snakeye	3x mer mk81 snakeye; mer mk81 x5 left snakeye; mer mk81 x5 right snakeye
a_6e_tram	a_6e_tram_mk82_snakeye	3x mer mk82 snakeye; mer mk82 x5 left snakeye; mer mk82 x5 right snakeye
a_6e_tram	a_6e_tram_mk84_air	5x mk84 air
a_6e_tram	a_6e_tram_mk77_mod4	5x mk77 x2
a_6e_tram	a_6e_tram_mk4_pod	4x mk4 gunpod
a_6e_tram	a_6e_tram_an_ale37a	4x ltc
a_6e_tram	a_6e_tram_agm_45b_9	agm 45b 9 slot1; agm 45b 9 slot2; agm 45b 9 slot4; agm 45b 9 slot5
a_6e_tram	a_6e_tram_agm_45b_10	agm 45b 10 slot1; agm 45b 10 slot2; agm 45b 10 slot4; agm 45b 10 slot5
a_7d	a_7d_default	no suspended armament
a_7d	a_7d_rockets_aim9e	2x aim 9e
a_7d	a_7d_rockets_aim9j	2x aim 9j
a_7d	a_7d_rockets_lau3	6x lau 3a
a_7d	a_7d_bomb_mk81	4x mer mk81 x6
a_7d	a_7d_bomb_mk82	4x mer mk82 x6
a_7d	a_7d_bomb_mk81_snakeye	4x mer mk81 x6 snakeye
a_7d	a_7d_bomb_mk82_snakeye	4x mer mk82 x6 snakeye
a_7d	a_7d_bomb_m117	2x us 750lb m117; us 750lb m117 x4 left wing; 2x us 750lb m117 x2; us 750lb m117 x4 right wing
a_7d	a_7d_bomb_blu27b	4x blu 27b; 2x blu 27b x3
a_7d	a_7d_bomb_mk83	4x ter mk83
a_7d	a_7d_bomb_mk84	6x us mk84
a_7d	a_7d_rocket_agm_65a	agm 65a slot2; agm 65a slot7
a_7d	a_7d_bomb_gbu8	2x us 2000lb gbu 8 out; 2x us 2000lb gbu 8
a_7d	a_7d_guns_suu_23	2x suu 23a gunpod wing
a_7d	a_7d_guns_gpu_5a	2x gpu 5a gunpod
a_7d	a_7d_bomb_mk84_air	6x us mk84 air
a_7e	a_7e_default	no suspended armament
a_7e	a_7e_default_aim9d	2x aim 9d
a_7e	a_7e_rockets_aim9e	2x aim 9g
a_7e	a_7e_rockets_lau18	lau 3a slot1; lau 3a slot2; lau 3a slot3; lau 3a slot6; lau 3a slot7; lau 3a slot8
a_7e	a_7e_rockets_zuni	lau 10a slot1; lau 10a slot2; lau 10a slot3; lau 10a slot6; lau 10a slot7; lau 10a slot8
a_7e	a_7e_bomb_mk81	4x mer mk81 x6; mer mk81 x4 left wing; mer mk81 x4 right wing
a_7e	a_7e_bomb_mk82	4x mer mk82 x6; mer mk82 x4 left wing; mer mk82 x4 right wing
a_7e	a_7e_bomb_mk81_snakeye	4x mer mk81 x6 snakeye; mer mk81 x4 left wing snakeye; mer mk81 x4 right wing snakeye
a_7e	a_7e_bomb_mk82_snakeye	4x mer mk82 x6 snakeye; mer mk82 x4 left wing snakeye; mer mk82 x4 right wing snakeye
a_7e	a_7e_bomb_m117	2x us 750lb m117; us 750lb m117 x4 left wing; 2x us 750lb m117 x2; us 750lb m117 x4 right wing
a_7e	a_7e_bomb_blu_27b	6x blu 27b
a_7e	a_7e_bomb_mk83	4x ter mk83; ter mk83 x2 left wing; ter mk83 x2 right wing
a_7e	a_7e_bomb_mk84	6x us mk84
a_7e	a_7e_rocket_agm_62	6x agm 62a
a_7e	a_7e_rocket_agm_62_walleye_2_erdl	2x agm 62a walleye 2 erdl
a_7e	a_7e_guns_suu_23	2x suu 23a gunpod wing
a_7e	a_7e_guns_gpu_5a	2x gpu 5a gunpod
a_7e	a_7e_lana_flir	lana
a_7e	a_7e_bomb_mk84_air	6x us mk84 air
a_7e	a_7e_agm_45b_9	agm 45b 9 slot1; agm 45b 9 slot2; agm 45b 9 slot7; agm 45b 9 slot8
a_7e	a_7e_agm_45b_10	agm 45b 10 slot1; agm 45b 10 slot2; agm 45b 10 slot7; agm 45b 10 slot8
a_7e_thailand	a_7e_default	no suspended armament
a_7e_thailand	a_7e_default_aim9d	2x aim 9d
a_7e_thailand	a_7e_rockets_aim9e	2x aim 9g
a_7e_thailand	a_7e_rockets_lau18	lau 3a slot1; lau 3a slot2; lau 3a slot3; lau 3a slot6; lau 3a slot7; lau 3a slot8
a_7e_thailand	a_7e_rockets_zuni	lau 10a slot1; lau 10a slot2; lau 10a slot3; lau 10a slot6; lau 10a slot7; lau 10a slot8
a_7e_thailand	a_7e_bomb_mk81	4x mer mk81 x6; mer mk81 x4 left wing; mer mk81 x4 right wing
a_7e_thailand	a_7e_bomb_mk82	4x mer mk82 x6; mer mk82 x4 left wing; mer mk82 x4 right wing
a_7e_thailand	a_7e_bomb_mk81_snakeye	4x mer mk81 x6 snakeye; mer mk81 x4 left wing snakeye; mer mk81 x4 right wing snakeye
a_7e_thailand	a_7e_bomb_mk82_snakeye	4x mer mk82 x6 snakeye; mer mk82 x4 left wing snakeye; mer mk82 x4 right wing snakeye
a_7e_thailand	a_7e_bomb_m117	2x us 750lb m117; us 750lb m117 x4 left wing; 2x us 750lb m117 x2; us 750lb m117 x4 right wing
a_7e_thailand	a_7e_bomb_blu_27b	6x blu 27b
a_7e_thailand	a_7e_bomb_mk83	4x ter mk83; ter mk83 x2 left wing; ter mk83 x2 right wing
a_7e_thailand	a_7e_bomb_mk84	6x us mk84
a_7e_thailand	a_7e_rocket_agm_62	6x agm 62a
a_7e_thailand	a_7e_rocket_agm_62_walleye_2_erdl	2x agm 62a walleye 2 erdl
a_7e_thailand	a_7e_guns_suu_23	2x suu 23a gunpod wing
a_7e_thailand	a_7e_guns_gpu_5a	2x gpu 5a gunpod
a_7e_thailand	a_7e_lana_flir	lana
a_7e_thailand	a_7e_bomb_mk84_air	6x us mk84 air
a_7e_thailand	a_7e_agm_45b_9	agm 45b 9 slot1; agm 45b 9 slot2; agm 45b 9 slot7; agm 45b 9 slot8
a_7e_thailand	a_7e_agm_45b_10	agm 45b 10 slot1; agm 45b 10 slot2; agm 45b 10 slot7; agm 45b 10 slot8
a_7k	a_7k_default	no suspended armament
a_7k	a_7k_rockets_aim9j	2x aim 9j
a_7k	a_7k_rockets_aim9l	2x aim 9l
a_7k	a_7k_rockets_lau3	6x lau 3a
a_7k	a_7k_bomb_mk81	mer mk81 x6 left; 2x mer mk81 x6; mer mk81 x4 left wing; mer mk81 x4 right wing; mer mk81 x6 right
a_7k	a_7k_bomb_mk82	mer mk82 x6 left; 2x mer mk82 x6; mer mk82 x4 left wing; mer mk82 x4 right wing; mer mk82 x6 right
a_7k	a_7k_bomb_mk81_snakeye	mer mk81 x6 left snakeye; 2x mer mk81 x6 snakeye; mer mk81 x4 left wing snakeye; mer mk81 x4 right wing snakeye; mer mk81 x6 right snakeye
a_7k	a_7k_bomb_mk82_snakeye	mer mk82 x6 left snakeye; 2x mer mk82 x6 snakeye; mer mk82 x4 left wing snakeye; mer mk82 x4 right wing snakeye; mer mk82 x6 right snakeye
a_7k	a_7k_bomb_m117	2x us 750lb m117; us 750lb m117 x4 left wing; 2x us 750lb m117 x2; us 750lb m117 x4 right wing
a_7k	a_7k_bomb_blu27b	4x blu 27b; 2x blu 27b x3
a_7k	a_7k_bomb_mk83	ter mk83 left; 2x ter mk83; ter mk83 x2 left wing; ter mk83 x2 right wing; ter mk83 right
a_7k	a_7k_bomb_mk84	6x us mk84
a_7k	a_7k_rocket_agm_65b	2x agm 65b
a_7k	a_7k_bomb_gbu8	2x us 2000lb gbu 8 out; 2x us 2000lb gbu 8
a_7k	a_7k_guns_suu_23	2x suu 23a gunpod wing
a_7k	a_7k_guns_gpu_5a	2x gpu 5a gunpod
a_7k	a_7k_lana_flir	lana
a_7k	a_7k_bomb_mk84_air	6x us mk84 air
a-20g	a20g_default	no suspended armament
a-20g	A-20G_500lb	no suspended armament
a-20g	a20g_4x250lb	no suspended armament
a-20g	a20g_2x250_2x500lb	no suspended armament
a-20g	a20g_torpedo	no suspended armament
a-20g	a-20g_12xbazooka	no suspended armament
a-26b	a_26b_100lbs	100lbs wing right out; 100lbs wing right in; 100lbs int; 100lbs wing left in; 100lbs wing left out
a-26b	a_26b_250lbs	250lbs wing right out; 250lbs wing right in; 250lbs int; 250lbs wing left in; 250lbs wing left out
a-26b	a_26b_500lbs	500lbs wing right out; 500lbs wing right in; 500lbs int; 500lbs wing left in; 500lbs wing left out
a-26b	a_26b_1000lbs	1000lbs int
a-26b	a_26b_1000lbs_ap	1000lbs ap int
a-26b	a_26b_10_2x_torp	torp x2 int
a-26b	a_26b_5in_rockets	hvar x7 right; hvar x7 left
a-26b_10	a_26b_default	100lbs wing right out; 100lbs wing right in; 100lbs int; 100lbs wing left in; 100lbs wing left out
a-26b_10	a_26b_10_250lbs	250lbs wing right out; 250lbs wing right in; 250lbs int; 250lbs wing left in; 250lbs wing left out
a-26b_10	a_26b_10_500lbs	500lbs wing right out; 500lbs wing right in; 500lbs int; 500lbs wing left in; 500lbs wing left out
a-26b_10	a_26b_10_1000lbs	1000lbs int
a-26b_10	a_26b_10_1000lbs_ap	1000lbs ap int
a-26b_10	a_26b_10_2x_torp	torp x2 int
a-26b_10	a_26b_10_5in_rockets	hvar x7 right; hvar x7 left
a-26c	a_26c_default	no suspended armament
a-26c	a_26c_20x100lbs	no suspended armament
a-26c	a_26c_250lbs	no suspended armament
a-26c	a_26c_8x500lbs	no suspended armament
a-26c	a_26c_4x1000lbs	no suspended armament
a-26c	a_26c_4x1000lbs_ap	no suspended armament
a-26c	a_26c_2x2000lbs	no suspended armament
a-26c-45-dt	a_26c_default	no suspended armament
a-26c-45-dt	a_26c_5in_rockets	no suspended armament
a-26c-45-dt	a_26c_20x100lbs	no suspended armament
a-26c-45-dt	a_26c_250lbs	no suspended armament
a-26c-45-dt	a_26c_8x500lbs	no suspended armament
a-26c-45-dt	a_26c_4x1000lbs	no suspended armament
a-26c-45-dt	a_26c_4x1000lbs_ap	no suspended armament
a-26c-45-dt	a_26c_2x2000lbs	no suspended armament
a2d	a2d_default	no suspended armament
a2d	a2d_rockets	hvar slot1; hvar slot2; hvar slot3; hvar slot4; hvar slot5; hvar slot7; hvar slot9; hvar slot11; hvar slot12; hvar slot13; hvar slot14; hvar slot15
a2d	a2d_20x250lbs	250lbs slot1; 250lbs slot2; 250lbs slot3; 250lbs slot4; 250lbs slot5; 250lbs slot7; 250lbs slot9; 250lbs slot11; 250lbs slot12; 250lbs slot13; 250lbs slot14; 250lbs slot15
a2d	a2d_10x500lbs	10x 500lbs; 500lbs slot7; 500lbs slot9
a2d	a2d_2x1000lbs	3x 1000lbs
a2d	a2d_2x2000lbs	3x 2000lbs
a2d	a2d_4000lbs	4000lbs
a2d	a2d_torpedoes	2x torpedo
a-35b	a_35b_250lbs	no suspended armament
a-35b	a_35b_500lbs	no suspended armament
a-35b	a_35b_1000lbs	no suspended armament
a5m4	a5m4_default	no suspended armament
a5m4	a5m4_bombs	no suspended armament
a5m4_hagiri	a5m4_default	no suspended armament
a5m4_hagiri	a5m4_bombs	no suspended armament
a6m2_mod11	a6m2_default	no suspended armament
a6m2_mod11	A6M2_2x60kg	no suspended armament
a6m2_n_zero	a6m2n_default	no suspended armament
a6m2_n_zero	A6M2_n_2x60kg	no suspended armament
a6m2_zero	a6m2_default	no suspended armament
a6m2_zero	A6M2_2x60kg	no suspended armament
a6m2_zero	a6m2_250kg	no suspended armament
a6m2_zero_china	a6m2_default	no suspended armament
a6m2_zero_china	A6M2_2x60kg	no suspended armament
a6m2_zero_china	a6m2_250kg	no suspended armament
a6m2_zero_usa	a6m2_default	no suspended armament
a6m3_mod22_zero	a6m3_default	no suspended armament
a6m3_mod22_zero	A6M3_mod22_2x60kg	no suspended armament
a6m3_mod22ko_zero	A6M3_mod22ko_default	no suspended armament
a6m3_mod22ko_zero	A6M3_mod22ko_2x60kg	no suspended armament
a6m3_zero	a6m3_default	ptb
a6m3_zero	A6M3_2x60kg	2x type97mod6 60kg
a6m5_zero	a6m5_default	no suspended armament
a6m5_zero	A6M5_2x60kg	no suspended armament
a6m5_zero	a6m5_bombs	no suspended armament
a6m5_zero_china	a6m5_default	no suspended armament
a6m5_zero_china	A6M5_2x60kg	no suspended armament
a6m5_zero_china	a6m5_bombs	no suspended armament
a6m5hei	A6M5_default	no suspended armament
a6m5hei	A6M5otsu_2x60kg	no suspended armament
a6m5hei	a6m5_bombs	no suspended armament
a6m5hei	a6m5hei_10x9kg_rockets	no suspended armament
a6m5hei	a6m5hei_2x66kg_rockets	no suspended armament
a6m5ko	a6m5ko_default	no suspended armament
a6m5ko	A6M5ko_2x60kg	no suspended armament
a6m5ko	a6m5ko_bombs	no suspended armament
a6m5otsu	A6M5_default	no suspended armament
a6m5otsu	A6M5otsu_2x60kg	no suspended armament
a6m5otsu	a6m5_bombs	no suspended armament
a6m6c	A6M6c_default	no suspended armament
a6m6c	A6M6c_2x60kg	no suspended armament
a6m6c	A6M6c_bombs	no suspended armament
a6m6c	A6M6c_10x9kg_rockets	no suspended armament
a6m6c	A6M6c_2x66kg_rockets	no suspended armament
a7he1	he_112b_0_default	no suspended armament
a7m1	a7m_default	no suspended armament
a7m1	a7m_bombs	no suspended armament
a7m2	a7m_default	no suspended armament
a7m2	a7m_bombs	no suspended armament
a7m2	a7m_9kg_rockets	no suspended armament
a7m2	a7m_13kg_rockets	no suspended armament
a7m2	a7m_66kg_rockets	no suspended armament
a7m2	a7m_84kg_rockets	no suspended armament
ab_205a_1	ab_205a_1_default	m134 xm21 left; m134 xm21 right
ab_205a_1	ab_205a_1_xm158	2x ffar
ab_205a_1	ab_205a_1_xm158_xm21	m134 xm21 left; 2x ffar small; m134 xm21 right
ab_205a_1	ab_205a_1_xm159	2x ffar extra; 2x ffar
ah_1f	ah_1f_default	no suspended armament
ah_1f	ah_1f_rocket	4x aero 7a
ah_1f	ah_1f_rocket_ffar	4x aero 6a
ah_1f	ah_1f_rocket_4xTOW	2x tow x2
ah_1f	ah_1f_rocket_8xTOW	2x tow x4
ah_1f	ah_1f_rocket_8xTOW2	2x tow2 x4
ah_1f_event	ah_1f_event_default	4x aero 7a
ah_1f_event	ah_1f_event_8xTOW2	2x tow2 x4
ah_1f_event	ah_1f_event_rocket_4xTOW2	tow2 x4; 3x aero 7a
ah_1f_event	ah_1f_event_rocket_8xTOW2	2x tow2 x4; 2x aero 7a
ah_1f_iaf	ah_1f_iaf_default	no suspended armament
ah_1f_iaf	ah_1f_iaf_rocket_ffar	4x aero 6a
ah_1f_iaf	ah_1f_iaf_rocket	4x aero 7a
ah_1f_iaf	ah_1f_iaf_rocket_4xTOW	2x tow x2
ah_1f_iaf	ah_1f_iaf_rocket_8xTOW	2x tow x4
ah_1f_iaf	ah_1f_iaf_rocket_8xTOW2	2x tow2 x4
ah_1g	ah_1g_default	no suspended armament
ah_1g	ah_1g_rocket	4x aero 7a
ah_1g	ah_1g_rocket_ffar	4x aero 6a
ah_1g	ah_1g_xm18	xm 18 left wing; xm 18 right wing
ah_1g	ah_1g_xm35	xm 35
ah_1g_iaf	ah_1g_iaf_default	no suspended armament
ah_1g_iaf	ah_1g_iaf_rocket_ffar	4x aero 6a
ah_1g_iaf	ah_1g_iaf_rocket	4x aero 7a
ah_1g_iaf	ah_1g_iaf_xm18	xm 18 left wing; xm 18 right wing
ah_1g_iaf	ah_1g_iaf_xm35	xm 35
ah_1q_iaf	ah_1q_iaf_default	no suspended armament
ah_1q_iaf	ah_1q_iaf_rocket_ffar	4x aero 6a
ah_1q_iaf	ah_1q_iaf_rocket	4x aero 7a
ah_1q_iaf	ah_1q_iaf_xm18	xm 18 left wing; xm 18 right wing
ah_1q_iaf	ah_1q_iaf_rocket_4xTOW	2x tow x2
ah_1q_iaf	ah_1q_iaf_rocket_8xTOW	2x tow x4
ah_1s	ah_1s_default	no suspended armament
ah_1s	ah_1s_rocket	4x aero 7a
ah_1s	ah_1s_rocket_ffar	4x aero 6a
ah_1s	ah_1s_rocket_4xTOW	2x tow2 x2
ah_1s	ah_1s_rocket_8xTOW	2x tow2 x4
ah_1s	ah_1s_xm18	xm 18 left wing; xm 18 right wing
ah_1s_early	ah_1s_default	no suspended armament
ah_1s_early	ah_1s_rocket	4x aero 7a
ah_1s_early	ah_1s_rocket_ffar	4x aero 6a
ah_1s_early	ah_1s_early_rocket_4xTOW	2x tow x2
ah_1s_early	ah_1s_early_rocket_8xTOW	2x tow x4
ah_1s_early	ah_1s_xm18	xm 18 left wing; xm 18 right wing
ah_1s_late	ah_1s_default	no suspended armament
ah_1s_late	ah_1s_rocket	4x aero 7a
ah_1s_late	ah_1s_rocket_ffar	4x aero 6a
ah_1s_late	ah_1s_late_rocket_4xTOW	2x tow x2
ah_1s_late	ah_1s_late_rocket_8xTOW	2x tow x4
ah_1s_late	ah_1s_late_rocket_4xTOW2	2x tow2 x2
ah_1s_late	ah_1s_late_rocket_8xTOW2	2x tow2 x4
ah_1s_late	ah_1s_xm18	xm 18 left wing; xm 18 right wing
ah_1w	ah_1w_default	no suspended armament
ah_1w	ah_1w_aim_9	2x aim 9l
ah_1w	ah_1w_agm_122	2x agm 122
ah_1w	ah_1w_rocket	4x aero 7a
ah_1w	ah_1w_rocket_zuni	4x zuni
ah_1w	ah_1w_apkws_m151	4x apkws m151
ah_1w	ah_1w_apkws_m282	4x apkws m282
ah_1w	ah_1w_rocket_4xTOW	2x tow2 x2
ah_1w	ah_1w_rocket_8xTOW	2x tow2 x4
ah_1w	ah_1w_rocket_4x_hellfire	2x helfire x2
ah_1w	ah_1w_rocket_8x_hellfire	2x helfire x4
ah_1w	ah_1w_gpu_2a	gpu 2a 1; gpu 2a 2; gpu 2a 3; gpu 2a 4
ah_1w_china	ah_1w_default	no suspended armament
ah_1w_china	ah_1w_aim_9	2x aim 9l
ah_1w_china	ah_1w_agm_122	2x agm 122
ah_1w_china	ah_1w_rocket	4x aero 7a
ah_1w_china	ah_1w_rocket_zuni	4x zuni
ah_1w_china	ah_1w_apkws_m151	4x apkws m151
ah_1w_china	ah_1w_apkws_m282	4x apkws m282
ah_1w_china	ah_1w_rocket_4xTOW	2x tow2 x2
ah_1w_china	ah_1w_rocket_8xTOW	2x tow2 x4
ah_1w_china	ah_1w_rocket_4x_hellfire	2x helfire x2
ah_1w_china	ah_1w_rocket_8x_hellfire	2x helfire x4
ah_1w_china	ah_1w_gpu_2a	gpu 2a 1; gpu 2a 2; gpu 2a 3; gpu 2a 4
ah_1z	ah_1g_default	no suspended armament
ah_1z	ah_1z_aim_9l	2x aim 9l
ah_1z	ah_1z_aim_9m	2x aim 9m
ah_1z	ah_1z_hydra_70_m247	4x m261
ah_1z	ah_1z_apkws_m151	4x apkws m151
ah_1z	ah_1z_apkws_m282	4x apkws m282
ah_1z	ah_1z_4_hellfire	2x helfire x2 default
ah_1z	ah_1z_8_hellfire	2x helfire x2 default; 2x helfire x2
ah_1z	ah_1z_16_hellfire	4x helfire x4
ah_1z	ah_1z_xm18	xm 18 left wing; xm 18 right wing
ah_2_rooivalk	ah_2_rooivalk_default	4x m159
ah_2_rooivalk	ah_2_rooivalk_mistral	2x mistral
ah_2_rooivalk	ah_2_rooivalk_rocket_mistral	2x mistral; 4x m159
ah_2_rooivalk	ah_2_rooivalk_mk81_mistral	2x mistral; 4x mk81
ah_2_rooivalk	ah_2_rooivalk_mokopa	4x mokopa
ah_2_rooivalk	ah_2_rooivalk_mokopa_mistral	2x mistral; 4x mokopa
ah_2_rooivalk	ah_2_rooivalk_rocket_mokopa_mistral	2x mistral; 2x mokopa; 2x m159
ah_56a	ah_56a_default	2x m157; bgm71 default; m157 x3
ah_56a	ah_56a_rocket_ffar	2x m157 x3; 2x m157
ah_56a	ah_56a_tow	2x m157; bgm71 default; bgm71
ah_60_iaf	ah_60_iaf_default	no suspended armament
ah_60_iaf	ah_60_iaf_stinger	4x aim92
ah_60_iaf	ah_60_iaf_hydra_70_m247	4x m247
ah_60_iaf	ah_60_iaf_gatr	4x gatr
ah_60_iaf	ah_60_iaf_4_hellfire	2x 114b x2 default
ah_60_iaf	ah_60_iaf_rocket_4_hellfire	2x 114b x2 default; 2x m247
ah_60_iaf	ah_60_iaf_8_hellfire	2x 114b x2 default; 2x 114b x2
ah_60_iaf	ah_60_iaf_16_hellfire	4x 114b x4
ah_60_iaf	ah_60_iaf_8_spike	4x spike x2
ah_60_iaf	ah_60_iaf_16_spike	4x spike x4
ah_64a	ah_64a_default	4x m247
ah_64a	ah_64a_aim_9	2x aim9l
ah_64a	ah_64a_stinger	aim92 l; aim92 r
ah_64a	ah_64a_hydra_70_m247	aim92 l; 4x m247; aim92 r
ah_64a	ah_64a_apkws_m151	aim92 l; 4x apkws m151; aim92 r
ah_64a	ah_64a_apkws_m282	aim92 l; 4x apkws m282; aim92 r
ah_64a	ah_64d_rocket_4_hellfire	2x 114b x2 default
ah_64a	ah_64d_8_hellfire	2x 114b x2 default; 2x 114b x2
ah_64a	ah_64a_16_hellfire	4x 114b x4
ah_64a_greece_usa	ah_64a_greece_usa_default	no suspended armament
ah_64a_greece_usa	ah_64a_greece_usa_aim_9	2x aim9l
ah_64a_greece_usa	ah_64a_greece_usa_stinger	aim92 l; aim92 r
ah_64a_greece_usa	ah_64a_greece_usa_hydra_70_m247	aim92 l; 4x m247; aim92 r
ah_64a_greece_usa	ah_64a_greece_usa_apkws_m151	aim92 l; 4x apkws m151; aim92 r
ah_64a_greece_usa	ah_64a_greece_usa_apkws_m282	aim92 l; 4x apkws m282; aim92 r
ah_64a_greece_usa	ah_64a_greece_usa_8_hellfire_stinger	aim92 l; 4x 114b x2; aim92 r
ah_64a_greece_usa	ah_64a_greece_usa_16_hellfire_stinger	aim92 l; 4x 114b x4; aim92 r
ah_64a_iaf	ah_64a_iaf_default	no suspended armament
ah_64a_iaf	ah_64a_iaf_hydra_70_m247	4x m261
ah_64a_iaf	ah_64a_iaf_rocket_4_hellfire	2x helfire x2 default
ah_64a_iaf	ah_64a_iaf_rocket_8_hellfire	2x helfire x2 default; 2x helfire x2
ah_64a_iaf	ah_64a_iaf_16_hellfire	4x helfire x4
ah_64a_iaf	ah_64a_iaf_stinger	atas left; atas right
ah_64a_killstreak	ah_64a_killstreak_default	4x m247
ah_64a_killstreak	ah_64a_killstreak_8_hellfire	2x 114b x2 default; 2x 114b x2
ah_64a_killstreak	ah_64a_killstreak_hydra_70_m247	aim92 l; 2x 114b x4; 2x m247; aim92 r
ah_64a_peten	ah_64a_peten_default	no suspended armament
ah_64a_peten	ah_64a_stinger	aim92 l; aim92 r
ah_64a_peten	ah_64a_peten_hydra_70_m247	aim92 l; 4x m247; aim92 r
ah_64a_peten	ah_64a_peten_8_hellfire_stinger	aim92 l; 4x 114b x2; aim92 r
ah_64a_peten	ah_64a_peten_16_hellfire_stinger	aim92 l; 4x 114b x4; aim92 r
ah_64a_peten_iaf	ah_64a_default	no suspended armament
ah_64a_peten_iaf	ah_64a_stinger	aim92 l; aim92 r
ah_64a_peten_iaf	ah_64a_hydra_70_m247	aim92 l; 4x m247; aim92 r
ah_64a_peten_iaf	ah_64a_peten_8_hellfire_stinger	aim92 l; 4x 114b x2; aim92 r
ah_64a_peten_iaf	ah_64a_peten_16_hellfire_stinger	aim92 l; 4x 114b x4; aim92 r
ah_64d	ah_64d_default	no suspended armament
ah_64d	ah_64d_stinger	aim92 l; aim92 r
ah_64d	ah_64d_hydra_70_m247	4x m247
ah_64d	ah_64d_apkws_m151	4x apkws m151
ah_64d	ah_64d_apkws_m282	4x apkws m282
ah_64d	ah_64d_rocket_4_hellfire	2x 114b x2 default
ah_64d	ah_64d_8_hellfire	2x 114b x2 default; 2x 114b x2
ah_64d	ah_64d_16_hellfire	4x 114b x4
ah_64d	ah_64d_ltc_amase	ltc left; ltc right
ah_64d_i_saraph	ah_64d_i_saraph_default	no suspended armament
ah_64d_i_saraph	ah_64d_i_saraph_hydra_70_m247	4x m261
ah_64d_i_saraph	ah_64d_i_saraph_rocket_4_hellfire	2x helfire x2 default
ah_64d_i_saraph	ah_64d_i_saraph_8_hellfire	2x helfire x2 default; 2x helfire x2
ah_64d_i_saraph	ah_64d_i_saraph_16_hellfire	4x helfire x4
ah_64d_i_saraph	ah_64d_i_saraph_aim92	atas left; atas right
ah_64d_japan	ah_64d_japan_default	no suspended armament
ah_64d_japan	ah_64d_stinger	aim92 l; aim92 r
ah_64d_japan	ah_64d_japan_hydra_70_m247	4x m247
ah_64d_japan	ah_64d_japan_rocket_4_hellfire	2x 114b x2 default
ah_64d_japan	ah_64d_japan_8_hellfire	2x 114b x2 default; 2x 114b x2
ah_64d_japan	ah_64d_japan_16_hellfire	4x 114b x4
ah_64d_lightweight_japan	ah_64d_japan_default	no suspended armament
ah_64d_lightweight_japan	ah_64d_stinger	aim92 l; aim92 r
ah_64d_lightweight_japan	ah_64d_japan_hydra_70_m247	4x m247
ah_64d_lightweight_japan	ah_64d_japan_rocket_4_hellfire	2x 114b x2 default
ah_64d_lightweight_japan	ah_64d_japan_8_hellfire	2x 114b x2 default; 2x 114b x2
ah_64d_lightweight_japan	ah_64d_japan_16_hellfire	4x 114b x4
ah_64d_netherlands	ah_64d_default	no suspended armament
ah_64d_netherlands	ah_64d_netherlands_8_hellfire_hydra_70_atas	aim92 l; 2x m247; 2x 114b x4; aim92 r
ah_64d_netherlands	ah_64d_netherlands_8_hellfire_hydra_70_amase	ltc left; 2x m247; 2x 114b x4; ltc right
ah_64d_netherlands	ah_64d_netherlands_16_hellfie_atas	aim92 l; 4x 114b x4; aim92 r
ah_64d_netherlands	ah_64d_netherlands_16_hellfire_amase	ltc left; 4x 114b x4; ltc right
ah_64d_netherlands	ah_64d_netherlands_16_hellfire	4x 114b x4
ah_64d_netherlands	ah_64d_netherlands_apkws_m151	4x apkws m151
ah_64d_netherlands	ah_64d_netherlands_apkws_m282	4x apkws m282
ah_64d_netherlands	ah_64d_netherlands_hydra_70	4x m247
ah_64d_netherlands	ah_64d_netherlands_amase	ltc left; ltc right
ah_64d_netherlands	ah_64d_netherlands_atas	aim92 l; aim92 r
ah_64e	ah_64e_default	2x 114b x2 default; 2x m247
ah_64e	ah_64e_stinger	2x aim92
ah_64e	ah_64e_hydra_70_m247	4x m247
ah_64e	ah_64e_apkws_m151	4x apkws m151
ah_64e	ah_64e_apkws_m282	4x apkws m282
ah_64e	ah_64e_16_hellfire	4x 114b x4
ah_64e	ah_64e_agm_179	4x agm 179 x4
ah_64e	ah_64e_agm_179_ir	4x agm 179 ir x4
ah_64e_britain	ah_64e_default	2x 114b x2 default; 2x m247
ah_64e_britain	ah_64e_stinger	2x aim92
ah_64e_britain	ah_64e_hydra_70_m247	4x m247
ah_64e_britain	ah_64e_apkws_m151	4x apkws m151
ah_64e_britain	ah_64e_apkws_m282	4x apkws m282
ah_64e_britain	ah_64e_16_hellfire	4x 114b x4
ah_64e_britain	ah_64e_agm_179	4x agm 179 x4
ah_64e_britain	ah_64e_agm_179_ir	4x agm 179 ir x4
ah_64e_china	ah_64e_china_default	ldircm l; 2x 114b x2 default; 2x m247; ldircm r
ah_64e_china	ah_64e_china_stinger	aim92 l; 2x aim92; aim92 r
ah_64e_china	ah_64e_china_hydra_70_m247	ldircm l; 4x m247; ldircm r
ah_64e_china	ah_64e_china_apkws_m151	ldircm l; 4x apkws m151; ldircm r
ah_64e_china	ah_64e_china_apkws_m282	ldircm l; 4x apkws m282; ldircm r
ah_64e_china	ah_64e_china_16_hellfire	ldircm l; 4x 114b x4; ldircm r
ah_64e_china	ah_64e_china_agm_179	ldircm l; 4x agm 179 x4; ldircm r
ah_64e_china	ah_64e_china_agm_179_ir	ldircm l; 4x agm 179 ir x4; ldircm r
ah_64e_indonesia	ah_64e_default	2x 114b x2 default; 2x m247
ah_64e_indonesia	ah_64e_stinger	2x aim92
ah_64e_indonesia	ah_64e_hydra_70_m247	4x m247
ah_64e_indonesia	ah_64e_apkws_m151	4x apkws m151
ah_64e_indonesia	ah_64e_apkws_m282	4x apkws m282
ah_64e_indonesia	ah_64e_16_hellfire	4x 114b x4
ah_64e_indonesia	ah_64e_agm_179	4x agm 179 x4
ah_64e_indonesia	ah_64e_agm_179_ir	4x agm 179 ir x4
ah_64e_netherlands	ah_64e_default	2x 114b x2 default; 2x m247
ah_64e_netherlands	ah_64e_stinger	2x aim92
ah_64e_netherlands	ah_64e_hydra_70_m247	4x m247
ah_64e_netherlands	ah_64e_apkws_m151	4x apkws m151
ah_64e_netherlands	ah_64e_apkws_m282	4x apkws m282
ah_64e_netherlands	ah_64e_16_hellfire	4x 114b x4
ah_64e_netherlands	ah_64e_agm_179	4x agm 179 x4
ah_64e_netherlands	ah_64e_agm_179_ir	4x agm 179 ir x4
ah_6m	ah_6m_default	2x hydra 70 m247 x19
ah_6m	ah_6m_2_m134	ah 6m m134d left; ah 6m m134d right
ah_6m	ah_6m_2_lau_131a	2x hydra 70 m247 x7
ah_6m	ah_6m_2_apkws_m151	2x apkws m151
ah_6m	ah_6m_2_apkws_m282	2x apkws m282
ah_6m	ah_6m_2_hellfire_default	2x hellfire x2 default
ah_6m	ah_6m_4_hellfire	2x hellfire k x2
ah_6m	ah_6m_2_gau_19	gau 19 left; gau 19 right
ah_mk1	ah_mk1_default	no suspended armament
ah_mk1	ah_mk1_starstreak	starstreak l; starstreak r
ah_mk1	ah_mk1_hydra_70_m247	4x crv 7
ah_mk1	ah_mk1_rocket_4_hellfire	2x 114b x2 default
ah_mk1	ah_mk1_8_hellfire	2x 114b x2 default; 2x 114b x2
ah_mk1	ah_mk1_16_hellfire	4x 114b x4
ah_mk1	ah_64d_ltc_amase	ltc left; ltc right
ahs	ahs_default	no suspended armament
ahs	ahs_aim_9	2x rb74
ahs	ahs_stinger	aim92 l; aim92 r
ahs	ahs_hydra_70_m247	4x m247
ahs	ahs_8_hellfire	2x 114b x2 default; 2x 114b x2
ahs	ahs_16_hellfire	4x 114b x4
ahs	ahs_4_hellfire_default	2x 114b x2 default
aichi_e13a	aichi_e13a_default	no suspended armament
alpha_jet_a	alpha_jet_a_default	ptb 1; gun pod; ptb 2
alpha_jet_a	alpha_jet_a_mk82_default	4x mk 82; gun pod
alpha_jet_a	alpha_jet_a_mk82	2x mk 82; 2x mk 82 x2; gun pod
alpha_jet_a	alpha_jet_a_mk82_snakeye	2x mk 82 snakeye; 2x mk 82 snakeye x2; gun pod
alpha_jet_a	alpha_jet_a_250_samp_type_25	2x fr 250 samp type 25; 2x fr 250 samp type 25 x2; gun pod
alpha_jet_a	alpha_jet_a_250_samp_type_25_200	2x fr 250 samp type 25 200; 2x fr 250 samp type 25 200 x2; gun pod
alpha_jet_a	alpha_jet_a_m116	4x m116; gun pod
alpha_jet_a	alpha_jet_a_lau_51	2x lau 51; 2x lau 51 x2; gun pod
alpha_jet_a_jabog41	alpha_jet_a_default	ptb 1; gun pod; ptb 2
alpha_jet_a_jabog41	alpha_jet_a_mk82_default	4x mk 82; gun pod
alpha_jet_a_jabog41	alpha_jet_a_mk82	2x mk 82; 2x mk 82 x2; gun pod
alpha_jet_a_jabog41	alpha_jet_a_mk82_snakeye	2x mk 82 snakeye; 2x mk 82 snakeye x2; gun pod
alpha_jet_a_jabog41	alpha_jet_a_250_samp_type_25	2x fr 250 samp type 25; 2x fr 250 samp type 25 x2; gun pod
alpha_jet_a_jabog41	alpha_jet_a_250_samp_type_25_200	2x fr 250 samp type 25 200; 2x fr 250 samp type 25 200 x2; gun pod
alpha_jet_a_jabog41	alpha_jet_a_m116	4x m116; gun pod
alpha_jet_a_jabog41	alpha_jet_a_lau_51	2x lau 51; 2x lau 51 x2; gun pod
alpha_jet_a_thailand	alpha_jet_a_default	ptb 1; gun pod; ptb 2
alpha_jet_a_thailand	alpha_jet_a_mk82_default	4x mk 82; gun pod
alpha_jet_a_thailand	alpha_jet_a_mk82	2x mk 82; 2x mk 82 x2; gun pod
alpha_jet_a_thailand	alpha_jet_a_mk82_snakeye	2x mk 82 snakeye; 2x mk 82 snakeye x2; gun pod
alpha_jet_a_thailand	alpha_jet_a_250_samp_type_25	2x fr 250 samp type 25; 2x fr 250 samp type 25 x2; gun pod
alpha_jet_a_thailand	alpha_jet_a_250_samp_type_25_200	2x fr 250 samp type 25 200; 2x fr 250 samp type 25 200 x2; gun pod
alpha_jet_a_thailand	alpha_jet_a_m116	4x m116; gun pod
alpha_jet_a_thailand	alpha_jet_a_lau_51	2x lau 51; 2x lau 51 x2; gun pod
alpha_jet_e	alpha_jet_e_default	ptb 1; gun pod; ptb 2
alpha_jet_e	alpha_jet_e_mk82_default	4x mk 82; gun pod
alpha_jet_e	alpha_jet_e_mk82	2x mk 82; 2x mk 82 x2; gun pod
alpha_jet_e	alpha_jet_e_mk82_snakeye	2x mk 82 snakeye; 2x mk 82 snakeye x2; gun pod
alpha_jet_e	alpha_jet_e_250_samp_type_25	2x fr 250 samp type 25; 2x fr 250 samp type 25 x2; gun pod
alpha_jet_e	alpha_jet_e_250_samp_type_25_200	2x fr 250 samp type 25 200; 2x fr 250 samp type 25 200 x2; gun pod
alpha_jet_e	alpha_jet_e_m116	4x m116; gun pod
alpha_jet_e	alpha_jet_e_matra_lr_f4	4x containers matra lr f4; gun pod
alpha_jet_e	alpha_jet_e_matra_lr_f1	4x containers matra lr f1; gun pod
alpha_jet_e	alpha_jet_e_cc_420	wing left middle cc420; gun pod; wing right middle cc420
alpha_jet_th_phase_1	alpha_jet_th_phase_1_default	2x aim 9p4 deafult; gun pod
alpha_jet_th_phase_1	alpha_jet_th_phase_1_mk82_default	4x mk 82; gun pod
alpha_jet_th_phase_1	alpha_jet_th_phase_1_aim9	2x aim 9p4 deafult; 2x aim 9p4; gun pod
alpha_jet_th_phase_1	alpha_jet_th_phase_1_mk82	2x mk 82; 2x mk 82 x2; gun pod
alpha_jet_th_phase_1	alpha_jet_th_phase_1_mk82_snakeye	2x mk 82 snakeye; 2x mk 82 snakeye x2; gun pod
alpha_jet_th_phase_1	alpha_jet_th_phase_1_250_samp_type_25	2x fr 250 samp type 25; 2x fr 250 samp type 25 x2; gun pod
alpha_jet_th_phase_1	alpha_jet_th_phase_1_250_samp_type_25_200	2x fr 250 samp type 25 200; 2x fr 250 samp type 25 200 x2; gun pod
alpha_jet_th_phase_1	alpha_jet_th_phase_1_m116	4x m116; gun pod
alpha_jet_th_phase_1	alpha_jet_th_phase_1_lau_51	2x lau 51; 2x lau 51 x2; gun pod
am_1_mauler	default	no suspended armament
am_1_mauler	am_1_mauler_bomb_14x250lb	12x us 250 anm57a1
am_1_mauler	am_1_mauler_bomb_3x500lb	2x us 500lb anm64a1; us 500lb anm64a1 center
am_1_mauler	am_1_mauler_bomb_3x1000lb	2x us 1000lb; us 1000lb center
am_1_mauler	am_1_mauler_bomb_3xmine_mk13_mod0	2x us mine mk13 mod0; us mine mk13 mod0 center
am_1_mauler	am_1_mauler_bomb_1600lb	2x us 1600lb; us 1600lb center
am_1_mauler	am_1_mauler_bomb_2000lb	2x us 2000lb; us 2000lb center
am_1_mauler	am_1_mauler_torpedo	2x mk13 torpedo; mk13 torpedo center
am_1_mauler	am_1_mauler_hvar	12x hvar
am_1_mauler	am_1_mauler_tiny_tim	2x tyni tim
amx	amx_default	ptb 1; ptb 2
amx	amx_aim_9l_default	2x aim9l default
amx	amx_al_25	2x al 25; 2x al 25 x2
amx	amx_mk82_default	4x mk 82; mk 82 fuse
amx	amx_mk82	2x mk 82; 2x mk 82 x2; mk 82 x2 fuse
amx	amx_mk82_snakeye	2x mk 82 snakeye; 2x mk 82 snakeye x2; mk 82 snakeye x2 fuse
amx	amx_mk83	4x mk 83; mk 83 x2
amx	amx_mk84	2x mk 84; mk 84 fuse
amx	amx_gbu_12	2x gbu 12; 2x gbu 12 x2; pdlct s pod
amx	amx_gbu_16	4x gbu 16; pdlct s pod
amx	amx_gbu_10	2x gbu 10; pdlct s pod
amx	amx_gbu_24	2x gbu 24; pdlct s pod
amx	amx_blu_1	4x blu 1; blu 1 fuse
amx_a_1a_brazil	amx_a_1a_brazil_default	2x maa 1 default; ptb 1; ptb 2
amx_a_1a_brazil	amx_a_1a_brazil_br_maa_1_default	2x maa 1 default
amx_a_1a_brazil	amx_a_1a_brazil_skyfire_70_7	2x maa 1 default; 2x skyfire 7; 2x skyfire 7 x2
amx_a_1a_brazil	amx_a_1a_brazil_skyfire_70_19	2x maa 1 default; 2x skyfire 19; 2x skyfire 19 x2
amx_a_1a_brazil	amx_a_1a_brazil_mk82_default	2x maa 1 default; 4x mk 82; mk 82 fuse
amx_a_1a_brazil	amx_a_1a_brazil_mk82	2x maa 1 default; 2x mk 82; 2x mk 82 x2; mk 82 x2 fuse
amx_a_1a_brazil	amx_a_1a_brazil_mk82_snakeye	2x maa 1 default; 2x mk 82 snakeye; 2x mk 82 snakeye x2; mk 82 snakeye x2 fuse
amx_a_1a_brazil	amx_a_1a_brazil_mk83	2x maa 1 default; 4x mk 83; mk 83 x2
amx_a_1a_brazil	amx_a_1a_brazil_bafg_230	2x maa 1 default; 2x bafg 230; 2x bafg 230 x2; bafg 230 x2 fuse
amx_a_1a_brazil	amx_a_1a_brazil_bafg_460	2x maa 1 default; 4x bafg 460; bafg 460 x2
amx_a_1a_brazil	amx_a_1a_brazil_bafg_230_2	2x maa 1 default; 2x bafg 230 2; 2x bafg 230 2 x2; bafg 230 2 x2 fuse
amx_a_1a_brazil	amx_a_1a_brazil_bafg_460_2	2x maa 1 default; 4x bafg 460 2; bafg 460 2 x2
amx_a_1a_brazil	amx_a_1a_brazil_bafg_920	2x maa 1 default; 2x bafg 920; bafg 920 fuse
amx_a_1a_brazil	amx_a_1a_brazil_lizard	2x br lizard; 2x br lizard x2; gr litening pod
amx_a_1a_brazil	amx_a_1a_brazil_lizard_maa_1	2x maa 1 default; 2x br lizard; 2x br lizard x2; gr litening pod
amx_a_1a_brazil	amx_a_1a_brazil_binc_300	2x maa 1 default; 2x binc 300; 2x binc 300 x2; binc 300 x2 fuse
ar_2	ar2_default	no suspended armament
ar_2	ar2_6xfab100	fab100 internal
ar_2	ar2_2xfab250_internal	fab250 internal
ar_2	ar2_1xfab500	fab500 internal
ar_2	ar2_4xfab100	2x fab100
ar_2	ar2_4xfab250	2x fab250
ar_2	ar2_2xfab500	2x fab500
arado-196a-3	ar_196a_3_default	no suspended armament
arado-196a-5	ar_196a_3_default	no suspended armament
arado-234	arado234_default	2x sc250; sc250 int
arado-234	arado234_3x500	2x sc500; sc500 int
arado-234	arado234_1x1000	sc1000
arado-234c-3	arado234_default	3x sc250
arado-234c-3	arado234_3x500	3x sc500
arado-234c-3	arado234_1x1000	sc1000
arado-234c-3	arado-234_1x1600	1600 ap slot2
ariete	sagittario_2_default	no suspended armament
attaker_fb1	attaker_fb1_default	no suspended armament
attaker_fb1	attaker_fb1_500lbs_bombs	no suspended armament
attaker_fb1	attaker_fb1_1000lbs_bombs	no suspended armament
attaker_fb1	attaker_fb1_12rockets	no suspended armament
attaker_fb2	attaker_fb1_default	no suspended armament
attaker_fb2	attaker_fb1_500lbs_bombs	no suspended armament
attaker_fb2	attaker_fb1_1000lbs_bombs	no suspended armament
attaker_fb2	attaker_fb1_12rockets	no suspended armament
av_8a	av_8a_default	no suspended armament
av_8a	av_8a_aim9	2x aim9g
av_8a	av_8a_rocket_aero_6a	4x aero 6a; ltc
av_8a	av_8a_rocket_aero_7	4x aero 7; ltc
av_8a	av_8a_rocket_lau_10a	4x lau 10a; ltc
av_8a	av_8a_bomb_mk81	5x 250lbs
av_8a	av_8a_bomb_mk82	5x 500lbs
av_8a	av_8a_bomb_mk81_snakeye	5x 250lbs snakeye
av_8a	av_8a_bomb_mk82_snakeye	5x 500lbs snakeye
av_8a	av_8a_bomb_mk83	2x aim9g; 2x 1000lbs; ltc
av_8a	av_8a_fire_bomb_mk77_mod4	5x mk77 mod4
av_8a	av_8a_ltc	ltc
av_8b_na	av_8b_plus_default	gau 12
av_8b_na	av_8b_plus_aim_9l	2x aim9l default; 2x aim9l
av_8b_na	av_8b_plus_ffar	ffar left wing; 2x ffar x3; ffar right wing
av_8b_na	av_8b_plus_zuni	lau 10a left wing; 2x lau 10a; lau 10a right wing
av_8b_na	av_8b_plus_apkws_m151	4x us apkws m151
av_8b_na	av_8b_plus_apkws_m282	4x us apkws m282
av_8b_na	av_8b_plus_mk81	2x us 250lb mk81 ldgp; 4x ter mk81; ter mk81 x2
av_8b_na	av_8b_plus_mk81_snakeye	2x us 250lb mk81 ldgp snakeye; 4x ter mk81 snakeye; ter mk81 snakeye x2
av_8b_na	av_8b_plus_mk82	2x us 500lb mk 82 ldgp; 4x ter mk82; ter mk82 x2
av_8b_na	av_8b_plus_mk82_snakeye	2x us 500lb mk 82 ldgp snakeye; 4x ter mk82 snakeye; ter mk82 snakeye x2
av_8b_na	av_8b_plus_mk83	2x aim9l default; 2x us 1000lb mk 83 ldgp; ter mk83 left wing; ter mk83 right wing
av_8b_na	av_8b_plus_gbu_38	2x us gbu 38 x2; 2x us gbu 38 x3
av_8b_na	av_8b_plus_gbu_38_aim_9l	2x aim9l default; 2x us gbu 38 x2; 2x us gbu 38 x3
av_8b_na	av_8b_plus_gbu_12	2x us gbu 12 x2; 2x us gbu 12 x3; litening pod
av_8b_na	av_8b_plus_gbu_12_aim_9l	2x aim9l default; 2x us gbu 12 x2; 2x us gbu 12 x3; litening pod
av_8b_na	av_8b_plus_gbu_16	4x us gbu 16; litening pod
av_8b_na	av_8b_plus_agm_154a1	4x agm 154a1
av_8b_na	av_8b_plus_gbu_16_aim_9l	2x aim9l default; 4x us gbu 16; litening pod
av_8b_na	av_8b_na_agm_65e	4x agm 65e
av_8b_na	av_8b_na_agm_65e_aim_9l	2x aim9l default; 4x agm 65e
av_8b_na	av_8b_na_mk77	us mk 77 slot1; mk77 x2 left wing inside; mk77 x2 left wing; mk77 x2 right wing; mk77 x2 right wing inside; us mk 77 slot9
av_8b_na	av_8b_plus_agm_65f	4x agm 65f
av_8b_na	av_8b_plus_agm_65f_aim_9l	2x aim9l default; 4x agm 65f
av_8b_na	av_8b_plus_agm_122	4x agm 122
av_8b_plus	av_8b_plus_default	gau 12
av_8b_plus	av_8b_plus_aim_9l_default	2x aim9l default; 2x aim 120a default
av_8b_plus	av_8b_plus_aim_9l	2x aim9l default; 2x aim9l
av_8b_plus	av_8b_plus_aim_9m	4x aim9m
av_8b_plus	av_8b_plus_ffar	ffar left wing; 2x ffar x3; ffar right wing
av_8b_plus	av_8b_plus_zuni	lau 10a left wing; 2x lau 10a; lau 10a right wing
av_8b_plus	av_8b_plus_apkws_m151	4x us apkws m151
av_8b_plus	av_8b_plus_apkws_m282	4x us apkws m282
av_8b_plus	av_8b_plus_mk81	2x us 250lb mk81 ldgp; 4x ter mk81; ter mk81 x2
av_8b_plus	av_8b_plus_mk81_snakeye	2x us 250lb mk81 ldgp snakeye; 4x ter mk81 snakeye; ter mk81 snakeye x2
av_8b_plus	av_8b_plus_mk82	2x us 500lb mk 82 ldgp; 4x ter mk82; ter mk82 x2
av_8b_plus	av_8b_plus_mk82_snakeye	2x us 500lb mk 82 ldgp snakeye; 4x ter mk82 snakeye; ter mk82 snakeye x2
av_8b_plus	av_8b_plus_mk83	2x aim9l default; 2x us 1000lb mk 83 ldgp; ter mk83 left wing; ter mk83 right wing
av_8b_plus	av_8b_plus_gbu_32	2x us gbu 32; us gbu 32 x2 left wing; us gbu 32 x2 right wing
av_8b_plus	av_8b_plus_gbu_38	2x us gbu 38 x2; 2x us gbu 38 x3
av_8b_plus	av_8b_plus_gbu_54	2x us gbu 54; 2x us gbu 54 x2; litening pod
av_8b_plus	av_8b_plus_gbu_12	2x us gbu 12 x2; 2x us gbu 12 x3; litening pod
av_8b_plus	av_8b_plus_gbu_16	4x us gbu 16; litening pod
av_8b_plus	av_8b_plus_agm_154a1	4x agm 154a1
av_8b_plus	av_8b_plus_agm_65d	4x agm 65d
av_8b_plus	av_8b_plus_agm_65f	4x agm 65f
av_8b_plus	av_8b_plus_agm_65e	4x agm 65e
av_8b_plus	av_8b_plus_mk77	2x us mk 77; mk77 x2 left wing inside; mk77 x2 left wing; mk77 x2 right wing; mk77 x2 right wing inside
av_8b_plus	av_8b_plus_italy_amraam_120	2x aim 120a default; 2x aim 120a
av_8b_plus	av_8b_plus_agm_122	4x agm 122
av_8b_plus_italy	av_8b_plus_default	gau 12
av_8b_plus_italy	av_8b_plus_aim_9l_default	2x aim9l default; 2x aim 120a default
av_8b_plus_italy	av_8b_plus_aim_9l	2x aim9l default; 2x aim9l
av_8b_plus_italy	av_8b_plus_aim_9m	4x aim9m
av_8b_plus_italy	av_8b_plus_ffar	ffar left wing; 2x ffar x3; ffar right wing
av_8b_plus_italy	av_8b_plus_zuni	lau 10a left wing; 2x lau 10a; lau 10a right wing
av_8b_plus_italy	av_8b_plus_apkws_m151	4x us apkws m151
av_8b_plus_italy	av_8b_plus_apkws_m282	4x us apkws m282
av_8b_plus_italy	av_8b_plus_mk81	2x us 250lb mk81 ldgp; 4x ter mk81; ter mk81 x2
av_8b_plus_italy	av_8b_plus_mk81_snakeye	2x us 250lb mk81 ldgp snakeye; 4x ter mk81 snakeye; ter mk81 snakeye x2
av_8b_plus_italy	av_8b_plus_mk82	2x us 500lb mk 82 ldgp; 4x ter mk82; ter mk82 x2
av_8b_plus_italy	av_8b_plus_mk82_snakeye	2x us 500lb mk 82 ldgp snakeye; 4x ter mk82 snakeye; ter mk82 snakeye x2
av_8b_plus_italy	av_8b_plus_mk83	2x aim9l default; 2x us 1000lb mk 83 ldgp; ter mk83 left wing; ter mk83 right wing
av_8b_plus_italy	av_8b_plus_gbu_32	2x us gbu 32; us gbu 32 x2 left wing; us gbu 32 x2 right wing
av_8b_plus_italy	av_8b_plus_gbu_38	2x us gbu 38 x2; 2x us gbu 38 x3
av_8b_plus_italy	av_8b_plus_gbu_54	2x us gbu 54; 2x us gbu 54 x2; litening pod
av_8b_plus_italy	av_8b_plus_gbu_12	2x us gbu 12 x2; 2x us gbu 12 x3; litening pod
av_8b_plus_italy	av_8b_plus_gbu_16	4x us gbu 16; litening pod
av_8b_plus_italy	av_8b_plus_agm_154a1	4x agm 154a1
av_8b_plus_italy	av_8b_plus_agm_65d	4x agm 65d
av_8b_plus_italy	av_8b_plus_mk77	2x us mk 77; mk77 x2 left wing inside; mk77 x2 left wing; mk77 x2 right wing; mk77 x2 right wing inside
av_8b_plus_italy	av_8b_plus_italy_agm_65g	4x agm 65g
av_8b_plus_italy	av_8b_plus_italy_agm_65e	4x agm 65e2
av_8b_plus_italy	av_8b_plus_italy_amraam_120	2x aim 120a default; 2x aim 120a
av_8b_plus_italy	av_8b_plus_agm_122	4x agm 122
av_8c	av_8c_default	no suspended armament
av_8c	av_8c_rocket_aim_9	2x aim9g
av_8c	av_8c_rocket_lau68	4x aero 6a
av_8c	av_8c_rocket_lau60	4x aero 7
av_8c	av_8c_rocket_zuni	4x lau 10a
av_8c	av_8c_bomb_mk81	5x 250lbs
av_8c	av_8c_bomb_mk82	5x 500lbs
av_8c	av_8c_bomb_mk81_snakeye	5x 250lbs snakeye
av_8c	av_8c_bomb_mk82_snakeye	5x 500lbs snakeye
av_8c	av_8c_bomb_mk83	2x 1000lbs
av_8c	av_8c_fire_bomb_mk77_mod4	5x mk77 mod4
av_8s_late_thailand	av_8s_late_thailand_default	2x aim9l default
av_8s_late_thailand	av_8s_late_thailand_aim9l	aim9l x2 left wing; aim9l x2 right wing
av_8s_late_thailand	av_8s_late_thailand_rocket_aero_6a	4x aero 6a; ltc
av_8s_late_thailand	av_8s_late_thailand_rocket_aero_7	4x aero 7; ltc
av_8s_late_thailand	av_8s_late_thailand_rocket_lau_10a	4x lau 10a; ltc
av_8s_late_thailand	av_8s_late_thailand_bomb_mk81	5x 250lbs
av_8s_late_thailand	av_8s_late_thailand_bomb_mk82	5x 500lbs
av_8s_late_thailand	av_8s_late_thailand_bomb_mk81_snakeye	5x 250lbs snakeye
av_8s_late_thailand	av_8s_late_thailand_bomb_mk82_snakeye	5x 500lbs snakeye
av_8s_late_thailand	av_8s_late_thailand_bomb_mk83	2x 1000lbs; ltc
av_8s_late_thailand	av_8s_late_thailand_fire_bomb_mk77_mod4	5x mk77 mod4
av_8s_late_thailand	av_8s_late_thailand_ltc	ltc
av_8s_thailand	av_8s_thailand_default	2x aim9p
av_8s_thailand	av_8s_thailand_rocket_aero_6a	4x aero 6a; ltc
av_8s_thailand	av_8s_thailand_rocket_aero_7	4x aero 7; ltc
av_8s_thailand	av_8s_thailand_rocket_lau_10a	4x lau 10a; ltc
av_8s_thailand	av_8s_thailand_bomb_mk81	5x 250lbs
av_8s_thailand	av_8s_thailand_bomb_mk82	5x 500lbs
av_8s_thailand	av_8s_thailand_bomb_mk81_snakeye	5x 250lbs snakeye
av_8s_thailand	av_8s_thailand_bomb_mk82_snakeye	5x 500lbs snakeye
av_8s_thailand	av_8s_thailand_bomb_mk83	2x aim9p; 2x 1000lbs; ltc
av_8s_thailand	av_8s_thailand_fire_bomb_mk77_mod4	5x mk77 mod4
av_8s_thailand	av_8s_thailand_ltc	ltc
avenger_mk1	tbf_1c_default	no suspended armament
avenger_mk1	tbf_1c_hvar	hvar slot1; hvar slot3
avenger_mk1	tbf_1c_rp3	rp3 slot1; rp3 slot3
avenger_mk1	tbf_1c_25lb	25lb slot1; 25lb slot3
avenger_mk1	tbf_1c_uncle_tom	uncle tom slot1; uncle tom slot3
avenger_mk1	tbf_1c_bombs	500lb
avenger_mk1	tbf_1c_1000lb_bomb	1000lb
avenger_mk1	tbf_1c_2000lb_bomb	2000lb
avenger_mk1	tbf_1c_1000lbs_bombs_ap	anmk33
avenger_mk1	tbf_1c_1600lb_bomb	anmk1
avenger_mk1	tbf_1c_mk13_torpedo_weak	mk13 no case
avenger_mk1	tbf_1c_mk13_torpedo	mk13
b_10b	b_10b_250lb	250lb slot2
b_10b	b_10b_500lb	500lb slot1; 500lb slot2; 500lb slot3
b_10b	b_10b_1000lb	1000lb slot1; 1000lb slot2; 1000lb slot3
b_10b	b_10b_2000lb	2000lb slot1; 2000lb slot3
b_18a	b_18a_default	no suspended armament
b_18a	b_18a_12x100lb	no suspended armament
b_18a	b_18a_8x250lb	no suspended armament
b_18a	b_18a_4x500lb	no suspended armament
b_18a	b_18a_2x1000lb	no suspended armament
b_18a	b_18a_1x2000lb	no suspended armament
b_239_finland	b_239_finland_default	no suspended armament
b_24d	b_24d_8x500lbs	no suspended armament
b_24d	b_24d_20x100lbs	no suspended armament
b_24d	b_24d_12x500lbs	no suspended armament
b_24d	b_24d_8x1000lbs	no suspended armament
b_24d	b_24d_4x1600lbs	no suspended armament
b_24d	b_24d_4x2000lbs	no suspended armament
b_24d	b_24d_default	no suspended armament
b_25j_1	b_25j_20_12x100lb	no suspended armament
b_25j_1	b_25j_20_4x250lb	no suspended armament
b_25j_1	b_25j_20_4x250lb_6x100lb	no suspended armament
b_25j_1	b_25j_20_8x250lb	no suspended armament
b_25j_1	b_25j_20_2x500lb_6x100lb	no suspended armament
b_25j_1	b_25j_20_4x500lb	no suspended armament
b_25j_1	b_25j_20_1x1000lb_10x100lb	no suspended armament
b_25j_1	b_25j_20_3x1000lb	no suspended armament
b_25j_1	b_25j_20_default	no suspended armament
b_25j_20	b_25j_20_12x100lb	no suspended armament
b_25j_20	b_25j_20_4x250lb	no suspended armament
b_25j_20	b_25j_20_4x250lb_6x100lb	no suspended armament
b_25j_20	b_25j_20_8x250lb	no suspended armament
b_25j_20	b_25j_20_2x500lb_6x100lb	no suspended armament
b_25j_20	b_25j_20_4x500lb	no suspended armament
b_25j_20	b_25j_20_1x1000lb_10x100lb	no suspended armament
b_25j_20	b_25j_20_3x1000lb	no suspended armament
b_25j_20	b_25j_20_default	no suspended armament
b_25j_30	b_25j_20_12x100lb	no suspended armament
b_25j_30	b_25j_20_4x250lb	no suspended armament
b_25j_30	b_25j_20_4x250lb_6x100lb	no suspended armament
b_25j_30	b_25j_20_8x250lb	no suspended armament
b_25j_30	b_25j_20_2x500lb_6x100lb	no suspended armament
b_25j_30	b_25j_20_4x500lb	no suspended armament
b_25j_30	b_25j_20_1x1000lb_10x100lb	no suspended armament
b_25j_30	b_25j_20_3x1000lb	no suspended armament
b_25j_30	b_25j_20_default	no suspended armament
b_25j_30_china	b_25j_20_12x100lb	no suspended armament
b_25j_30_china	b_25j_20_4x250lb	no suspended armament
b_25j_30_china	b_25j_20_4x250lb_6x100lb	no suspended armament
b_25j_30_china	b_25j_20_8x250lb	no suspended armament
b_25j_30_china	b_25j_20_2x500lb_6x100lb	no suspended armament
b_25j_30_china	b_25j_20_4x500lb	no suspended armament
b_25j_30_china	b_25j_20_1x1000lb_10x100lb	no suspended armament
b_25j_30_china	b_25j_20_3x1000lb	no suspended armament
b_25j_30_china	b_25j_20_default	no suspended armament
b_25j_30_france	b_25j_20_12x100lb	no suspended armament
b_25j_30_france	b_25j_20_4x250lb	no suspended armament
b_25j_30_france	b_25j_20_4x250lb_6x100lb	no suspended armament
b_25j_30_france	b_25j_20_8x250lb	no suspended armament
b_25j_30_france	b_25j_20_2x500lb_6x100lb	no suspended armament
b_25j_30_france	b_25j_20_4x500lb	no suspended armament
b_25j_30_france	b_25j_20_1x1000lb_10x100lb	no suspended armament
b_25j_30_france	b_25j_20_3x1000lb	no suspended armament
b_25j_30_france	b_25j_20_default	no suspended armament
b_25j_30_vvs_ussr	b_25j_30_12xfab50	no suspended armament
b_25j_30_vvs_ussr	b_25j_30_8xfab100	no suspended armament
b_25j_30_vvs_ussr	b_25j_30_4xfab100_6xfab50	no suspended armament
b_25j_30_vvs_ussr	b_25j_30_2xfab250_6xfab50	no suspended armament
b_25j_30_vvs_ussr	b_25j_30_4xfab250	no suspended armament
b_25j_30_vvs_ussr	b_25j_30_1xfab500_10xfab50	no suspended armament
b_25j_30_vvs_ussr	b_25j_30_3xfab500	no suspended armament
b_25j_30_vvs_ussr	b_25j_30_4xfab250_2xfab500sv	no suspended armament
b_26b_c	b_26b_c_default	no suspended armament
b_26b_c	b_26b_c_14x300lbs	no suspended armament
b_26b_c	b_26b_c_8x600lbs	no suspended armament
b_26b_c	b_26b_c_4x1000lbs	no suspended armament
b_26b_c	b_26b_c_2x2000lbs	no suspended armament
b_26b_c	b_26b_c_2x1600lbs	no suspended armament
b_26b_c	b_26b_c_torpedo	no suspended armament
b_26c_france	b_26b_c_default	no suspended armament
b_26c_france	b_26b_c_14x300lbs	no suspended armament
b_26c_france	b_26b_c_8x600lbs	no suspended armament
b_26c_france	b_26b_c_4x1000lbs	no suspended armament
b_26c_france	b_26b_c_2x2000lbs	no suspended armament
b_26c_france	b_26b_c_2x1600lbs	no suspended armament
b_26c_france	b_26b_c_torpedo	no suspended armament
b_34	b_34_250lbs_bombs	no suspended armament
b_34	b_34_500lbs_bombs	no suspended armament
b_34	b_34_torp	no suspended armament
b_48_firecrest	b_48_firecrest_default	no suspended armament
b_48_firecrest	b_48_firecrest_rockets	rp3 slot1; rp3 slot5
b_48_firecrest	b_48_firecrest_500lbs_bombs	2x 500lb
b_48_firecrest	b_48_firecrest_torpedo	torpedo
b_52h	b_52h_default	2x ibeam mk82 x12; 3x clip standard mk82 x9
b_52h	b_52h_mk82_air	2x ibeam mk82 air x12; 3x clip standard mk82 air x9
b_52h	b_52h_mk117r	2x ibeam mk117 x12; 3x clip standard mk117 x9
b_52h	b_52h_mk117_air	2x ibeam mk117 air x12; 3x clip standard mk117 air x9
b_52h	b_52h_mk84	2x hsab mk84 x6; clip standard mk84 x3 rear; clip standard mk84 x3 central; clip standard mk84 x3 front
b_57b_japan_killstreak	b_57b_1xmark7	no suspended armament
b_57b_killstreak	b_57b_1xmark7	no suspended armament
b_66b	b_66b_default	750lbs
b_66b	b_66b_3000lb	3000lbs
b-17e	B-17e_default	no suspended armament
b-17e	b-17e_8x500lbs	no suspended armament
b-17e	b-17e_16x500lbs	no suspended armament
b-17e	b-17e_8x1000lbs	no suspended armament
b-17e	b-17e_2x2000lbs	no suspended armament
b-17e_japan	b-17e_japan_8x500lbs	no suspended armament
b-17e_japan	b-17e_japan_16x500lbs	no suspended armament
b-17e_japan	b-17e_japan_8x1000lbs	no suspended armament
b-17e_late	B-17e_default	no suspended armament
b-17e_late	b-17e_8x500lbs	no suspended armament
b-17e_late	b-17e_16x500lbs	no suspended armament
b-17e_late	b-17e_8x1000lbs	no suspended armament
b-17e_late	b-17e_2x2000lbs	no suspended armament
b-17g	B17G_default	no suspended armament
b-17g	b-17g_10x600lbs	no suspended armament
b-17g	B17G_8x500lbs	no suspended armament
b-17g	B17G_16x500lbs	no suspended armament
b-17g	b-17g_4x1000lbs_ap	no suspended armament
b-17g	b-17g_2x1600lbs	no suspended armament
b-17g	B17G_8x1000lbs	no suspended armament
b-17g	B17G_2x2000lbs	no suspended armament
b-17g	B17G_6x1000_2x1000lbs	no suspended armament
b-17g	B17G_4x2000lbs	no suspended armament
b-17g	b-17g_2x4000lbs	no suspended armament
b-17g_iaf	b-17g_iaf_default	no suspended armament
b-17g_iaf	b-17g_iaf_8x500lbs	no suspended armament
b-17g_iaf	b-17g_iaf_12x500lbs	no suspended armament
b-17g_iaf	b-17g_iaf_6x1000lbs	no suspended armament
b-29	B29_default	no suspended armament
b-29	B29_12x1000lbs	no suspended armament
b-29	B29_40x500lbs	no suspended armament
b-29	B29_8x2000lbs	no suspended armament
b-29	b-29_4x4000lbs	no suspended armament
b-29_france_killstreak	b_29_1xmk6	no suspended armament
b-29_germany_killstreak	b_29_1xmk6	no suspended armament
b-29_iaf_killstreak	b_29_1xmk6	no suspended armament
b-29_italy_killstreak	b_29_1xmk6	no suspended armament
b-29_japan_killstreak	b_29_1xmk6	no suspended armament
b-29_killstreak	b_29_1xmk6	no suspended armament
b-29_sweden_killstreak	b_29_1xmk6	no suspended armament
b-29_uk_killstreak	b_29_1xmk6	no suspended armament
b-57	b-57_9x500lbs	no suspended armament
b-57	b-57_6x1000lbs	no suspended armament
b-57b	b-57b_21x250lbs	250lbs
b-57b	b-57b_hvar_x8	4x hvar x2 first
b-57b	b-57b_hvar_x16	4x hvar x2; 4x hvar x2 first
b-57b	b-b-57b_4x_ffar	4x lau 3a
b-57b	b-57b_9x500lbs	500lbs int
b-57b	b-57b_13x500lbs	4x 500lbs ext; 500lbs int
b-57b	b-57b_8x750lbs	4x 750lbs ext; 750lbs int
b-57b	b-57b_4x1000lbs	1000lbs int
b-57b	b-57b_8x1000lbs	4x 1000lbs ext; 1000lbs int
b-57b	b-57b_4xblu_27	4x blu27
b-57b	b-57b_chaff	2x an ale2
b5n2	b5n2_type97mod6_bombs	no suspended armament
b5n2	b5n2_mark2_bombs	no suspended armament
b5n2	b5n2_mark2_6x_type97mod6_bombs	no suspended armament
b5n2	b5n2_type98_bombs	no suspended armament
b5n2	b5n2_type98_6x_type97mod6_bombs	no suspended armament
b5n2	b5n2_mod80mk1_bomb	no suspended armament
b5n2	b5n2_type99mod80_bomb	no suspended armament
b5n2	b5n2_type91mod2_torpedo	no suspended armament
b5n2	b5n2_type91mod3_torpedo	no suspended armament
b5n2	b5n2_default	no suspended armament
b6n1	b6n1_default	no suspended armament
b6n1	b6n1_250kg_mod25mark2	no suspended armament
b6n1	b6n1_800kg_mod80mk1	no suspended armament
b6n1	b6n1_type91mod2_torpedo	no suspended armament
b6n1	b6n1_type91mod3_torpedo	no suspended armament
b6n2	b6n2_default	no suspended armament
b6n2	b6n2_250kg_mod25mark2	no suspended armament
b6n2	b6n2_800kg_mod80mk1	no suspended armament
b6n2	b6n2_type91mod2_torpedo	no suspended armament
b6n2	b6n2_type91mod3_torpedo	no suspended armament
b6n2a	b6n2a_default	no suspended armament
b6n2a	b6n2a_250kg_mod25mark2	no suspended armament
b6n2a	b6n2a_800kg_mod80mk1	no suspended armament
b6n2a	b6n2a_type91mod2_torpedo	no suspended armament
b6n2a	b6n2a_type91mod3_torpedo	no suspended armament
b7a2	b7a2_10xmod6_bombs	no suspended armament
b7a2	b7a2_2xtype98_4xmod6_bombs	no suspended armament
b7a2	b7a2_mod80mk1_bomb	no suspended armament
b7a2	b7a2_type91mod2_torpedo	no suspended armament
b7a2_homare_23	b7a2_10xmod6_bombs	no suspended armament
b7a2_homare_23	b7a2_2xtype98_4xmod6_bombs	no suspended armament
b7a2_homare_23	b7a2_mod80mk1_bomb	no suspended armament
b7a2_homare_23	b7a2_type91mod2_torpedo	no suspended armament
ba_65_a80	ba_65_a80_default	no suspended armament
ba_65_a80	ba_65_a80_4x50kg_t	no suspended armament
ba_65_a80	ba_65_a80_2x100kg_t	no suspended armament
ba_65_a80	ba_65_a80_4x100kg_t	no suspended armament
ba_65_k14_l	ba_65_k14_l_default	no suspended armament
ba_65_k14_l	ba_65_k14_l_4x50kg_t	no suspended armament
ba_65_k14_l	ba_65_k14_l_2x100kg_t	no suspended armament
ba_65_k14_l	ba_65_k14_l_4x100kg_t	no suspended armament
bb-1	bb-1_default	no suspended armament
bb-1	bb-1_rs82	rs 82 slot1; rs 82 slot3
bb-1	bb-1_rs132	rs 132 slot1; rs 132 slot3
bb-1	bb-1_fab50_inner	fab50 inner
bb-1	bb-1_fab100_inner	fab100 inner
bb-1	bb-1_fab50_x4	fab50 x4 slot1; fab50 x4 slot3
bb-1	bb-1_fab100_x4	fab100 x4 slot1; fab100 x4 slot3
bb-1	bb-1_fab250	2x fab250
bb-1	bb-1_fab500	2x fab500
bb-1	bb-1_brab220	2x brab220
be_6	be_6_fab250	8x fab500
be_6	be_6_fab500	8x fab250
be_6	be_6_fab1500	2x fab1500
be_6	be_6_torpedo	2x 45 36m
beaufighter_mk1_40mm	beaufighter_mk1_40mm_default	no suspended armament
beaufighter_mk21	beaufighter_mk21_default	no suspended armament
beaufighter_mk21	beaufighter_mk21_rockets	2x rp3
beaufighter_mk21	beaufighter_mk21_mc250_bomb	2x 250lbs; 2x250lbs
beaufighter_mk21	beaufighter_mk21_mc500_bomb	2x 500lbs; 2x500lbs
beaufighter_mk21	beaufighter_mk21_mc1000_bomb	2x1000lbs
beaufighter_mk21	beaufighter_mk21_torpedo	torpedo
beaufighter_mk6c	beaufighter_mk6c_default	no suspended armament
beaufighter_mk6c	beaufighter_mk6c_torpedo	no suspended armament
beaufighter_mk6c	beaufighter_mk6c_mc250_bomb	no suspended armament
beaufighter_mk6c	beaufighter_mk6c_mc500_bomb	no suspended armament
beaufighter_mkx	beaufighter_mkx_default	no suspended armament
beaufighter_mkx	beaufighter_mkx_rockets	2x rp3
beaufighter_mkx	beaufighter_mkx_mc250_bomb	2x 250lbs; 2x250lbs
beaufighter_mkx	beaufighter_mkx_mc500_bomb	2x 500lbs; 2x500lbs
beaufighter_mkx	beaufighter_mkx_mc1000_bomb	2x1000lbs
beaufighter_mkx	beaufighter_mkx_torpedo	torpedo
beaufort_mkviii	beaufort_mkviii_250gp	no suspended armament
beaufort_mkviii	beaufort_mkviii_torpedo	no suspended armament
beaufort_mkviii	beaufort_mkviii_500gp	no suspended armament
beaufort_mkviii	beaufort_mkviii_500sap	no suspended armament
beaufort_mkviii	beaufort_mkviii_default	no suspended armament
bf_109t_2	bf_109t_2_default	no suspended armament
bf_109t_2	bf_109t_2_4xSC50	sc50 slot1
bf_109t_2	bf_109t_2_SC250	sc250 slot1
bf_109t_2	bf_109t_2_flamm_250	flamm250 slot1
bf_110g_4	bf-110g_4_default	no suspended armament
bf_110g_4	bf-110g_4_br20	br20 slot1; br20 slot5
bf_110g_4	bf-110g_4_sc50	2x sc50; sc50 slot2; sc50 slot6
bf_110g_4	bf-110g_4_sc250	2x sc250
bf_110g_4	bf-110g_4_sc500	2x sc500
bf_110g_4	bf-110g_4_sc1000	sc1000
bf_110g_4	bf-110g_4_flamm250	2x falmm250
bf_110g_4	bf-110g_4_flamm500	2x falmm500
bf_110g_4	bf-110g_4_under_fuse_gun_pod	gun pod
bf_110g_4_hungary	bf-110g_4_default	no suspended armament
bf_110g_4_hungary	bf-110g_4_br20	br20 slot1; br20 slot5
bf_110g_4_hungary	bf-110g_4_sc50	2x sc50; sc50 slot2; sc50 slot6
bf_110g_4_hungary	bf-110g_4_sc250	2x sc250
bf_110g_4_hungary	bf-110g_4_sc500	2x sc500
bf_110g_4_hungary	bf-110g_4_sc1000	sc1000
bf_110g_4_hungary	bf-110g_4_flamm250	2x falmm250
bf_110g_4_hungary	bf-110g_4_flamm500	2x falmm500
bf_110g_4_hungary	bf-110g_4_under_fuse_gun_pod	gun pod
bf-109a_1	bf-109a_1_default	no suspended armament
bf-109b_2	bf-109b_2_default	no suspended armament
bf-109c_1	bf-109c_1_default	no suspended armament
bf-109c_1_promo	bf-109c_1_default	no suspended armament
bf-109e-1	Bf-109E-3_default	no suspended armament
bf-109e-1	Bf-109E-3_4xSC50	no suspended armament
bf-109e-1	Bf-109E-3_SC250	no suspended armament
bf-109e-1	Bf-109E-3_SC500	no suspended armament
bf-109e-3	Bf-109E-3_default	no suspended armament
bf-109e-3	Bf-109E-3_4xSC50	no suspended armament
bf-109e-3	Bf-109E-3_SC250	no suspended armament
bf-109e-3	Bf-109E-3_SC500	no suspended armament
bf-109e-3_japan	Bf-109E-4_default	no suspended armament
bf-109e-4	Bf-109E-4_default	no suspended armament
bf-109e-4	Bf-109E-4_4xSC50	no suspended armament
bf-109e-4	Bf-109E-4_SC250	no suspended armament
bf-109e-4	Bf-109E-3_SC500	no suspended armament
bf-109e-4	Bf-109E-4_flamm_250	no suspended armament
bf-109e-7	Bf-109E-7_default	no suspended armament
bf-109e-7	Bf-109E-7_4xSC50	no suspended armament
bf-109e-7	Bf-109E-7_SC250	no suspended armament
bf-109e-7	Bf-109E-3_SC500	no suspended armament
bf-109e-7	bf_109e-7_flamm_250	no suspended armament
bf-109f-1	Bf-109F-1_default	no suspended armament
bf-109f-1	Bf-109F-1_4xSC50	no suspended armament
bf-109f-1	Bf-109F-1_SC250	no suspended armament
bf-109f-1	Bf-109F-1_flamm_250	no suspended armament
bf-109f-2	Bf-109F-2_default	no suspended armament
bf-109f-2	Bf-109F-2_4xSC50	no suspended armament
bf-109f-2	Bf-109F-2_rz65_rocket	no suspended armament
bf-109f-2	Bf-109F-2_SC250	no suspended armament
bf-109f-2	Bf-109F-1_flamm_250	no suspended armament
bf-109f-4	Bf-109F-4_default	no suspended armament
bf-109f-4	Bf-109F-4_4xSC50	no suspended armament
bf-109f-4	Bf-109F-4_SC250	no suspended armament
bf-109f-4	Bf-109F-4_flamm_250	no suspended armament
bf-109f-4	Bf-109F-4_R1	no suspended armament
bf-109f-4_hungary	Bf-109F-4_default	no suspended armament
bf-109f-4_hungary	Bf-109F-4_4xSC50	no suspended armament
bf-109f-4_hungary	Bf-109F-4_SC250	no suspended armament
bf-109f-4_hungary	Bf-109F-4_flamm_250	no suspended armament
bf-109f-4_hungary	Bf-109F-4_R1	no suspended armament
bf-109f-4_trop	Bf-109F-4_default	no suspended armament
bf-109f-4_trop	Bf-109F-4_4xSC50	no suspended armament
bf-109f-4_trop	Bf-109F-4_SC250	no suspended armament
bf-109f-4_trop	Bf-109F-4_flamm_250	no suspended armament
bf-109f-4_trop	Bf-109F-4_R1	no suspended armament
bf-109f-4_usa	Bf-109F-4_default	no suspended armament
bf-109g-10	Bf-109G-10_default	no suspended armament
bf-109g-10	Bf-109G-10_SC250	no suspended armament
bf-109g-10	Bf-109G-10_flamm_250	no suspended armament
bf-109g-10	Bf-109G-10_cannons	no suspended armament
bf-109g-10	Bf-109G-10_R6	no suspended armament
bf-109g-14	Bf-109G-14_default	no suspended armament
bf-109g-14	Bf-109G-14_SC250	no suspended armament
bf-109g-14	bf_109g-14_flamm_250	no suspended armament
bf-109g-14	Bf-109G-14_cannons	no suspended armament
bf-109g-14	Bf-109G-14_R6	no suspended armament
bf-109g-14as	Bf-109G-14_default	no suspended armament
bf-109g-14as	Bf-109G-14_SC250	no suspended armament
bf-109g-14as	bf_109g-14_flamm_250	no suspended armament
bf-109g-14as	Bf-109G-14_cannons	no suspended armament
bf-109g-14as	Bf-109G-14_R6	no suspended armament
bf-109g-2	Bf-109G-2_default	no suspended armament
bf-109g-2	Bf-109G-2_4xSC50	no suspended armament
bf-109g-2	Bf-109G-2_SC250	no suspended armament
bf-109g-2	Bf-109G-2_flamm_250	no suspended armament
bf-109g-2	Bf-109G-2_R6	no suspended armament
bf-109g-2_finland	Bf-109G-2_default	no suspended armament
bf-109g-2_finland	Bf-109G-2_4xSC50	no suspended armament
bf-109g-2_finland	Bf-109G-2_SC250	no suspended armament
bf-109g-2_finland	Bf-109G-2_flamm_250	no suspended armament
bf-109g-2_finland	Bf-109G-2_R6	no suspended armament
bf-109g-2_hungary	Bf-109G-2_default	no suspended armament
bf-109g-2_hungary	Bf-109G-2_4xSC50	no suspended armament
bf-109g-2_hungary	Bf-109G-2_SC250	no suspended armament
bf-109g-2_hungary	Bf-109G-2_flamm_250	no suspended armament
bf-109g-2_hungary	Bf-109G-2_R6	no suspended armament
bf-109g-2_romania	Bf-109G-2_default	no suspended armament
bf-109g-2_romania	Bf-109G-2_4xSC50	no suspended armament
bf-109g-2_romania	Bf-109G-2_SC250	no suspended armament
bf-109g-2_romania	Bf-109G-2_flamm_250	no suspended armament
bf-109g-2_romania	Bf-109G-2_R6	no suspended armament
bf-109g-6	Bf-109G-6_default	no suspended armament
bf-109g-6	Bf-109G-6_4xSC50	no suspended armament
bf-109g-6	Bf-109G-6_SC250	no suspended armament
bf-109g-6	Bf-109G-6_flamm_250	no suspended armament
bf-109g-6	Bf-109G-6_cannons	no suspended armament
bf-109g-6	Bf-109G-6_R6	no suspended armament
bf-109g-6	Bf-109G-6_W	no suspended armament
bf-109g-6_erla_finland	Bf-109G-6_default	no suspended armament
bf-109g-6_erla_finland	Bf-109G-6_4xSC50	no suspended armament
bf-109g-6_erla_finland	Bf-109G-6_SC250	no suspended armament
bf-109g-6_erla_finland	Bf-109G-6_flamm_250	no suspended armament
bf-109g-6_erla_finland	Bf-109G-6_cannons	no suspended armament
bf-109g-6_erla_finland	Bf-109G-6_R6	no suspended armament
bf-109g-6_erla_finland	Bf-109G-6_W	no suspended armament
bf-109g-6_finland	Bf-109G-6_default	no suspended armament
bf-109g-6_finland	Bf-109G-6_4xSC50	no suspended armament
bf-109g-6_finland	Bf-109G-6_SC250	no suspended armament
bf-109g-6_finland	Bf-109G-6_flamm_250	no suspended armament
bf-109g-6_finland	Bf-109G-6_cannons	no suspended armament
bf-109g-6_finland	Bf-109G-6_R6	no suspended armament
bf-109g-6_finland	Bf-109G-6_W	no suspended armament
bf-109k-4	Bf_109K4_default	no suspended armament
bf-109k-4	bf-109k-4_1xsc500	no suspended armament
bf-109k-4	Bf_109K4_cannon	no suspended armament
bf-109z	bf-109z_default	no suspended armament
bf-109z	bf-109z_1xsc250	no suspended armament
bf-109z	bf-109z_flamm_250	no suspended armament
bf-110c-4	Bf-110C-4_default	no suspended armament
bf-110c-4	Bf-110C-4_8xSC50	2x sc50; 2x sc50 x4
bf-110c-4	Bf-110C-4_2xSC250	2x sc250
bf-110c-4	bf-110c-4_2xsc500	2x sc500
bf-110c-4	bf-110c-4_sc1000	sc1000
bf-110c-4	bf-110c-4_2x_flamm_250	2x falmm250
bf-110c-4	bf-110c-4_flamm_500	2x falmm500
bf-110c-6	bf-110c-6_default	no suspended armament
bf-110f-2	bf-110f-2_default	no suspended armament
bf-110f-2	bf-110f-2_rz65_rockets	rz65
bf-110f-2	bf-110f-2_8xSC50	2x sc50; 2x sc50 x4
bf-110f-2	bf-110f-2_2xSC250	2x sc250
bf-110f-2	bf-110f-2_2xSC500	2x sc500
bf-110f-2	Bf-110C-7_SC1000	sc1000
bf-110f-2	bf-110f-2_2xflamm250	2x falmm250
bf-110f-2	bf-110f-2_2xflamm500	2x falmm500
bf-110f-2	bf-110f-2_bk20	gun pod
bf-110g-2	bf-110f-2_default	no suspended armament
bf-110g-2	Bf-110G-2_rockets	br20 slot1; br20 slot5
bf-110g-2	bf-110f-2_8xSC50	2x sc50; sc50 slot2; sc50 slot6
bf-110g-2	bf-110f-2_2xSC250	2x sc250
bf-110g-2	bf-110f-2_2xSC500	2x sc500
bf-110g-2	bf-110g-2_pc500	2x pc500
bf-110g-2	Bf-110C-7_SC1000	sc1000
bf-110g-2	bf-110g-2_pc1000	pc1000
bf-110g-2	bf-110g-2_2x_flamm_250	2x falmm250
bf-110g-2	bf-110g-2_2x_flamm_500	2x falmm500
bf-110g-2	Bf-110G-2_BK37	bk37
bf-110g-2	Bf-110G-2_BK20	gun pod
bf-110g-2	bf-110g-2_infuse	gun pod x2
bf2c_1	bf2c_1_default	no suspended armament
bf2c_1	bf2c_1_bombs	4x us 100lb
bi	bi_default	no suspended armament
blenheim_mkiv	BlenheimMKIV_default	no suspended armament
blenheim_mkiv	blenheim_mkiv_2_500lb	no suspended armament
blenheim_mkiv	blenheim_mkiv_2_500lb_sap	no suspended armament
blenheim_mkiv	BlenheimMKIV_nobombs	no suspended armament
blenheim_mkiv	BlenheimMKIV_bombs	no suspended armament
bo_105cb2	bo_105cb2_default	2x tow x2
bo_105cb2	bo_105_tow_x8	2x tow x4
bo_105cb2	bo_105_gunpods	2x fn m3p
bo_105cb2	bo_105_gr_pods	fn m3p hvar slot3; fn m3p hvar slot4
bo_105cb2	bo_105_ltc	2x ltc
bo_105cb2	bo_105cb2_gun_pod_ltc	2x ltc; fn m3p hvar slot3; fn m3p hvar slot4
bo_105pah1	bo_105pah1_default	6x hot
bo_105pah1	bo_105pah1_gun_pod_rmp	2x fn m3p
bo_105pah1	bo_105pah1_gun_pod_hmp400	fn m3p hvar slot5; fn m3p hvar slot6
bo_105pah1	bo_105pah1_ltc	2x ltc
bo_105pah1_a1	bo_105pah1_a1_default	6x hot2
bo_105pah1_a1	bo_105pah1_gun_pod_rmp	2x fn m3p
bo_105pah1_a1	bo_105pah1_gun_pod_hmp400	fn m3p hvar slot5; fn m3p hvar slot6
bo_105pah1_a1	bo_105pah1_ltc	2x ltc
boomerang_mki	boomerang_default	no suspended armament
boomerang_mkii	boomerang_default	no suspended armament
boomerang_mkii	boomerang_250lb_bombs	no suspended armament
boston_mk_1	boston_mk_1_bombs	no suspended armament
boston_mk_1	boston_mk_1_default	no suspended armament
br_20_dr	br_20_12x50kg_t	no suspended armament
br_20_dr	br_20_12x100kg_t	no suspended armament
br_20_dr	br_20_4x250kg_gp	no suspended armament
br_20_dr	br_20_2x500kg_gp	no suspended armament
br_20_dr	br_20_2x800kg_gp	no suspended armament
br_20m_m1	br_20_default	no suspended armament
br_20m_m1	br_20_12x100kg_t	no suspended armament
br_20m_m1	br_20_4x250kg_gp	no suspended armament
br_20m_m1	br_20_2x500kg_gp	no suspended armament
br_20m_m1	br_20_2x800kg_gp	no suspended armament
br_693_ab2	br_693_ab2_default	no suspended armament
br_693_ab2	br_693_ab2_8x50kg_gammn	no suspended armament
breda_88	breda_88_default	no suspended armament
breda_88	breda_88_50kg	no suspended armament
breda_88	breda_88_100kg_t	no suspended armament
brigand_b1	brigand_b1_default	no suspended armament
brigand_b1	brigand_b1_16x60lb_rockets	8x 60lb
brigand_b1	brigand_b1_2x500lb_bombs	2x 500lb
brigand_b1	brigand_b1_4x500lb_bombs	2x 500lb; 500lb x2
brigand_b1	brigand_b1_2x1000lb_bombs	1000lb x2
btd-1	btd_1_default	no suspended armament
btd-1	btd_1_2x100lbs	2x 100lbs
btd-1	btd_1_x500lbs	500lbs
btd-1	btd_1_2x500lbs	500lbs x2
btd-1	btd_1_1x1000lbs	1000lbs
btd-1	btd_1_2x1000lbs	1000lbs x2
btd-1	btd_1_1x16000lbs	1600lbs
btd-1	btd_1_2x1600lbs	1600lbs x2
btd-1	btd_1_2x_mine_mk13_mod0	mine
btd-1	btd_1_mine_mk13_mod0	mine x2
btd-1	btd_1_mk13_torpedo	torpedo
buccaneer_s1	buccaneer_s1_default	4x 1000lbs default
buccaneer_s1	buccaneer_s1_1000lb_bombs_n117	4x 1000lbs n117; 1000lbs centr n117
buccaneer_s1	buccaneer_s1_matra7	4x matra 7
buccaneer_s1	buccaneer_s1_matra155	4x matra 155
buccaneer_s1	buccaneer_s1_rp3	4x rp3
buccaneer_s1	buccaneer_s1_agm_12	4x agm12b
buccaneer_s1	buccaneer_s1_1000lb_bombs_internal	1000lbs
buccaneer_s2	buccaneer_s2_default	4x 500lbs mer
buccaneer_s2	buccaneer_s2_500lb_bombs	4x 500lbs mer; 500lbs fuse
buccaneer_s2	buccaneer_s2_540lb_bombs	4x 540lbs mer; 540lbs fuse
buccaneer_s2	buccaneer_s2_1000lb_bombs	4x 1000lbs ter
buccaneer_s2	buccaneer_s2_1000lb_bombs_fuse_wing_x2	2x 1000lbs ter mk n1 x2 left wing; 1000lbs; 2x 1000lbs ter mk n1 x2 right wing
buccaneer_s2	buccaneer_s2_1000lb_bombs_n117	4x 1000lbs ter n117; 1000lbs centr n117
buccaneer_s2	buccaneer_s2_aim_9b	2x aim9b
buccaneer_s2	buccaneer_s2_rp3	4x rp3
buccaneer_s2	buccaneer_s2_matra7	4x matra 7
buccaneer_s2	buccaneer_s2_matra155	4x matra 155
buccaneer_s2	buccaneer_s2_agm_12	4x agm12b
buccaneer_s2	buccaneer_s2_ltc	ltc left; ltc right
buccaneer_s2b	buccaneer_s2b_default	4x 500lbs mer; ptb
buccaneer_s2b	buccaneer_s2b_aim_9g	2x aim9g
buccaneer_s2b	buccaneer_s2b_aim_9l	2x aim9l
buccaneer_s2b	buccaneer_s2b_matra7	4x matra 7
buccaneer_s2b	buccaneer_s2b_matra155	4x matra 155
buccaneer_s2b	buccaneer_s2b_ajs_168_martel	3x aj168; data link pod
buccaneer_s2b	buccaneer_s2b_sea_eagle	4x sea eagle
buccaneer_s2b	buccaneer_s2b_as37_l_band	as37 l band slot1; as37 l band slot2; as37 l band slot4; as37 l band slot5
buccaneer_s2b	buccaneer_s2b_as37_s_band	as37 s band slot1; as37 s band slot2; as37 s band slot4; as37 s band slot5
buccaneer_s2b	buccaneer_s2b_as37_c_band	as37 c band slot1; as37 c band slot2; as37 c band slot4; as37 c band slot5
buccaneer_s2b	buccaneer_s2b_500lb_bombs	4x 500lbs mer; 500lbs fuse
buccaneer_s2b	buccaneer_s2b_540lb_bombs	4x 540lbs mer; 540lbs fuse
buccaneer_s2b	buccaneer_s2b_1000lb_bombs	4x 1000lbs ter
buccaneer_s2b	buccaneer_s2b_1000lb_bombs_fuse_wing_x2	2x 1000lbs ter mk n1 x2 left wing; 1000lbs; 2x 1000lbs ter mk n1 x2 right wing
buccaneer_s2b	buccaneer_s2b_1000lb_bombs_n117	4x 1000lbs ter n117; 1000lbs centr n117
buccaneer_s2b	buccaneer_s2b_lgbu_13	fr mk13 slot1; pave spike; fr mk13 slot4; fr mk13 slot5
buccaneer_s2b	buccaneer_s2b_500lb_drag_bombs	4x 500lbs drag mer
bv-138c-1	bv-138c-1_default	no suspended armament
bv-155b-1	bv-155b-1_default	no suspended armament
bv-238	bv-238_default	no suspended armament
c_3604	c_3604_default	50kg x4 slot1; 50kg x4 slot2
c_3604	c_3604_rockets	oerlikon 8sm slot1; oerlikon 8sm slot2
c_3604	c_3604_200kg	200kg slot1; 200kg slot2
c-47	c_47_default	no suspended armament
canberra_bimk6	canberra_500lb_mc	500lb mc slot1; 500lb mc slot2; 500lb mc slot3
canberra_bimk6	canberra_1000lb_mc	1000lb mc slot1; 1000lb mc slot2; 1000lb mc slot3
canberra_bimk6	canberra_500lb_gp	500lb gp slot1; 500lb gp slot2; 500lb gp slot3
canberra_bimk6	canberra_1000lb_gp	1000lb gp slot1; 1000lb gp slot2; 1000lb gp slot3
canberra_bimk6_france_killstreak	canberra_1xmark7	no suspended armament
canberra_bimk6_germany_killstreak	canberra_1xmark7	no suspended armament
canberra_bimk6_iaf_killstreak	canberra_1xmark7	no suspended armament
canberra_bimk6_italy_killstreak	canberra_1xmark7	no suspended armament
canberra_bimk6_japan_killstreak	canberra_1xmark7	no suspended armament
canberra_bimk6_killstreak	canberra_1xmark7	no suspended armament
canberra_bimk6_sweden_killstreak	canberra_1xmark7	no suspended armament
canberra_bimk6_usa_killstreak	canberra_1xmark7	no suspended armament
canberra_bmk2	canberra_bmk2_500lbs	500lb x3 slot1; 500lb x6 slot2
canberra_bmk2	canberra_bmk2_1000lbs	1000lb x3 slot1; 1000lb x3 slot2
canberra_bmk2	canberra_bmk2_4000lbs	4000lb x1 slot1; 4000lb x1 slot2
caudron_cr714	Caudron_CR714_default	no suspended armament
cf_188a_canada	cf_188a_default	2x aim 9l default; aim 7p slot2; ptb wing left; aim 7p default slot4; ptb fuse; aim 7p default slot6; ptb wing right; aim 7p slot8
cf_188a_canada	cf_188a_movie	2x aim 9l default; 2x agm 65g; us gbu 12 x2 slot3; an aas 38b; ptb fuse; aim 7p default slot6; us gbu 12 x2 slot7
cf_188a_canada	cf_188a_aim_9l_aam	2x aim 9l default; 2x aim 9l x2; ptb wing left; aim 7p default slot4; ptb fuse; aim 7p default slot6; ptb wing right
cf_188a_canada	cf_188a_aim_7p_aam	2x aim 9l default; aim 7p slot2; aim 7p slot3; aim 7p default slot4; ptb fuse; aim 7p default slot6; aim 7p slot7; aim 7p slot8
cf_188a_canada	cf_188a_mk82	2x aim 9l default; us mk82 x2 slot2; us mk82 x2 slot3; an aas 38b; us mk82 x2 slot5; aim 7p default slot6; us mk82 x2 slot7; us mk82 x2 slot8
cf_188a_canada	cf_188a_mk83	2x aim 9l default; us mk83 x2 slot2; us mk83 x2 slot3; aim 7p default slot4; us mk83 x1 slot5; aim 7p default slot6; us mk83 x2 slot7; us mk83 x2 slot8
cf_188a_canada	cf_188a_mk84	2x aim 9l default; 4x us mk84; aim 7p default slot4; ptb fuse; aim 7p default slot6
cf_188a_canada	cf_188a_mk82_snakeye	2x aim 9l default; us mk82 x2 snakeye slot2; us mk82 x2 snakeye slot3; aim 7p default slot4; us mk82 x2 snakeye slot5; aim 7p default slot6; us mk82 x2 snakeye slot7; us mk82 x2 snakeye slot8
cf_188a_canada	cf_188a_mk83_air	2x aim 9l default; us mk83 air x2 slot2; us mk83 air x2 slot3; aim 7p default slot4; us mk83 air x1 slot5; aim 7p default slot6; us mk83 air x2 slot7; us mk83 air x2 slot8
cf_188a_canada	cf_188a_mk77_mod4	2x aim 9l default; us 500lb mk77 mod4 x2 slot2; us 500lb mk77 mod4 x2 slot3; aim 7p default slot4; us 500lb mk77 mod4 slot5; aim 7p default slot6; us 500lb mk77 mod4 x2 slot7; us 500lb mk77 mod4 x2 slot8
cf_188a_canada	cf_188a_lau_10	2x aim 9l default; 4x lau 10 x2; aim 7p default slot4; ptb fuse; aim 7p default slot6
cf_188a_canada	cf_188a_lau_5003	2x aim 9l default; 4x lau 5003 crv7 x2; aim 7p default slot4; ptb fuse; aim 7p default slot6
cf_188a_canada	cf_188a_gbu_12_aam	2x aim 9l default; us gbu 12 x2 slot2; us gbu 12 x2 slot3; an aas 38b; ptb fuse; aim 7p default slot6; us gbu 12 x2 slot7; us gbu 12 x2 slot8
cf_188a_canada	cf_188a_gbu_16_aam	2x aim 9l default; us gbu 16 slot2; us gbu 16 slot3; an aas 38b; ptb fuse; aim 7p default slot6; us gbu 16 slot7; us gbu 16 slot8
cf_188a_canada	cf_188a_gbu_10_aam	2x aim 9l default; us gbu 10 slot2; us gbu 10 slot3; an aas 38b; ptb fuse; aim 7p default slot6; us gbu 10 slot7; us gbu 10 slot8
cf_188a_canada	cf_188a_gbu_24_aam	2x aim 9l default; us gbu 24 slot2; us gbu 24 slot3; an aas 38b; ptb fuse; aim 7p default slot6; us gbu 24 slot7; us gbu 24 slot8
cf_188a_canada	cf_188a_agm_65g_aam	2x aim 9l default; 4x agm 65g; aim 7p default slot4; ptb fuse; aim 7p default slot6
cf_188a_canada	cf_188a_agm_65d_aam	2x aim 9l default; 4x agm 65d; aim 7p default slot4; ptb fuse; aim 7p default slot6
cf_188a_canada	cf_188a_aim_9l	2x aim 9l x2
cf_188a_canada	cf_188a_aim_7p	aim 7p slot2; aim 7p slot3; aim 7p slot7; aim 7p slot8
cf_188a_canada	cf_188a_gbu_12	us gbu 12 x2 slot2; us gbu 12 x2 slot3; an aas 38b; us gbu 12 x2 slot7; us gbu 12 x2 slot8
cf_188a_canada	cf_188a_gbu_16	us gbu 16 slot2; us gbu 16 slot3; an aas 38b; us gbu 16 slot7; us gbu 16 slot8
cf_188a_canada	cf_188a_gbu_10	us gbu 10 slot2; us gbu 10 slot3; an aas 38b; us gbu 10 slot7; us gbu 10 slot8
cf_188a_canada	cf_188a_gbu_24	us gbu 24 slot2; us gbu 24 slot3; an aas 38b; us gbu 24 slot7; us gbu 24 slot8
cf_188a_canada	cf_188a_agm_65g	4x agm 65g; an aas 38b
cf_188a_canada	cf_188a_agm_65d	4x agm 65d; an aas 38b
corsair_fmk2	f4u-1a_default	no suspended armament
corsair_fmk2	corsair_fmk2_500lb	no suspended armament
corsair_fmk2	corsair_fmk2_500lb_x2	no suspended armament
corsair_fmk2	corsair_fmk2_1000lb	no suspended armament
corsair_fmk2	corsair_fmk2_1000lb_x2	no suspended armament
cr_32	cr_32_default	no suspended armament
cr_32_bis	cr_32_bis_default	no suspended armament
cr_32_quater	cr_32_quater_default	no suspended armament
cw_21	cw_21_default	no suspended armament
d_371	d371_default	no suspended armament
d_371_hs9	d371_default	no suspended armament
d_373	d373_default	no suspended armament
d_500	d_500_default	no suspended armament
d_501	d_500_default	no suspended armament
d_510	d_500_default	no suspended armament
d_510c	d_500_default	no suspended armament
d_520	d520_default	no suspended armament
d_520_france	d520_default	no suspended armament
d_521	d520_default	no suspended armament
d3a1	d3a1_default	no suspended armament
d3a1	d3a1_mod25mark2	no suspended armament
d4y1	d4y_default	no suspended armament
d4y1	d4y_250kg_bomb	no suspended armament
d4y1	d4y_500kg_number50	no suspended armament
d4y1	d4y_500kg_bomb	no suspended armament
d4y2	d4y_default	no suspended armament
d4y2	d4y2_rockets	2x type3
d4y2	d4y2_2x60kg	2x 60kg
d4y2	d4y2_250kg	250kg
d4y2	d4y2_500kg_he	500kg
d4y2	d4y2_500kg	500kg ap
d4y3	d4y_default	no suspended armament
d4y3	d4y3_2x60kg	2x 60kg
d4y3	d4y3_3x250kg	2x 250kg; 250kg slot2
d4y3	d4y3_500kg_he	500kg
d4y3	d4y3_500kg	500kg ap
db_3a_china	db_3_default	fab50 slot1; fab50; fab50 slot6
db_3a_china	db_3a_10x_fab100	fab100 slot1; fab100; fab100 slot6
db_3a_china	db_3a_3x_fab250	2x fab250 external; fab250
db_3a_china	db_3a_3x_fab500	2x fab500 external; fab500
db_3a_china	db_3a_1xfab1000	fab1000
db_3b	db_3b_default	fab50 slot1; fab50; fab50 slot6
db_3b	db_3b_10x_fab100	fab100 slot1; fab100; fab100 slot6
db_3b	db_3b_2x_fab250	2x fab250 external
db_3b	db_3b_2x_fab500	2x fab500 external
db_3b	db_3b_1x_fab1000	fab1000
db_3b	db_3b_3x_brab220	2x brab220 external; brab220
db_3b	db_3b_3x_brab500	2x brab500 external; brab500
db_3b	db_3b_1x_brab1000	brab1000
db_3b	db_3b_45_36an_1939_torpedo	torpedo
db_7	DB-7_bombs	no suspended armament
db_7	DB-7_default	no suspended armament
db_lk	db_lk_default	fab50 slot1; fab50 slot2; fab50 slot3; fab50 slot4
db_lk	db_lk_fab50_fab100	fab50 slot1; fab100 slot2; fab100 slot3; fab50 slot4
db_lk	db_lk_fab100	fab100 slot1; fab100 x2 slot2; fab100 x2 slot3; fab100 slot4
db_lk	db_lk_fab250	fab250 slot1; fab250 slot2; fab250 slot3; fab250 slot4
db_lk	db_lk_brab220	brab220 slot1; brab220 slot2; brab220 slot3; brab220 slot4
db_lk	db_lk_fab500	fab100 x5 slot1; fab500 slot2; fab500 slot3; fab100 x5 slot4
db_lk	db_lk_brab500	fab100 x5 slot1; brab500 slot2; brab500 slot3; fab100 x5 slot4
db_lk	db_lk_fab1000	fab1000 slot2; fab1000 slot3
db_lk	db_lk_brab1000	brab1000 slot2; brab1000 slot3
dh_110_sea_vixen	dh110_sea_vixen_default	4x firestreak
dh_110_sea_vixen	dh110_sea_vixen_redtop	4x redtop
dh_110_sea_vixen	dh110_sea_vixen_500lbs_bombs	4x uk 500lb
dh_110_sea_vixen	dh110_sea_vixen_540lbs_bombs	4x uk 540lb
dh_110_sea_vixen	dh110_sea_vixen_1000lbs_bombs	2x uk 1000lb
dh_110_sea_vixen	dh110_sea_vixen_rp3	4x he rp3
dh_110_sea_vixen	dh110_sea_vixen_rp3_25lb_ap	4x ap rp3
dh_110_sea_vixen	dh110_sea_vixen_matra7	4x matra 7
dh_110_sea_vixen	dh110_sea_vixen_agm12_bullpup	2x agm 12b
dh_110_sea_vixen	dh110_sea_vixen_1000lbs_500lbs_bombs	2x uk 1000lb; 4x uk 540lb
dh_110_sea_vixen	dh110_sea_vixen_agm12_bullpup_firestreak	2x agm 12b; 4x firestreak
dh_110_sea_vixen	dh110_sea_vixen_agm12_bullpup_matra7	2x agm 12b; 4x matra 7
dh_110_sea_vixen	dh110_sea_vixen_redtop_matra7	2x redtop; 2x matra 7
dh_110_sea_vixen	dh110_sea_vixen_500lbs_agm12_bullpup_redtop	2x agm 12b; 2x redtop; 2x uk 500lb
do_17e_1	do_17e_1_10_SC50	no suspended armament
do_17e_1	do_17e_1_2xSC250	no suspended armament
do_17e_1	do_17e_1_2x_flamm_250	no suspended armament
do_17e_1	do_17e_1_SC50_SC250	no suspended armament
do_17z_2	do_17z_2_10_SC50	no suspended armament
do_17z_2	do_17z_2_2xSC250	no suspended armament
do_17z_2	do_17z_2_2x_flamm_250	no suspended armament
do_17z_2	do_17z_2_10_SC50_1xSC250	no suspended armament
do_17z_7	do_17z_7_default	no suspended armament
do_17z_7	do_17z_7_SC50	no suspended armament
do_17z_7	do_17z_7_SC250	no suspended armament
do_17z_7	do_17z_7_flamm_250	no suspended armament
do_217e_2	do_217_e2_e4_default	sc250 x4 default
do_217e_2	do_217_e2_e4_sc50	sc50 x28
do_217e_2	do_217_e2_e4_sc250	sc250 x8
do_217e_2	do_217_e2_e4_sc500	sc500 x4
do_217e_2	do_217_e2_e4_2x_sc1000	sc1000 x2
do_217e_2	do_217_e2_e4_sc1000	2x sc1000; sc1000 x2
do_217e_2	do_217_e2_e4_fl250	flamm250 x8
do_217e_2	do_217_e2_e4_flamm500	flamm500 x4
do_217e_2	do_217_e2_e4_pc500	pc500 x4
do_217e_2	do_217_e2_e4_pc1000	2x pc1000; pc1000 x2
do_217e_2	do_217_e2_e4_torpedo	2x torpedo
do_217e_4	do_217_e2_e4_default	sc250 x4 default
do_217e_4	do_217_e2_e4_sc50	sc50 x28
do_217e_4	do_217_e2_e4_sc250	sc250 x8
do_217e_4	do_217_e2_e4_sc500	sc500 x4
do_217e_4	do_217_e2_e4_2x_sc1000	sc1000 x2
do_217e_4	do_217_e2_e4_sc1000	2x sc1000; sc1000 x2
do_217e_4	do_217_e2_e4_fl250	flamm250 x8
do_217e_4	do_217_e2_e4_flamm500	flamm500 x4
do_217e_4	do_217_e2_e4_pc500	pc500 x4
do_217e_4	do_217_e2_e4_pc1000	2x pc1000; pc1000 x2
do_217e_4	do_217_e2_e4_torpedo	2x torpedo
do_217j_1	do_217j_1_default	no suspended armament
do_217j_1	do_217j_1_8x50	no suspended armament
do_217j_2	do_217j_2_default	no suspended armament
do_217k_1	do_217_k1_m1_default	sc250 x4 default
do_217k_1	do_217_k1_m1_sc50	sc50 x28
do_217k_1	do_217_k1_m1_sc250	sc250 x8
do_217k_1	do_217_k1_m1_sc500	sc500 x4
do_217k_1	do_217_k1_m1_sc1000_x2	sc1000 x2
do_217k_1	do_217_k1_m1_sc1000	2x sc1000; sc1000 x2
do_217k_1	do_217_k1_m1_sc1800	sc1800 x2
do_217k_1	do_217_k1_m1_fl250	flamm250 x8
do_217k_1	do_217_k1_m1_flamm500	flamm500 x4
do_217k_1	do_217_k1_m1_torpedo	2x torpedo
do_217m_1	do_217_k1_m1_default	sc250 x4 default
do_217m_1	do_217_k1_m1_sc50	sc50 x28
do_217m_1	do_217_k1_m1_sc250	sc250 x8
do_217m_1	do_217_k1_m1_sc500	sc500 x4
do_217m_1	do_217_k1_m1_sc1000_x2	sc1000 x2
do_217m_1	do_217_k1_m1_sc1000	2x sc1000; sc1000 x2
do_217m_1	do_217_k1_m1_sc1800	sc1800 x2
do_217m_1	do_217_k1_m1_fl250	flamm250 x8
do_217m_1	do_217_k1_m1_flamm500	flamm500 x4
do_217m_1	do_217_k1_m1_torpedo	2x torpedo
do_217n_1	do_217n_1_default	no suspended armament
do_217n_1	do_217n_1_8xsc50	no suspended armament
do_217n_2	do_217n_2_default	no suspended armament
do_335a_0	do_335a_0_mg15115	no suspended armament
do_335a_0	do_335a_0_default	no suspended armament
do_335a_1	do_335a_1_default	no suspended armament
do_335a_1	do_335a_250_bomb	no suspended armament
do_335a_1	do_335a_500_bomb	no suspended armament
do_335a_1	do_335a_1_bomb	no suspended armament
do_335b_2	do_335b_2_default	no suspended armament
do_335b_2	do_335b_250_bomb	no suspended armament
do_335b_2	do_335b_500_bomb	no suspended armament
do_335b_2	do_335b_2_bomb	no suspended armament
douglas_a_1h	douglas_a_1h_default	no suspended armament
douglas_a_1h	douglas_a_1h_hvars	12x hvar
douglas_a_1h	douglas_a_1h_aero_6a	14x aero 6
douglas_a_1h	douglas_a_1h_aero_7d	12x aero 7
douglas_a_1h	douglas_a_1h_lau_10a	10x lau 10a
douglas_a_1h	douglas_a_1h_30x250lb	12x us 250lb; 3x mer mk81 x6
douglas_a_1h	douglas_a_1h_30x250lb_snakeye	12x us 250lb snakeye; 3x mer mk81 x6 snakeye
douglas_a_1h	douglas_a_1h_11x500lb_anm64	11x us 500lb anm64a1
douglas_a_1h	douglas_a_1h_18x500lb	3x mer mk82 x6
douglas_a_1h	douglas_a_1h_18x500lb_snakeye	3x mer mk82 x6 snakeye
douglas_a_1h	douglas_a_1h_3x750lb	3x us 750lb
douglas_a_1h	douglas_a_1h_3x1000lb	3x us 1000lb
douglas_a_1h	douglas_a_1h_3x2000lb	2x us 2000lb; us 2000lb fuse
douglas_a_1h	douglas_a_1h_11xmk77	11x us mk 77
douglas_a_1h	douglas_a_1h_2xblu1	2x us blu 1
douglas_a_1h	douglas_a_1h_suu_11	8x suu 11a gunpod
douglas_ad_2	douglas_ad_2_default	no suspended armament
douglas_ad_2	douglas_ad_2_hvars	12x hvar
douglas_ad_2	douglas_ad_2_rockets	2x tyni tim
douglas_ad_2	douglas_ad_2_250lb	us 250 anm57a1 slot7; us 250 anm57a1 slot9
douglas_ad_2	douglas_ad_2_3x500lb	2x us 500lb anm64a1; us 500lb anm64a1 center
douglas_ad_2	douglas_ad_2_3x1000lb	2x us 1000lb; us 1000lb center
douglas_ad_2	douglas_ad_2_bomb_3xmine_mk13_mod0	2x us mine mk13 mod0; us mine mk13 mod0 center
douglas_ad_2	douglas_ad_2_3x2000lb	us 2000lb slot7; us 2000lb; us 2000lb slot9
douglas_ad_2	douglas_ad_2_torpedo	mk13 torpedo slot7; mk13 torpedo; mk13 torpedo slot9
douglas_ad_2	douglas_ad_2_2x_mk78_mod2	2x mk78
douglas_ad_2	douglas_ad_2_3x1000lb_ap	2x us 1000lb ap; us 1000lb ap center
douglas_ad_2	douglas_ad_2_3x1600lb_ap	2x us 1600lb ap; us 1600lb ap center
douglas_ad_4	douglas_ad_4_default	no suspended armament
douglas_ad_4	douglas_ad_4_hvars	12x hvar
douglas_ad_4	douglas_ad_4_rockets_ffar	8x aero 6
douglas_ad_4	douglas_ad_4_tyni_tim	tyni tim slot7; tyni tim slot9
douglas_ad_4	douglas_ad_4_3x250lb	12x us 250 anm57a1; us 250 anm57a1 slot7; us 250 anm57a1 slot8; us 250 anm57a1 slot9
douglas_ad_4	douglas_ad_4_3x500lb	12x us 500lb anm64a1; us 500lb anm64a1 slot7; us 500lb anm64a1s slot8; us 500lb anm64a1 slot9
douglas_ad_4	douglas_ad_4_3x1000lb	us 1000lb slot7; us 1000lb; us 1000lb slot9
douglas_ad_4	douglas_ad_4_bomb_3xmine_mk13_mod0	us mine mk13 mod0 slot7; us mine mk13 mod0; us mine mk13 mod0 slot9
douglas_ad_4	douglas_ad_4_3x2000lb	us 2000lb slot7; us 2000lb; us 2000lb slot9
douglas_ad_4	douglas_ad_4_torpedo	mk13 torpedo slot7; mk13 torpedo; mk13 torpedo slot9
douglas_ad_4	douglas_ad_4_2x_mk78_mod2	2x mk78
douglas_ad_4	douglas_ad_4_3x1000lb_ap	2x us 1000lb ap; us 1000lb ap center
douglas_ad_4	douglas_ad_4_3x1600lb_ap	2x us 1600lb ap; us 1600lb ap center
douglas_ad_4_france	douglas_ad_4_france_default	no suspended armament
douglas_ad_4_france	douglas_ad_4_france_hvars	12x hvar
douglas_ad_4_france	douglas_ad_4_france_tyni_tim	tyni tim slot7; tyni tim slot9
douglas_ad_4_france	douglas_ad_4_france_t_10_140	12x matra t 10 140
douglas_ad_4_france	douglas_ad_4_france_t_10_151	12x matra t 10 151
douglas_ad_4_france	douglas_ad_4_3x250lb	12x us 250 anm57a1; us 250 anm57a1 slot7; us 250 anm57a1 slot8; us 250 anm57a1 slot9
douglas_ad_4_france	douglas_ad_4_france_3x500lb	12x us 500lb anm64a1; us 500lb anm64a1 slot7; us 500lb anm64a1 slot8; us 500lb anm64a1 slot9
douglas_ad_4_france	douglas_ad_4_france_3x1000lb	us 1000lb slot7; us 1000lb; us 1000lb slot9
douglas_ad_4_france	douglas_ad_4_france_3x2000lb	us 2000lb slot7; us 2000lb; us 2000lb slot9
douglas_ad_4_france	douglas_ad_4_france_torpedo	mk13 torpedo slot7; mk13 torpedo; mk13 torpedo slot9
douglas_ad_4_france	douglas_ad_4_france_2x_mk78_mod2	2x mk78
douglas_ad_4_france	douglas_ad_4_3x1000lb_ap	2x us 1000lb ap; us 1000lb ap center
douglas_ad_4_france	douglas_ad_4_3x1600lb_ap	2x us 1600lb ap; us 1600lb ap center
douglas_ad_4na_france	douglas_ad_4na_default	no suspended armament
douglas_ad_4na_france	douglas_ad_4na_hvars	12x hvar
douglas_ad_4na_france	douglas_ad_4na_tyni_tim	tyni tim slot7; tyni tim slot9
douglas_ad_4na_france	douglas_ad_4na_t_10_140	12x matra t 10 140
douglas_ad_4na_france	douglas_ad_4na_t_10_151	12x matra t 10 151
douglas_ad_4na_france	douglas_ad_4_3x250lb	12x us 250 anm57a1; us 250 anm57a1 slot7; us 250 anm57a1 slot8; us 250 anm57a1 slot9
douglas_ad_4na_france	douglas_ad_4na_3x500lb	12x us 500lb anm64a1; us 500lb anm64a1 slot7; us 500lb anm64a1 slot8; us 500lb anm64a1 slot9
douglas_ad_4na_france	douglas_ad_4na_3x1000lb	us 1000lb slot7; us 1000lb; us 1000lb slot9
douglas_ad_4na_france	douglas_ad_4_3x1000lb_ap	2x us 1000lb ap; us 1000lb ap center
douglas_ad_4na_france	douglas_ad_4_3x1600lb_ap	2x us 1600lb ap; us 1600lb ap center
douglas_ad_4na_france	douglas_ad_4na_3x2000lb	us 2000lb slot7; us 2000lb; us 2000lb slot9
douglas_ad_4na_france	douglas_ad_4na_torpedo	mk13 torpedo slot7; mk13 torpedo; mk13 torpedo slot9
douglas_ad_4na_france	douglas_ad_4na_1x2000lb_2x_tiny_tim_12xhvar	12x hvar; tyni tim slot7; us 2000lb; tyni tim slot9
douglas_ad_4na_france	douglas_ad_4na_3x1000lb_24x_t_10_140	12x matra t 10 140; us 1000lb slot7; us 1000lb; us 1000lb slot9
douglas_ad_4na_france	douglas_ad_4na_3x500lb_24x_t_10_151	12x matra t 10 151; us 500lb anm64a1 slot7; us 500lb anm64a1 slot8; us 500lb anm64a1 slot9
douglas_ad_4na_france	douglas_ad_4na_2x_mk78_mod2	2x mk78
dummy_plane	dummy_plane_default	no suspended armament
e7k2	e7k2_default	no suspended armament
e8n2	e8n2_default	no suspended armament
ef_2000_aesa	ef_2000_aesa_default	aim 9m default slot1; ptb 1; aim 120 default slot6; ptb 2; aim 120 default slot8; ptb 3; aim 9m default slot13
ef_2000_aesa	ef_2000_aesa_aim_9m	aim 9m default slot1; aim 9m slot2; aim 9m slot12; aim 9m default slot13
ef_2000_aesa	ef_2000_aesa_aim_9m_x2	aim 9m default slot1; aim 9m slot2 x2; aim 9m slot12 x2; aim 9m default slot13
ef_2000_aesa	ef_2000_aesa_aim_120	aim 120 slot2 x2; aim 120 slot5; aim 120 default slot6; aim 120 default slot8; aim 120 slot9; aim 120 slot12 x2
ef_2000_aesa	ef_2000_aesa_aim_120c	aim 120c slot2 x2; aim 120c slot5; aim 120c default slot6; aim 120c default slot8; aim 120c slot9; aim 120c slot12 x2
ef_2000_aesa	ef_2000_aesa_mk83	mk83 slot2; mk83 slot3; mk83 slot4; mk83 slot10; mk83 slot11; mk83 slot12
ef_2000_aesa	ef_2000_aesa_mk84	mk84 slot3; mk84 slot11
ef_2000_aesa	ef_2000_aesa_spice_200	il spice 250 slot4; il spice 250 slot10
ef_2000_aesa	ef_2000_aesa_paveway_iv	paveway iv slot2; paveway iv slot3 x2; paveway iv slot4 x2; litening; paveway iv slot10 x2; paveway iv slot11 x2; paveway iv slot12
ef_2000_aesa	ef_2000_aesa_gbu_48	gbu 48 slot2; gbu 48 slot3; gbu 48 slot4; litening; gbu 48 slot10; gbu 48 slot11; gbu 48 slot12
ef_2000_aesa	ef_2000_aesa_gbu_54b	500lbs gbu 54b slot2; 500lbs gbu 54b slot3; 500lbs gbu 54b slot4; litening; 500lbs gbu 54b slot10; 500lbs gbu 54b slot11; 500lbs gbu 54b slot12
ef_2000_aesa	ef_2000_aesa_gbu_62	500lbs gbu 62 slot2; 500lbs gbu 62 slot3; 500lbs gbu 62 slot4; litening; 500lbs gbu 62 slot10; 500lbs gbu 62 slot11; 500lbs gbu 62 slot12
ef_2000_aesa	ef_2000_aesa_hosbo	hosbo slot2; hosbo slot3; hosbo slot4; hosbo slot10; hosbo slot11; hosbo slot12
ef_2000_aesa	ef_2000_aesa_brimstone_dm	brimstone dm slot2; brimstone dm slot3; brimstone dm slot4; litening; brimstone dm slot10; brimstone dm slot11; brimstone dm slot12
ef_2000_aesa	ef_2000_aesa_agm_88c	agm 88 slot2; agm 88 slot12
ef_2000_block_10	ef_2000_block_10_default	aim 9m default slot1; ptb 1; aim 120 default slot6; ptb 2; aim 120 default slot8; ptb 3; aim 9m default slot13
ef_2000_block_10	ef_2000_block_10_aim_9m	aim 9m default slot1; aim 9m slot2; aim 9m slot12; aim 9m default slot13
ef_2000_block_10	ef_2000_block_10_aim_9m_x2	aim 9m default slot1; aim 9m slot2 x2; aim 9m slot12 x2; aim 9m default slot13
ef_2000_block_10	ef_2000_block_10_aim_120	aim 120 slot2 x2; aim 120 slot5; aim 120 default slot6; aim 120 default slot8; aim 120 slot9; aim 120 slot12 x2
ef_2000_block_10	ef_2000_block_10_aim_120c	aim 120c slot2 x2; aim 120c slot5; aim 120c default slot6; aim 120c default slot8; aim 120c slot9; aim 120c slot12 x2
ef_2000_block_10	ef_2000_block_10_mk83	mk83 slot2; mk83 slot3; mk83 slot4; mk83 slot10; mk83 slot11; mk83 slot12
ef_2000_block_10	ef_2000_block_10_mk84	mk84 slot3; mk84 slot11
ef_2000_block_10	ef_2000_block_10_paveway_iv	paveway iv slot2; paveway iv slot3 x2; paveway iv slot4 x2; litening; paveway iv slot10 x2; paveway iv slot11 x2; paveway iv slot12
ef_2000_block_10	ef_2000_block_10_gbu_48	gbu 48 slot2; gbu 48 slot3; gbu 48 slot4; litening; gbu 48 slot10; gbu 48 slot11; gbu 48 slot12
ef_2000_block_10	ef_2000_block_10_gbu_54b	500lbs gbu 54b slot2; 500lbs gbu 54b slot3; 500lbs gbu 54b slot4; litening; 500lbs gbu 54b slot10; 500lbs gbu 54b slot11; 500lbs gbu 54b slot12
ef_2000_block_10	ef_2000_block_10_gbu_62	500lbs gbu 62 slot2; 500lbs gbu 62 slot3; 500lbs gbu 62 slot4; litening; 500lbs gbu 62 slot10; 500lbs gbu 62 slot11; 500lbs gbu 62 slot12
ef_2000_block_10	ef_2000_block_10_hosbo	hosbo slot2; hosbo slot3; hosbo slot4; hosbo slot10; hosbo slot11; hosbo slot12
ef_2000_block_10	ef_2000_block_10_brimstone_dm	brimstone dm slot2; brimstone dm slot3; brimstone dm slot4; litening; brimstone dm slot10; brimstone dm slot11; brimstone dm slot12
ef_2000_block_10	ef_2000_block_10_agm_88c	agm 88 slot2; agm 88 slot12
ef_2000_fgr4	typhoon_fgr4_default	aim 9m default slot1; ptb 1; aim 120 default slot6; ptb 2; aim 120 default slot8; ptb 3; aim 9m default slot13
ef_2000_fgr4	typhoon_fgr4_aim_9m	aim 9m default slot1; aim 9m slot2 x2; aim 9m slot12 x2; aim 9m default slot13
ef_2000_fgr4	typhoon_fgr4_aim_120	aim 120 slot2 x2; aim 120 slot5; aim 120 default slot6; aim 120 default slot8; aim 120 slot9; aim 120 slot12 x2
ef_2000_fgr4	typhoon_fgr4_aim_120c	aim 120c slot2 x2; aim 120c slot5; aim 120c default slot6; aim 120c default slot8; aim 120c slot9; aim 120c slot12 x2
ef_2000_fgr4	typhoon_fgr4_1000lb_mk13	1000lbs slot2; 1000lbs slot3; 1000lbs slot4; 1000lbs slot10; 1000lbs slot11; 1000lbs slot12
ef_2000_fgr4	typhoon_fgr4_1000lb_n117	1000lbs n117 slot2; 1000lbs n117 slot3; 1000lbs n117 slot4; 1000lbs n117 slot10; 1000lbs n117 slot11; 1000lbs n117 slot12
ef_2000_fgr4	typhoon_fgr4_mk84	mk84 slot3; mk84 slot11
ef_2000_fgr4	typhoon_fgr4_paveway_iv	paveway iv slot2; paveway iv slot3 x2; paveway iv slot4 x2; litening; paveway iv slot10 x2; paveway iv slot11 x2; paveway iv slot12
ef_2000_fgr4	typhoon_fgr4_mk18	mk18 slot2; mk18 slot3; mk18 slot4; litening; mk18 slot10; mk18 slot11; mk18 slot12
ef_2000_fgr4	typhoon_fgr4_epv2_mk13	epv2 mk13 slot2; epv2 mk13 slot3; epv2 mk13 slot4; litening; epv2 mk13 slot10; epv2 mk13 slot11; epv2 mk13 slot12
ef_2000_fgr4	typhoon_fgr4_gbu_54b	500lbs gbu 54b slot2; 500lbs gbu 54b slot3; 500lbs gbu 54b slot4; litening; 500lbs gbu 54b slot10; 500lbs gbu 54b slot11; 500lbs gbu 54b slot12
ef_2000_fgr4	typhoon_fgr4_gbu_62	500lbs gbu 62 slot2; 500lbs gbu 62 slot3; 500lbs gbu 62 slot4; litening; 500lbs gbu 62 slot10; 500lbs gbu 62 slot11; 500lbs gbu 62 slot12
ef_2000_fgr4	typhoon_fgr4_brimstone_dm	brimstone dm slot2; brimstone dm slot3; brimstone dm slot4; litening; brimstone dm slot10; brimstone dm slot11; brimstone dm slot12
ef_2000_fgr4	typhoon_fgr4_agm_88c	agm 88 slot2; agm 88 slot12
ef_2000_typhoon_aesa	ef_2000_aesa_default	aim 9m default slot1; ptb 1; aim 120 default slot6; ptb 2; aim 120 default slot8; ptb 3; aim 9m default slot13
ef_2000_typhoon_aesa	ef_2000_aesa_aim_9m	aim 9m default slot1; aim 9m slot2; aim 9m slot12; aim 9m default slot13
ef_2000_typhoon_aesa	ef_2000_aesa_aim_9m_x2	aim 9m default slot1; aim 9m slot2 x2; aim 9m slot12 x2; aim 9m default slot13
ef_2000_typhoon_aesa	ef_2000_aesa_aim_120	aim 120 slot2 x2; aim 120 slot5; aim 120 default slot6; aim 120 default slot8; aim 120 slot9; aim 120 slot12 x2
ef_2000_typhoon_aesa	ef_2000_aesa_aim_120c	aim 120c slot2 x2; aim 120c slot5; aim 120c default slot6; aim 120c default slot8; aim 120c slot9; aim 120c slot12 x2
ef_2000_typhoon_aesa	ef_2000_aesa_typhoon_1000lb_mk13	1000lbs slot2; 1000lbs slot3; 1000lbs slot4; 1000lbs slot10; 1000lbs slot11; 1000lbs slot12
ef_2000_typhoon_aesa	ef_2000_aesa_typhoon_1000lb_n117	1000lbs n117 slot2; 1000lbs n117 slot3; 1000lbs n117 slot4; 1000lbs n117 slot10; 1000lbs n117 slot11; 1000lbs n117 slot12
ef_2000_typhoon_aesa	ef_2000_aesa_mk84	mk84 slot3; mk84 slot11
ef_2000_typhoon_aesa	ef_2000_aesa_spice_200	il spice 250 slot4; il spice 250 slot10
ef_2000_typhoon_aesa	ef_2000_aesa_paveway_iv	paveway iv slot2; paveway iv slot3 x2; paveway iv slot4 x2; litening; paveway iv slot10 x2; paveway iv slot11 x2; paveway iv slot12
ef_2000_typhoon_aesa	ef_2000_aesa_typhoon_mk18	mk18 slot2; mk18 slot3; mk18 slot4; litening; mk18 slot10; mk18 slot11; mk18 slot12
ef_2000_typhoon_aesa	ef_2000_aesa_typhoon_epv2_mk13	epv2 mk13 slot2; epv2 mk13 slot3; epv2 mk13 slot4; litening; epv2 mk13 slot10; epv2 mk13 slot11; epv2 mk13 slot12
ef_2000_typhoon_aesa	ef_2000_aesa_gbu_54b	500lbs gbu 54b slot2; 500lbs gbu 54b slot3; 500lbs gbu 54b slot4; litening; 500lbs gbu 54b slot10; 500lbs gbu 54b slot11; 500lbs gbu 54b slot12
ef_2000_typhoon_aesa	ef_2000_aesa_gbu_62	500lbs gbu 62 slot2; 500lbs gbu 62 slot3; 500lbs gbu 62 slot4; litening; 500lbs gbu 62 slot10; 500lbs gbu 62 slot11; 500lbs gbu 62 slot12
ef_2000_typhoon_aesa	ef_2000_aesa_brimstone_dm	brimstone dm slot2; brimstone dm slot3; brimstone dm slot4; litening; brimstone dm slot10; brimstone dm slot11; brimstone dm slot12
ef_2000_typhoon_aesa	ef_2000_block_10_agm_88c	agm 88 slot2; agm 88 slot12
ef_2000a	f_2000a_default	aim 9m default slot1; ptb 1; aim 120 default slot6; ptb 2; aim 120 default slot8; ptb 3; aim 9m default slot13
ef_2000a	f_2000a_aim_9m	aim 9m default slot1; aim 9m slot2 x2; aim 9m slot12 x2; aim 9m default slot13
ef_2000a	f_2000a_aim_120	aim 120 slot2 x2; aim 120 slot5; aim 120 default slot6; aim 120 default slot8; aim 120 slot9; aim 120 slot12 x2
ef_2000a	f_2000a_aim_120c	aim 120c slot2 x2; aim 120c slot5; aim 120c default slot6; aim 120c default slot8; aim 120c slot9; aim 120c slot12 x2
ef_2000a	f_2000a_mk83	mk83 slot2; mk83 slot3; mk83 slot4; mk83 slot10; mk83 slot11; mk83 slot12
ef_2000a	f_2000a_mk84	mk84 slot3; mk84 slot11
ef_2000a	f_2000a_paveway_iv	paveway iv slot2; paveway iv slot3 x2; paveway iv slot4 x2; litening; paveway iv slot10 x2; paveway iv slot11 x2; paveway iv slot12
ef_2000a	f_2000a_gbu_48	gbu 48 slot2; gbu 48 slot3; gbu 48 slot4; litening; gbu 48 slot10; gbu 48 slot11; gbu 48 slot12
ef_2000a	f_2000a_gbu_54b	500lbs gbu 54b slot2; 500lbs gbu 54b slot3; 500lbs gbu 54b slot4; litening; 500lbs gbu 54b slot10; 500lbs gbu 54b slot11; 500lbs gbu 54b slot12
ef_2000a	f_2000a_gbu_62	500lbs gbu 62 slot2; 500lbs gbu 62 slot3; 500lbs gbu 62 slot4; litening; 500lbs gbu 62 slot10; 500lbs gbu 62 slot11; 500lbs gbu 62 slot12
ef_2000a	f_2000a_brimstone_dm	brimstone dm slot2; brimstone dm slot3; brimstone dm slot4; litening; brimstone dm slot10; brimstone dm slot11; brimstone dm slot12
ef_2000a	f_2000a_agm_88c	agm 88 slot2; agm 88 slot12
ef_2000a_aesa	ef_2000_aesa_default	aim 9m default slot1; ptb 1; aim 120 default slot6; ptb 2; aim 120 default slot8; ptb 3; aim 9m default slot13
ef_2000a_aesa	ef_2000_aesa_aim_9m	aim 9m default slot1; aim 9m slot2; aim 9m slot12; aim 9m default slot13
ef_2000a_aesa	ef_2000_aesa_aim_9m_x2	aim 9m default slot1; aim 9m slot2 x2; aim 9m slot12 x2; aim 9m default slot13
ef_2000a_aesa	ef_2000_aesa_aim_120	aim 120 slot2 x2; aim 120 slot5; aim 120 default slot6; aim 120 default slot8; aim 120 slot9; aim 120 slot12 x2
ef_2000a_aesa	ef_2000_aesa_aim_120c	aim 120c slot2 x2; aim 120c slot5; aim 120c default slot6; aim 120c default slot8; aim 120c slot9; aim 120c slot12 x2
ef_2000a_aesa	ef_2000_aesa_mk83	mk83 slot2; mk83 slot3; mk83 slot4; mk83 slot10; mk83 slot11; mk83 slot12
ef_2000a_aesa	ef_2000_aesa_mk84	mk84 slot3; mk84 slot11
ef_2000a_aesa	ef_2000_aesa_spice_200	il spice 250 slot4; il spice 250 slot10
ef_2000a_aesa	ef_2000_aesa_paveway_iv	paveway iv slot2; paveway iv slot3 x2; paveway iv slot4 x2; litening; paveway iv slot10 x2; paveway iv slot11 x2; paveway iv slot12
ef_2000a_aesa	ef_2000_aesa_gbu_48	gbu 48 slot2; gbu 48 slot3; gbu 48 slot4; litening; gbu 48 slot10; gbu 48 slot11; gbu 48 slot12
ef_2000a_aesa	ef_2000_aesa_gbu_54b	500lbs gbu 54b slot2; 500lbs gbu 54b slot3; 500lbs gbu 54b slot4; litening; 500lbs gbu 54b slot10; 500lbs gbu 54b slot11; 500lbs gbu 54b slot12
ef_2000a_aesa	ef_2000_aesa_gbu_62	500lbs gbu 62 slot2; 500lbs gbu 62 slot3; 500lbs gbu 62 slot4; litening; 500lbs gbu 62 slot10; 500lbs gbu 62 slot11; 500lbs gbu 62 slot12
ef_2000a_aesa	ef_2000_aesa_brimstone_dm	brimstone dm slot2; brimstone dm slot3; brimstone dm slot4; litening; brimstone dm slot10; brimstone dm slot11; brimstone dm slot12
ef_2000a_aesa	ef_2000_aesa_agm_88c	agm 88 slot2; agm 88 slot12
er-2_ach30b_early	er-2_ach30b_20xfab100	fab100
er-2_ach30b_early	er-2_ach30b_8xfab250	fab250 slot2
er-2_ach30b_early	er-2_ach30b_8xbrab250	brab250 slot2
er-2_ach30b_early	er-2_ach30b_4xfab500	fab500 slot2
er-2_ach30b_early	er-2_ach30b_4xbrab500	brab500 slot2
er-2_ach30b_early	er-2_ach30b_3xfab1000	3x fab1000
er-2_ach30b_early	er-2_ach30b_3xbrab1000	3x brab1000
er-2_ach30b_late	er-2_ach30b_20xfab100	fab100
er-2_ach30b_late	er-2_ach30b_8xfab250	fab250 slot2
er-2_ach30b_late	er-2_ach30b_8xbrab250	brab250 slot2
er-2_ach30b_late	er-2_ach30b_4xfab500	fab500 slot2
er-2_ach30b_late	er-2_ach30b_4xbrab500	brab500 slot2
er-2_ach30b_late	er-2_ach30b_3xfab1000	3x fab1000
er-2_ach30b_late	er-2_ach30b_3xbrab1000	3x brab1000
er-2_m105_mv3	er_2_m105_tat_12xfab50	fab50 slot2
er-2_m105_mv3	er_2_ach30b_late_14xfab100	2x fab100; fab100 slot2
er-2_m105_mv3	er_2_ach30b_late_6xfab250	2x fab250; fab250 slot2
er-2_m105_mv3	er_2_ach30b_late_6xfab500	2x fab500; fab500 slot2
er-2_m105_mv3	er_2_ach30b_late_2xfab1000	2x fab1000
er-2_m105_mv3	er-2_m105_2xbrab250	brab250 slot1; brab250 slot2; brab250 slot3
er-2_m105_mv3	er-2_m105_2xbrab500	brab500 slot1; brab500 slot3
er-2_m105_mv3	er-2_m105_2xbrab1000	brab1000 slot1; brab1000 slot3
er-2_m105_tat	er_2_m105_tat_12xfab50	fab50 slot2
er-2_m105_tat	er_2_ach30b_late_14xfab100	2x fab100; fab100 slot2
er-2_m105_tat	er_2_ach30b_late_6xfab250	2x fab250; fab250 slot2
er-2_m105_tat	er_2_ach30b_late_6xfab500	2x fab500; fab500 slot2
er-2_m105_tat	er_2_ach30b_late_2xfab1000	2x fab1000
er-2_m105_tat	er-2_m105_2xbrab250	brab250 slot1; brab250 slot2; brab250 slot3
er-2_m105_tat	er-2_m105_2xbrab500	brab500 slot1; brab500 slot3
er-2_m105_tat	er-2_m105_2xbrab1000	brab1000 slot1; brab1000 slot3
er-2_m105r_lu2b	er_2_m105_tat_12xfab50	fab50 slot2
er-2_m105r_lu2b	er_2_ach30b_late_14xfab100	2x fab100; fab100 slot2
er-2_m105r_lu2b	er_2_ach30b_late_6xfab250	2x fab250; fab250 slot2
er-2_m105r_lu2b	er_2_ach30b_late_6xfab500	2x fab500; fab500 slot2
er-2_m105r_lu2b	er_2_ach30b_late_2xfab1000	2x fab1000
er-2_m105r_lu2b	er-2_m105_2xbrab250	brab250 slot1; brab250 slot2; brab250 slot3
er-2_m105r_lu2b	er-2_m105_2xbrab500	brab500 slot1; brab500 slot3
er-2_m105r_lu2b	er-2_m105_2xbrab1000	brab1000 slot1; brab1000 slot3
er-2_m105r_tat	er_2_m105_tat_12xfab50	fab50 slot2
er-2_m105r_tat	er_2_ach30b_late_14xfab100	2x fab100; fab100 slot2
er-2_m105r_tat	er_2_ach30b_late_6xfab250	2x fab250; fab250 slot2
er-2_m105r_tat	er_2_ach30b_late_6xfab500	2x fab500; fab500 slot2
er-2_m105r_tat	er_2_ach30b_late_2xfab1000	2x fab1000
er-2_m105r_tat	er-2_m105_2xbrab250	brab250 slot1; brab250 slot2; brab250 slot3
er-2_m105r_tat	er-2_m105_2xbrab500	brab500 slot1; brab500 slot3
er-2_m105r_tat	er-2_m105_2xbrab1000	brab1000 slot1; brab1000 slot3
etndard_4m	etendard_4m_default	defa slot3; defa slot4
etndard_4m	etendard_4m_aim9b	2x aim9b; defa slot3; defa slot4
etndard_4m	etendard_4m_matra155x4	4x matra155; defa slot3; defa slot4
etndard_4m	etendard_4m_as20	as20 slot2; as20 slot5
etndard_4m	etendard_4m_as30	as30 slot2; as30 slot5
etndard_4m	etendard_4m_4x500lb_bombs	4x 500lb; defa slot3; defa slot4
etndard_4m	etendard_4m_2x1000lb_bombs	2x 1000lb; defa slot3; defa slot4
etndard_4m	etendard_4m_4x250kg	4x 250kg; defa slot3; defa slot4
etndard_4m	etendard_4m_2x400kg	2x 400kg; defa slot3; defa slot4
f_100f_china	f_100f_default	no suspended armament
f_100f_china	f_100f_default_2x_aim9b	2x aim9b default
f_100f_china	f_100f_2xAim9b	2x aim9b x2
f_100f_china	f_100f_2xAim9e	2x aim9e x2
f_100f_china	f_100f_2xLau3	2x lau3a
f_100f_china	f_100f_4xAero7	4x aero7
f_100f_china	f_100f_lau_10a_zuni	2x lau 10a zuni
f_100f_china	f_100f_2xAgm12b	2x agm12
f_100f_china	f_100f_6x500lbs	6x 500lb x1
f_100f_china	f_100f_8x500lbs	2x 500lb x1; 2x 500lb x2
f_100f_china	f_100f_6x750lbs	6x 750lb x1
f_100f_china	f_100f_4x1000lbs	4x 1000lb
f_100f_china	f_100f_6x500lbs_snakeye	6x 500lb drag
f_100f_china	f_100f_8x500lbs_snakeye	2x 500lb drag; 2x 500lb x2 drag
f_100f_china	f_100f_blu27_x4	4x blu27
f_100f_china	f_100f_blu27_x4_x2	2x blu27 x2
f_100f_china	f_100f_2xchaff_pods	2x chaff
f_101c	f_101c_default	no suspended armament
f_105d_japan_killstreak	f_105d_killstreak_default	no suspended armament
f_105d_japan_killstreak	f_105d_killstreak_1xb61	b61
f_105d_japan_killstreak	f_105d_killstreak_b61_5kt_nt	b61 5kt
f_105d_japan_killstreak	f_105d_killstreak_b61_30kt_nt	b61 30kt
f_105d_killstreak	f_105d_killstreak_default	no suspended armament
f_105d_killstreak	f_105d_killstreak_1xb61	b61
f_105d_killstreak	f_105d_killstreak_b61_5kt_nt	b61 5kt
f_105d_killstreak	f_105d_killstreak_b61_30kt_nt	b61 30kt
f_106a_1972	f_106a_1972_default	ptb slot1; 2x aim 4g default; ptb slot6
f_106a_1972	f_106a_1972_aim_4g	2x aim 4g default; 2x aim 4g
f_106a_1972	f_106a_1972_aim_4f	4x aim 4f
f_111a	f_111a_default	m61a1 fuse
f_111a	f_111a_default_ptb	ptb 2; m61a1 fuse; ptb 5
f_111a	f_111a_aim9_default	2x aim 9b default
f_111a	f_111a_mk82_default	4x ter mk82; 2x ter mk82 supersonic; 2x ter mk82 supersonic fuse
f_111a	f_111a_mk82_supersonic	2x ter mk82 supersonic; 2x ter mk82 supersonic fuse
f_111a	f_111a_ffar	4x ter lau 3a; 2x ter lau 3a supersonic; 2x ter lau 3a supersonic fuse
f_111a	f_111a_ffar_supersonic	2x ter lau 3a supersonic; 2x ter lau 3a supersonic fuse
f_111a	f_111a_zuni	4x ter lau 10a; 2x ter lau 10a supersonic; 2x ter lau 10a supersonic fuse
f_111a	f_111a_zuni_supersonic	2x ter lau 10a supersonic; 2x ter lau 10a supersonic fuse
f_111a	f_111a_aim9b	2x aim 9b default; 4x aim 9b; aim 9b x2 fuse
f_111a	f_111a_mk82	4x bru 3a mk82 x6; 2x bru 3a mk82 x6 supersonic; 2x bru 3a mk82 x6 supersonic fuse; 2x us mk82 x1
f_111a	f_111a_mk82_snakeye	4x bru 3a mk82 snakeye x6; 2x bru 3a mk82 snakeye x6 supersonic; 2x bru 3a mk82 snakeye x6 supersonic fuse
f_111a	f_111a_mk82_bru_supersonic	2x bru 3a mk82 x6 supersonic; 2x bru 3a mk82 x6 supersonic fuse; 2x us mk82 x1
f_111a	f_111a_mk82_snakeye_bru_supersonic	2x bru 3a mk82 snakeye x6 supersonic; 2x bru 3a mk82 snakeye x6 supersonic fuse
f_111a	f_111a_m117	4x ter m117; 2x bru 3a m117 x6 supersonic; 2x bru 3a m117 x6 supersonic fuse; 2x us m117 x1
f_111a	f_111a_m117_bru_supersonic	2x bru 3a m117 x6 supersonic; 2x bru 3a m117 x6 supersonic fuse; 2x us m117 x1
f_111a	f_111a_mk84	4x us mk84 wing; 4x us mk84
f_111a	f_111a_m118	4x us 3000lb m118 wing; 4x us 3000lb m118
f_111a	f_111a_blu1	4x ter blu 1 x2 wing; 2x ter blu 1 x2; 2x ter blu 1 x2 fuse
f_111a	f_111a_agm12b	4x agm 12b
f_111a	f_111a_agm_45b_3b	agm 45b 3b slot4; agm 45b 3b slot5; agm 45b 3b slot8; agm 45b 3b slot9
f_111a	f_111a_agm_45b_4	agm 45b 4 slot4; agm 45b 4 slot5; agm 45b 4 slot8; agm 45b 4 slot9
f_111a	f_111a_agm_45b_6	agm 45b 6 slot4; agm 45b 6 slot5; agm 45b 6 slot8; agm 45b 6 slot9
f_111a	f_111a_suu_16a	4x suu 16
f_111c_raaf	f_111c_default	2x aim 9l default; m61a1 fuse
f_111c_raaf	f_111c_default_ptb	ptb 1; ptb 2; ptb 3; ptb 4
f_111c_raaf	f_111c_aim9l	2x aim 9l default; 4x aim 9l
f_111c_raaf	f_111c_mk82_bru_supersonic	2x bru 3a mk82 x6 supersonic; 2x bru 3a mk82 x6 supersonic fuse
f_111c_raaf	f_111c_mk84	4x us mk84
f_111c_raaf	f_111c_mk82_snakeye_bru_supersonic	2x bru 3a mk82 snakeye x6 supersonic; 2x bru 3a mk82 snakeye x6 supersonic fuse
f_111c_raaf	f_111c_gbu_12	us gbu 12 slot1; us gbu 12 slot2; pave tack; us gbu 12 slot3; us gbu 12 slot4
f_111c_raaf	f_111c_gbu_10	us gbu 10 slot1; us gbu 10 slot2; pave tack; us gbu 10 slot3; us gbu 10 slot4
f_111c_raaf	f_111c_gbu_24	us gbu 24 slot1; us gbu 24 slot2; pave tack; us gbu 24 slot3; us gbu 24 slot4
f_111c_raaf	f_111c_gbu_15_ir	2x gbu15v2 out; 2x gbu15v2
f_111f	f_111f_default	2x aim 9l default; m61a1 fuse
f_111f	f_111f_default_ptb	ptb 1; ptb 2; ptb 3; ptb 4
f_111f	f_111f_aim9l	2x aim 9l default; 4x aim 9l
f_111f	f_111f_mk82_bru_supersonic	2x bru 3a mk82 x6 supersonic; 2x bru 3a mk82 x6 supersonic fuse
f_111f	f_111f_m117_bru_supersonic	2x bru 3a m117 x6 supersonic; 2x bru 3a m117 x6 supersonic fuse
f_111f	f_111f_mk84	4x us mk84
f_111f	f_111f_mk82_snakeye_bru_supersonic	2x bru 3a mk82 snakeye x6 supersonic; 2x bru 3a mk82 snakeye x6 supersonic fuse
f_111f	f_111f_mk84_air	4x us mk84 air
f_111f	f_111f_agm_65d	2x agm 65d x3
f_111f	f_111f_agm_65g	2x agm 65g
f_111f	f_111f_gbu_12	us gbu 12 slot1; us gbu 12 slot2; pave tack; us gbu 12 slot3; us gbu 12 slot4
f_111f	f_111f_gbu_10	us gbu 10 slot1; us gbu 10 slot2; pave tack; us gbu 10 slot3; us gbu 10 slot4
f_111f	f_111f_gbu_24	us gbu 24 slot1; us gbu 24 slot2; pave tack; us gbu 24 slot3; us gbu 24 slot4
f_111f	f_111f_gbu_15_ir	2x gbu15v2 out; 2x gbu15v2
f_111f	f_111f_agm_130	agm 130 slot2; pave tack; agm 130 slot6
f_111f_iaf_killstreak	f_111f_killstreak_default	no suspended armament
f_111f_iaf_killstreak	f_111f_1xb61	b61
f_111f_iaf_killstreak	f_111f_killstreak_b61_5kt_nt	2x aim 9l default; 2x aim 9l; ptb 2; b61 5kt; ptb 3
f_111f_iaf_killstreak	f_111f_killstreak_b61_30kt_nt	2x aim 9l default; 2x aim 9l; ptb 2; b61 30kt; ptb 3
f_111f_japan_killstreak	f_111f_killstreak_default	no suspended armament
f_111f_japan_killstreak	f_111f_1xb61	b61
f_111f_japan_killstreak	f_111f_killstreak_b61_5kt_nt	2x aim 9l default; 2x aim 9l; ptb 2; b61 5kt; ptb 3
f_111f_japan_killstreak	f_111f_killstreak_b61_30kt_nt	2x aim 9l default; 2x aim 9l; ptb 2; b61 30kt; ptb 3
f_111f_killstreak	f_111f_killstreak_default	no suspended armament
f_111f_killstreak	f_111f_1xb61	b61
f_111f_killstreak	f_111f_killstreak_b61_5kt_nt	2x aim 9l default; 2x aim 9l; ptb 2; b61 5kt; ptb 3
f_111f_killstreak	f_111f_killstreak_b61_30kt_nt	2x aim 9l default; 2x aim 9l; ptb 2; b61 30kt; ptb 3
f_117	f_117_default	2x gbu12
f_117	f_117_mk83	2x mk83
f_117	f_117_mk84	2x mk84
f_117	f_117_gbu_16	2x gbu16
f_117	f_117_gbu_27	2x gbu27
f_117	f_117_gbu_10	2x gbu10
f_117	f_117_jdam_38	2x jdam38
f_117	f_117_jdam_31	2x jdam31
f_14a_early	f_14a_early_default	ptb slot3; ptb slot6
f_14a_early	f_14a_early_aim_9d_default	aim 9l deafult slot1; aim 54a x2; aim 9l deafult slot8
f_14a_early	f_14a_early_aim_9h	4x aim 9h
f_14a_early	f_14a_early_aim_9l	aim 9l deafult slot1; aim 9l slot2; aim 9l slot7; aim 9l deafult slot8
f_14a_early	f_14a_early_aim_7e2	2x aim 7e2; aim 7e2 fuse; aim 7e2 x2
f_14a_early	f_14a_early_aim_7f	2x aim 7f; aim 7f x2 fuse; aim 7f x2
f_14a_early	f_14a_early_aim_54a	2x aim 54a; aim 54a x2 fuse; aim 54a x2
f_14a_early	f_14a_early_mk81	us mk81 x6; us mk81 x8
f_14a_early	f_14a_early_mk82	us mk82 x6; us mk82 x8
f_14a_early	f_14a_early_mk83	2x us mk83 x2
f_14a_early	f_14a_early_mk84	2x us mk84 x2
f_14a_early	f_14a_early_mk82_air	us mk82 air x6; us mk82 air x8
f_14a_early	f_14a_early_mk83_air	2x us mk83 air x2
f_14a_early	f_14a_early_lau_10a	ter lau 10a left wing; ter lau 10a right wing
f_14a_early	f_14a_early_mk84_air	2x us mk84 air x2
f_14a_iriaf	f_14a_iriaf_default	no suspended armament
f_14a_iriaf	f_14a_iriaf_aim_9p_default	2x aim 9p deafult; aim 54a x2
f_14a_iriaf	f_14a_iriaf_aim_9p	2x aim 9p deafult; 2x aim 9p
f_14a_iriaf	f_14a_iriaf_aim_7e2	2x aim 7e2; aim 7e2 x2 fuse; aim 7e2 x2
f_14a_iriaf	f_14a_iriaf_aim_54a	2x aim 54a; aim 54a x2 fuse; aim 54a x2
f_14a_iriaf	f_14a_iriaf_r_27r	2x r 27r1
f_14a_iriaf	f_14a_iriaf_sedjil	2x sedjil
f_14a_iriaf	f_14a_iriaf_fakour_90	2x fakour 90; fakour 90 x2 fuse; fakour 90 x2
f_14a_iriaf	f_14a_iriaf_mk81	us mk81 x6; us mk81 x8
f_14a_iriaf	f_14a_iriaf_mk82	us mk82 x6; us mk82 x8
f_14a_iriaf	f_14a_iriaf_mk83	2x us mk83 x2
f_14a_iriaf	f_14a_iriaf_mk84	2x us mk84 x2
f_14a_iriaf	f_14a_iriaf_mk82_air	us mk82 air x6; us mk82 air x8
f_14a_iriaf	f_14a_iriaf_mk83_air	2x us mk83 air x2
f_14a_iriaf	f_14a_iriaf_mk84_air	2x us mk84 air x2
f_14a_iriaf	f_14a_iriaf_lau_10a	ter lau 10a left wing; ter lau 10a right wing
f_14a_iriaf	f_14a_iriaf_yasser	2x yasser
f_14b	f_14b_default	ptb slot3; ptb slot6
f_14b	f_14b_aim_9m_default	2x aim 9m default; aim 54c x2
f_14b	f_14b_aim_9l	4x aim 9l
f_14b	f_14b_aim_9l_bol	4x aim9l bol
f_14b	f_14b_aim_9m	2x aim 9m default; 2x aim 9m
f_14b	f_14b_aim_9m_bol	4x aim9m bol
f_14b	f_14b_aim_7m	2x aim 7m; aim 7m x2 fuse; aim 7m x2
f_14b	f_14b_aim_54a	2x aim 54a; aim 54a x2 fuse; aim 54a x2
f_14b	f_14b_aim_54c	2x aim 54c; aim 54c x2 fuse; aim 54c x2
f_14b	f_14b_mk82	us mk82 x6; us mk82 x8
f_14b	f_14b_mk83	2x us mk83 x2
f_14b	f_14b_mk84	2x us mk84 x2
f_14b	f_14b_mk82_air	us mk82 air x6; us mk82 air x8
f_14b	f_14b_mk83_air	2x us mk83 air x2
f_14b	f_14b_gbu_12	2x us gbu 12 x2; lantirn
f_14b	f_14b_gbu_16	2x us gbu 16 x2; lantirn
f_14b	f_14b_gbu_10	us gbu 10 x2; lantirn
f_14b	f_14b_gbu_24	us gbu 24 slot4; us gbu 24; lantirn
f_14b	f_14b_lau_10a	ter lau 10a left wing; ter lau 10a right wing
f_14b	f_14b_gbu31	us gbu 31 x2 slot4; us gbu 31 x2 slot5
f_14b	f_14b_gbu38	us gbu 38 x2 slot4; us gbu 38 x2 slot5
f_14b	f_14b_mk84_air	2x us mk84 air x2
f_14d	f_14d_default	2x aim9m bol; 2x aim 54c; ptb slot3; aim 54c x2 fuse; aim 54c x2; ptb slot6
f_14d	f_14d_aim_9m_default	2x aim 9m default; aim 54c x2
f_14d	f_14d_mk82	4x aim9m bol; us mk82 x6; us mk82 x8
f_14d	f_14d_mk83	4x aim9m bol; 2x us mk83 x2
f_14d	f_14d_mk84	4x aim9m bol; 2x us mk84 x2
f_14d	f_14d_mk82_air	4x aim9m bol; us mk82 air x6; us mk82 air x8
f_14d	f_14d_mk83_air	4x aim9m bol; 2x us mk83 air x2
f_14d	f_14d_gbu_12_combo	3x aim9m bol; 2x us gbu 12 x2; lantirn
f_14d	f_14d_gbu_16_combo	3x aim9m bol; 2x us gbu 16 x2; lantirn
f_14d	f_14d_gbu_10_combo	3x aim9m bol; us gbu 10 x2; lantirn
f_14d	f_14d_gbu_24_combo	3x aim9m bol; us gbu 24 slot4; us gbu 24; lantirn
f_14d	f_14d_lau_10a	2x aim9m bol; ter lau 10a left wing; ter lau 10a right wing
f_14d	f_14d_gbu31_combo	3x aim9m bol; us gbu 31 x2 slot4; us gbu 31 x2 slot5; lantirn
f_14d	f_14d_gbu38_combo	3x aim9m bol; us gbu 38 x2 slot4; us gbu 38 x2 slot5; lantirn
f_14d	f_14d_mk84_air	4x aim9m bol; 2x us mk84 air x2
f_14d	f_14d_aim_9m_bol	4x aim9m bol
f_14d	f_14d_aim_7m	2x aim 7m; aim 7m x2 fuse; aim 7m x2
f_14d	f_14d_aim_54c	2x aim 54c; aim 54c x2 fuse; aim 54c x2
f_14d	f_14d_gbu31	us gbu 31 x2 slot4; us gbu 31 x2 slot5
f_14d	f_14d_gbu38	us gbu 38 x2 slot4; us gbu 38 x2 slot5
f_14d	f_14d_gbu_12	2x us gbu 12 x2; lantirn
f_14d	f_14d_gbu_16	2x us gbu 16 x2; lantirn
f_14d	f_14d_gbu_10	us gbu 10 x2; lantirn
f_14d	f_14d_gbu_24	us gbu 24 slot4; us gbu 24; lantirn
f_15a	f_15a_default	ptb left; ptb fuse; ptb right
f_15a	f_15a_aim_9l_default	2x aim 9l default; 2x aim 7m default
f_15a	f_15a_aim_9l	2x aim 9l default; 2x aim 9l
f_15a	f_15a_aim_9m	4x aim 9m
f_15a	f_15a_aim_7m	2x aim 7m default; 2x aim 7m
f_15a	f_15a_mk82	3x mer mk82 x6
f_15a	f_15a_mk82_snakeye	3x mer mk82 x6 snakeye
f_15a	f_15a_mk84	3x us mk84
f_15a	f_15a_gbu_8	3x us 2000lb gbu 8
f_15a	f_15a_blu_27	3x ter us blu 27
f_15a_iaf	f_15a_default	ptb left; ptb fuse; ptb right
f_15a_iaf	f_15a_aim_9l_default	2x aim 9l default; 2x aim 7m default
f_15a_iaf	f_15a_aim_9l	2x aim 9l default; 2x aim 9l
f_15a_iaf	f_15a_aim_9m	4x aim 9m
f_15a_iaf	f_15a_iaf_python3	python3 slot1; python3 slot3; python3 slot9; python3 slot11
f_15a_iaf	f_15a_aim_7m	2x aim 7m default; 2x aim 7m
f_15a_iaf	f_15a_mk82	3x mer mk82 x6
f_15a_iaf	f_15a_mk82_snakeye	3x mer mk82 x6 snakeye
f_15a_iaf	f_15a_mk84	3x us mk84
f_15a_iaf	f_15a_gbu_8	3x us 2000lb gbu 8
f_15a_iaf	f_15a_blu_27	3x ter us blu 27
f_15c_baz_msip	f_15c_baz_msip_default	ptb left; fueltank fuse slot6; ptb fuse; fueltank fuse slot8; ptb right
f_15c_baz_msip	f_15c_baz_msip_aim_9m_default	aim 9m slot1; aim 120a slot3 default; aim 120a slot11 default; aim 9m slot13
f_15c_baz_msip	f_15c_baz_msip_aim_9l	2x aim 9l default; aim 9l slot3; aim 9l slot11
f_15c_baz_msip	f_15c_baz_msip_python3	python3 slot1; python3 slot3; python3 slot11; python3 slot13
f_15c_baz_msip	f_15c_baz_msip_aim_9m	aim 9m slot1; aim 9m slot3; aim 9m slot11; aim 9m slot13
f_15c_baz_msip	f_15c_baz_msip_aim_7m	aim 7m slot4; aim 7m slot5; aim 7m slot9; aim 7m slot10
f_15c_baz_msip	f_15c_baz_msip_aim_7m_tank	aim 7m tank slot4; aim 7m tank slot5; fueltank fuse slot6; fueltank fuse slot8; aim 7m tank slot9; aim 7m tank slot10
f_15c_baz_msip	f_15c_baz_msip_aim_120a	aim 120a slot1; aim 120a slot3 default; aim 120a slot4; aim 120a slot5; aim 120a slot9; aim 120a slot10; aim 120a slot11 default; aim 120a slot13
f_15c_baz_msip	f_15c_baz_msip_aim_120a_tank	aim 120a tank slot4; aim 120a tank slot5; fueltank fuse slot6; fueltank fuse slot8; aim 120a tank slot9; aim 120a tank slot10
f_15c_baz_msip	f_15c_baz_msip_mk82	mer mk82 x6 slot2; mer mk82 x6 slot7; mer mk82 x6 slot12
f_15c_baz_msip	f_15c_baz_msip_mk82_snakeye	mer mk82 x6 snakeye slot2; mer mk82 x6 snakeye slot7; mer mk82 x6 snakeye slot12
f_15c_baz_msip	f_15c_baz_msip_mk84	us mk84 slot2; us mk84 slot7; us mk84 slot12
f_15c_baz_msip	f_15c_baz_msip_gbu_8	us 2000lb gbu 8 slot2; us 2000lb gbu 8 slot7; us 2000lb gbu 8 slot12
f_15c_baz_msip	f_15c_baz_msip_spice_1000	spice 1000 slot2; spice 1000 slot7; spice 1000 slot12
f_15c_baz_msip	f_15c_baz_msip_spice_2000	spice 2000 slot2; spice 2000 slot7; spice 2000 slot12
f_15c_baz_msip	f_15c_baz_msip_gbu_38	us gbu 38 slot2; us gbu 38 slot7; us gbu 38 slot12
f_15c_baz_msip	f_15c_baz_msip_gbu_31	us gbu 31 slot2; us gbu 31 slot7; us gbu 31 slot12
f_15c_baz_msip	f_15c_baz_msip_gbu_62	us gbu 62 slot2; us gbu 62 slot7; us gbu 62 slot12
f_15c_baz_msip	f_15c_baz_msip_gbu_64	us gbu 64 slot2; us gbu 64 slot7; us gbu 64 slot12
f_15c_baz_msip	f_15c_baz_msip_blu_27	ter us blu 27 slot2; ter us blu 27 slot7; ter us blu 27 slot12
f_15c_golden_eagle	f_15c_golden_eagle_default	ptb left; fueltank fuse slot6; ptb fuse; fueltank fuse slot8; ptb right
f_15c_golden_eagle	f_15c_golden_eagle_aim_9m_default	aim 9m slot1; aim 120d slot3 default; aim 120d slot11 default; aim 9m slot13
f_15c_golden_eagle	f_15c_golden_eagle_aim_9m	aim 9m slot1 bol; aim 9m slot3 bol; aim 9m slot11 bol; aim 9m slot13 bol
f_15c_golden_eagle	f_15c_golden_eagle_aim_120c	aim 120c slot4; aim 120c slot5; aim 120c slot9; aim 120c slot10
f_15c_golden_eagle	f_15c_golden_eagle_aim_120c_tank	aim 120c slot1 bol; aim 120c x2 slot2; aim 120c slot3 default bol; aim 120c tank slot4; aim 120c tank slot5; fueltank fuse slot6; fueltank fuse slot8; aim 120c tank slot9; aim 120c tank slot10; aim 120c slot11 default bol; aim 120c x2 slot12; aim 120c slot13 bol
f_15c_golden_eagle	f_15c_golden_eagle_aim_120d	aim 120d slot4; aim 120d slot5; aim 120d slot9; aim 120d slot10
f_15c_golden_eagle	f_15c_golden_eagle_aim_120d_tank	aim 120d slot1 bol; aim 120d x2 slot2; aim 120d slot3 default bol; aim 120d tank slot4; aim 120d tank slot5; fueltank fuse slot6; fueltank fuse slot8; aim 120d tank slot9; aim 120d tank slot10; aim 120d slot11 default bol; aim 120d x2 slot12; aim 120d slot13 bol
f_15c_golden_eagle	f_15c_golden_eagle_mk81	mer mk81 x6 slot6; mer mk81 x6 slot8
f_15c_golden_eagle	f_15c_golden_eagle_mk81_snakeye	mer mk81 x6 snakeye slot6; mer mk81 x6 snakeye slot8
f_15c_golden_eagle	f_15c_golden_eagle_mk81_tank	mer mk81 x6 tank slot6; mer mk81 x6 tank slot8
f_15c_golden_eagle	f_15c_golden_eagle_mk81_snakeye_tank	mer mk81 x6 snakeye tank slot6; mer mk81 x6 snakeye tank slot8
f_15c_golden_eagle	f_15c_golden_eagle_mk82	mer mk82 x6 slot2; mer mk82 x6 slot7; mer mk82 x6 slot12
f_15c_golden_eagle	f_15c_golden_eagle_mk82_snakeye	mer mk82 x6 snakeye slot2; mer mk82 x6 snakeye slot7; mer mk82 x6 snakeye slot12
f_15c_golden_eagle	f_15c_golden_eagle_mk84	us mk84 slot2; us mk84 slot7; us mk84 slot12
f_15c_golden_eagle	f_15c_golden_eagle_gbu_8	us 2000lb gbu 8 slot2; us 2000lb gbu 8 slot7; us 2000lb gbu 8 slot12
f_15c_golden_eagle	f_15c_golden_eagle_apkws_m151	2x us apkws m151; sniper
f_15c_golden_eagle	f_15c_golden_eagle_apkws_m282	2x us apkws m282; sniper
f_15c_golden_eagle	f_15c_golden_eagle_gbu_12	us gbu 12 slot2; sniper; us gbu 12 slot12
f_15c_golden_eagle	f_15c_golden_eagle_gbu_10	us gbu 10 slot2; sniper; us gbu 10 slot12
f_15c_golden_eagle	f_15c_golden_eagle_gbu_24	us gbu 24 slot2; sniper; us gbu 24 slot12
f_15c_golden_eagle	f_15c_golden_eagle_gbu_38	us gbu 38 slot2; us gbu 38 slot7; us gbu 38 slot12
f_15c_golden_eagle	f_15c_golden_eagle_gbu_31	us gbu 31 slot2; us gbu 31 slot7; us gbu 31 slot12
f_15c_golden_eagle	f_15c_golden_eagle_gbu_62	us gbu 62 slot2; us gbu 62 slot7; us gbu 62 slot12
f_15c_golden_eagle	f_15c_golden_eagle_gbu_64	us gbu 64 slot2; us gbu 64 slot7; us gbu 64 slot12
f_15c_golden_eagle	f_15c_golden_eagle_gbu_39	us gbu 39 slot2; us gbu 39 slot12
f_15c_golden_eagle	f_15c_golden_eagle_gbu_53	us gbu 53 slot2; us gbu 53 slot12
f_15c_golden_eagle	f_15c_golden_eagle_blu_27	ter us blu 27 slot2; ter us blu 27 slot7; ter us blu 27 slot12
f_15c_msip2	f_15c_msip2_default	ptb left; fueltank fuse slot6; ptb fuse; fueltank fuse slot8; ptb right
f_15c_msip2	f_15c_msip2_aim_9m_default	aim 9m slot1; aim 120a slot3 default; aim 120a slot11 default; aim 9m slot13
f_15c_msip2	f_15c_msip2_aim_9l	2x aim 9l default; aim 9l slot3; aim 9l slot11
f_15c_msip2	f_15c_msip2_aim_9m	aim 9m slot1; aim 9m slot3; aim 9m slot11; aim 9m slot13
f_15c_msip2	f_15c_msip2_aim_7m	aim 7m slot4; aim 7m slot5; aim 7m slot9; aim 7m slot10
f_15c_msip2	f_15c_msip2_aim_7m_tank	aim 7m tank slot4; aim 7m tank slot5; fueltank fuse slot6; fueltank fuse slot8; aim 7m tank slot9; aim 7m tank slot10
f_15c_msip2	f_15c_msip2_aim_120a	aim 120a slot4; aim 120a slot5; aim 120a slot9; aim 120a slot10
f_15c_msip2	f_15c_msip2_aim_120a_tank	aim 120a slot1; aim 120a slot3 default; aim 120a tank slot4; aim 120a tank slot5; fueltank fuse slot6; fueltank fuse slot8; aim 120a tank slot9; aim 120a tank slot10; aim 120a slot11 default; aim 120a slot13
f_15c_msip2	f_15c_msip2_mk81	mer mk81 x6 slot6; mer mk81 x6 slot8
f_15c_msip2	f_15c_msip2_mk81_snakeye	mer mk81 x6 snakeye slot6; mer mk81 x6 snakeye slot8
f_15c_msip2	f_15c_msip2_mk81_tank	mer mk81 x6 tank slot6; mer mk81 x6 tank slot8
f_15c_msip2	f_15c_msip2_mk81_snakeye_tank	mer mk81 x6 snakeye tank slot6; mer mk81 x6 snakeye tank slot8
f_15c_msip2	f_15c_msip2_mk82	mer mk82 x6 slot2; mer mk82 x6 slot7; mer mk82 x6 slot12
f_15c_msip2	f_15c_msip2_mk82_snakeye	mer mk82 x6 snakeye slot2; mer mk82 x6 snakeye slot7; mer mk82 x6 snakeye slot12
f_15c_msip2	f_15c_msip2_mk84	us mk84 slot2; us mk84 slot7; us mk84 slot12
f_15c_msip2	f_15c_msip2_gbu_8	us 2000lb gbu 8 slot2; us 2000lb gbu 8 slot7; us 2000lb gbu 8 slot12
f_15c_msip2	f_15c_msip2_gbu_38	us gbu 38 slot2; us gbu 38 slot7; us gbu 38 slot12
f_15c_msip2	f_15c_msip2_gbu_31	us gbu 31 slot2; us gbu 31 slot7; us gbu 31 slot12
f_15c_msip2	f_15c_msip2_gbu_62	us gbu 62 slot2; us gbu 62 slot7; us gbu 62 slot12
f_15c_msip2	f_15c_msip2_gbu_64	us gbu 64 slot2; us gbu 64 slot7; us gbu 64 slot12
f_15c_msip2	f_15c_msip2_gbu_39	us gbu 39 slot2; us gbu 39 slot12
f_15c_msip2	f_15c_msip2_gbu_53	us gbu 53 slot2; us gbu 53 slot12
f_15c_msip2	f_15c_msip2_blu_27	ter us blu 27 slot2; ter us blu 27 slot7; ter us blu 27 slot12
f_15e	f_15e_default	2x aim 9l default; ptb left; aim 120c slot3 default; fueltank fuse slot5; ltc left; ptb fuse; ltc right; fueltank fuse slot9; aim 120c slot11 default; ptb right
f_15e	f_15e_aim_9l	2x aim 9l default; aim 9l slot3; ltc left; ltc right; aim 9l slot11
f_15e	f_15e_aim_9m	aim 9m slot1; aim 9m slot3; ltc left; ltc right; aim 9m slot11; aim 9m slot13
f_15e	f_15e_aim_7m	aim 7m tank slot4; ltc left; ltc right; aim 7m tank slot10
f_15e	f_15e_aim_120	aim 120b slot1; aim 120b tank slot4; aim 120b tank slot10; aim 120b slot13
f_15e	f_15e_aim_120c	aim 120c slot1; aim 120c slot3 default; aim 120c tank slot4; aim 120c tank slot10; aim 120c slot11 default; aim 120c slot13
f_15e	f_15e_aim_120_ltc	aim 120b slot1; aim 120b slot3 default; aim 120b tank slot4; ltc left; ltc right; aim 120b tank slot10; aim 120b slot11 default; aim 120b slot13
f_15e	f_15e_aim_120c_ltc	aim 120c slot1; aim 120c slot3 default; aim 120c tank slot4; ltc left; ltc right; aim 120c tank slot10; aim 120c slot11 default; aim 120c slot13
f_15e	f_15e_mk82	us mk82 x6 tank slot5; ltc left; ltc right; us mk82 x6 tank slot9
f_15e	f_15e_mk82_snakeye	us mk82 x6 snakeye tank slot5; ltc left; ltc right; us mk82 x6 snakeye tank slot9
f_15e	f_15e_mk84	us mk84 slot2; us mk84 tank slot5; ltc left; us mk84 slot7; ltc right; us mk84 tank slot9; us mk84 slot12
f_15e	f_15e_mk84_air	us mk84 air slot2; us mk84 air tank slot5; ltc left; us mk84 air slot7; ltc right; us mk84 air tank slot9; us mk84 air slot12
f_15e	f_15e_gbu_38	us gbu 38 slot2; us gbu 38 slot5; ltc left; us gbu 38 slot7; ltc right; us gbu 38 slot9; us gbu 38 slot12
f_15e	f_15e_gbu_54	us gbu 54 slot2; us gbu 54 slot5; sniper; us gbu 54 slot7; us gbu 54 slot9; us gbu 54 slot12
f_15e	f_15e_gbu_31	us gbu 31 slot2; us gbu 31 slot5; ltc left; us gbu 31 slot7; ltc right; us gbu 31 slot9; us gbu 31 slot12
f_15e	f_15e_gbu_39	us gbu 39 slot5; ltc left; us gbu 39 slot7; ltc right; us gbu 39 slot9
f_15e	f_15e_gbu_53	us gbu 53 slot5; ltc left; us gbu 53 slot7; ltc right; us gbu 53 slot9
f_15e	f_15e_gbu_62	us gbu 62 slot2; us gbu 62 slot5; ltc left; us gbu 62 slot7; ltc right; us gbu 62 slot9; us gbu 62 slot12
f_15e	f_15e_gbu_62_ljdam	us gbu 62 ljdam slot2; us gbu 62 ljdam slot5; sniper; us gbu 62 ljdam slot7; us gbu 62 ljdam slot9; us gbu 62 ljdam slot12
f_15e	f_15e_gbu_64	us gbu 64 slot2; us gbu 64 slot5; ltc left; us gbu 64 slot7; ltc right; us gbu 64 slot9; us gbu 64 slot12
f_15e	f_15e_agm_154a1	agm 154a1 slot2; agm 154a1 slot5; agm 154a1 slot7; agm 154a1 slot9; agm 154a1 slot12
f_15e	f_15e_agm_65d	2x agm 65d x3; ltc left; ltc right
f_15e	f_15e_agm_65g	2x agm 65g; ltc left; ltc right
f_15e	f_15e_apkws_m151	2x us apkws m151; sniper
f_15e	f_15e_apkws_m282	2x us apkws m282; sniper
f_15e	f_15e_gbu_12_ltc	us gbu 12 slot2; us gbu 12 slot5; sniper; us gbu 12 slot7; ltc right; us gbu 12 slot9; us gbu 12 slot12
f_15e	f_15e_gbu_10_ltc	us gbu 10 slot2; us gbu 10 slot5; sniper; us gbu 10 slot7; ltc right; us gbu 10 slot9; us gbu 10 slot12
f_15e	f_15e_gbu_24_ltc	us gbu 24 slot2; us gbu 24 slot5; sniper; us gbu 24 slot7; ltc right; us gbu 24 slot9; us gbu 24 slot12
f_15e	f_15e_gbu_12	us gbu 12 slot2; us gbu 12 slot5; sniper; us gbu 12 slot7; us gbu 12 slot9; us gbu 12 slot12
f_15e	f_15e_gbu_10	us gbu 10 slot2; us gbu 10 slot5; sniper; us gbu 10 slot7; us gbu 10 slot9; us gbu 10 slot12
f_15e	f_15e_gbu_24	us gbu 24 slot2; us gbu 24 slot5; sniper; us gbu 24 slot7; us gbu 24 slot9; us gbu 24 slot12
f_15e	f_15e_gbu_15v2	2x gbu15v2; ltc left; ltc right
f_15e	f_15e_agm_130	2x agm 130; ltc left; ltc right
f_15e	f_15e_aim_120c_single	aim 120c slot1; aim 120c tank slot4; aim 120c tank slot10; aim 120c slot13
f_15i_raam	f_15i_raam_default	2x aim 9l default; ptb left; aim 120b slot3 default; fueltank fuse slot5; ltc left; ptb fuse; ltc right; fueltank fuse slot9; aim 120b slot11 default; ptb right
f_15i_raam	f_15i_raam_aim_9l	2x aim 9l default; aim 9l slot3; ltc left; ltc right; aim 9l slot11
f_15i_raam	f_15i_raam_aim_9m	aim 9m slot1; aim 9m slot3; ltc left; ltc right; aim 9m slot11; aim 9m slot13
f_15i_raam	f_15i_raam_aim_7m	aim 7m tank slot4; ltc left; ltc right; aim 7m tank slot10
f_15i_raam	f_15i_raam_aim_120	aim 120b slot1; aim 120b slot3 default; aim 120b tank slot4; aim 120b tank slot10; aim 120b slot11 default; aim 120b slot13
f_15i_raam	f_15i_raam_aim_120_ltc	aim 120b slot1; aim 120b slot3 default; aim 120b tank slot4; ltc left; ltc right; aim 120b tank slot10; aim 120b slot11 default; aim 120b slot13
f_15i_raam	f_15i_raam_aim_120c	aim 120c slot1; aim 120c slot3 default; aim 120c tank slot4; aim 120c tank slot10; aim 120c slot11 default; aim 120c slot13
f_15i_raam	f_15i_raam_aim_120c_ltc	aim 120c slot1; aim 120c slot3 default; aim 120c tank slot4; ltc left; ltc right; aim 120c tank slot10; aim 120c slot11 default; aim 120c slot13
f_15i_raam	f_15i_raam_agm_65d	2x agm 65d x3; ltc left; ltc right
f_15i_raam	f_15i_raam_mk82	us mk82 x6 tank slot5; ltc left; ltc right; us mk82 x6 tank slot9
f_15i_raam	f_15i_raam_mk82_snakeye	us mk82 x6 snakeye tank slot5; ltc left; ltc right; us mk82 x6 snakeye tank slot9
f_15i_raam	f_15i_raam_mk84	us mk84 slot2; us mk84 tank slot5; ltc left; us mk84 slot7; ltc right; us mk84 tank slot9; us mk84 slot12
f_15i_raam	f_15i_raam_mk84_air	us mk84 air slot2; us mk84 air tank slot5; ltc left; us mk84 air slot7; ltc right; us mk84 air tank slot9; us mk84 air slot12
f_15i_raam	f_15i_raam_gbu_38	us gbu 38 slot2; us gbu 38 slot5; ltc left; us gbu 38 slot7; ltc right; us gbu 38 slot9; us gbu 38 slot12
f_15i_raam	f_15i_raam_gbu_54	us gbu 54 slot2; us gbu 54 slot5; lantirn; us gbu 54 slot7; us gbu 54 slot9; us gbu 54 slot12
f_15i_raam	f_15i_raam_gbu_31	us gbu 31 slot2; us gbu 31 slot5; ltc left; us gbu 31 slot7; ltc right; us gbu 31 slot9; us gbu 31 slot12
f_15i_raam	f_15i_raam_gbu_39	us gbu 39 slot5; ltc left; us gbu 39 slot7; ltc right; us gbu 39 slot9
f_15i_raam	f_15i_raam_gbu_62	us gbu 62 slot2; us gbu 62 slot5; ltc left; us gbu 62 slot7; ltc right; us gbu 62 slot9; us gbu 62 slot12
f_15i_raam	f_15i_raam_gbu_62_ljdam	us gbu 62 ljdam slot2; us gbu 62 ljdam slot5; lantirn; us gbu 62 ljdam slot7; us gbu 62 ljdam slot9; us gbu 62 ljdam slot12
f_15i_raam	f_15i_raam_gbu_64	us gbu 64 slot2; us gbu 64 slot5; ltc left; us gbu 64 slot7; ltc right; us gbu 64 slot9; us gbu 64 slot12
f_15i_raam	f_15i_raam_gbu_12	us gbu 12 slot2; us gbu 12 slot5; lantirn; us gbu 12 slot7; us gbu 12 slot9; us gbu 12 slot12
f_15i_raam	f_15i_raam_gbu_10	us gbu 10 slot2; us gbu 10 slot5; lantirn; us gbu 10 slot7; us gbu 10 slot9; us gbu 10 slot12
f_15i_raam	f_15i_raam_gbu_24	us gbu 24 slot2; us gbu 24 slot5; lantirn; us gbu 24 slot7; us gbu 24 slot9; us gbu 24 slot12
f_15i_raam	f_15i_raam_gbu_15v2	2x gbu15v2; ltc left; ltc right
f_15i_raam	f_15i_raam_spice_250	il spice 250 slot5; ltc left; ltc right; il spice 250 slot9
f_15i_raam	f_15i_raam_spice_1000	spice 1000 slot2; spice 1000 slot5; ltc left; spice 1000 slot7; ltc right; spice 1000 slot9; spice 1000 slot12
f_15i_raam	f_15i_raam_spice_2000	spice 2000 slot2; spice 2000 slot5; ltc left; spice 2000 slot7; ltc right; spice 2000 slot9; spice 2000 slot12
f_15j	f_15j_default	ptb left; ptb fuse; ptb right
f_15j	f_15a_aim_9l_default	2x aim 9l default; 2x aim 7m default
f_15j	f_15a_aim_9l	2x aim 9l default; 2x aim 9l
f_15j	f_15a_aim_9m	4x aim 9m
f_15j	f_15j_aam3	4x aam3
f_15j	f_15a_aim_7m	2x aim 7m default; 2x aim 7m
f_15j	f_15a_mk82	3x mer mk82 x6
f_15j	f_15a_mk82_snakeye	3x mer mk82 x6 snakeye
f_15j	f_15a_mk84	3x us mk84
f_15j	f_15a_blu_27	3x ter us blu 27
f_15j_kai	f_15j_kai_default	ptb left; ptb fuse; ptb right
f_15j_kai	f_15j_kai_aim_9m_default	aim 9m slot1; aim 120a slot3 default; aim 120a slot9 default; aim 9m slot11
f_15j_kai	f_15j_kai_aim_9l	2x aim 9l default; aim 9l slot3; aim 9l slot9
f_15j_kai	f_15j_kai_aim_9m	aim 9m slot1; aim 9m slot3; aim 9m slot9; aim 9m slot11
f_15j_kai	f_15j_kai_aam3	aam3 slot1; aam3 slot3; aam3 slot9; aam3 slot11
f_15j_kai	f_15j_kai_aim_7m	aim 7m slot4; aim 7m slot5; aim 7m slot7; aim 7m slot8
f_15j_kai	f_15j_kai_aam4	aam4 slot4; aam4 slot5; aam4 slot7; aam4 slot8
f_15j_kai	f_15j_kai_aim_120a	aim 120a slot1; aim 120a slot3 default; aim 120a slot4; aim 120a slot5; aim 120a slot7; aim 120a slot8; aim 120a slot9 default; aim 120a slot11
f_15j_kai	f_15j_kai_mk82	mer mk82 x6 slot2; mer mk82 x6 slot6; mer mk82 x6 slot10
f_15j_kai	f_15j_kai_mk82_snakeye	mer mk82 x6 snakeye slot2; mer mk82 x6 snakeye slot6; mer mk82 x6 snakeye slot10
f_15j_kai	f_15j_kai_mk84	us mk84 slot2; us mk84 slot6; us mk84 slot10
f_15j_kai	f_15j_kai_blu_27	ter us blu 27 slot2; ter us blu 27 slot6; ter us blu 27 slot10
f_16a_block_10	f_16a_block_10_default	ptb slot4; ptb; ptb slot6
f_16a_block_10	f_16a_block_10_aim_9j_default	2x aim 9j default; 2x aim 9l default
f_16a_block_10	f_16a_block_10_aim_9j	2x aim 9j default; 4x aim 9j
f_16a_block_10	f_16a_block_10_aim_9l	2x aim 9l wingtip; 2x aim 9l default; 2x aim 9l
f_16a_block_10	f_16a_block_10_mk82	2x ter mk82; 2x mer mk82 x6; mer mk82 x1
f_16a_block_10	f_16a_block_10_mk82_snakeye	2x ter mk82 snakeye; 2x mer mk82 snakeye x6; mer mk82 snakeye x1
f_16a_block_10	f_16a_block_10_mk84	4x us mk84
f_16a_block_10	f_16a_block_10_mk84_air	4x us mk84 air
f_16a_block_10	f_16a_block_10_blu_27	4x blu 27
f_16a_block_10	f_16a_block_10_gbu_8	4x us 2000lb gbu 8
f_16a_block_10	f_16a_lau3a	2x ter lau 3a
f_16a_block_10	f_16a_block_10_agm_65b	2x agm 65b x3
f_16a_block_10_iaf	f_16a_block_10_iaf_default	ptb slot4; ptb; ptb slot6
f_16a_block_10_iaf	f_16a_block_10_iaf_aim_9p_default	2x aim 9p default; 2x pyton3 default
f_16a_block_10_iaf	f_16a_block_10_iaf_aim_9p	2x aim 9p default; 4x aim 9p
f_16a_block_10_iaf	f_16a_block_10_iaf_aim_9l	2x aim 9l wingtip; 4x aim 9l
f_16a_block_10_iaf	f_16a_block_10_iaf_pyton3	2x pyton3 wingtip; 2x pyton3 default; 2x pyton3
f_16a_block_10_iaf	f_16a_block_10_iaf_mk82	2x ter mk82; 2x mer mk82 x6; mer mk82 x1
f_16a_block_10_iaf	f_16a_block_10_iaf_mk82_snakeye	2x ter mk82 snakeye; 2x mer mk82 snakeye x6; mer mk82 snakeye x1
f_16a_block_10_iaf	f_16a_block_10_iaf_mk84	4x us mk84
f_16a_block_10_iaf	f_16a_block_10_iaf_blu_27	4x blu 27
f_16a_block_10_iaf	f_16a_block_10_iaf_lau3a	2x ter lau 3a
f_16a_block_10_iaf	f_16a_block_10_iaf_agm_65b	2x agm 65b x3
f_16a_block_10_netz_mod	f_16a_block_10_netz_mod_default	2x pyton3 wingtip; 2x pyton3 default; 2x pyton3; ptb slot4; ptb; ptb slot6
f_16a_block_10_netz_mod	f_16a_block_10_netz_mod_aim_9l	2x aim 9l wingtip; 4x aim 9l
f_16a_block_10_netz_mod	f_16a_block_10_netz_mod_pyton3	2x pyton3 wingtip; 2x pyton3 default; 2x pyton3
f_16a_block_10_netz_mod	f_16a_block_10_netz_mod_mk82	2x pyton3 wingtip; 2x pyton3 default; 2x ter mk82; 2x mer mk82 x6; mer mk82 x1
f_16a_block_10_netz_mod	f_16a_block_10_netz_mod_mk82_snakeye	2x pyton3 wingtip; 2x pyton3 default; 2x ter mk82 snakeye; 2x mer mk82 snakeye x6; mer mk82 snakeye x1
f_16a_block_10_netz_mod	f_16a_block_10_netz_mod_mk84	2x pyton3 wingtip; 2x pyton3 default; 4x us mk84
f_16a_block_10_netz_mod	f_16a_block_10_netz_mod_gbu_31	2x pyton3 wingtip; 2x pyton3 default; us gbu 31 slot3; us gbu 31 slot4; us gbu 31 slot6; us gbu 31 slot7
f_16a_block_10_netz_mod	f_16a_block_10_netz_mod_gbu_31_tutorial	us gbu 31 slot3; us gbu 31 slot4; us gbu 31 slot6; us gbu 31 slot7
f_16a_block_10_netz_mod	f_16a_block_10_netz_mod_blu_27	2x pyton3 wingtip; 2x pyton3 default; 4x blu 27
f_16a_block_10_netz_mod	f_16a_block_10_netz_mod_lau3a	2x pyton3 wingtip; 2x pyton3 default; 2x ter lau 3a
f_16a_block_10_netz_mod	f_16a_block_10_netz_mod_agm_65b	2x pyton3 wingtip; 2x pyton3 default; 2x agm 65b x3
f_16a_block_10_netz_mod	f_16a_block_10_netz_mod_agm_65b_single	2x agm 65b x3
f_16a_block_10_norway	f_16a_block_10_norway_default	ptb slot4; ptb; ptb slot6
f_16a_block_10_norway	f_16a_block_10_norway_aim_9p_default	2x aim 9p default; 2x aim 9l default
f_16a_block_10_norway	f_16a_block_10_norway_aim_9p	2x aim 9p default; 4x aim 9p
f_16a_block_10_norway	f_16a_block_10_norway_aim_9l	2x aim 9l wingtip; 2x aim 9l default; 2x aim 9l
f_16a_block_10_norway	f_16a_block_10_norway_mk82	2x ter mk82; 2x mer mk82 x6; mer mk82 x1
f_16a_block_10_norway	f_16a_block_10_norway_mk82_snakeye	2x ter mk82 snakeye; 2x mer mk82 snakeye x6; mer mk82 snakeye x1
f_16a_block_10_norway	f_16a_block_10_norway_mk84	4x us mk84
f_16a_block_10_norway	f_16a_block_10_norway_mk84_air	4x us mk84 air
f_16a_block_10_norway	f_16a_block_10_norway_blu_27	4x blu 27
f_16a_block_10_norway	f_16a_block_10_norway_gbu_8	4x us 2000lb gbu 8
f_16a_block_10_norway	f_16a_lau3a	2x ter lau 3a
f_16a_block_10_norway	f_16a_block_10_norway_agm_65b	2x agm 65b x3
f_16a_block_10_norway	f_16a_block_10_norway_agm_119_penguin	4x agm 119a
f_16a_block_15_adf	f_16a_block_15_adf_default	ptb slot4; ptb; ptb slot6
f_16a_block_15_adf	f_16a_block_15_adf_aim_9l_default	2x aim 9l wingtip; aim 120a slot2; aim 120a slot8
f_16a_block_15_adf	f_16a_block_15_adf_aim_9l	2x aim 9l wingtip; 4x aim 9l
f_16a_block_15_adf	f_16a_block_15_adf_aim_7m	2x aim 7m default
f_16a_block_15_adf	f_16a_block_15_adf_aim_120a	aim 120a wingtip slot1; aim 120a slot2; aim 120a slot3; aim 120a slot7; aim 120a slot8; aim 120a wingtip slot9
f_16a_block_15_adf_britain_killstreak	f_16a_block_15_adf_killstreak_default	no suspended armament
f_16a_block_15_adf_britain_killstreak	f_16a_block_15_adf_1xb61	2x aim 9l wingtip; aim 120a slot2; ptb slot4; b61; ptb slot6; aim 120a slot8
f_16a_block_15_adf_britain_killstreak	f_16a_block_15_adf_killstreak_b61_5kt_nt	2x aim 9l wingtip; aim 120a slot2; ptb slot4; b61 5kt; ptb slot6; aim 120a slot8
f_16a_block_15_adf_britain_killstreak	f_16a_block_15_adf_killstreak_b61_30kt_nt	2x aim 9l wingtip; aim 120a slot2; ptb slot4; b61 30kt; ptb slot6; aim 120a slot8
f_16a_block_15_adf_france_killstreak	f_16a_block_15_adf_killstreak_default	no suspended armament
f_16a_block_15_adf_france_killstreak	f_16a_block_15_adf_1xb61	2x aim 9l wingtip; aim 120a slot2; ptb slot4; b61; ptb slot6; aim 120a slot8
f_16a_block_15_adf_france_killstreak	f_16a_block_15_adf_killstreak_b61_5kt_nt	2x aim 9l wingtip; aim 120a slot2; ptb slot4; b61 5kt; ptb slot6; aim 120a slot8
f_16a_block_15_adf_france_killstreak	f_16a_block_15_adf_killstreak_b61_30kt_nt	2x aim 9l wingtip; aim 120a slot2; ptb slot4; b61 30kt; ptb slot6; aim 120a slot8
f_16a_block_15_adf_germany_killstreak	f_16a_block_15_adf_killstreak_default	no suspended armament
f_16a_block_15_adf_germany_killstreak	f_16a_block_15_adf_1xb61	2x aim 9l wingtip; aim 120a slot2; ptb slot4; b61; ptb slot6; aim 120a slot8
f_16a_block_15_adf_germany_killstreak	f_16a_block_15_adf_killstreak_b61_5kt_nt	2x aim 9l wingtip; aim 120a slot2; ptb slot4; b61 5kt; ptb slot6; aim 120a slot8
f_16a_block_15_adf_germany_killstreak	f_16a_block_15_adf_killstreak_b61_30kt_nt	2x aim 9l wingtip; aim 120a slot2; ptb slot4; b61 30kt; ptb slot6; aim 120a slot8
f_16a_block_15_adf_italy	f_16a_block_15_adf_italy_default	ptb slot4; ptb; ptb slot6
f_16a_block_15_adf_italy	f_16a_block_15_adf_italy_aim_9l_default	2x aim 9l wingtip; aim 120a slot2; aim 120a slot8
f_16a_block_15_adf_italy	f_16a_block_15_adf_italy_aim_9l	2x aim 9l wingtip; 4x aim 9l
f_16a_block_15_adf_italy	f_16a_block_15_adf_italy_aim_7m	2x aim 7m
f_16a_block_15_adf_italy	f_16a_block_15_adf_aim_120a_italy	aim 120a wingtip slot1; aim 120a slot2; aim 120a slot3; aim 120a slot7; aim 120a slot8; aim 120a wingtip slot9
f_16a_block_15_adf_italy_killstreak	f_16a_block_15_adf_killstreak_default	no suspended armament
f_16a_block_15_adf_italy_killstreak	f_16a_block_15_adf_1xb61	2x aim 9l wingtip; aim 120a slot2; ptb slot4; b61; ptb slot6; aim 120a slot8
f_16a_block_15_adf_italy_killstreak	f_16a_block_15_adf_killstreak_b61_5kt_nt	2x aim 9l wingtip; aim 120a slot2; ptb slot4; b61 5kt; ptb slot6; aim 120a slot8
f_16a_block_15_adf_italy_killstreak	f_16a_block_15_adf_killstreak_b61_30kt_nt	2x aim 9l wingtip; aim 120a slot2; ptb slot4; b61 30kt; ptb slot6; aim 120a slot8
f_16a_block_15_adf_killstreak	f_16a_block_15_adf_killstreak_default	no suspended armament
f_16a_block_15_adf_killstreak	f_16a_block_15_adf_1xb61	2x aim 9l wingtip; aim 120a slot2; ptb slot4; b61; ptb slot6; aim 120a slot8
f_16a_block_15_adf_killstreak	f_16a_block_15_adf_killstreak_b61_5kt_nt	2x aim 9l wingtip; aim 120a slot2; ptb slot4; b61 5kt; ptb slot6; aim 120a slot8
f_16a_block_15_adf_killstreak	f_16a_block_15_adf_killstreak_b61_30kt_nt	2x aim 9l wingtip; aim 120a slot2; ptb slot4; b61 30kt; ptb slot6; aim 120a slot8
f_16a_block_15_adf_sweden_killstreak	f_16a_block_15_adf_killstreak_default	no suspended armament
f_16a_block_15_adf_sweden_killstreak	f_16a_block_15_adf_1xb61	2x aim 9l wingtip; aim 120a slot2; ptb slot4; b61; ptb slot6; aim 120a slot8
f_16a_block_15_adf_sweden_killstreak	f_16a_block_15_adf_killstreak_b61_5kt_nt	2x aim 9l wingtip; aim 120a slot2; ptb slot4; b61 5kt; ptb slot6; aim 120a slot8
f_16a_block_15_adf_sweden_killstreak	f_16a_block_15_adf_killstreak_b61_30kt_nt	2x aim 9l wingtip; aim 120a slot2; ptb slot4; b61 30kt; ptb slot6; aim 120a slot8
f_16a_block_15_belgium	f_16a_block_15_belgium_default	ptb slot4; ptb; ptb slot6
f_16a_block_15_belgium	f_16a_block_15_belgium_ltc	2x pids
f_16a_block_15_belgium	f_16a_block_15_belgium_aim_9l_default	2x aim 9l wingtip; 2x aim 9m default
f_16a_block_15_belgium	f_16a_block_15_belgium_aim_9l	2x aim 9l wingtip; 4x aim 9l
f_16a_block_15_belgium	f_16a_block_15_belgium_aim_9m	2x aim 9m wingtip; 2x aim 9m default; 2x aim 9m
f_16a_block_15_belgium	f_16a_block_15_belgium_lau3a	2x ter lau 3a
f_16a_block_15_belgium	f_16a_block_15_belgium_agm_65b	2x agm 65b x3
f_16a_block_15_belgium	f_16a_block_15_belgium_mk82	2x ter mk82; 2x mer mk82 x6; mer mk82 x1
f_16a_block_15_belgium	f_16a_block_15_belgium_mk82_pids	2x ter mk82 pids; 2x mer mk82 x6; mer mk82 x1
f_16a_block_15_belgium	f_16a_block_10_mk84	4x us mk84
f_16a_block_15_belgium	f_16a_block_15_belgium_mk84_pids	2x us mk84 pids; 2x us mk84
f_16a_block_15_belgium	f_16a_block_15_belgium_mk82_snakeye	2x ter mk82 snakeye; 2x mer mk82 snakeye x6; mer mk82 snakeye x1
f_16a_block_15_belgium	f_16a_block_15_belgium_mk82_snakeye_pids	2x ter mk82 snakeye pids; 2x mer mk82 snakeye x6; mer mk82 snakeye x1
f_16a_block_15_belgium	f_16a_block_15_belgium_mk84_air	4x us mk84 air
f_16a_block_15_belgium	f_16a_block_15_belgium_mk84_air_pids	2x us mk84 air pids; 2x us mk84 air
f_16a_block_15_belgium	f_16a_block_15_belgium_blu_27	4x blu 27
f_16a_block_15_belgium	f_16a_block_15_belgium_blu_27_pids	2x blu 27 pids; 2x blu 27
f_16a_block_15_belgium	f_16a_block_15_belgium_gbu_8	4x us 2000lb gbu 8
f_16a_block_15_belgium	f_16a_block_15_belgium_gbu_8_pids	2x us 2000lb gbu 8 pids; 2x us 2000lb gbu 8
f_16a_block_15_belgium	f_16a_block_15_belgium_gbu_38	us gbu 38 x2 slot3; us gbu 38 x2 slot7
f_16a_block_15_belgium	f_16a_block_15_belgium_gbu_31	us gbu 31 slot3; us gbu 31 slot7
f_16a_block_15_belgium	f_16a_block_15_belgium_gbu_38_pids	us gbu 38 x2 pids slot3; us gbu 38 x2 pids slot7
f_16a_block_15_belgium	f_16a_block_15_belgium_gbu_31_pids	us gbu 31 pids slot3; us gbu 31 pids slot7
f_16a_block_15_ocu_belgium	f_16a_block_15_ocu_belgium_default	ptb slot4; ptb; ptb slot7
f_16a_block_15_ocu_belgium	f_16a_block_15_ocu_belgium_aim_9l_default	2x aim 9l wingtip default
f_16a_block_15_ocu_belgium	f_16a_block_15_ocu_belgium_aim_9l	2x aim 9l wingtip default; 4x aim 9l
f_16a_block_15_ocu_belgium	f_16a_block_15_ocu_belgium_aim_9m	2x aim 9m wingtip default; 4x aim 9m
f_16a_block_15_ocu_belgium	f_16a_block_15_ocu_belgium_aim_magic_2	magic 2 wingtip slot1; 2x magic 2; magic 2 wingtip slot10
f_16a_block_15_ocu_belgium	f_16a_block_15_ocu_belgium_as30	2x as 30l; atlis pod
f_16a_block_15_ocu_thailand	f_16a_block_15_ocu_thailand_default	2x python 3 wingtip default; 2x aim 120 default; ptb slot4; ptb; ptb slot7
f_16a_block_15_ocu_thailand	f_16a_block_15_ocu_thailand_aim_9l	2x aim 9l wingtip; 4x aim 9l
f_16a_block_15_ocu_thailand	f_16a_block_15_ocu_thailand_aim_9m	2x aim 9m wingtip; 4x aim 9m
f_16a_block_15_ocu_thailand	f_16a_block_15_ocu_thailand_python_3	2x python 3 wingtip default; 4x python 3
f_16a_block_15_ocu_thailand	f_16a_block_15_ocu_thailand_aim_120	2x aim 120 wingtip; 2x aim 120 default; 2x aim 120
f_16a_block_15_ocu_thailand	f_16a_block_15_ocu_thailand_agm_65b_x4	agm 65d slot3; agm 65d slot4; agm 65d slot7; agm 65d slot8
f_16a_block_15_ocu_thailand	f_16a_block_15_ocu_thailand_agm_65b_x6	2x agm 65d x3
f_16a_block_15_ocu_thailand	f_16a_block_15_ocu_thailand_agm_65g	agm 65g slot3; agm 65g slot4; agm 65g slot7; agm 65g slot8
f_16a_block_15_ocu_thailand	f_16a_block_15_ocu_thailand_mk82	4x ter mk82
f_16a_block_15_ocu_thailand	f_16a_block_15_ocu_thailand_mk84	4x us mk84
f_16a_block_15_ocu_thailand	f_16a_block_15_ocu_thailand_gbu_12	gbu12 slot3; gbu12 slot4; atlis2; gbu12 slot7; gbu12 slot8
f_16a_block_15_ocu_thailand	f_16a_block_15_ocu_thailand_kggb	kggb slot3; kggb slot4; kggb slot7; kggb slot8
f_16a_block_15_ocu_thailand	f_16a_block_15_ocu_thailand_gbu_10	2x gbu10; atlis2
f_16a_block_20_mlu	f_16a_block_20_mlu_default	ptb slot4; ptb; ptb slot7
f_16a_block_20_mlu	f_16a_block_20_mlu_aim_9p_default	2x aim 9p default; aim 120a slot2; aim 120a slot9
f_16a_block_20_mlu	f_16a_block_20_mlu_aim_9p	2x aim 9p default; 4x aim 9p
f_16a_block_20_mlu	f_16a_block_20_mlu_aim_9l	2x aim 9l wingtip; 4x aim 9l
f_16a_block_20_mlu	f_16a_block_20_mlu_aim_7m	2x aim 7m
f_16a_block_20_mlu	f_16a_block_20_mlu_aim_120a	aim 120a wingtip slot1; aim 120a slot2; aim 120a slot3; aim 120a slot8; aim 120a slot9; aim 120a wingtip slot10
f_16a_block_20_mlu	f_16a_block_20_mlu_mk82	4x ter mk82
f_16a_block_20_mlu	f_16a_block_20_mlu_mk82_snakeye	4x ter mk82 snakeye
f_16a_block_20_mlu	f_16a_block_20_mlu_mk84	4x us mk84
f_16a_block_20_mlu	f_16a_block_20_mlu_gbu12	gbu12 slot3; 2x gbu12; lantirn pod; gbu12 slot8
f_16a_block_20_mlu	f_16a_block_20_mlu_gbu10	4x gbu10; lantirn pod
f_16a_block_20_mlu	f_16a_block_20_mlu_agm_65b	2x agm 65b x3
f_16a_block_20_mlu	f_16a_block_20_mlu_agm_65g	2x agm 65g; agm 65g slot4; agm 65g slot7
f_16a_block_20_mlu	f_16a_block_20_mlu_agm_84	2x agm 84
f_16a_block_20_mlu_killstreak	f_16a_block_15_adf_killstreak_default	no suspended armament
f_16a_block_20_mlu_killstreak	f_16a_block_15_adf_1xb61	2x aim 9l wingtip; aim 120a slot2; ptb slot4; b61; ptb slot6; aim 120a slot8
f_16a_block_20_mlu_killstreak	f_16a_block_15_adf_killstreak_b61_5kt_nt	2x aim 9l wingtip; aim 120a slot2; ptb slot4; b61 5kt; ptb slot6; aim 120a slot8
f_16a_block_20_mlu_killstreak	f_16a_block_15_adf_killstreak_b61_30kt_nt	2x aim 9l wingtip; aim 120a slot2; ptb slot4; b61 30kt; ptb slot6; aim 120a slot8
f_16a_block_5_netherlands	f_16a_block_10_default	ptb slot4; ptb; ptb slot6
f_16a_block_5_netherlands	f_16a_block_10_aim_9p_default	2x aim 9p default; 2x aim 9l default
f_16a_block_5_netherlands	f_16a_block_10_aim_9p	2x aim 9p default; 4x aim 9p
f_16a_block_5_netherlands	f_16a_block_10_aim_9l	2x aim 9l wingtip; 2x aim 9l default; 2x aim 9l
f_16a_block_5_netherlands	f_16a_block_10_mk82	2x ter mk82; 2x mer mk82 x6; mer mk82 x1
f_16a_block_5_netherlands	f_16a_block_10_mk82_snakeye	2x ter mk82 snakeye; 2x mer mk82 snakeye x6; mer mk82 snakeye x1
f_16a_block_5_netherlands	f_16a_block_10_mk84	4x us mk84
f_16a_block_5_netherlands	f_16a_block_10_mk84_air	4x us mk84 air
f_16a_block_5_netherlands	f_16a_block_10_blu_27	4x blu 27
f_16a_block_5_netherlands	f_16a_lau3a	2x ter lau 3a
f_16a_block_5_netherlands	f_16a_block_10_agm_65b	2x agm 65b x3
f_16a_block_72v_china	f_16a_block_72v_china_default	ptb slot4; ptb; ptb slot7
f_16a_block_72v_china	f_16a_block_72v_china_aim_9m_default	2x aim 9m wingtip default; aim 120c default slot2; aim 120c default slot9
f_16a_block_72v_china	f_16a_block_72v_china_aim_9m	2x aim 9m wingtip default; 4x aim 9m
f_16a_block_72v_china	f_16a_block_72v_china_aim_120b	aim 120b wingtip slot1; aim 120b slot2; aim 120b slot3; aim 120b slot8; aim 120b slot9; aim 120b wingtip slot10
f_16a_block_72v_china	f_16a_block_72v_china_aim_120c	aim 120c wingtip slot1; aim 120c default slot2; aim 120c slot3; aim 120c slot8; aim 120c default slot9; aim 120c wingtip slot10
f_16a_block_72v_china	f_16a_block_72v_china_aim_120d	aim 120d wingtip slot1; aim 120d slot2; aim 120d slot3; aim 120d slot8; aim 120d slot9; aim 120d wingtip slot10
f_16a_block_72v_china	f_16a_block_72v_china_lau_3	2x ter lau 3a
f_16a_block_72v_china	f_16a_block_72v_china_lau_68	2x us hydra 70 lau 68
f_16a_block_72v_china	f_16a_block_72v_china_agm65	2x agm 65d; agm 65d slot4; agm 65d slot8
f_16a_block_72v_china	f_16a_block_72v_china_agm65_x3	2x agm 65d x3
f_16a_block_72v_china	f_16a_block_72v_china_agm65g	2x agm 65g; agm 65g slot4; agm 65g slot8
f_16a_block_72v_china	f_16a_block_72v_china_apkws_m151	2x us apkws m151; sniper pod
f_16a_block_72v_china	f_16a_block_72v_china_apkws_m282	2x us apkws m282; sniper pod
f_16a_block_72v_china	f_16a_block_72v_china_mk82_ter	4x ter mk82
f_16a_block_72v_china	f_16a_block_72v_china_mk82_ter_pids	2x ter mk82 pids; 2x ter mk82
f_16a_block_72v_china	f_16a_block_72v_china_mk84	4x us mk84
f_16a_block_72v_china	f_16a_block_72v_china_mk84_pids	2x us mk84 pids; 2x us mk84
f_16a_block_72v_china	f_16a_block_72v_china_mk82_snakeye	4x ter mk82 snakeye
f_16a_block_72v_china	f_16a_block_72v_china_mk82_snakeye_pids	2x ter mk82 snakeye pids; 2x ter mk82 snakeye
f_16a_block_72v_china	f_16a_block_72v_china_mk84_air	4x us mk84 air
f_16a_block_72v_china	f_16a_block_72v_china_mk84_air_pids	2x us mk84 air pids; 2x us mk84 air
f_16a_block_72v_china	f_16a_block_72v_china_gbu_12	us gbu 12 x3 slot3; 2x us gbu 12; sniper pod; us gbu 12 x3 slot8
f_16a_block_72v_china	f_16a_block_72v_china_gbu_12_pids	gbu12 x3 slot3 pids; 2x us gbu 12; sniper pod; gbu12 x3 slot8 pids
f_16a_block_72v_china	f_16a_block_72v_china_gbu_24	4x gbu24; sniper pod
f_16a_block_72v_china	f_16a_block_72v_china_gbu_24_pids	2x gbu24 pids; 2x gbu24; sniper pod
f_16a_block_72v_china	f_16a_block_72v_china_gbu_38	us gbu 38 x2 slot3; 2x us gbu 38; us gbu 38 x2 slot8
f_16a_block_72v_china	f_16a_block_72v_china_gbu_38_pids	us gbu 38 x2 pids slot3; 2x us gbu 38; us gbu 38 x2 pids slot8
f_16a_block_72v_china	f_16a_block_72v_china_gbu_31	us gbu 31 slot3; 2x us gbu 31; us gbu 31 slot8
f_16a_block_72v_china	f_16a_block_72v_china_gbu_31_pids	us gbu 31 pids slot3; 2x us gbu 31; us gbu 31 pids slot8
f_16a_block_72v_china	f_16a_block_72v_china_gbu_39	us gbu 39 slot3; us gbu 39 slot8
f_16a_block_72v_china	f_16a_block_72v_china_gbu_39_pids	us gbu 39 pids slot3; us gbu 39 pids slot8
f_16a_block_72v_china	f_16a_block_72v_china_gbu_53	us gbu 53 slot3; us gbu 53 slot8
f_16a_block_72v_china	f_16a_block_72v_china_gbu_53_pids	us gbu 53 pids slot3; us gbu 53 pids slot8
f_16a_block_72v_china	f_16a_block_72v_china_gbu_62	us gbu 62 x2 slot3; 2x us gbu 62; us gbu 62 x2 slot8
f_16a_block_72v_china	f_16a_block_72v_china_gbu_62_pids	us gbu 62 x2 pids slot3; 2x us gbu 62; us gbu 62 x2 pids slot8
f_16a_block_72v_china	f_16a_block_72v_china_gbu_64	us gbu 64 slot3; 2x us gbu 64; us gbu 64 slot8
f_16a_block_72v_china	f_16a_block_72v_china_gbu_64_pids	us gbu 64 pids slot3; 2x us gbu 64; us gbu 64 pids slot8
f_16a_block_72v_china	f_16a_block_72v_china_gbu_54b	gbu 54b slot3; 2x us gbu 54; sniper pod; gbu 54b slot8
f_16a_block_72v_china	f_16a_block_72v_china_gbu_54b_pids	us gbu 54 x2 pids slot3; 2x us gbu 54; sniper pod; us gbu 54 x2 pids slot8
f_16a_block_72v_china	f_16a_block_72v_china_gbu_62_laser	us gbu 62 laser x2 slot3; 2x us gbu 62 laser; sniper pod; us gbu 62 laser x2 slot8
f_16a_block_72v_china	f_16a_block_72v_china_gbu_62_laser_pids	us gbu 62 laser x2 pids slot3; 2x us gbu 62 laser; sniper pod; us gbu 62 laser x2 pids slot8
f_16a_block_72v_china	f_16a_block_72v_china_agm154	agm 154a1 x2 slot3; agm 154a1 x2 slot8
f_16a_block_72v_china	f_16a_block_72v_china_agm154_pids	agm 154a1 x2 pids slot3; agm 154a1 x2 pids slot8
f_16a_block_72v_china	f_16a_block_72v_china_blu_1	blu 27 slot3; blu 27 slot4; blu 27 slot6; blu 27 slot7
f_16a_block_72v_china	f_16a_block_72v_china_blu_1_pids	blu 27 slot3 pids; blu 27 slot4; blu 27 slot6; blu 27 slot7 pids
f_16a_block_72v_china	f_16a_block_72v_china_agm_88	4x agm 88; asq 213
f_16a_block_72v_china	f_16a_block_72v_china_agm_84	2x agm 84
f_16aj	f_16aj_default	ptb slot4; ptb; ptb slot6
f_16aj	f_16aj_aim_9p_default	2x aim 9p default; 2x aim 7f default
f_16aj	f_16aj_aim_9p	2x aim 9p default; 4x aim 9p
f_16aj	f_16aj_aim_9l	2x aim 9l wingtip; 4x aim 9l
f_16aj	f_16aj_aim_7f	2x aim 7f default
f_16aj	f_16aj_mk82	2x ter mk82; 2x mer mk82 x6; mer mk82 x1
f_16aj	f_16aj_mk82_snakeye	2x ter mk82 snakeye; 2x mer mk82 snakeye x6; mer mk82 snakeye x1
f_16aj	f_16aj_mk84	4x us mk84
f_16aj	f_16a_lau3a	2x ter lau 3a
f_16aj	f_16aj_agm_65b	2x agm 65b x3
f_16am_block_15_mlu_belgium	f_16am_block_15_mlu_belgium_default	ptb slot4; ptb; ptb slot7
f_16am_block_15_mlu_belgium	f_16am_block_15_mlu_belgium_ltc_maws	2x pids
f_16am_block_15_mlu_belgium	f_16am_block_15_mlu_belgium_aim_9m_default	2x aim 9m wingtip default; 2x aim 120a default
f_16am_block_15_mlu_belgium	f_16am_block_15_mlu_belgium_aim_9l	2x aim 9l wingtip default; 4x aim 9l
f_16am_block_15_mlu_belgium	f_16am_block_15_mlu_belgium_aim_9m	2x aim 9m wingtip default; 4x aim 9m
f_16am_block_15_mlu_belgium	f_16am_block_15_mlu_belgium_aim_7m	2x aim 7m
f_16am_block_15_mlu_belgium	f_16am_block_15_mlu_belgium_aim_120a	aim 120a wingtip left; 2x aim 120a default; 2x aim 120a; aim 120a wingtip right
f_16am_block_15_mlu_belgium	f_16am_block_15_mlu_belgium_lau_3	2x ter lau 3a
f_16am_block_15_mlu_belgium	f_16am_block_15_mlu_belgium_lau_68	2x us hydra 70 lau 68
f_16am_block_15_mlu_belgium	f_16am_block_15_mlu_belgium_agm65	2x agm 65d; agm 65d slot4; agm 65d slot7
f_16am_block_15_mlu_belgium	f_16am_block_15_mlu_belgium_agm65_x3	2x agm 65d x3
f_16am_block_15_mlu_belgium	f_16am_block_15_mlu_belgium_agm65g	2x agm 65g; agm 65g slot4; agm 65g slot7
f_16am_block_15_mlu_belgium	f_16am_block_15_mlu_belgium_mk82_ter	4x ter mk82
f_16am_block_15_mlu_belgium	f_16am_block_15_mlu_belgium_mk82_ter_pids	2x ter mk82 pids; 2x ter mk82
f_16am_block_15_mlu_belgium	f_16am_block_15_mlu_belgium_mk84	4x us mk84
f_16am_block_15_mlu_belgium	f_16am_block_15_mlu_belgium_mk84_pids	2x us mk84 pids; 2x us mk84
f_16am_block_15_mlu_belgium	f_16am_block_15_mlu_belgium_mk82_snakeye	4x ter mk82 snakeye
f_16am_block_15_mlu_belgium	f_16am_block_15_mlu_belgium_mk82_snakeye_pids	2x ter mk82 snakeye pids; 2x ter mk82 snakeye
f_16am_block_15_mlu_belgium	f_16am_block_15_mlu_belgium_mk84_air	4x us mk84 air
f_16am_block_15_mlu_belgium	f_16am_block_15_mlu_belgium_mk84_air_pids	2x us mk84 air pids; 2x us mk84 air
f_16am_block_15_mlu_belgium	f_16am_block_15_mlu_belgium_gbu_12	gbu12 slot3; 2x gbu12; lantirn pod; gbu12 slot8
f_16am_block_15_mlu_belgium	f_16am_block_15_mlu_belgium_gbu_12_pids	gbu12 slot3 pids; 2x gbu12; lantirn pod; gbu12 slot8 pids
f_16am_block_15_mlu_belgium	f_16am_block_15_mlu_belgium_gbu_24	4x gbu24; lantirn pod
f_16am_block_15_mlu_belgium	f_16am_block_15_mlu_belgium_gbu_24_pids	2x gbu24 pids; 2x gbu24; lantirn pod
f_16am_block_15_mlu_belgium	f_16am_block_15_mlu_belgium_blu_1	blu 27 slot3; blu 27 slot4; blu 27 slot6; blu 27 slot7
f_16am_block_15_mlu_belgium	f_16am_block_15_mlu_belgium_blu_1_pids	blu 27 slot3 pids; blu 27 slot4; blu 27 slot6; blu 27 slot7 pids
f_16am_block_15_mlu_belgium	f_16am_block_15_mlu_belgium_gbu_38	us gbu 38 x2 slot3; 2x us gbu 38; us gbu 38 x2 slot8
f_16am_block_15_mlu_belgium	f_16am_block_15_mlu_belgium_gbu_31	us gbu 31 slot3; 2x us gbu 31; us gbu 31 slot8
f_16am_block_15_mlu_belgium	f_16am_block_15_mlu_belgium_gbu_62	us gbu 62 x2 slot3; 2x us gbu 62; us gbu 62 x2 slot8
f_16am_block_15_mlu_belgium	f_16am_block_15_mlu_belgium_gbu_64	us gbu 64 slot3; 2x us gbu 64; us gbu 64 slot8
f_16am_block_15_mlu_belgium	f_16am_block_15_mlu_belgium_gbu_39	us gbu 39 slot3; us gbu 39 slot8
f_16am_block_15_mlu_belgium	f_16am_block_15_mlu_belgium_gbu_38_pids	us gbu 38 x2 pids slot3; 2x us gbu 38; us gbu 38 x2 pids slot8
f_16am_block_15_mlu_belgium	f_16am_block_15_mlu_belgium_gbu_31_pids	us gbu 31 pids slot3; 2x us gbu 31; us gbu 31 pids slot8
f_16am_block_15_mlu_belgium	f_16am_block_15_mlu_belgium_gbu_62_pids	us gbu 62 x2 pids slot3; 2x us gbu 62; us gbu 62 x2 pids slot8
f_16am_block_15_mlu_belgium	f_16am_block_15_mlu_belgium_gbu_64_pids	us gbu 64 pids slot3; 2x us gbu 64; us gbu 64 pids slot8
f_16am_block_15_mlu_belgium	f_16am_block_15_mlu_belgium_gbu_39_pids	us gbu 39 pids slot3; us gbu 39 pids slot8
f_16am_block_15_mlu_belgium	f_16am_block_15_mlu_belgium_gbu_54	us gbu 54 x2 slot3; 2x us gbu 54; lantirn pod; us gbu 54 x2 slot8
f_16am_block_15_mlu_belgium	f_16am_block_15_mlu_belgium_gbu_62_laser	us gbu 62 laser x2 slot3; 2x us gbu 62 laser; lantirn pod; us gbu 62 laser x2 slot8
f_16am_block_15_mlu_belgium	f_16am_block_15_mlu_belgium_gbu_54_pids	us gbu 54 x2 pids slot3; 2x us gbu 54; lantirn pod; us gbu 54 x2 pids slot8
f_16am_block_15_mlu_belgium	f_16am_block_15_mlu_belgium_gbu_62_laser_pids	us gbu 62 laser x2 pids slot3; 2x us gbu 62 laser; lantirn pod; us gbu 62 laser x2 pids slot8
f_16am_block_20_mlu_netherlands	f_16am_block_20_mlu_netherlands_default	ptb slot4; ptb; ptb slot7
f_16am_block_20_mlu_netherlands	f_16am_block_20_mlu_netherlands_ltc_maws	2x pids
f_16am_block_20_mlu_netherlands	f_16am_block_20_mlu_netherlands_aim_9m_default	2x aim 9m wingtip default; 2x aim 120a default
f_16am_block_20_mlu_netherlands	f_16am_block_20_mlu_netherlands_aim_9l	2x aim 9l wingtip default; 4x aim 9l
f_16am_block_20_mlu_netherlands	f_16am_block_20_mlu_netherlands_aim_9m	2x aim 9m wingtip default; 4x aim 9m
f_16am_block_20_mlu_netherlands	f_16am_block_20_mlu_netherlands_aim_120a	aim 120a wingtip left; 2x aim 120a default; 2x aim 120a; aim 120a wingtip right
f_16am_block_20_mlu_netherlands	f_16am_block_20_mlu_netherlands_lau_3	2x aim 9m wingtip default; 2x aim 120a default; 2x ter lau 3a
f_16am_block_20_mlu_netherlands	f_16am_block_20_mlu_netherlands_lau_68	2x aim 9m wingtip default; 2x aim 120a default; 2x us hydra 70 lau 68
f_16am_block_20_mlu_netherlands	f_16am_block_20_mlu_netherlands_agm65	2x agm 65d; agm 65d slot4; agm 65d slot7
f_16am_block_20_mlu_netherlands	f_16am_block_20_mlu_netherlands_agm65_x3	2x aim 9m wingtip default; 2x aim 120a default; 2x agm 65d x3
f_16am_block_20_mlu_netherlands	f_16am_block_20_mlu_netherlands_agm65g	2x agm 65g; agm 65g slot4; agm 65g slot7
f_16am_block_20_mlu_netherlands	f_16am_block_20_mlu_netherlands_mk82_ter	2x aim 9m wingtip default; 2x aim 120a default; 4x ter mk82
f_16am_block_20_mlu_netherlands	f_16am_block_20_mlu_netherlands_mk82_ter_pids	2x aim 9m wingtip default; 2x aim 120a default; 2x ter mk82 pids; 2x ter mk82
f_16am_block_20_mlu_netherlands	f_16am_block_20_mlu_netherlands_mk84	2x aim 9m wingtip default; 2x aim 120a default; 4x us mk84
f_16am_block_20_mlu_netherlands	f_16am_block_20_mlu_netherlands_mk84_pids	2x aim 9m wingtip default; 2x aim 120a default; 2x us mk84 pids; 2x us mk84
f_16am_block_20_mlu_netherlands	f_16am_block_20_mlu_netherlands_mk82_snakeye	2x aim 9m wingtip default; 2x aim 120a default; 4x ter mk82 snakeye
f_16am_block_20_mlu_netherlands	f_16am_block_20_mlu_netherlands_mk82_snakeye_pids	2x aim 9m wingtip default; 2x aim 120a default; 2x ter mk82 snakeye pids; 2x ter mk82 snakeye
f_16am_block_20_mlu_netherlands	f_16am_block_20_mlu_netherlands_mk84_air	2x aim 9m wingtip default; 2x aim 120a default; 4x us mk84 air
f_16am_block_20_mlu_netherlands	f_16am_block_20_mlu_netherlands_mk84_air_pids	2x aim 9m wingtip default; 2x aim 120a default; 2x us mk84 air pids; 2x us mk84 air
f_16am_block_20_mlu_netherlands	f_16am_block_20_mlu_netherlands_gbu_12	gbu12 slot3; 2x gbu12; litening pod; gbu12 slot8
f_16am_block_20_mlu_netherlands	f_16am_block_20_mlu_netherlands_gbu_12_pids	2x aim 9m wingtip default; 2x aim 120a default; gbu12 slot3 pids; 2x gbu12; litening pod; gbu12 slot8 pids
f_16am_block_20_mlu_netherlands	f_16am_block_20_mlu_netherlands_gbu_24	4x gbu24; litening pod
f_16am_block_20_mlu_netherlands	f_16am_block_20_mlu_netherlands_gbu_24_pids	2x aim 9m wingtip default; 2x aim 120a default; 2x gbu24 pids; 2x gbu24; litening pod
f_16am_block_20_mlu_netherlands	f_16am_block_20_mlu_netherlands_blu_1	2x aim 9m wingtip default; 2x aim 120a default; blu 27 slot3; blu 27 slot4; blu 27 slot6; blu 27 slot7
f_16am_block_20_mlu_netherlands	f_16am_block_20_mlu_netherlands_blu_1_pids	2x aim 9m wingtip default; 2x aim 120a default; blu 27 slot3 pids; blu 27 slot4; blu 27 slot6; blu 27 slot7 pids
f_16am_block_20_mlu_netherlands	f_16am_block_20_mlu_netherlands_gbu_38	us gbu 38 x2 slot3; 2x us gbu 38; us gbu 38 x2 slot8
f_16am_block_20_mlu_netherlands	f_16am_block_20_mlu_netherlands_gbu_31	us gbu 31 slot3; 2x us gbu 31; us gbu 31 slot8
f_16am_block_20_mlu_netherlands	f_16am_block_20_mlu_netherlands_gbu_62	us gbu 62 x2 slot3; 2x us gbu 62; us gbu 62 x2 slot8
f_16am_block_20_mlu_netherlands	f_16am_block_20_mlu_netherlands_gbu_64	us gbu 64 slot3; 2x us gbu 64; us gbu 64 slot8
f_16am_block_20_mlu_netherlands	f_16am_block_20_mlu_netherlands_gbu_39	us gbu 39 slot3; us gbu 39 slot8
f_16am_block_20_mlu_netherlands	f_16am_block_20_mlu_netherlands_gbu_38_pids	2x aim 9m wingtip default; 2x aim 120a default; us gbu 38 x2 pids slot3; 2x us gbu 38; us gbu 38 x2 pids slot8
f_16am_block_20_mlu_netherlands	f_16am_block_20_mlu_netherlands_gbu_31_pids	2x aim 9m wingtip default; 2x aim 120a default; us gbu 31 pids slot3; 2x us gbu 31; us gbu 31 pids slot8
f_16am_block_20_mlu_netherlands	f_16am_block_20_mlu_netherlands_gbu_62_pids	2x aim 9m wingtip default; 2x aim 120a default; us gbu 62 x2 pids slot3; 2x us gbu 62; us gbu 62 x2 pids slot8
f_16am_block_20_mlu_netherlands	f_16am_block_20_mlu_netherlands_gbu_64_pids	2x aim 9m wingtip default; 2x aim 120a default; us gbu 64 pids slot3; 2x us gbu 64; us gbu 64 pids slot8
f_16am_block_20_mlu_netherlands	f_16am_block_20_mlu_netherlands_gbu_39_pids	2x aim 9m wingtip default; 2x aim 120a default; us gbu 39 pids slot3; us gbu 39 pids slot8
f_16am_block_20_mlu_netherlands	f_16am_block_20_mlu_netherlands_gbu_54	us gbu 54 x2 slot3; 2x us gbu 54; litening pod; us gbu 54 x2 slot8
f_16am_block_20_mlu_netherlands	f_16am_block_20_mlu_netherlands_gbu_62_laser	us gbu 62 laser x2 slot3; 2x us gbu 62 laser; litening pod; us gbu 62 laser x2 slot8
f_16am_block_20_mlu_netherlands	f_16am_block_20_mlu_netherlands_gbu_54_pids	2x aim 9m wingtip default; 2x aim 120a default; us gbu 54 x2 pids slot3; 2x us gbu 54; litening pod; us gbu 54 x2 pids slot8
f_16am_block_20_mlu_netherlands	f_16am_block_20_mlu_netherlands_gbu_62_laser_pids	2x aim 9m wingtip default; 2x aim 120a default; us gbu 62 laser x2 pids slot3; 2x us gbu 62 laser; litening pod; us gbu 62 laser x2 pids slot8
f_16am_block_20_mlu_norway	f_16am_block_20_mlu_norway_default	ptb slot4; ptb; ptb slot7
f_16am_block_20_mlu_norway	f_16am_block_20_mlu_norway_aim_9m_default	2x aim 9m wingtip default; 2x aim 120b default
f_16am_block_20_mlu_norway	f_16am_block_15_mlu_belgium_aim_9l	2x aim 9l wingtip default; 4x aim 9l
f_16am_block_20_mlu_norway	f_16am_block_15_mlu_belgium_aim_9m	2x aim 9m wingtip default; 4x aim 9m
f_16am_block_20_mlu_norway	f_16am_block_20_mlu_norway_aim_120b	aim 120b wingtip left; 2x aim 120b default; 2x aim 120b; aim 120b wingtip right
f_16am_block_20_mlu_norway	f_16am_block_15_mlu_belgium_lau_3	2x ter lau 3a
f_16am_block_20_mlu_norway	f_16am_block_15_mlu_belgium_lau_68	2x us hydra 70 lau 68
f_16am_block_20_mlu_norway	f_16am_block_15_mlu_belgium_agm65	2x agm 65d; agm 65d slot4; agm 65d slot7
f_16am_block_20_mlu_norway	f_16am_block_15_mlu_belgium_agm65_x3	2x agm 65d x3
f_16am_block_20_mlu_norway	f_16am_block_15_mlu_belgium_agm65g	2x agm 65g; agm 65g slot4; agm 65g slot7
f_16am_block_20_mlu_norway	f_16am_block_15_mlu_belgium_mk82_ter	4x ter mk82
f_16am_block_20_mlu_norway	f_16am_block_15_mlu_belgium_mk84	4x us mk84
f_16am_block_20_mlu_norway	f_16am_block_15_mlu_belgium_mk82_snakeye	4x ter mk82 snakeye
f_16am_block_20_mlu_norway	f_16am_block_15_mlu_belgium_mk84_air	4x us mk84 air
f_16am_block_20_mlu_norway	f_16am_block_20_mlu_norway_gbu_12	gbu12 slot3; 2x gbu12; sniper pod; gbu12 slot8
f_16am_block_20_mlu_norway	f_16am_block_20_mlu_norway_gbu_24	4x gbu24; sniper pod
f_16am_block_20_mlu_norway	f_16am_block_15_mlu_belgium_blu_1	blu 27 slot3; blu 27 slot4; blu 27 slot6; blu 27 slot7
f_16am_block_20_mlu_norway	f_16am_block_15_mlu_belgium_gbu_38	us gbu 38 x2 slot3; 2x us gbu 38; us gbu 38 x2 slot8
f_16am_block_20_mlu_norway	f_16am_block_15_mlu_belgium_gbu_31	us gbu 31 slot3; 2x us gbu 31; us gbu 31 slot8
f_16am_block_20_mlu_norway	f_16am_block_15_mlu_belgium_gbu_62	us gbu 62 x2 slot3; 2x us gbu 62; us gbu 62 x2 slot8
f_16am_block_20_mlu_norway	f_16am_block_15_mlu_belgium_gbu_64	us gbu 64 slot3; 2x us gbu 64; us gbu 64 slot8
f_16am_block_20_mlu_norway	f_16am_block_15_mlu_belgium_gbu_39	us gbu 39 slot3; us gbu 39 slot8
f_16am_block_20_mlu_norway	f_16am_block_20_mlu_norway_agm_119_penguin	4x agm 119a
f_16am_block_20_mlu_norway	f_16am_block_15_mlu_belgium_mk82_ter_pids	2x ter mk82 pids; 2x ter mk82
f_16am_block_20_mlu_norway	f_16am_block_15_mlu_belgium_mk84_pids	2x us mk84 pids; 2x us mk84
f_16am_block_20_mlu_norway	f_16am_block_15_mlu_belgium_mk82_snakeye_pids	2x ter mk82 snakeye pids; 2x ter mk82 snakeye
f_16am_block_20_mlu_norway	f_16am_block_15_mlu_belgium_mk84_air_pids	2x us mk84 air pids; 2x us mk84 air
f_16am_block_20_mlu_norway	f_16am_block_20_mlu_norway_gbu_12_pids	gbu12 slot3 pids; 2x gbu12; sniper pod; gbu12 slot8 pids
f_16am_block_20_mlu_norway	f_16am_block_20_mlu_norway_gbu_24_pids	2x gbu24 pids; 2x gbu24; sniper pod
f_16am_block_20_mlu_norway	f_16am_block_15_mlu_belgium_blu_1_pids	blu 27 slot3 pids; blu 27 slot4; blu 27 slot6; blu 27 slot7 pids
f_16am_block_20_mlu_norway	f_16am_block_15_mlu_belgium_gbu_38_pids	us gbu 38 x2 pids slot3; 2x us gbu 38; us gbu 38 x2 pids slot8
f_16am_block_20_mlu_norway	f_16am_block_15_mlu_belgium_gbu_31_pids	us gbu 31 pids slot3; 2x us gbu 31; us gbu 31 pids slot8
f_16am_block_20_mlu_norway	f_16am_block_15_mlu_belgium_gbu_62_pids	us gbu 62 x2 pids slot3; 2x us gbu 62; us gbu 62 x2 pids slot8
f_16am_block_20_mlu_norway	f_16am_block_15_mlu_belgium_gbu_64_pids	us gbu 64 pids slot3; 2x us gbu 64; us gbu 64 pids slot8
f_16am_block_20_mlu_norway	f_16am_block_15_mlu_belgium_gbu_39_pids	us gbu 39 pids slot3; us gbu 39 pids slot8
f_16am_block_20_mlu_norway	f_16am_block_20_mlu_norway_gbu_54	us gbu 54 x2 slot3; 2x us gbu 54; sniper pod; us gbu 54 x2 slot8
f_16am_block_20_mlu_norway	f_16am_block_20_mlu_norway_gbu_62_laser	us gbu 62 laser x2 slot3; 2x us gbu 62 laser; sniper pod; us gbu 62 laser x2 slot8
f_16am_block_20_mlu_norway	f_16am_block_20_mlu_norway_gbu_54_pids	us gbu 54 x2 pids slot3; 2x us gbu 54; sniper pod; us gbu 54 x2 pids slot8
f_16am_block_20_mlu_norway	f_16am_block_20_mlu_norway_gbu_62_laser_pids	us gbu 62 laser x2 pids slot3; 2x us gbu 62 laser; sniper pod; us gbu 62 laser x2 pids slot8
f_16c_block_40_barak_2	f_16c_block_40_barak_2_default	2x aim 9m wingtip default; 2x aim 120a default; ptb slot4; ptb; ptb slot7
f_16c_block_40_barak_2	f_16c_block_40_barak_2_aim_9l	2x aim 9l wingtip default; 4x aim 9l
f_16c_block_40_barak_2	f_16c_block_40_barak_2_aim_9m	2x aim 9m wingtip default; 4x aim 9m
f_16c_block_40_barak_2	f_16c_block_40_barak_2_derby	derby slot1; derby slot2; derby slot3; derby slot8; derby slot9; derby slot10
f_16c_block_40_barak_2	f_16c_block_40_barak_2_aim_120	aim 120a wingtip slot1; 2x aim 120a default; 2x aim 120a; aim 120a wingtip slot10
f_16c_block_40_barak_2	f_16c_block_40_barak_2_mk82	4x ver mk82
f_16c_block_40_barak_2	f_16c_block_40_barak_2_mk83	2x ver mk83; 2x mk83; fuse ver mk82
f_16c_block_40_barak_2	f_16c_block_40_barak_2_mk84	4x us mk84
f_16c_block_40_barak_2	f_16c_block_40_barak_2_mk82_snakeye	4x ver mk82 snakeye
f_16c_block_40_barak_2	f_16c_block_40_barak_2_mk84_air	4x us mk84 air
f_16c_block_40_barak_2	f_16c_block_40_barak_2_gbu_12	4x gbu12; litening pod
f_16c_block_40_barak_2	f_16c_block_40_barak_2_gbu_16	4x gbu16; litening pod
f_16c_block_40_barak_2	f_16c_block_40_barak_2_gbu_10	4x gbu10; litening pod
f_16c_block_40_barak_2	f_16c_block_40_barak_2_gbu_31	us gbu 31 slot3; us gbu 31 slot4; litening pod; us gbu 31 slot7; us gbu 31 slot8
f_16c_block_40_barak_2	f_16c_block_40_barak_2_gbu_64	us gbu 64 slot3; us gbu 64 slot4; litening pod; us gbu 64 slot7; us gbu 64 slot8
f_16c_block_40_barak_2	f_16c_block_40_barak_2_gbu_39	us gbu 39 slot3; us gbu 39 slot8
f_16c_block_40_barak_2	f_16c_block_40_barak_2_spice_1000	il spice 1000 slot3; il spice 1000 slot4; il spice 1000 slot7; il spice 1000 slot8
f_16c_block_40_barak_2	f_16c_block_40_barak_2_spice_2000	il spice 2000 slot3; il spice 2000 slot4; il spice 2000 slot7; il spice 2000 slot8
f_16c_block_40_barak_2	f_16c_block_40_barak_2_agm_88	2x agm 88; asq 213
f_16c_block_50	f_16c_block_50_default	ptb slot4; ptb; ptb slot7
f_16c_block_50	f_16c_block_50_aim_9m_default	2x aim 9m wingtip default; 2x aim 120a default
f_16c_block_50	f_16c_block_50_aim_7	2x aim 7m
f_16c_block_50	f_16c_block_50_aim_9l	2x aim 9l wingtip default; 4x aim 9l
f_16c_block_50	f_16c_block_50_aim_9m	2x aim 9m wingtip default; 4x aim 9m
f_16c_block_50	f_16c_block_50_aim_120a	aim 120a wingtip slot1; 2x aim 120a default; 2x aim 120a; aim 120a wingtip slot10
f_16c_block_50	f_16c_block_50_lau_3	2x ter lau 3a
f_16c_block_50	f_16c_block_50_lau_68	2x us hydra 70 lau 68
f_16c_block_50	f_16c_block_50_agm65	2x agm 65d; agm 65d slot4; agm 65d slot8
f_16c_block_50	f_16c_block_50_agm65_x3	2x agm 65d x3
f_16c_block_50	f_16c_block_50_agm65g	2x agm 65g; agm 65g slot4; agm 65g slot8
f_16c_block_50	f_16c_block_50_apkws_m151	2x us apkws m151; sniper pod
f_16c_block_50	f_16c_block_50_apkws_m282	2x us apkws m282; sniper pod
f_16c_block_50	f_16c_block_50_mk82_ter	4x ter mk82
f_16c_block_50	f_16c_block_50_mk84	4x us mk84
f_16c_block_50	f_16c_block_50_mk82_snakeye	4x ter mk82 snakeye
f_16c_block_50	f_16c_block_50_mk84_air	4x us mk84 air
f_16c_block_50	f_16c_block_50_gbu_12	gbu12 slot3; 2x gbu12; sniper pod; gbu12 slot8
f_16c_block_50	f_16c_block_50_gbu_24	4x gbu24; sniper pod
f_16c_block_50	f_16c_block_50_gbu_38	us gbu 38 x2 slot3; 2x us gbu 38; us gbu 38 x2 slot8
f_16c_block_50	f_16c_block_50_gbu_31	us gbu 31 slot3; 2x us gbu 31; us gbu 31 slot8
f_16c_block_50	f_16c_block_50_gbu_39	us gbu 39 slot3; us gbu 39 slot8
f_16c_block_50	f_16c_block_50_gbu_53	us gbu 53 slot3; us gbu 53 slot8
f_16c_block_50	f_16c_block_50_gbu_62	us gbu 62 x2 slot3; 2x us gbu 62; us gbu 62 x2 slot8
f_16c_block_50	f_16c_block_50_gbu_64	us gbu 64 slot3; 2x us gbu 64; us gbu 64 slot8
f_16c_block_50	f_16c_block_50_gbu_54	us gbu 54 x2 slot3; 2x us gbu 54; sniper pod; us gbu 54 x2 slot8
f_16c_block_50	f_16c_block_50_gbu_62_laser	us gbu 62 laser x2 slot3; 2x us gbu 62 laser; sniper pod; us gbu 62 laser x2 slot8
f_16c_block_50	f_16c_block_50_blu_1	blu 27 slot3; blu 27 slot4; blu 27 slot6; blu 27 slot7
f_16c_block_50	f_16c_block_50_agm_88	4x agm 88; asq 213
f_16c_block_50	f_16c_block_50_agm_84	2x agm 84
f_16c_block_50_missile_test	f_16c_block_50_default	ptb slot4; ptb; ptb slot7
f_16c_block_50_missile_test	f_16c_block_50_aim_9m_default	2x aim 9m wingtip default; 2x aim 120a default
f_16c_block_50_missile_test	f_16c_block_50_aim_7	2x aim 7m
f_16c_block_50_missile_test	f_16c_block_50_aim_9l	2x aim 9l wingtip default; 4x aim 9l
f_16c_block_50_missile_test	f_16c_block_50_aim_9m	2x aim 9m wingtip default; 4x aim 9m
f_16c_block_50_missile_test	f_16c_block_50_aim_120a	aim 120a wingtip slot1; 2x aim 120a default; 2x aim 120a; aim 120a wingtip slot10
f_16c_block_50_missile_test	f_16c_block_50_lau_3	2x ter lau 3a
f_16c_block_50_missile_test	f_16c_block_50_lau_68	2x us hydra 70 lau 68
f_16c_block_50_missile_test	f_16c_block_50_agm65	2x agm 65d; agm 65d slot4; agm 65d slot8
f_16c_block_50_missile_test	f_16c_block_50_agm65_x3	2x agm 65d x3
f_16c_block_50_missile_test	f_16c_block_50_agm65g	2x agm 65g; agm 65g slot4; agm 65g slot8
f_16c_block_50_missile_test	f_16c_block_50_apkws_m151	2x us apkws m151; sniper pod
f_16c_block_50_missile_test	f_16c_block_50_apkws_m282	2x us apkws m282; sniper pod
f_16c_block_50_missile_test	f_16c_block_50_mk82_ter	4x ter mk82
f_16c_block_50_missile_test	f_16c_block_50_mk84	4x us mk84
f_16c_block_50_missile_test	f_16c_block_50_mk82_snakeye	4x ter mk82 snakeye
f_16c_block_50_missile_test	f_16c_block_50_mk84_air	4x us mk84 air
f_16c_block_50_missile_test	f_16c_block_50_gbu_12	gbu12 slot3; 2x gbu12; sniper pod; gbu12 slot8
f_16c_block_50_missile_test	f_16c_block_50_gbu_24	4x gbu24; sniper pod
f_16c_block_50_missile_test	f_16c_block_50_gbu_38	us gbu 38 x2 slot3; 2x us gbu 38; us gbu 38 x2 slot8
f_16c_block_50_missile_test	f_16c_block_50_gbu_31	us gbu 31 slot3; 2x us gbu 31; us gbu 31 slot8
f_16c_block_50_missile_test	f_16c_block_50_gbu_39	us gbu 39 slot3; us gbu 39 slot8
f_16c_block_50_missile_test	f_16c_block_50_gbu_53	us gbu 53 slot3; us gbu 53 slot8
f_16c_block_50_missile_test	f_16c_block_50_gbu_62	us gbu 62 x2 slot3; 2x us gbu 62; us gbu 62 x2 slot8
f_16c_block_50_missile_test	f_16c_block_50_gbu_64	us gbu 64 slot3; 2x us gbu 64; us gbu 64 slot8
f_16c_block_50_missile_test	f_16c_block_50_gbu_54	us gbu 54 x2 slot3; 2x us gbu 54; sniper pod; us gbu 54 x2 slot8
f_16c_block_50_missile_test	f_16c_block_50_gbu_62_laser	us gbu 62 laser x2 slot3; 2x us gbu 62 laser; sniper pod; us gbu 62 laser x2 slot8
f_16c_block_50_missile_test	f_16c_block_50_blu_1	blu 27 slot3; blu 27 slot4; blu 27 slot6; blu 27 slot7
f_16c_block_50_missile_test	f_16c_block_50_agm_88	4x agm 88; asq 213
f_16c_block_50_missile_test	f_16c_block_50_agm_84	2x agm 84
f_16c_block_52_aesa	f_16c_block_52_aesa_default	ptb slot4; ptb; ptb slot7
f_16c_block_52_aesa	f_16c_block_52_aesa_aim_9m_default	2x aim 9m wingtip default; aim 120c default slot2; aim 120c default slot9
f_16c_block_52_aesa	f_16c_block_52_aesa_aim_9m	2x aim 9m wingtip default; 4x aim 9m
f_16c_block_52_aesa	f_16c_block_52_aesa_aim_120b	aim 120b wingtip slot1; aim 120b slot2; aim 120b slot3; aim 120b slot8; aim 120b slot9; aim 120b wingtip slot10
f_16c_block_52_aesa	f_16c_block_52_aesa_aim_120c	aim 120c wingtip slot1; aim 120c default slot2; aim 120c slot3; aim 120c slot8; aim 120c default slot9; aim 120c wingtip slot10
f_16c_block_52_aesa	f_16c_block_52_aesa_aim_120d	aim 120d wingtip slot1; aim 120d slot2; aim 120d slot3; aim 120d slot8; aim 120d slot9; aim 120d wingtip slot10
f_16c_block_52_aesa	f_16c_block_52_aesa_lau_3	2x ter lau 3a
f_16c_block_52_aesa	f_16c_block_52_aesa_lau_68	2x us hydra 70 lau 68
f_16c_block_52_aesa	f_16c_block_52_aesa_agm65	2x agm 65d; agm 65d slot4; agm 65d slot8
f_16c_block_52_aesa	f_16c_block_52_aesa_agm65_x3	2x agm 65d x3
f_16c_block_52_aesa	f_16c_block_52_aesa_agm65g	2x agm 65g; agm 65g slot4; agm 65g slot8
f_16c_block_52_aesa	f_16c_block_52_aesa_apkws_m151	2x us apkws m151; sniper pod
f_16c_block_52_aesa	f_16c_block_52_aesa_apkws_m282	2x us apkws m282; sniper pod
f_16c_block_52_aesa	f_16c_block_52_aesa_mk82_ter	4x ter mk82
f_16c_block_52_aesa	f_16c_block_52_aesa_mk82_ter_pids	2x ter mk82 pids; 2x ter mk82
f_16c_block_52_aesa	f_16c_block_52_aesa_mk84	4x us mk84
f_16c_block_52_aesa	f_16c_block_52_aesa_mk84_pids	2x us mk84 pids; 2x us mk84
f_16c_block_52_aesa	f_16c_block_52_aesa_mk82_snakeye	4x ter mk82 snakeye
f_16c_block_52_aesa	f_16c_block_52_aesa_mk82_snakeye_pids	2x ter mk82 snakeye pids; 2x ter mk82 snakeye
f_16c_block_52_aesa	f_16c_block_52_aesa_mk84_air	4x us mk84 air
f_16c_block_52_aesa	f_16c_block_52_aesa_mk84_air_pids	2x us mk84 air pids; 2x us mk84 air
f_16c_block_52_aesa	f_16c_block_52_aesa_gbu_12	gbu12 slot3; 2x gbu12; sniper pod; gbu12 slot8
f_16c_block_52_aesa	f_16c_block_52_aesa_gbu_12_pids	gbu12 slot3 pids; 2x gbu12; sniper pod; gbu12 slot8 pids
f_16c_block_52_aesa	f_16c_block_52_aesa_gbu_24	4x gbu24; sniper pod
f_16c_block_52_aesa	f_16c_block_52_aesa_gbu_24_pids	2x gbu24 pids; 2x gbu24; sniper pod
f_16c_block_52_aesa	f_16c_block_52_aesa_gbu_38	us gbu 38 x2 slot3; 2x us gbu 38; us gbu 38 x2 slot8
f_16c_block_52_aesa	f_16c_block_52_aesa_gbu_38_pids	us gbu 38 x2 pids slot3; 2x us gbu 38; us gbu 38 x2 pids slot8
f_16c_block_52_aesa	f_16c_block_52_aesa_gbu_31	us gbu 31 slot3; 2x us gbu 31; us gbu 31 slot8
f_16c_block_52_aesa	f_16c_block_52_aesa_gbu_31_pids	us gbu 31 pids slot3; 2x us gbu 31; us gbu 31 pids slot8
f_16c_block_52_aesa	f_16c_block_52_aesa_gbu_39	us gbu 39 slot3; us gbu 39 slot8
f_16c_block_52_aesa	f_16c_block_52_aesa_gbu_39_pids	us gbu 39 pids slot3; us gbu 39 pids slot8
f_16c_block_52_aesa	f_16c_block_52_aesa_gbu_53	us gbu 53 slot3; us gbu 53 slot8
f_16c_block_52_aesa	f_16c_block_52_aesa_gbu_53_pids	us gbu 53 pids slot3; us gbu 53 pids slot8
f_16c_block_52_aesa	f_16c_block_52_aesa_gbu_62	us gbu 62 x2 slot3; 2x us gbu 62; us gbu 62 x2 slot8
f_16c_block_52_aesa	f_16c_block_52_aesa_gbu_62_pids	us gbu 62 x2 pids slot3; 2x us gbu 62; us gbu 62 x2 pids slot8
f_16c_block_52_aesa	f_16c_block_52_aesa_gbu_64	us gbu 64 slot3; 2x us gbu 64; us gbu 64 slot8
f_16c_block_52_aesa	f_16c_block_52_aesa_gbu_64_pids	us gbu 64 pids slot3; 2x us gbu 64; us gbu 64 pids slot8
f_16c_block_52_aesa	f_16c_block_52_aesa_gbu_54b	gbu 54b slot3; 2x us gbu 54; sniper pod; gbu 54b slot8
f_16c_block_52_aesa	f_16c_block_52_aesa_gbu_54b_pids	us gbu 54 x2 pids slot3; 2x us gbu 54; sniper pod; us gbu 54 x2 pids slot8
f_16c_block_52_aesa	f_16c_block_52_aesa_gbu_62_laser	us gbu 62 laser x2 slot3; 2x us gbu 62 laser; sniper pod; us gbu 62 laser x2 slot8
f_16c_block_52_aesa	f_16c_block_52_aesa_gbu_62_laser_pids	us gbu 62 laser x2 pids slot3; 2x us gbu 62 laser; sniper pod; us gbu 62 laser x2 pids slot8
f_16c_block_52_aesa	f_16c_block_52_aesa_agm154	agm 154a1 x2 slot3; agm 154a1 x2 slot8
f_16c_block_52_aesa	f_16c_block_52_aesa_agm154_pids	agm 154a1 x2 pids slot3; agm 154a1 x2 pids slot8
f_16c_block_52_aesa	f_16c_block_52_aesa_blu_1	blu 27 slot3; blu 27 slot4; blu 27 slot6; blu 27 slot7
f_16c_block_52_aesa	f_16c_block_52_aesa_blu_1_pids	blu 27 slot3 pids; blu 27 slot4; blu 27 slot6; blu 27 slot7 pids
f_16c_block_52_aesa	f_16c_block_52_aesa_agm_88	4x agm 88; asq 213
f_16c_block_52_aesa	f_16c_block_52_aesa_agm_84	2x agm 84
f_16d_block_40_barak_2	f_16d_block_40_barak_2_default	ptb slot4; ptb; ptb slot7
f_16d_block_40_barak_2	f_16d_block_40_barak_2_aim_9m_default	2x aim 9m wingtip default; 2x derby default
f_16d_block_40_barak_2	f_16d_block_40_barak_2_aim_9l	2x aim 9l wingtip default; 4x aim 9l
f_16d_block_40_barak_2	f_16d_block_40_barak_2_aim_9m	2x aim 9m wingtip default; 4x aim 9m
f_16d_block_40_barak_2	f_16d_block_40_barak_2_aim_7	2x aim 7m
f_16d_block_40_barak_2	f_16d_block_40_barak_2_6x_derby	2x derby wingtip; 2x derby default; 2x derby
f_16d_block_40_barak_2	f_16d_block_40_barak_2_mk82	4x ver mk82
f_16d_block_40_barak_2	f_16d_block_40_barak_2_mk117	4x mk117
f_16d_block_40_barak_2	f_16d_block_40_barak_2_mk117_x2	4x mk117 x2
f_16d_block_40_barak_2	f_16d_block_40_barak_2_mk83	4x mk83
f_16d_block_40_barak_2	f_16d_block_40_barak_2_mk83_x2	4x ver mk83 x2
f_16d_block_40_barak_2	f_16d_block_40_barak_2_mk84	4x us mk84
f_16d_block_40_barak_2	f_16d_block_40_barak_2_mk82_snakeye	4x ver mk82 snakeye
f_16d_block_40_barak_2	f_16d_block_40_barak_2_gbu_12	4x gbu12; litening pod
f_16d_block_40_barak_2	f_16d_block_40_barak_2_gbu_16	4x gbu16; litening pod
f_16d_block_40_barak_2	f_16d_block_40_barak_2_gbu_10	4x gbu10; litening pod
f_16d_block_40_barak_2	f_16d_block_40_barak_2_gbu_15v1	2x gbu15v1
f_16d_block_40_barak_2	f_16d_block_40_barak_2_gbu_31	us gbu 31 slot3; us gbu 31 slot4; us gbu 31 slot7; us gbu 31 slot8
f_16d_block_40_barak_2	f_16d_block_40_barak_2_gbu_64	us gbu 64 slot3; us gbu 64 slot4; us gbu 64 slot7; us gbu 64 slot8
f_16d_block_40_barak_2	f_16d_block_40_barak_2_gbu_39	us gbu 39 slot3; us gbu 39 slot8
f_16d_block_40_barak_2	f_16d_block_40_barak_2_spice_1000	il spice 1000 slot3; il spice 1000 slot4; il spice 1000 slot7; il spice 1000 slot8
f_16d_block_40_barak_2	f_16d_block_40_barak_2_spice_2000	il spice 2000 slot3; il spice 2000 slot4; il spice 2000 slot7; il spice 2000 slot8
f_16d_block_40_barak_2_killstreak	f_16d_block_40_barak_2_killstreak_default	no suspended armament
f_16d_block_40_barak_2_killstreak	f_16d_block_40_barak_2_1xb61	2x aim 9l wingtip default; 2x derby default; b61; ptb slot4; ptb slot7
f_16d_block_40_barak_2_killstreak	f_16d_block_40_barak_2_killstreak_b61_5kt_nt	2x aim 9l wingtip default; 2x derby default; b61 5kt; ptb slot4; ptb slot7
f_16d_block_40_barak_2_killstreak	f_16d_block_40_barak_2_killstreak_b61_30kt_nt	2x aim 9l wingtip default; 2x derby default; b61 30kt; ptb slot4; ptb slot7
f_16d_block_40_barak_2_missile_test	f_16d_block_40_barak_2_6x_derby_default	2x derby wingtip; 2x derby default; 2x derby
f_16d_block_40_barak_2_missile_test	f_16d_block_40_barak_2_2x_aim_9m_4x_derby	2x aim 9m wingtip; 2x derby default; 2x derby
f_16i_sufa	f_16i_sufa_default	ptb slot4; comfor left; ptb; comfor right; ptb slot9
f_16i_sufa	f_16i_sufa_aim_9m_default	2x aim 9m wingtip default; 2x aim 120c default; comfor left; comfor right
f_16i_sufa	f_16i_sufa_aim_9l	2x aim 9l wingtip default; 4x aim 9l
f_16i_sufa	f_16i_sufa_aim_9m	2x aim 9m wingtip default; 4x aim 9m
f_16i_sufa	f_16i_sufa_6x_aim_120b	aim 120b slot1; aim 120b slot2; aim 120b slot3; aim 120b slot10; aim 120b slot11; aim 120b slot12
f_16i_sufa	f_16i_sufa_6x_aim_120c	aim 120c slot1; 2x aim 120c default; aim 120c slot3; aim 120c slot8; aim 120c slot10
f_16i_sufa	f_16i_sufa_mk82	4x ver mk82; comfor left; comfor right
f_16i_sufa	f_16i_sufa_mk117	4x mk117; comfor left; comfor right
f_16i_sufa	f_16i_sufa_mk117_x2	4x mk117 x2; comfor left; comfor right
f_16i_sufa	f_16i_sufa_mk83	4x mk83; comfor left; comfor right
f_16i_sufa	f_16i_sufa_mk83_x2	4x ver mk83 x2; comfor left; comfor right
f_16i_sufa	f_16i_sufa_mk84	4x us mk84
f_16i_sufa	f_16i_sufa_mk82_snakeye	4x ver mk82 snakeye; comfor left; comfor right
f_16i_sufa	f_16i_sufa_gbu_12	4x gbu12; litening pod
f_16i_sufa	f_16i_sufa_gbu_16	4x gbu16; litening pod
f_16i_sufa	f_16i_sufa_gbu_10	4x gbu10; litening pod
f_16i_sufa	f_16i_sufa_gbu_15v1	2x gbu15v1
f_16i_sufa	f_16i_sufa_gbu_31	us gbu 31 slot3; us gbu 31 slot4; comfor left; comfor right; us gbu 31 slot7; us gbu 31 slot8
f_16i_sufa	f_16i_sufa_gbu_31_tutorial	us gbu 31 slot3; us gbu 31 slot4; us gbu 31 slot7; us gbu 31 slot8
f_16i_sufa	f_16i_sufa_gbu_64	us gbu 64 slot3; us gbu 64 slot4; comfor left; comfor right; us gbu 64 slot7; us gbu 64 slot8
f_16i_sufa	f_16i_sufa_gbu_64_tutorial	us gbu 64 slot3; us gbu 64 slot4; us gbu 64 slot7; us gbu 64 slot8
f_16i_sufa	f_16i_sufa_gbu_39	us gbu 39 slot3; comfor left; comfor right; us gbu 39 slot8
f_16i_sufa	f_16i_sufa_gbu_39_tutorial	us gbu 39 slot3; us gbu 39 slot8
f_16i_sufa	f_16i_sufa_spice_250	il spice 250 slot3; il spice 250 slot8
f_16i_sufa	f_16i_sufa_spice_1000	il spice 1000 slot3; il spice 1000 slot4; il spice 1000 slot7; il spice 1000 slot8
f_16i_sufa	f_16i_sufa_spice_2000	il spice 2000 slot3; il spice 2000 slot4; il spice 2000 slot7; il spice 2000 slot8
f_16xl	f_16xl_default	2x aim 9l wingtip default; ptb slot2; aim 120a default; ptb slot12
f_16xl	f_16xl_aim_120	aim 120a
f_16xl	f_16xl_mk82	8x mk82; 2x mk82 x4
f_16xl	f_16xl_mk84	mk84 slot2; mk84 slot5; mk84 slot9; mk84 slot12
f_16xl	f_16xl_agm_65b	4x agm 65b; agm 65b slot6; agm 65b slot8
f_20a	f_20a_default	2x aim 9l wingtip default; 2x aim 7f; ptb slot3; ptb slot4; ptb slot5
f_20a	f_20a_aim_9l	2x aim 9l wingtip default; 2x us aim9l sidewinder x2
f_20a	f_20a_aim_9l_x4	2x aim 9l wingtip default; 2x aim 9l default
f_20a	f_20a_aim_7f	2x aim 7f
f_20a	f_20a_bomb_m117	2x aim 9l wingtip default; 5x m117
f_20a	f_20a_bomb_mk82	2x aim 9l wingtip default; 4x mk82; mer mk82 x5
f_20a	f_20a_bomb_mk82_snakeye	2x aim 9l wingtip default; 4x mk82 snakeye; mer mk82 x5 snakeye
f_20a	f_20a_bomb_mk83	2x aim 9l wingtip default; 2x aim 7f; 3x mk83
f_20a	f_20a_bomb_mk84	2x aim 9l wingtip default; 2x aim 7f; mk84
f_20a	f_20a_rockets_lau18	2x aim 9l wingtip default; 4x aero 7a
f_20a	f_20a_agm_65b	4x agm 65b
f_20a	f_20a_agm_65b_aim9l	2x aim 9l wingtip default; 4x agm 65b
f_20a	f_20a_gpu_5a	2x aim 9l wingtip default; 2x aim 9l default; gau 5a gunpod
f_20a	f_20a_bomb_blu_1	2x aim 9l wingtip default; 5x blu27
f_20a	f_20a_bomb_mk84_air	2x aim 9l wingtip default; 2x aim 9l default; mk84 air
f_222_2	f_222_50kg_gammn	no suspended armament
f_222_2	f_222_100kg_200kg	no suspended armament
f_222_2	f_222_500kg	no suspended armament
f_222_2	f_222_3000kg	no suspended armament
f_2a	f_2a_default	2x jp aam3 default; 2x jp aam4 default; ptb slot5; ptb slot6; ptb slot8
f_2a	f_2a_aam_3	2x jp aam3 default; 2x jp aam3
f_2a	f_2a_aam_4	2x jp aam4 default; 2x jp aam4
f_2a	f_2a_aim_7m	2x aim 7m default; 2x aim 7m
f_2a	f_2a_mk82	6x ter mk82
f_2a	f_2a_mk82_snakeye	6x ter mk82 snakeye
f_2a	f_2a_mk84	6x us mk84
f_2a	f_2a_mk84_air	6x us mk84 air
f_2a	f_2a_gbu_38	4x bru 55 gbu 38
f_2a	f_2a_gbu_31	4x gbu 31
f_2a	f_2a_gbu_54	4x bru 55 gbu 54; sniper atp pod
f_2a	f_2a_gbu_62	4x bru 55 gbu 62
f_2a	f_2a_gbu_62_laser	4x bru 55 gbu 62 laser; sniper atp pod
f_2a	f_2a_gbu_64	4x gbu 64
f_2a	f_2a_lau3a	6x lau 3a
f_2a	f_2a_lr_4	6x lr 4
f_2a	f_2a_asm_1	6x jp asm1
f_2a	f_2a_asm_2	6x jp asm2
f_2a_adtw	f_2a_adtw_default	2x jp aam3 default; 2x jp aam3; 2x aim 7m default; 2x aim 7m; ptb slot5; ptb slot6; j aaq 2 pod; ptb slot8
f_2a_adtw	f_2a_adtw_aam_3	2x jp aam3 default; 2x jp aam3
f_2a_adtw	f_2a_adtw_aim_7m	2x jp aam3 default; 2x jp aam3; 2x aim 7m default; 2x aim 7m
f_2a_adtw	f_2a_adtw_mk82	2x jp aam3 default; 2x jp aam3; 6x ter mk82; j aaq 2 pod
f_2a_adtw	f_2a_adtw_mk82_snakeye	2x jp aam3 default; 2x jp aam3; 6x ter mk82 snakeye; j aaq 2 pod
f_2a_adtw	f_2a_adtw_mk84	2x jp aam3 default; 2x jp aam3; 6x us mk84; j aaq 2 pod
f_2a_adtw	f_2a_adtw_mk84_air	2x jp aam3 default; 2x jp aam3; 6x us mk84 air; j aaq 2 pod
f_2a_adtw	f_2a_adtw_gbu_38	2x jp aam3 default; 2x jp aam3; 4x bru 55 gbu 38; j aaq 2 pod
f_2a_adtw	f_2a_adtw_gbu_31	2x jp aam3 default; 2x jp aam3; 4x gbu 31; j aaq 2 pod
f_2a_adtw	f_2a_adtw_gbu_62	2x jp aam3 default; 2x jp aam3; 4x bru 55 gbu 62; j aaq 2 pod
f_2a_adtw	f_2a_adtw_gbu_64	2x jp aam3 default; 2x jp aam3; 4x gbu 64; j aaq 2 pod
f_2a_adtw	f_2a_adtw_gbu_38_tutorial	4x bru 55 gbu 38; j aaq 2 pod
f_2a_adtw	f_2a_adtw_gbu_31_tutorial	4x gbu 31; j aaq 2 pod
f_2a_adtw	f_2a_adtw_gbu_62_tutorial	4x bru 55 gbu 62; j aaq 2 pod
f_2a_adtw	f_2a_adtw_gbu_64_tutorial	4x gbu 64; j aaq 2 pod
f_2a_adtw	f_2a_adtw_lau3a	2x jp aam3 default; 2x jp aam3; 6x lau 3a
f_2a_adtw	f_2a_adtw_lr_4	2x jp aam3 default; 2x jp aam3; 6x lr 4
f_2a_adtw	f_2a_adtw_asm_1	2x jp aam3 default; 2x jp aam3; 6x jp asm1; j aaq 2 pod
f_2a_adtw	f_2a_adtw_asm_2	2x jp aam3 default; 2x jp aam3; 6x jp asm2; j aaq 2 pod
f_2a_adtw	f_2a_adtw_aim_7m_single	2x aim 7m
f_2a_killstreak	f_2a_killstreak_default	no suspended armament
f_2a_killstreak	f_2a_1xb61	2x jp aam3 default; 2x jp aam4 default; b61; ptb slot5; ptb slot8
f_2a_killstreak	f_2a_killstreak_b61_5kt_nt	2x jp aam3 default; 2x jp aam4 default; b61 5kt; ptb slot5; ptb slot8
f_2a_killstreak	f_2a_killstreak_b61_30kt_nt	2x jp aam3 default; 2x jp aam4 default; b61 30kt; ptb slot5; ptb slot8
f_47n_25_re_china	f_47n_25_re_china_default	no suspended armament
f_47n_25_re_china	f_47n_25_re_china_hvar_rockets	10x hvar
f_47n_25_re_china	f_47n_25_re_china_500lbs_bombs	500lbs
f_47n_25_re_china	f_47n_25_re_china_1000lbs_bomb	2x 1000lbs; 1000lbs slot7
f_4e_event	f_4e_event_default	3x mer lau 10a; 2x ter lau 10a; 2x aim 9j; 4x aim 7e2
f_4e_event	f_4e_event_aim_9l	mer m117 x3 left wing; 2x ter m117; mer m117 x5; mer m117 x3 right wing; 2x aim 9j; 4x aim 7e2
f_4e_event	f_4e_event_aim_9m	2x mer lau 10a; 2x ter mk83; mer lau 10a smoke; 2x aim 9j; 4x aim 7e2
f_4e_event	f_4e_event_python_4	3x mer mk82 x6; 2x ter mk82; 2x aim 9j; 4x aim 7e2
f_4e_event	f_4e_event_aim_120	2x mer mk82 x6; 2x ter lau 10a; mer lau 10a smoke; 2x aim 9j; 4x aim 7e2
f_4e_event	f_4e_event_aim_9l_aim_7f	3x mer lau 3a; 2x ter lau 3a; 2x aim 9j; 4x aim 7e2
f_4e_event	f_4e_event_aim_9l_aim_120	2x mer lau 3a; 2x ter mk82; mer lau 10a smoke; 2x aim 9j; 4x aim 7e2
f_4e_event	f_4e_event_aam	2x aim 9j; 4x aim 7e2
f_4e_event	f_4e_event_rockets	2x mer lau 10a; 2x ter lau 10a; mer lau 10a smoke; 2x aim 9j; 4x aim 7e2
f_4e_event	f_4e_event_mk83_bomb	2x mer mk83 x2; 2x ter mk83; mer mk83 x3; 2x aim 9j; 4x aim 7e2
f_4e_event	f_4e_event_snakeye_bomb	3x mer mk82 x6 snakeye; 2x ter mk82 snakeye; 2x aim 9j; 4x aim 7e2
f_4e_event	f_4e_event_snakeye_bomb_smoke	2x mer mk82 x6 snakeye; 2x ter lau 10a; mer lau 10a smoke; 2x aim 9j; 4x aim 7e2
f_4e_event	f_4e_event_napalm	2x mer blu 27 x1; 2x ter lau 10a; mer blu 27 x2; 2x aim 9j; 4x aim 7e2
f_4e_event	f_4e_event_napalm_smoke	2x mer blu 27 x1; 2x ter lau 10a; mer lau 10a smoke; 2x aim 9j; 4x aim 7e2
f_6c_pakistan	f_6c_pakistan_default	ptb l; ptb fuse; ptb r
f_6c_pakistan	f_6c_pakistan_aim9	2x aim9
f_6c_pakistan	f_6c_pakistan_oro57	4x oro57
f_6c_pakistan	f_6c_pakistan_ofab100	2x 100 2
f_6c_pakistan	f_6c_pakistan_ofab250	2x 250 2
f1	f1_default	no suspended armament
f1	f1_2xaim9e	2x aim 9e default
f1	f1_4xaim9	2x aim 9e default; 2x aim 9e
f1	f1_4xaim9p	4x aim 9p
f1	f1_2xAero7	4x jlau 3a
f1	f1_zuni	4x rl4 zuni
f1	f1_8x500lbs	4x us 500lb x2; us 500lb x4
f1	f1_5x750lbs	5x jp 750lb
f-100a_china	f_100a_default	no suspended armament
f-100a_china	f_100a_default_2xaim9b	2x aim9b default
f-100a_china	f_100a_4xaim9b	aim9b x2 slot1; aim9b x2 slot2
f-100a_china	f_100a_4xaim9e	aim9e x2 slot1; aim9e x2 slot2
f-100a_china	f_100a_2xagm12b	2x agm12
f-100a_china	f_100a_mk82	2x mk82
f-100a_china	f_100a_2x750lbs	2x 750lb
f-100a_china	f_100a_2x1000lbs	2x 1000lb
f-100a_china	f_100a_mk82_snakeye	2x mk82 drag
f-100a_china	f_100a_2x_m116a2	2x m116
f-100d	f_100_default	no suspended armament
f-100d	f_100d_default_2x_aim9b	2x aim9b default
f-100d	f_100_2xAIM-9B	aim9b x2 slot3; aim9b x2 slot4
f-100d	f_100_2xAIM-9E	aim9e x2 slot3; aim9e x2 slot4
f-100d	f_100_4xAero7	2x aero7
f-100d	f_100_lau_10a_zuni	2x lau 10a zuni
f-100d	f_100_2xAGM-12B	2x agm12
f-100d	f_100_6x500lbs	6x 500lb x1
f-100d	f_100_10x500lbs	4x 500lb x1; 2x 500lb x2
f-100d	f_100d_6x750lbs	6x 750lb x1
f-100d	f_100_8x750lbs	4x 750lb x1; 2x 750lb x2
f-100d	f_100_4x1000lbs	4x 1000lb
f-100d	f_100d_6x500lbs_snakeye	6x 500lb drag
f-100d	f_100d_blu27_x6	6x blu27
f-100d	f_100d_blu27_x8	4x blu27; 2x blu27 x2
f-100d_france	f_100_default	no suspended armament
f-100d_france	f_100d_default_2x_aim9b	2x aim9b default
f-100d_france	f_100_2xAIM-9B	aim9b x2 slot3; aim9b x2 slot4
f-100d_france	f_100_4xAero7	2x aero7
f-100d_france	f_100_2xlau10	2x zuni
f-100d_france	f_100_6xmk82_bomb	6x mk82
f-100d_france	f_100_6xmk82_snakeye_bomb	6x mk82 snakeye
f-100d_france	f_100_6xm117_bomb	6x 750lb x1
f-100d_france	f_100d_4xmk83_bomb	4x 1000lb
f-100d_france	f_100d_blu27_x6	6x blu27
f-104a	f_104a_default	no suspended armament
f-104a	f-104a_aim_9b	no suspended armament
f-104a_china	f_104a_default	no suspended armament
f-104a_china	f-104a_aim_9b	no suspended armament
f-104c	f_104c_default	no suspended armament
f-104c	f-104c_aim_9b	2x aim 9b; aim 9b slot3; aim 9b slot5
f-104c	f-104c_aero_7	2x lau 7a
f-104c	f-104c_bomb_m117	2x m117; m117 slot4
f-104c	f-104c_bomb_blu_27	2x blu 1
f-104g	f_104g_default	no suspended armament
f-104g	f-104g_default_aim_9j	2x aim 9e default
f-104g	f-104g_aim_9b	2x aim 9b; 2x aim 9b fuse
f-104g	f-104g_aim_9b_fgw_2	2x aim 9b fgw; 2x aim 9b fgw fuse
f-104g	f-104g_aim_9j	2x aim 9j; 2x aim 9j fuse
f-104g	f-104g_lau_32	2x lau 32
f-104g	f-104g_lau_51	lau 51 left; lau 51 right
f-104g	f-104g_as_20	2x as 20
f-104g	f-104g_as_30	2x as 30
f-104g	f-104g_bomb_mk82	mk82 dlt left; mk82; mk82 dlt right
f-104g	f-104g_bomb_m117	3x m117
f-104g	f-104g_bomb_mk83	3x mk83
f-104g	f-104g_bomb_mk84	mk84
f-104g	f-104g_bomb_matra_25e	3x matra 25e
f-104g	f-104g_bomb_mk82_snakeye	mk82 snakeye dlt left; mk82 snakeye; mk82 snakeye dlt right
f-104g	f-104g_bomb_blu_27	3x blu 1
f-104g_belgium	f_104g_default	no suspended armament
f-104g_belgium	f-104g_default_aim_9j	2x aim 9e default
f-104g_belgium	f-104g_aim_9b	2x aim 9b; 2x aim 9b fuse
f-104g_belgium	f-104g_aim_9j	2x aim 9j; 2x aim 9j fuse
f-104g_belgium	f-104g_lau_32	2x lau 32
f-104g_belgium	f-104g_china_bomb_mk82	3x mk82
f-104g_belgium	f-104g_china_bomb_mk82_snakeye	3x mk82 snakeye
f-104g_belgium	f-104g_bomb_m117	3x m117
f-104g_belgium	f-104g_bomb_mk83	3x mk83
f-104g_belgium	f-104g_bomb_matra_25e	3x matra 25e
f-104g_belgium	f-104g_bomb_blu_27	3x blu 1
f-104g_china	f_104g_default	no suspended armament
f-104g_china	f-104g_default_aim_9j	2x aim 9e default
f-104g_china	f-104g_aim_9b	2x aim 9b; 2x aim 9b fuse
f-104g_china	f-104g_aim_9j	2x aim 9j; 2x aim 9j fuse
f-104g_china	f-104g_lau_32	2x lau 32
f-104g_china	f-104g_rockets_lau_3a	2x lau 3a
f-104g_china	f-104g_rockets_lau10a	2x lau 10a
f-104g_china	f-104g_agm_12	2x agm 12
f-104g_china	f-104g_china_bomb_mk82	3x mk82
f-104g_china	f-104g_bomb_m117	3x m117
f-104g_china	f-104g_bomb_mk83	3x mk83
f-104g_china	f-104g_bomb_mk84	mk84
f-104g_china	f-104g_china_bomb_mk82_snakeye	3x mk82 snakeye
f-104g_china	f-104g_bomb_blu_27	3x blu 1
f-104g_italy	f-104g_italy_default	no suspended armament
f-104g_italy	f-104g_italy_rockets_aim_9b	2x aim 9b
f-104g_italy	f-104g_italy_rockets_aim_9j	2x aim 9j
f-104g_italy	f-104g_italy_rockets_aero_7	2x lau 3a
f-104g_italy	f-104g_italy_rockets_zuni	2x lau 10a
f-104g_italy	f-104g_italy_bomb_mk82	3x mk82
f-104g_italy	f-104g_italy_bomb_m117	3x m117
f-104g_italy	f-104g_italy_bomb_mk83	3x mk83
f-104g_italy	f-104g_italy_bomb_mk84	mk84
f-104g_italy	f-104g_italy_bomb_mk82_snakeye	3x mk82 snakeye
f-104g_italy	f-104g_italy_bomb_blu_1	3x blu 1
f-104j	f_104j_default	no suspended armament
f-104j	f-104j_default_aim_9b	2x aim 9b deafult
f-104j	f-104j_aim_9b	2x aim 9b deafult; 4x aim 9b
f-104j	f-104j_aim_9e	6x aim 9e
f-104j	f-104j_aim_9p	6x aim 9p
f-104j	f-104j_rl_7_hydra_247	2x rl 7
f-104j	f-104j_aero_7a_mighty_mouse	2x aero 7a
f-104s	f_104s_default	cannon m61
f-104s	f-104s_default_aim_9b	2x aim 9b default; cannon m61
f-104s	f-104s_default_aim_9j	2x aim 9j default; cannon m61
f-104s	f-104s_aim_9b	2x aim 9b default; 4x aim 9b; cannon m61
f-104s	f-104s_aim_9j	2x aim 9j default; 4x aim 9j; cannon m61
f-104s	f-104s_aim_7e	2x aim 7e
f-104s	f-104s_aero_7	4x lau 3a; cannon m61
f-104s	f-104s_zuni	2x lau 10a; cannon m61
f-104s	f-104s_bomb_mk81	6x mk81; cannon m61
f-104s	f-104s_bomb_mk82	7x mk82; cannon m61
f-104s	f-104s_bomb_m117	7x m117; cannon m61
f-104s	f-104s_bomb_mk83	3x mk83; cannon m61
f-104s	f-104s_bomb_mk84	cannon m61; mk84
f-104s	f-104s_bomb_mk82_snakeye	7x mk82 snakeye; cannon m61
f-104s	f-104s_bomb_blu_27	7x blu1; cannon m61
f-104s_asa	f-104s_asa_default	cannon m61
f-104s_asa	f-104s_asa_aim_9_default	2x default aim9l; cannon m61
f-104s_asa	f-104s_asa_aim_9	2x default aim9l; 2x aim9l; cannon m61
f-104s_asa	104s_asa_aspide_1a	2x it aspide 1a; aspide control station
f-104s_asa	f-104s_asa_aspide_1a_2x_aim_9l	2x default aim9l; 2x it aspide 1a; aspide control station
f-104s_asa	f-104s_asa_bomb_mk82	6x us 500lb mk 82 ldgp; cannon m61; mk82
f-104s_asa	f-104s_asa_bomb_mk82_snakeye	7x mk82 snakeye; cannon m61
f-104s_asa	f-104s_asa_bomb_m117	6x us 750lb m117 cone 45; cannon m61; m117
f-104s_asa	f-104s_asa_bomb_m117_aim_9l	2x default aim9l; 6x us 750lb m117 cone 45; cannon m61; m117
f-104s_asa	f-104s_asa_bomb_mk83	2x us 1000lb mk 83 ldgp; cannon m61; mk83
f-104s_asa	f-104s_asa_bomb_mk83_aim_9l	2x default aim9l; 2x us 1000lb mk 83 ldgp; cannon m61; mk83
f-104s_asa	f-104s_asa_bomb_mk84	cannon m61; us 2000lb mk 84 ldgp
f-104s_asa	f-104s_asa_bomb_mk84_aim_9l	2x default aim9l; cannon m61; us 2000lb mk 84 ldgp
f-104s_asa	f-104s_asa_aero_7	4x aero 7a 2 75 in ffar mighty mouse; cannon m61
f-104s_asa	f-104s_asa_zuni	2x lau 10a zuni wafar mk32; cannon m61
f-104s_asa	f-104s_asa_zuni_aero_7	2x lau 10a zuni wafar mk32; cannon m61; 2x aero 7a 2 75 in ffar mighty mouse
f-104s_asa	f-104s_asa_bomb_blu_27	5x blu1; cannon m61
f-104s_cb	f-104s_cb_default	no suspended armament
f-104s_cb	f-104s_cb_default_aim_9b	2x aim 9b default; cannon m61
f-104s_cb	f-104s_cb_default_aim_9p	2x aim 9p default; cannon m61
f-104s_cb	f-104s_cb_aim_9b	2x aim 9b default; 4x aim 9b; cannon m61
f-104s_cb	f-104s_cb_aim_9p	2x aim 9p default; 4x aim 9p; cannon m61
f-104s_cb	f-104s_cb_aim_7e	2x aim 7e
f-104s_cb	f-104s_cb_aim_7e_aim_9p	2x aim 9p default; 2x aim 7e; 2x aim 9p
f-104s_cb	f-104s_cb_aero_7	2x aim 9p default; 4x lau 3a; 2x aim 9p; cannon m61
f-104s_cb	f-104s_cb_zuni	2x aim 9p default; 2x lau 10a; 2x aim 9p; cannon m61
f-104s_cb	f-104s_cb_bomb_mk81	2x aim 9p default; 6x mk81; cannon m61
f-104s_cb	f-104s_cb_bomb_mk82	2x aim 9p default; 7x mk82; cannon m61
f-104s_cb	f-104s_cb_bomb_mk82_snakeye	2x aim 9p default; 7x mk82 snakeye; cannon m61
f-104s_cb	f-104s_cb_bomb_m117	2x aim 9p default; 7x m117; cannon m61
f-104s_cb	f-104s_cb_bomb_mk83	2x aim 9p default; 4x aim 9p; 3x mk83; cannon m61
f-104s_cb	f-104s_cb_bomb_mk84	2x aim 9p default; 4x aim 9p; cannon m61; mk84
f-104s_cb	f-104s_cb_bomb_blu_27	7x blu1; cannon m61
f-105d	f_105d_default	no suspended armament
f-105d	f_105d_rockets_aim9x2	aim 9b default left; aim 9b default right
f-105d	f_105d_rockets_aim9	2x aim 9b
f-105d	f_105d_rockets_aim9e	2x aim 9e
f-105d	f_105d_rockets_lau18	4x aero 7
f-105d	f_105d_rockets_lau_3a_mighty_mouse	lau 3a mighty mouse slot1; lau 3a mighty mouse slot2; lau 3a mighty mouse slot4; lau 3a mighty mouse slot5
f-105d	f_105d_rockets_lau_10a_zuni	lau 10a zuni slot1; lau 10a zuni slot2; lau 10a zuni slot4; lau 10a zuni slot5
f-105d	f_105d_rockets_agm_12b	4x agm12b
f-105d	f_105d_rockets_agm_12c	2x agm12c
f-105d	f_105d_agm_45b_3b	agm 45b 3b slot1; agm 45b 3b slot5
f-105d	f_105d_agm_45b_4	agm 45b 4 slot1; agm 45b 4 slot5
f-105d	f_105d_agm_45b_6	agm 45b 6 slot1; agm 45b 6 slot5
f-105d	f_105d_bomb_mk82_mdd6	2x mk82; mk82 left; mk82 centr; mk82 right
f-105d	f_105d_bomb_mk82_mdd6_snakeye	2x mk82 snakeye; mk82 left snakeye; mk82 centr snakeye; mk82 right snakeye
f-105d	f_105d_bomb_m117	2x mk117; mk117 left; mk117 centr; mk117 right
f-105d	f_105d_bomb_mk83	2x mk83; mk83 left; mk83 centr; mk83 right
f-105d	f_105d_bomb_mk84	3x mk84
f-105d	f_105d_bomb_m118	3x mk118
f-105d	f_105d_bomb_mk84_air	3x mk84 air
f-105d	f_105d_bomb_blu27b	2x blu27; blu27 left; blu27 centr; blu27 right
f-105d	f_105d_chaff	2x an ale2
f11f_1_late	f11f_1_late_default	no suspended armament
f11f_1_late	f11f_1_late_default_aim_9	2x aim9b default
f11f_1_late	f11f_1_late_rockets_aim_9	2x aim9b default; 2x aim9b
f11f_1_late	f11f_1_late_rockets_aero_6	4x aero6
f11f_1_late	f11f_1_late_rockets_aero_7	2x aero7
f11f_1_late	f11f_1_late_bomb_mk82	4x mk82
f11f_1_late	f11f_1_late_bomb_mk83	2x mk83
f1m2	f1m2_default	no suspended armament
f1m2	f1m2_bombs	no suspended armament
f2a-1	f2a-1_default	no suspended armament
f2a-1_thach	f2a-1_default	no suspended armament
f2a-3	f2a-3_default	no suspended armament
f2a-3	f2a-3_bombs	no suspended armament
f2g-1	f2g-1_default	no suspended armament
f2g-1	f2g-1_250_bombs	no suspended armament
f2g-1	f2g-1_500_bombs	no suspended armament
f2g-1	f2g-1_1000_bombs	no suspended armament
f2g-1	f2g-1_rockets	no suspended armament
f2g-1	f2g-1_tiny_tim	no suspended armament
f2h-2	f2h_2_default	ptb left; ptb right
f2h-2	f2h_2_8_hvar_rockets	8x hvar
f2h-2	f2h_2_4x250lb_bombs	4x 250lbs
f2h-2	f2h_2_2x500lb_bombs	2x 500lbs
f3d_1	f3d_default	no suspended armament
f3d_1	f3d_500lb_bombs	no suspended armament
f3d_1	f3d_1_tiny_tim	no suspended armament
f3d_1	f3d_1000lb_bombs	no suspended armament
f3d_1	f3d_2000lb_bombs	no suspended armament
f3f-2	f3f-2_default	no suspended armament
f3f-2	f3f-2_bombs	no suspended armament
f3f-2_galer	f3f-2_default	no suspended armament
f3f-2_galer	f3f-2_bombs	no suspended armament
f3h-2	f3h-2_default	no suspended armament
f3h-2	f3h-2_default_aim_9b	2x aim9b default
f3h-2	f3h-2_aim_9b	2x aim9b default; 2x aim9b
f3h-2	f3h-2_aim_7c	4x aim7
f3h-2	f3h-2_aero_6	8x aero6
f3h-2	f3h-2_aero_7	6x aero7
f3h-2	f3h-2_bomb_anm57	6x 250lb
f3h-2	f3h-2_bomb_mk81	6x mk81
f3h-2	f3h-2_bomb_anm64a1	6x anm64
f3h-2	f3h-2_bomb_mk82	4x mk82
f3h-2	f3h-2_bomb_mk83	2x 1000lb
f3h-2	f3h-2_bomb_mk84	2x 2000lb
f3h-2	f3h-2_bomb_m118	3000lb
f-4c	f4c_default	suu 23a gunpod
f-4c	f4c_default_ptb	ptb
f-4c	f_4c_aim9b_default	aim 9b default left wing; suu 23a gunpod; aim 9b default right wing
f-4c	f_4c_aim9b	2x aim 9b; suu 23a gunpod
f-4c	f_4c_suu_23a	2x suu 23a gunpod wing; suu 23a gunpod
f-4c	f_4c_bomb_mk81	3x mer mk81 x6; 2x ter mk81
f-4c	f_4c_bomb_mk82	3x mer mk82 x6; 2x ter mk82
f-4c	f_4c_bomb_mk82_snakeye	3x mer mk82 x6 snakeye; 2x ter mk82 snakeye
f-4c	f_4c_bomb_m117	mer m117 x3 left wing; 2x ter m117; mer m117 x5; mer m117 x3 right wing
f-4c	f_4c_blu_27	2x mer blu 27 x1; mer blu 27 x2
f-4c	f_4c_blu_1	mer blu 1 x2 left; 2x ter blu 1 x2; mer blu 1 x3; mer blu 1 x2 right
f-4c	f_4c_bomb_mk83	2x mer mk83 x2; 2x ter mk83; mer mk83 x3
f-4c	f_4c_bomb_mk84	3x us mk84
f-4c	f_4c_bomb_m118	us m118
f-4c	f_4c_rockets_agm12	4x agm 12b; suu 23a gunpod
f-4c	f_4c_rockets_agm12c	2x agm 12c; suu 23a gunpod
f-4c	f_4c_rockets_lau18	3x mer lau 3a; 2x ter lau 3a
f-4c	f_4c_rockets_zuni	3x mer lau 10a; 2x ter lau 10a
f-4c	f_4c_rockets_aim7d	4x aim 7d
f-4c	f_4c_aim9e	2x aim 9e
f-4c	f_4c_agm_45b_3b	agm 45b 3b slot1; agm 45b 3b slot2; suu 23a gunpod; agm 45b 3b slot10; agm 45b 3b slot11
f-4c	f_4c_agm_45b_4	agm 45b 4 slot1; agm 45b 4 slot2; suu 23a gunpod; agm 45b 4 slot10; agm 45b 4 slot11
f-4c	f_4c_agm_45b_6	agm 45b 6 slot1; agm 45b 6 slot2; suu 23a gunpod; agm 45b 6 slot10; agm 45b 6 slot11
f-4c	f_4c_bomb_mk84_air	3x us mk84 air
f4d_1	f4d-1_default	no suspended armament
f4d_1	f4d-1_aim_9b_default	2x aim 9b default
f4d_1	f4d-1_aim_9b	2x aim 9b default; 2x aim 9b
f4d_1	f4d-1_aero6	6x aero 6a
f4d_1	f4d-1_aero7	6x aero 7a
f4d_1	f4d-1_lau_10a	6x lau 10a
f-4e	f_4e_default	ptb
f-4e	f_4e_default_2x_aim9e	aim 9e default left wing; aim 9e default right wing
f-4e	f_4e_suu_23a	2x suu 23a gunpod wing; suu 23a gunpod
f-4e	f_4e_bomb_mk81	3x mer mk81 x6; 2x ter mk81
f-4e	f_4e_bomb_mk82	3x mer mk82 x6; 2x ter mk82
f-4e	f_4e_bomb_mk82_snakeye	3x mer mk82 x6 snakeye; 2x ter mk82 snakeye
f-4e	f_4e_bomb_m117	mer m117 x3 left wing; 2x ter m117; mer m117 x5; mer m117 x3 right wing
f-4e	f_4e_blu_27	2x mer blu 27 x1; mer blu 27 x2
f-4e	f_4e_blu_1	mer blu 1 x2 left; 2x ter blu 1 x2; mer blu 1 x3; mer blu 1 x2 right
f-4e	f_4e_bomb_mk83	2x mer mk83 x2; 2x ter mk83; mer mk83 x3
f-4e	f_4e_bomb_mk84	3x us mk84
f-4e	f_4e_bomb_m118	us m118
f-4e	f_4e_agm12c	2x agm 12c
f-4e	f_4e_rockets_lau18	3x mer lau 3a; 2x ter lau 3a
f-4e	f_4e_rockets_zuni	3x mer lau 10a; 2x ter lau 10a
f-4e	f_4e_aim9e	2x aim 9e
f-4e	f_4e_aim9j	2x aim 9j
f-4e	f_4e_aim7e	4x aim 7e
f-4e	f_4e_aim7e2	4x aim 7e2
f-4e	f_4e_agm_65b	2x agm 65b x3
f-4e	f_4e_agm_62	agm 62a slot1; agm 62a slot2; agm 62a slot10; agm 62a slot11
f-4e	f_4e_gbu_8	us 2000lb gbu 8 slot1; us 2000lb gbu 8 slot2; us 2000lb gbu 8 slot10; us 2000lb gbu 8 slot11
f-4e	f_4e_gbu_15	2x us 2000lb gbu 15v1
f-4e	f_4e_bomb_mk84_air	3x us mk84 air
f-4e	f_4e_agm_45b_9	agm 45b 9 slot1; agm 45b 9 slot2; agm 45b 9 slot10; agm 45b 9 slot11
f-4e	f_4e_agm_45b_10	agm 45b 10 slot1; agm 45b 10 slot2; agm 45b 10 slot10; agm 45b 10 slot11
f-4e_iaf	f_4e_iaf_default	ptb
f-4e_iaf	f_4e_iaf_default_aim9d	2x aim 9d default
f-4e_iaf	f_4e_iaf_aim9d	2x aim 9d; 2x aim 9d default
f-4e_iaf	f_4e_iaf_aim9g	2x aim 9g; 2x aim 9g fuse
f-4e_iaf	f_4e_iaf_suu_23a	2x suu 23a gunpod wing; suu 23a gunpod
f-4e_iaf	f_4e_iaf_bomb_mk81	3x mer mk81 x6; 2x ter mk81
f-4e_iaf	f_4e_iaf_bomb_mk82	3x mer mk82 x6; 2x ter mk82
f-4e_iaf	f_4e_iaf_bomb_mk82_snakeye	3x mer mk82 x6 snakeye; 2x ter mk82 snakeye
f-4e_iaf	f_4e_iaf_bomb_m117	mer m117 x3 left wing; 2x ter m117; mer m117 x5; mer m117 x3 right wing
f-4e_iaf	f_4e_iaf_blu_27	2x mer blu 27 x1; mer blu 27 x2
f-4e_iaf	f_4e_iaf_blu_1	mer blu 1 x2 left; 2x ter blu 1 x2; mer blu 1 x3; mer blu 1 x2 right
f-4e_iaf	f_4e_iaf_bomb_mk83	2x mer mk83 x2; 2x ter mk83; mer mk83 x3
f-4e_iaf	f_4e_iaf_bomb_mk84	3x us mk84
f-4e_iaf	f_4e_iaf_bomb_m118	us m118
f-4e_iaf	f_4e_iaf_rockets_lau18	3x mer lau 3a; 2x ter lau 3a
f-4e_iaf	f_4e_iaf_rockets_zuni	3x mer lau 10a; 2x ter lau 10a
f-4e_iaf	f_4e_iaf_rockets_aim7e	4x aim 7e
f-4e_iaf	f_4e_iaf_rockets_aim7e2	4x aim 7e2
f-4e_iaf	f_4e_iaf_agm_65b	2x agm 65b x3
f-4e_iaf	f_4e_iaf_agm_62	agm 62a slot1; agm 62a slot2; agm 62a slot10; agm 62a slot11
f-4e_iaf	f_4e_iaf_gbu_8	us 2000lb gbu 8 slot1; us 2000lb gbu 8 slot2; us 2000lb gbu 8 slot10; us 2000lb gbu 8 slot11
f-4e_iaf	f_4e_iaf_gbu_15	2x us 2000lb gbu 15v1
f-4e_iaf	f_4e_iaf_agm_45b_9	agm 45b 9 slot1; agm 45b 9 slot2; agm 45b 9 slot10; agm 45b 9 slot11
f-4e_iaf	f_4e_iaf_agm_45b_10	agm 45b 10 slot1; agm 45b 10 slot2; agm 45b 10 slot10; agm 45b 10 slot11
f-4e_kurnass_2000	kurnass_2000_default	ptb
f-4e_kurnass_2000	kurnass_2000_default_aim9g	aim 9l slot3 default; 2x python3 fuse default; aim 9l slot9 default
f-4e_kurnass_2000	kurnass_2000_aim9g	2x aim 9g; 2x aim 9g fuse
f-4e_kurnass_2000	kurnass_2000_aim9l	2x aim 9l; 2x aim 9l fuse
f-4e_kurnass_2000	kurnass_2000_python3	2x python3; 2x python3 fuse default
f-4e_kurnass_2000	kurnass_2000_suu_23a	2x suu 23a gunpod wing; suu 23a gunpod
f-4e_kurnass_2000	kurnass_2000_bomb_mk81	3x mer mk81 x6; 2x ter mk81
f-4e_kurnass_2000	kurnass_2000_bomb_mk82	3x mer mk82 x6; 2x ter mk82
f-4e_kurnass_2000	kurnass_2000_bomb_mk82_snakeye	3x mer mk82 x6 snakeye; 2x ter mk82 snakeye
f-4e_kurnass_2000	kurnass_2000_bomb_m117	mer m117 x3 left wing; 2x ter m117; mer m117 x5; mer m117 x3 right wing
f-4e_kurnass_2000	kurnass_2000_blu_27	2x mer blu 27 x1; mer blu 27 x2
f-4e_kurnass_2000	kurnass_2000_blu_1	mer blu 1 x2 left; 2x ter blu 1 x2; mer blu 1 x3; mer blu 1 x2 right
f-4e_kurnass_2000	kurnass_2000_bomb_mk83	2x mer mk83 x2; 2x ter mk83; mer mk83 x3
f-4e_kurnass_2000	kurnass_2000_bomb_mk84	3x us mk84
f-4e_kurnass_2000	kurnass_2000_bomb_m118	us m118
f-4e_kurnass_2000	kurnass_2000_rockets_lau18	3x mer lau 3a; 2x ter lau 3a
f-4e_kurnass_2000	kurnass_2000_rockets_zuni	3x mer lau 10a; 2x ter lau 10a
f-4e_kurnass_2000	kurnass_2000_add_ltc	2x additional ltc
f-4e_kurnass_2000	kurnass_2000_agm_65b	2x agm 65b
f-4e_kurnass_2000	kurnass_2000_agm_65b_x3	2x agm 65b x3
f-4e_kurnass_2000	kurnass_2000_agm_65d	2x agm 65d
f-4e_kurnass_2000	kurnass_2000_agm_65d_x3	2x agm 65d x3
f-4e_kurnass_2000	kurnass_2000_gbu_12	2x us gbu 12 external; 2x us gbu 12 x2; pave spike
f-4e_kurnass_2000	kurnass_2000_gbu_10	2x us gbu 10 external; 2x us gbu 10; pave spike
f-4e_kurnass_2000	kurnass_2000_gbu_15	2x us 2000lb gbu 15v1
f-4e_kurnass_2000	kurnass_2000_agm_45b_9	agm 45b 9 slot1; agm 45b 9 slot2; agm 45b 9 slot10; agm 45b 9 slot11
f-4e_kurnass_2000	kurnass_2000_agm_45b_10	agm 45b 10 slot1; agm 45b 10 slot2; agm 45b 10 slot10; agm 45b 10 slot11
f-4ej	f_4ej_default	ptb
f-4ej	f_4ej_default_aim9e	aim 9e default left wing; aim 9e default right wing
f-4ej	f_4ej_aim9e	2x aim 9e
f-4ej	f_4ej_aim9p	2x aim 9p
f-4ej	f_4ej_aim7d	4x aim 7d
f-4ej	f_4ej_aim7e	4x aim 7e
f-4ej	f_4ej_bomb_mk82	3x mer mk82 x6; 2x ter mk82
f-4ej	f_4ej_bomb_mk82_snakeye	3x mer mk82 x6 snakeye; 2x ter mk82 snakeye
f-4ej	f_4ej_bomb_m117	mer m117 x3 left wing; 2x ter m117; mer m117 x5; mer m117 x3 right wing
f-4ej	f_4ej_rockets_lau18	3x mer lau 3a; 2x ter lau 3a
f-4ej	f_4ej_rockets_zuni	3x mer lau 10a; 2x ter lau 10a
f-4ej	f_4ej_suu_23a	2x suu 23a gunpod wing; suu 23a gunpod
f-4ej_adtw	f_4ej_adtw_default	2x aim 9p; 4x aim 7d; ptb
f-4ej_adtw	f_4ej_adtw_default_aim9e	aim 9e default left wing; aim 9e default right wing
f-4ej_adtw	f_4ej_adtw_aim9e	2x aim 9e
f-4ej_adtw	f_4ej_adtw_aim9p	2x aim 9p
f-4ej_adtw	f_4ej_adtw_aim7d	4x aim 7d
f-4ej_adtw	f_4ej_adtw_aim7e	4x aim 7e
f-4ej_adtw	f_4ej_adtw_bomb_mk82	3x mer mk82 x6; 2x ter mk82; 2x aim 9p; 4x aim 7d
f-4ej_adtw	f_4ej_adtw_bomb_mk82_snakeye	3x mer mk82 x6 snakeye; 2x ter mk82 snakeye; 2x aim 9p; 4x aim 7d
f-4ej_adtw	f_4ej_adtw_bomb_m117	mer m117 x3 left wing; 2x ter m117; 2x aim 9p; 4x aim 7d; mer m117 x5; mer m117 x3 right wing
f-4ej_adtw	f_4ej_adtw_rockets_lau18	3x mer lau 3a; 2x ter lau 3a; 2x aim 9p; 4x aim 7d
f-4ej_adtw	f_4ej_adtw_rockets_zuni	3x mer lau 10a; 2x ter lau 10a; 2x aim 9p; 4x aim 7d
f-4ej_adtw	f_4ej_adtw_suu_23a	2x suu 23a gunpod wing; 2x aim 9p; 4x aim 7d; suu 23a gunpod
f-4ej_kai	f_4ej_kai_default	ptb
f-4ej_kai	f_4ej_kai_default_aim9p	aim 9p default left wing; 2x aim 7f default; aim 9p default right wing
f-4ej_kai	f_4ej_kai_aim9p	2x aim 9p
f-4ej_kai	f_4ej_kai_aim9l	2x aim 9l
f-4ej_kai	f_4ej_kai_aim7e	4x aim 7e
f-4ej_kai	f_4ej_kai_aim7f	2x aim 7f default; 2x aim 7f
f-4ej_kai	f_4ej_kai_suu_23a	2x suu 23a gunpod wing; suu 23a gunpod
f-4ej_kai	f_4ej_kai_bomb_mk82	3x mer mk82 x6; 2x ter mk82
f-4ej_kai	f_4ej_kai_bomb_mk82_snakeye	3x mer mk82 x6 snakeye; 2x ter mk82 snakeye
f-4ej_kai	f_4ej_kai_bomb_m117	mer m117 x3 left wing; 2x ter m117; mer m117 x5; mer m117 x3 right wing
f-4ej_kai	f_4ej_kai_rockets_lau18	3x mer lau 3a; 2x ter lau 3a
f-4ej_kai	f_4ej_kai_rockets_zuni	3x mer lau 10a; 2x ter lau 10a
f-4f	f_4f_default	ptb
f-4f	f_4f_suu_23a	2x suu 23a gunpod wing
f-4f	f_4f_default_aim_9e	aim 9e default left wing; aim 9e default right wing
f-4f	f_4f_aim_9b_fgw_2	2x aim9b fgw 2
f-4f	f_4f_aim_9e	2x aim 9e
f-4f	f_4f_aim_9j	2x aim 9j
f-4f	f_4f_bomb_mk81	3x mer mk81 x6; 2x ter mk81
f-4f	f_4f_bomb_mk82	3x mer mk82 x6; 2x ter mk82
f-4f	f_4f_bomb_mk82_snakeye	3x mer mk82 x6 snakeye; 2x ter mk82 snakeye
f-4f	f_4f_bomb_250_samp_type_25	5x ter 250 samp type 25
f-4f	f_4f_bomb_250_samp_type_25_200	5x ter 250 samp type 25 200
f-4f	f_4f_bomb_m117	mer m117 x3 left wing; 2x ter m117; mer m117 x5; mer m117 x3 right wing
f-4f	f_4f_blu_27	2x mer blu 27 x1; mer blu 27 x2
f-4f	f_4f_blu_1	mer blu 1 x2 left; 2x ter blu 1 x2; mer blu 1 x3; mer blu 1 x2 right
f-4f	f_4f_bomb_mk83	2x mer mk83 x2; 2x ter mk83; mer mk83 x3
f-4f	f_4f_bomb_mk84	3x us mk84
f-4f	f_4f_bomb_m118	us m118
f-4f	f_4f_rockets_lau18	3x mer lau 3a; 2x ter lau 3a
f-4f	f_4f_rockets_zuni	3x mer lau 10a; 2x ter lau 10a
f-4f_kws_lv	f_4f_kws_lv_default	ptb slot6
f-4f_kws_lv	f_4f_kws_lv_suu_23a	suu 23a gunpod wing slot1; suu 23a gunpod wing slot11
f-4f_kws_lv	f_4f_kws_lv_default_aim_9l_i	aim 9l i default slot3; aim 120a slot4 default; aim 120a slot8 default; aim 9l i default slot9
f-4f_kws_lv	f_4f_kws_lv_aim_9l_i	aim 9l i slot3; aim 9l i slot9
f-4f_kws_lv	f_4f_kws_lv_aim_120a	aim 120a slot4 default; aim 120a slot5; aim 120a slot7; aim 120a slot8 default
f-4f_kws_lv	f_4f_kws_lv_bomb_mk81	mer mk81 x6 slot1; ter mk81 slot2; mer mk81 x6 slot6; ter mk81 slot10; mer mk81 x6 slot11
f-4f_kws_lv	f_4f_kws_lv_bomb_mk82	mer mk82 x6 slot1; ter mk82 slot2; mer mk82 x6 slot6; ter mk82 slot10; mer mk82 x6 slot11
f-4f_kws_lv	f_4f_kws_lv_bomb_mk82_snakeye	mer mk82 x6 snakeye slot1; ter mk82 snakeye slot2; mer mk82 x6 snakeye slot6; ter mk82 snakeye slot10; mer mk82 x6 snakeye slot11
f-4f_kws_lv	f_4f_kws_lv_bomb_250_samp_type_25	ter 250 samp type 25 slot1; ter 250 samp type 25 slot2; ter 250 samp type 25 slot6; ter 250 samp type 25 slot10; ter 250 samp type 25 slot11
f-4f_kws_lv	f_4f_kws_lv_bomb_250_samp_type_25_200	ter 250 samp type 25 200 slot1; ter 250 samp type 25 200 slot2; ter 250 samp type 25 200 slot6; ter 250 samp type 25 200 slot10; ter 250 samp type 25 200 slot11
f-4f_kws_lv	f_4f_kws_lv_bomb_m117	mer m117 x3 left wing slot1; ter m117 slot2; mer m117 x5 slot6; ter m117 slot10; mer m117 x3 right wing slot11
f-4f_kws_lv	f_4f_kws_lv_blu_27	2x mer blu 27 x1; mer blu 27 x2
f-4f_kws_lv	f_4f_kws_lv_blu_1	mer blu 1 x2 left; 2x ter blu 1 x2; mer blu 1 x3; mer blu 1 x2 right
f-4f_kws_lv	f_4f_kws_lv_bomb_mk83	mer mk83 x2 slot1; ter mk83 slot2; mer mk83 x3 slot6; ter mk83 slot10; mer mk83 x2 slot11
f-4f_kws_lv	f_4f_kws_lv_bomb_mk84	us mk84 slot1; us mk84 slot6; us mk84 slot11
f-4f_kws_lv	f_4f_kws_lv_bomb_m118	us m118 slot6
f-4f_kws_lv	f_4f_kws_lv_rockets_lau18	mer lau 3a slot1; ter lau 3a slot2; mer lau 3a slot6; ter lau 3a slot10; mer lau 3a slot11
f-4f_kws_lv	f_4f_kws_lv_rockets_zuni	mer lau 10a slot1; ter lau 10a slot2; mer lau 10a slot6; ter lau 10a slot10; mer lau 10a slot11
f-4f_kws_lv	f_4f_kws_lv_agm_65d	agm 65d slot2; agm 65d slot10
f-4f_kws_lv	f_4f_kws_lv_agm_65g	agm 65g slot2; agm 65g slot10
f-4f_late	f_4f_default	ptb
f-4f_late	f_4f_suu_23a	2x suu 23a gunpod wing
f-4f_late	f_4f_default_aim_9e	aim 9e default left wing; aim 9e default right wing
f-4f_late	f_4f_aim_9b_fgw_2	2x aim9b fgw 2
f-4f_late	f_4f_aim_9e	2x aim 9e
f-4f_late	f_4f_aim_9j	2x aim 9j
f-4f_late	f_4f_bomb_mk81	3x mer mk81 x6; 2x ter mk81
f-4f_late	f_4f_bomb_mk82	3x mer mk82 x6; 2x ter mk82
f-4f_late	f_4f_bomb_mk82_snakeye	3x mer mk82 x6 snakeye; 2x ter mk82 snakeye
f-4f_late	f_4f_bomb_250_samp_type_25	5x ter 250 samp type 25
f-4f_late	f_4f_bomb_250_samp_type_25_200	5x ter 250 samp type 25 200
f-4f_late	f_4f_bomb_m117	mer m117 x3 left wing; 2x ter m117; mer m117 x5; mer m117 x3 right wing
f-4f_late	f_4f_blu_27	2x mer blu 27 x1; mer blu 27 x2
f-4f_late	f_4f_blu_1	mer blu 1 x2 left; 2x ter blu 1 x2; mer blu 1 x3; mer blu 1 x2 right
f-4f_late	f_4f_bomb_mk83	2x mer mk83 x2; 2x ter mk83; mer mk83 x3
f-4f_late	f_4f_bomb_mk84	3x us mk84
f-4f_late	f_4f_bomb_m118	us m118
f-4f_late	f_4f_rockets_lau18	3x mer lau 3a; 2x ter lau 3a
f-4f_late	f_4f_rockets_zuni	3x mer lau 10a; 2x ter lau 10a
f-4f_late	f_4f_agm_65b	2x agm 65b
f4f-3	f4f-3_default	no suspended armament
f4f-3	f4f-3_bombs	no suspended armament
f4f-3	f4f-3_bombs_hidden	no suspended armament
f4f-4	f4f-4_default	no suspended armament
f4f-4	f4f-4_bombs	no suspended armament
f4f-4_martlet_mk4	f4f-4_default	no suspended armament
f-4j	f_4j_default	mk4 gunpod
f-4j	f_4j_default_ptb	ptb
f-4j	f_4j_rockets_aim9d_default	aim 9d default left wing; mk4 gunpod; aim 9d default right wing
f-4j	f_4j_aim9d	2x aim 9d
f-4j	f_4j_aim9g	2x aim 9g
f-4j	f_4j_aim7e2	2x aim 7e2 wing; 4x aim 7e2
f-4j	f_4j_aim7f	2x aim 7f wing; 4x aim 7f
f-4j	f_4j_rockets_zuni	ter lau 10a slot1; ter lau 10a slot2; ter lau 10a slot6; ter lau 10a slot10; ter lau 10a slot11
f-4j	f_4j_rockets_lau18	ter lau 3a left wing; ter lau 3a slot2; ter lau 3a slot6; ter lau 3a slot10; ter lau 3a right wing
f-4j	f_4j_bomb_mk81	3x mer mk81 x6; 2x ter mk81
f-4j	f_4j_bomb_mk82	3x mer mk82 x6; 2x ter mk82
f-4j	f_4j_bomb_mk81_snakeye	3x mer mk81 x6 snakeye; 2x ter mk81 snakeye
f-4j	f_4j_bomb_mk82_snakeye	3x mer mk82 x6 snakeye; 2x ter mk82 snakeye
f-4j	f_4j_bomb_m117	mer m117 x3 left wing; 2x ter m117; mer m117 x5 centr; mer m117 x3 right wing
f-4j	f_4j_bomb_mk83	ter mk83 x2 left wing slot1; ter mk83 x2 left wing slot2; ter mk83; ter mk83 x2 right wing slot10; ter mk83 x2 right wing slot11
f-4j	f_4j_bomb_mk77	ter mk 77 x3 left; 2x ter mk 77 x2; ter mk 77 x3 centr; ter mk 77 x3 right
f-4j	f_4j_bomb_mk79	3x mk 79
f-4jk	f_4jk_default	mk4 gunpod
f-4jk	f_4jk_default_ptb	ptb
f-4jk	f_4jk_aim9g	2x aim 9g
f-4jk	f_4jk_aim7e	4x aim 7e
f-4jk	f_4jk_skyflash	4x skyflash
f-4jk	f_4jk_sneb	ter sneb x2 left wing; 2x ter sneb; ter sneb centr; ter sneb x2 right wing
f-4jk	f_4jk_1000lb	ter 1000lbs x2 left wing; 2x ter 1000lbs x2; ter 1000lbs; ter 1000lbs x2 right wing
f-4jk	f_4jk_1000lb_n117	ter 1000lbs x2 left wing n117; 2x ter 1000lbs x2 n117; ter 1000lbs n117; ter 1000lbs x2 right wing n117
f-4jk	f_4jk_540lb	ter 540lbs x2 left wing; ter 540lbs slot2; ter 540lbs slot6; ter 540lbs slot10; ter 540lbs x2 right wing
f-4jk	f_4jk_aim9g_aim7e	2x aim 9g; 4x aim 7e; mk4 gunpod
f-4jk	f_4jk_aim9g_skyflash	2x aim 9g; 4x skyflash; mk4 gunpod
f-4jk	f_4jk_aim9g_aim7e_540lb	ter 540lbs x2 left wing; ter 540lbs slot2; 2x aim 9g; 4x aim 7e; mk4 gunpod; ter 540lbs slot10; ter 540lbs x2 right wing
f-4jk	f_4jk_aim9g_skyflash_1000lb	ter 1000lbs x2 left wing; 2x ter 1000lbs x2; 2x aim 9g; 4x skyflash; mk4 gunpod; ter 1000lbs x2 right wing
f-4jk	f_4jk_aim9g_skyflash_sneb	ter sneb x2 left wing; 2x ter sneb; 2x aim 9g; 4x skyflash; mk4 gunpod; ter sneb x2 right wing
f-4k	f_4k_default	suu 23a gunpod
f-4k	f_4m_default_ptb	ptb
f-4k	f_4k_default_aim9d	aim 9d default left wing; aim 9d default right wing
f-4k	f_4k_aim9d	2x aim 9d
f-4k	f_4k_aim9g	2x aim 9g
f-4k	f_4k_aim7e	4x aim 7e
f-4k	f_4k_skyflash	4x skyflash
f-4k	f_4k_sneb	2x ter sneb; ter sneb centr
f-4k	f_4k_2_inch_rp	ter 2 inch rp x2 left; ter 2 inch rp x3 slot2; ter 2 inch rp x3 slot6; ter 2 inch rp x3 slot10; ter 2 inch rp x2 right
f-4k	f_4m_fgr2_1000lb	ter 1000lbs x2 left wing; 2x ter 1000lbs x2; ter 1000lbs; ter 1000lbs x2 right wing
f-4k	f_4m_fgr2_1000lb_n117	ter 1000lbs x2 left wing n117; 2x ter 1000lbs x2 n117; ter 1000lbs n117; ter 1000lbs x2 right wing n117
f-4k	f_4m_fgr2_540lb	ter 540lbs x2 left wing; ter 540lbs slot2; ter 540lbs slot6; ter 540lbs slot10; ter 540lbs x2 right wing
f-4m_fgr2	f_4m_fgr2_default	suu 23a gunpod
f-4m_fgr2	f_4m_default_ptb	ptb
f-4m_fgr2	f_4m_fgr2_default_aim9d	aim 9d default left wing; aim 9d default right wing
f-4m_fgr2	f_4m_fgr2_aim9d	2x aim 9d
f-4m_fgr2	f_4m_fgr2_aim9g	2x aim 9g
f-4m_fgr2	f_4m_fgr2_aim7e	4x aim 7e
f-4m_fgr2	f_4m_fgr2_skyflash	4x skyflash
f-4m_fgr2	f_4m_fgr2_sneb	2x ter sneb; ter sneb centr
f-4m_fgr2	f_4m_fgr2_1000lb	ter 1000lbs x2 left wing; 2x ter 1000lbs x2; ter 1000lbs; ter 1000lbs x2 right wing
f-4m_fgr2	f_4m_fgr2_1000lb_n117	ter 1000lbs x2 left wing n117; 2x ter 1000lbs x2 n117; ter 1000lbs n117; ter 1000lbs x2 right wing n117
f-4m_fgr2	f_4m_fgr2_540lb	ter 540lbs x2 left wing; ter 540lbs slot2; ter 540lbs slot6; ter 540lbs slot10; ter 540lbs x2 right wing
f-4s	f_4s_default	2x aim 9h; 4x aim 7f; mk4 gunpod
f-4s	f_4s_default_ptb	2x aim 9h; 4x aim 7f; ptb
f-4s	f_4s_aim9h	2x aim 9h
f-4s	f_4s_aim7f	2x aim 7f wing; 4x aim 7f
f-4s	f_4s_cannon_rockets_zuni_aim7f_aim9h	ter lau 10a slot1; ter lau 10a slot2; 2x aim 9h; 4x aim 7f; mk4 gunpod; ter lau 10a slot10; ter lau 10a slot11
f-4s	f_4s_cannon_rockets_lau18_aim7f_aim9h	ter lau 3a left wing; ter lau 3a slot2; 2x aim 9h; 4x aim 7f; mk4 gunpod; ter lau 3a slot10; ter lau 3a right wing
f-4s	f_4s_cannon_bomb_mk81_aim7f_aim9h	2x mer mk81 x6; 2x ter mk81; 2x aim 9h; 4x aim 7f; mk4 gunpod
f-4s	f_4s_cannon_bomb_mk82_aim7f_aim9h	2x mer mk82 x6; 2x ter mk82; 2x aim 9h; 4x aim 7f; mk4 gunpod
f-4s	f_4s_cannon_bomb_mk81_snakeye_aim7f_aim9h	2x mer mk81 x6 snakeye; 2x ter mk81 snakeye; 2x aim 9h; 4x aim 7f; mk4 gunpod
f-4s	f_4s_cannon_bomb_mk82_snakeye_aim7f_aim9h	2x mer mk82 x6 snakeye; 2x ter mk82 snakeye; 2x aim 9h; 4x aim 7f; mk4 gunpod
f-4s	f_4s_cannon_bomb_m117_aim7f_aim9h	mer m117 x3 left wing; 2x ter m117; 2x aim 9h; 4x aim 7f; mk4 gunpod; mer m117 x3 right wing
f-4s	f_4s_cannon_bomb_mk83_aim7f_aim9h	ter mk83 x2 left wing slot1; ter mk83 x2 left wing slot2; 2x aim 9h; 4x aim 7f; mk4 gunpod; ter mk83 x2 right wing slot10; ter mk83 x2 right wing slot11
f-4s	f_4s_bomb_mk77	ter mk 77 x3 left; 2x ter mk 77 x2; 2x aim 9h; 2x aim 7f; ter mk 77 x3 centr; ter mk 77 x3 right
f-4s	f_4s_bomb_mk79	3x mk 79; 2x aim 9h; 4x aim 7f
f4u-1a	f4u-1a_default	no suspended armament
f4u-1a	f4u-1a_bomb_500lb	no suspended armament
f4u-1a	f4u-1a_bomb_1000lb	no suspended armament
f4u-1a_japan	f4u-1a_default	no suspended armament
f4u-1a_usmc	f4u-1a_default	no suspended armament
f4u-1c	f4u-1c_default	no suspended armament
f4u-1c	f4u-1c_rockets	no suspended armament
f4u-1d	f4u-1d_default	no suspended armament
f4u-1d	f4u-1d_rockets	no suspended armament
f4u-1d	f4u-1d_bombs	no suspended armament
f4u-4	f4u-4_default	no suspended armament
f4u-4	f4u-4_hvar	8x hvar
f4u-4	f4u-4_tiny_tim	2x tyni tim
f4u-4	f4u-4_100lb	8x 100lbs
f4u-4	f4u-4_bombs_250	2x 250lbs
f4u-4	f4u-4_bombs_500	2x 500lb
f4u-4	f4u-4_1000lb	2x 1000lb
f4u-4b	f4u-4b_default	no suspended armament
f4u-4b	f4u-4b_hvar	8x hvar
f4u-4b	f4u-4b_tiny_tim	2x tyni tim
f4u-4b	f4u-4b_bombs_250	4x 250lbs
f4u-4b	f4u-4b_bombs_500	2x 500lb
f4u-4b	f4u-4b_1000lb	2x 1000lb
f4u-4b_vmf_214	f4u-4b_default	no suspended armament
f4u-4b_vmf_214	f4u-4b_hvar	8x hvar
f4u-4b_vmf_214	f4u-4b_tiny_tim	2x tyni tim
f4u-4b_vmf_214	f4u-4b_bombs_250	4x 250lbs
f4u-4b_vmf_214	f4u-4b_bombs_500	2x 500lb
f4u-4b_vmf_214	f4u-4b_1000lb	2x 1000lb
f4u-6_au-1	f4u-6_default	no suspended armament
f4u-6_au-1	f4u-6_10xhvar	10x hvar
f4u-6_au-1	f4u-6_3xtiny_tim	3x tyni tim
f4u-6_au-1	f4u-6_10x250lb	250lbs slot1; 250lbs slot2; 250lbs slot3; 250lbs slot4; 250lbs slot5; 250lbs slot9; 250lbs slot10; 250lbs slot11; 250lbs slot12; 250lbs slot13
f4u-6_au-1	f4u-6_9x500lb	500lbs slot1; 500lbs slot3; 500lbs slot5; 500lbs slot6; 500lbs slot7; 500lbs slot8; 500lbs slot9; 500lbs slot11; 500lbs slot13
f4u-6_au-1	f4u-6_3x1000lb	3x us 1000lb
f4u-6_au-1	f4u-6_3x1600lb	3x us 1600lb
f4u-6_au-1	f4u-6_1x2000lb	us 2000lb
f4u-7	f4u-7_default	no suspended armament
f4u-7	f4u-7_rocket_hvar	hvar slot1; hvar slot2; hvar slot3; hvar slot4; hvar slot5; hvar slot9; hvar slot10; hvar slot11; hvar slot12; hvar slot13
f4u-7	f4u-7_rocket_t10	t 140 slot1; t 140 slot2; t 140 slot3; t 140 slot4; t 140 slot5; t 140 slot9; t 140 slot10; t 140 slot11; t 140 slot12; t 140 slot13
f4u-7	f4u-7_rocket_t10_151	t 151 slot1; t 151 slot2; t 151 slot3; t 151 slot4; t 151 slot5; t 151 slot9; t 151 slot10; t 151 slot11; t 151 slot12; t 151 slot13
f4u-7	f4u-7_3xtiny_tim	3x tyni tim
f4u-7	f4u-7_rocket_sneb	matra116 slot1; matra116 slot3; matra116 slot5; matra116 slot9; matra116 slot11; matra116 slot13
f4u-7	f4u-7_bombs_100	100gp slot1; 100gp slot2; 100gp slot3; 100gp slot4; 100gp slot5; 100gp slot9; 100gp slot10; 100gp slot11; 100gp slot12; 100gp slot13
f4u-7	f4u-7_bombs_250	250lb slot1; 250lb slot2; 250lb slot3; 250lb slot4; 250lb slot5; 250lb slot9; 250lb slot10; 250lb slot11; 250lb slot12; 250lb slot13
f4u-7	f4u-7_bombs_500	500lb slot1; 500lb slot3; 500lb slot5; 500lb slot6; 500lb slot7; 500lb slot8; 500lb slot9; 500lb slot11; 500lb slot13
f4u-7	f4u-7_bombs_1000	3x 1000lbs
f4u-7	f4u-7_3x1600lb	3x us 1600lb
f4u-7	f4u-7_1x2000lb	us 2000lb
f-5a	f_5a_default	ptb slot3; ptb slot4; ptb slot5
f-5a	f_5a_default_aim_9e	2x aim 9e
f-5a	f_5a_bomb_mk81	3x mer mk81 x6
f-5a	f_5a_bomb_mk82	5x mk82
f-5a	f_5a_bomb_mk82_snakeye	5x mk82 snakeye
f-5a	f_5a_bomb_m117	5x m117
f-5a	f_5a_bomb_mk83	3x mk83
f-5a	f_5a_bomb_mk84	mk84
f-5a	f_5a_rockets_zuni	2x lau 10a
f-5a	f_5a_rockets_lau18	4x aero 7a
f-5a	f_5a_rockets_agm_12b	4x agm 12b
f-5a	f_5a_bomb_blu_1	5x blu1
f-5a_china	f_5a_china_default	ptb slot3; ptb slot4; ptb slot5
f-5a_china	f_5a_china_rockets_aim_9	2x aim 9p
f-5a_china	f_5a_china_bomb_mk81	3x mer mk81 x6
f-5a_china	f_5a_china_bomb_mk82	5x mk82
f-5a_china	f_5a_china_bomb_mk82_snakeye	5x mk82 snakeye
f-5a_china	f_5a_china_bomb_m117	5x m117
f-5a_china	f_5a_china_bomb_mk83	3x mk83
f-5a_china	f_5a_china_bomb_mk84	mk84
f-5a_china	f_5a_china_rockets_lau18	4x aero 7a
f-5a_china	f_5a_china_rockets_zuni	2x lau 10a
f-5a_china	f_5a_china_rockets_agm_12b	4x agm 12b
f-5a_china	f_5a_china_bomb_blu_1	5x blu1
f-5a_thailand	f_5a_default	ptb slot3; ptb slot4; ptb slot5
f-5a_thailand	f_5a_default_aim_9e	2x aim 9e
f-5a_thailand	f_5a_bomb_mk81	3x mer mk81 x6
f-5a_thailand	f_5a_bomb_mk82	5x mk82
f-5a_thailand	f_5a_bomb_mk82_snakeye	5x mk82 snakeye
f-5a_thailand	f_5a_bomb_m117	5x m117
f-5a_thailand	f_5a_bomb_mk83	3x mk83
f-5a_thailand	f_5a_bomb_mk84	mk84
f-5a_thailand	f_5a_rockets_zuni	2x lau 10a
f-5a_thailand	f_5a_rockets_lau18	4x aero 7a
f-5a_thailand	f_5a_rockets_agm_12b	4x agm 12b
f-5a_thailand	f_5a_bomb_blu_1	5x blu1
f-5ag_norway	f_5ag_default	2x aim 9l; ptb slot3; ptb slot4; ptb slot5
f-5ag_norway	f_5ag_aim_9l	2x aim 9l
f-5ag_norway	f_5ag_bomb_m117	5x m117
f-5ag_norway	f_5ag_bomb_mk82	5x mk82
f-5ag_norway	f_5ag_bomb_mk82_snakeye	5x mk82 snakeye
f-5ag_norway	f_5ag_bomb_mk83	3x mk83
f-5ag_norway	f_5ag_bomb_mk84	mk84
f-5ag_norway	f_5ag_rockets_lau18	4x aero 7a
f-5ag_norway	f_5ag_rockets_zuni	2x lau 10a
f-5ag_norway	f_5ag_agm_119a	agm 119a
f-5ag_norway	f_5ag_bomb_blu_1	5x blu27
f-5ag_norway	f_5ag_rockets_agm_12b	4x agm 12b
f-5c	f_5c_default	2x aim 9e; ptb slot3; ptb slot4; ptb slot5
f-5c	f_5c_aim_9e	2x aim 9e
f-5c	f_5c_bomb_mk81	2x aim 9e; 3x mer mk81 x6
f-5c	f_5c_bomb_mk82	2x aim 9e; 5x mk82
f-5c	f_5c_bomb_mk82_snakeye	2x aim 9e; 5x mk82 snakeye
f-5c	f_5c_bomb_m117	2x aim 9e; 5x m117
f-5c	f_5c_bomb_mk83	2x aim 9e; 3x mk83
f-5c	f_5c_bomb_mk84	2x aim 9e; mk84
f-5c	f_5c_rockets_lau18	2x aim 9e; 4x aero 7a
f-5c	f_5c_rockets_zuni	2x aim 9e; 2x lau 10a
f-5c	f_5c_rockets_agm_12b	4x agm 12b
f-5c	f_5c_rockets_agm_12b_aim_9e	2x aim 9e; 4x agm 12b
f-5c	f_5c_bomb_blu_1	2x aim 9e; 5x blu1
f-5e	f_5e_default	ptb slot3; ptb slot4; ptb slot5
f-5e	f_5e_aim_9e	2x aim 9e
f-5e	f_5e_aim_9j	2x aim 9j
f-5e	f_5e_bomb_m117	5x m117
f-5e	f_5e_bomb_mk82	5x mk82
f-5e	f_5e_bomb_mk82_snakeye	5x mk82 snakeye
f-5e	f_5e_bomb_mk83	3x mk83
f-5e	f_5e_bomb_mk84	mk84
f-5e	f_5e_rockets_lau18	4x aero 7a
f-5e	f_5e_rockets_zuni	2x lau 10a
f-5e	f_5e_agm_65b	4x agm 65b
f-5e	f_5e_gpu_5a	gau 5a gunpod
f-5e	f_5e_bomb_blu_1	5x blu27
f-5e_aidc	f_5e_aidc_default	ptb slot3; ptb slot4; ptb slot5
f-5e_aidc	f_5e_aidc_aim_9p	2x aim 9p
f-5e_aidc	f_5e_aidc_gau_5a	gau 5a gunpod
f-5e_aidc	f_5e_aidc_rockets_lau51	4x aero 7a
f-5e_aidc	f_5e_aidc_rockets_zuni	2x lau 10a
f-5e_aidc	f_5e_aidc_bomb_mk82	5x mk82
f-5e_aidc	f_5e_aidc_bomb_mk82_snakeye	5x mk82 snakeye
f-5e_aidc	f_5e_aidc_bomb_m117	5x m117
f-5e_aidc	f_5e_aidc_bomb_blu27	5x blu27
f-5e_aidc	f_5e_aidc_bomb_mk83	3x mk83
f-5e_aidc	f_5e_aidc_bomb_mk84	mk84
f-5e_aidc	f_5e_aidc_agm_65b	4x agm 65b
f-5e_fcu_thailand	f_5e_fcu_default	2x aim 9p4; ptb slot3; ptb slot4; ptb slot5
f-5e_fcu_thailand	f_5e_fcu_pyhton_3	2x pyhton 3
f-5e_fcu_thailand	f_5e_fcu_gau_5a	gau 5a gunpod
f-5e_fcu_thailand	f_5e_fcu_rockets_lau18	4x aero 7a
f-5e_fcu_thailand	f_5e_fcu_rockets_zuni	2x lau 10a
f-5e_fcu_thailand	f_5e_fcu_bomb_mk82	5x mk82
f-5e_fcu_thailand	f_5e_fcu_bomb_mk82_snakeye	5x mk82 snakeye
f-5e_fcu_thailand	f_5e_fcu_bomb_m117	5x m117
f-5e_fcu_thailand	f_5e_fcu_bomb_blu27	5x blu27
f-5e_fcu_thailand	f_5e_fcu_bomb_mk83	3x mk83
f-5e_fcu_thailand	f_5e_fcu_bomb_mk84	mk84
f-5e_fcu_thailand	f_5e_fcu_agm_65b	4x agm 65b
f-5e_switzerland	f_5e_default	ptb slot3; ptb slot4; ptb slot5
f-5e_switzerland	f_5e_switzerland_flz_lwf_63_75	2x sws flz lwf 63 75
f-5e_switzerland	f_5e_switzerland_flz_lwf_63_80	2x sws flz lwf 63 80
f-5e_switzerland	f_5e_switzerland_rockets_lau18	4x aero 7a
f-5e_switzerland	f_5e_switzerland_rockets_zuni	2x lau 10a
f-5e_switzerland	f_5e_switzerland_agm_65b	4x agm 65b
f-5e_switzerland	f_5e_switzerland_bomb_mk82	5x mk82
f-5e_switzerland	f_5e_switzerland_bomb_m117	5x m117
f-5e_switzerland	f_5e_switzerland_bomb_mk83	3x mk83
f-5e_switzerland	f_5e_switzerland_bomb_mk84	mk84
f-5e_switzerland	f_5e_switzerland_bomb_mk82_snakeye	5x mk82 snakeye
f-5e_switzerland	f_5e_switzerland_bomb_blu_1	5x blu27
f-5t_thailand	f_5t_default	2x aim 9l default; ptb slot3; ptb slot4; ptb slot5
f-5t_thailand	f_5t_thailand_pyhton_3	2x pyhton 3
f-5t_thailand	f_5t_thailand_rockets_lau18	4x aero 7a
f-5t_thailand	f_5t_thailand_rockets_zuni	2x lau 10a
f-5t_thailand	f_5t_thailand_agm_65b	4x agm 65b
f-5t_thailand	f_5t_thailand_bomb_mk82	5x mk82
f-5t_thailand	f_5t_thailand_bomb_mk83	3x mk83
f-5t_thailand	f_5t_thailand_bomb_mk84	mk84
f-5t_thailand	f_5t_thailand_bomb_blu_1	5x blu27
f-5th_thailand	f_5th_thailand_default	2x aim 9l default; ptb slot4
f-5th_thailand	f_5th_thailand_aim_9m	2x aim 9m
f-5th_thailand	f_5th_thailand_python_3	2x python 3
f-5th_thailand	f_5th_thailand_derby	derby slot2; derby slot6
f-5th_thailand	f_5th_thailand_ffar	4x aero 7a
f-5th_thailand	f_5th_thailand_zuni	2x lau 10a
f-5th_thailand	f_5th_thailand_agm_65b	4x agm 65b
f-5th_thailand	f_5th_thailand_agm_65d	4x agm 65d
f-5th_thailand	f_5th_thailand_mk82	5x mk82
f-5th_thailand	f_5th_thailand_mk83	3x mk83
f-5th_thailand	f_5th_thailand_mk84	mk84
f-5th_thailand	f_5th_thailand_gbu_12	4x br lizard; litening
f-5th_thailand	f_5th_thailand_blu1	5x blu1
f6f-3	f6f-5_default	no suspended armament
f6f-3	f6f-5_rockets_hvar	6x hvar
f6f-3	f6f-5_rockets_tiny_tim	2x tiny; tiny central
f6f-3	f6f-5_bombs_500lbs	2x 500lbs; 500lbs central
f6f-3	f6f-5_bombs_1000lbs	2x 1000lbs; 1000lbs central
f6f-3	f6f-5_bombs_1600lbs	1600lbs
f6f-3	f6f-5_bombs_2000lbs	2000lbs
f6f-3	f6f-5_torpedo	torpedo
f6f-5_france	f6f-5_default	no suspended armament
f6f-5_france	f6f-5_rockets_hvar	6x hvar
f6f-5_france	f6f-5_rockets_tiny_tim	2x tiny; tiny central
f6f-5_france	f6f-5_bombs_500lbs	2x 500lbs; 500lbs central
f6f-5_france	f6f-5_bombs_1000lbs	2x 1000lbs; 1000lbs central
f6f-5_france	f6f-5_bombs_1600lbs	1600lbs
f6f-5_france	f6f-5_bombs_2000lbs	2000lbs
f6f-5_france	f6f-5_torpedo	torpedo
f6f-5n	f6f-5n_default	no suspended armament
f6f-5n	f6f-5n_rockets_hvar	6x hvar
f6f-5n	f6f-5n_rockets_tiny_tim	2x tiny; tiny central
f6f-5n	f6f-5n_bombs_500lbs	2x 500lbs; 500lbs central
f6f-5n	f6f-5n_bombs_1000lbs	2x 1000lbs; 1000lbs central
f6f-5n	f6f-5n_bombs_1600lbs	1600lbs
f6f-5n	f6f-5n_bombs_2000lbs	2000lbs
f6f-5n	f6f-5n_torpedo	torpedo
f6f-5n_france	f6f-5n_default	no suspended armament
f6f-5n_france	f6f-5n_rockets_hvar	6x hvar
f6f-5n_france	f6f-5n_rockets_tiny_tim	2x tiny; tiny central
f6f-5n_france	f6f-5n_bombs_500lbs	2x 500lbs; 500lbs central
f6f-5n_france	f6f-5n_bombs_1000lbs	2x 1000lbs; 1000lbs central
f6f-5n_france	f6f-5n_bombs_1600lbs	1600lbs
f6f-5n_france	f6f-5_bombs_2000lbs	2000lbs
f6f-5n_france	f6f-5n_torpedo	torpedo
f7f1	f7f1_early_default	no suspended armament
f7f1	f7f1_2x500lb_bombs	no suspended armament
f7f1	f7f1_1000lb_bomb	no suspended armament
f7f1	f7f1_2x500_1x1000lb_bombs	no suspended armament
f7f3	f7f3_early_default	no suspended armament
f7f3	f7f3-8_hvar	8x hvar
f7f3	f7f3-3_tiny_tim	3x tiny
f7f3	f7f3_2x500lb_bombs	2x 500lbs
f7f3	f7f3_1000lb_bomb	3x 1000lbs
f7f3	f7f3_1600lb_bomb	1600lbs
f7f3	f7f3_2000lb_bomb	2000lbs
f7f3	f7f3_mine_mk13_mod0	3x mk13
f-80	f_80_default	no suspended armament
f-80	f_80_5in_rockets	8x hvar
f-80	f_80_5in_rockets_x2	4x hvar x2
f-80	f_80_6x_250lbs_bombs	4x 250lbs
f-80	f_80_4x_500lbs_bombs	2x 500lbs; 500lbs slot2; 500lbs slot11
f-80	f_80_2x_1000lb_bombs	1000lbs slot2; 1000lbs slot11
f-80	f_80_4x_1000lb_bombs	2x 1000lbs; 1000lbs slot2; 1000lbs slot11
f-80	f_80_mk78_fire_bombs	2x mk78; mk78 slot2; mk78 slot11
f-80a	f_80a_default	no suspended armament
f-80a	f_80a_5in_rockets	no suspended armament
f-80a	f_80_1000lb_bombs	no suspended armament
f-82e	f_82e_default	no suspended armament
f-82e	f_82e_5in_rockets	5x hvar
f-82e	f_82e_500lb_bombs	2x 500lbs; 500lbs x2
f-82e	f_82e_1000lb_bombs	1000lbs x2
f-82e	f_82e_1000lb_bombs_wings	2x 1000lbs
f-82e	f_82e_2000lb_bombs	2000lbs x2
f-82e	f_82e_gunpod	gun pod
f-84b	f_84b_default	no suspended armament
f-84b	f_84_4xHVAR	hvar slot2; hvar slot5
f-84b	f_84_8xHVAR	hvar slot1; hvar slot2; hvar slot5; hvar slot6
f-84b	f_84_2xtiny_tim_rockets	2x tiny timm
f-84b	f_84_2x100lb	2x 100lbs
f-84b	f_84_2x250lb	2x 250lbs
f-84b	f_84_2x500lb	2x 500lbs
f-84b	f_84_2x1000lb	2x 1000lbs
f-84f	f_84f_default	no suspended armament
f-84f	f_84f_hvar_ter_hvar	hvar x2 slot1; hvar x2 slot2; hvar x2 slot3; hvar x6 slot4; hvar x6 slot5; hvar x2 slot6; hvar x2 slot7; hvar x2 slot8
f-84f	f_84f_rockets_aero_6	6x aero 6
f-84f	f_84f_bomb_mk81	4x us 250lb
f-84f	f_84f_bomb_mk82	4x us 500lb
f-84f	f_84f_bomb_mk83	4x us 1000lb
f-84f	f_84f_bomb_mk84	2x us 2000lb
f-84f	f_84f_bomb_blu_27	4x us blu 1
f-84f_france	f_84f_default	no suspended armament
f-84f_france	f_84f_hvar_ter_hvar	hvar x2 slot1; hvar x2 slot2; hvar x2 slot3; hvar x6 slot4; hvar x6 slot5; hvar x2 slot6; hvar x2 slot7; hvar x2 slot8
f-84f_france	f_84f_rockets_aero_6	6x aero 6
f-84f_france	f_84f_bomb_mk81	4x us 250lb
f-84f_france	f_84f_bomb_mk82	4x us 500lb
f-84f_france	f_84f_bomb_mk83	4x us 1000lb
f-84f_france	f_84f_bomb_mk84	2x us 2000lb
f-84f_france	f_84f_bomb_blu_27	4x us blu 1
f-84f_germany	f_84f_default	no suspended armament
f-84f_germany	f_84f_hvar_ter_hvar	hvar x2 slot1; hvar x2 slot2; hvar x2 slot3; hvar x6 slot4; hvar x6 slot5; hvar x2 slot6; hvar x2 slot7; hvar x2 slot8
f-84f_germany	f_84f_rockets_aero_6	6x aero 6
f-84f_germany	f_84f_bomb_mk81	4x us 250lb
f-84f_germany	f_84f_bomb_mk82	4x us 500lb
f-84f_germany	f_84f_bomb_mk83	4x us 1000lb
f-84f_germany	f_84f_bomb_mk84	2x us 2000lb
f-84f_germany	f_84f_bomb_blu_27	4x us blu 1
f-84f_iaf	f_84f_default	no suspended armament
f-84f_iaf	f_84f_hvar_ter_hvar	hvar x2 slot1; hvar x2 slot2; hvar x2 slot3; hvar x6 slot4; hvar x6 slot5; hvar x2 slot6; hvar x2 slot7; hvar x2 slot8
f-84f_iaf	f_84f_rockets_aero_6	6x aero 6
f-84f_iaf	f_84f_bomb_mk81	4x us 250lb
f-84f_iaf	f_84f_bomb_mk82	4x us 500lb
f-84f_iaf	f_84f_bomb_mk83	4x us 1000lb
f-84f_iaf	f_84f_bomb_mk84	2x us 2000lb
f-84f_iaf	f_84f_bomb_blu_27	4x us blu 1
f-84f_iaf	f_84f_rockets_aero_6_mk83	6x aero 6; 2x us 1000lb
f-84f_iaf	f_84f_rockets_aero_6_mk84	6x aero 6; 2x us 2000lb
f-84f_iaf	f_84f_hvar_mk83	hvar x2 slot1; hvar x2 slot2; 4x us 1000lb; hvar x2 slot7; hvar x2 slot8
f-84f_iaf	f_84f_rockets_aero_6_blu_27	4x aero 6; 4x us blu 1
f-84f_israel_iaf	f_84f_default	no suspended armament
f-84f_israel_iaf	f_84f_hvar_ter_hvar	hvar x2 slot1; hvar x2 slot2; hvar x2 slot3; hvar x6 slot4; hvar x6 slot5; hvar x2 slot6; hvar x2 slot7; hvar x2 slot8
f-84f_israel_iaf	f_84f_rockets_aero_6	6x aero 6
f-84f_israel_iaf	f_84f_bomb_mk81	4x us 250lb
f-84f_israel_iaf	f_84f_bomb_mk82	4x us 500lb
f-84f_israel_iaf	f_84f_bomb_mk83	4x us 1000lb
f-84f_israel_iaf	f_84f_bomb_mk84	2x us 2000lb
f-84f_israel_iaf	f_84f_bomb_blu_27	4x us blu 1
f-84f_israel_iaf	f_84f_rockets_aero_6_mk83	6x aero 6; 2x us 1000lb
f-84f_israel_iaf	f_84f_rockets_aero_6_mk84	6x aero 6; 2x us 2000lb
f-84f_israel_iaf	f_84f_hvar_mk83	hvar x2 slot1; hvar x2 slot2; 4x us 1000lb; hvar x2 slot7; hvar x2 slot8
f-84f_israel_iaf	f_84f_rockets_aero_6_blu_27	4x aero 6; 4x us blu 1
f-84f_italy	f_84f_default	no suspended armament
f-84f_italy	f_84f_hvar_ter_hvar	hvar x2 slot1; hvar x2 slot2; hvar x2 slot3; hvar x6 slot4; hvar x6 slot5; hvar x2 slot6; hvar x2 slot7; hvar x2 slot8
f-84f_italy	f_84f_rockets_aero_6	6x aero 6
f-84f_italy	f_84f_bomb_mk81	4x us 250lb
f-84f_italy	f_84f_bomb_mk82	4x us 500lb
f-84f_italy	f_84f_bomb_mk83	4x us 1000lb
f-84f_italy	f_84f_bomb_mk84	2x us 2000lb
f-84f_italy	f_84f_bomb_blu_27	4x us blu 1
f-84g	f_84g_default	no suspended armament
f-84g	f_84g_24hvar	hvar slot2; hvar slot3; hvar slot6; hvar slot7
f-84g	f_84g_32hvar	hvar slot1; hvar slot2; hvar slot3; hvar slot4; hvar slot5; hvar slot6; hvar slot7; hvar slot8
f-84g	f_84g_2xtiny_tim_rockets	2x tiny timm
f-84g	f_84g_2x100lb	2x 100lbs
f-84g	f_84g_2x250lb	2x 250lbs
f-84g	f_84g_2x500lb	2x 500lbs
f-84g	f_84g_2x1000lb	2x 1000lbs
f-84g	f_84g_2x500lb_24hvar	hvar slot1; hvar slot2; hvar slot3; 2x 500lbs; hvar slot6; hvar slot7; hvar slot8
f-84g_china	f_84g_default	no suspended armament
f-84g_china	f_84g_24hvar	hvar slot2; hvar slot3; hvar slot6; hvar slot7
f-84g_china	f_84g_32hvar	hvar slot1; hvar slot2; hvar slot3; hvar slot4; hvar slot5; hvar slot6; hvar slot7; hvar slot8
f-84g_china	f_84g_2xtiny_tim_rockets	2x tiny timm
f-84g_china	f_84g_2x100lb	2x 100lbs
f-84g_china	f_84g_2x250lb	2x 250lbs
f-84g_china	f_84g_2x500lb	2x 500lbs
f-84g_china	f_84g_2x1000lb	2x 1000lbs
f-84g_china	f_84g_2x500lb_24hvar	hvar slot1; hvar slot2; hvar slot3; 2x 500lbs; hvar slot6; hvar slot7; hvar slot8
f-84g_france	f_84g_default	no suspended armament
f-84g_france	f_84g_24hvar	hvar slot2; hvar slot3; hvar slot6; hvar slot7
f-84g_france	f_84g_32hvar	hvar slot1; hvar slot2; hvar slot3; hvar slot4; hvar slot5; hvar slot6; hvar slot7; hvar slot8
f-84g_france	f_84g_2xtiny_tim_rockets	2x tiny timm
f-84g_france	f_84g_2x100lb	2x 100lbs
f-84g_france	f_84g_2x250lb	2x 250lbs
f-84g_france	f_84g_2x500lb	2x 500lbs
f-84g_france	f_84g_2x1000lb	2x 1000lbs
f-84g_france	f_84g_2x500lb_24hvar	hvar slot1; hvar slot2; hvar slot3; 2x 500lbs; hvar slot6; hvar slot7; hvar slot8
f-84g_italy	f_84g_default	no suspended armament
f-84g_italy	f_84g_24hvar	hvar slot2; hvar slot3; hvar slot6; hvar slot7
f-84g_italy	f_84g_32hvar	hvar slot1; hvar slot2; hvar slot3; hvar slot4; hvar slot5; hvar slot6; hvar slot7; hvar slot8
f-84g_italy	f_84g_2xtiny_tim_rockets	2x tiny timm
f-84g_italy	f_84g_2x100lb	2x 100lbs
f-84g_italy	f_84g_2x250lb	2x 250lbs
f-84g_italy	f_84g_2x500lb	2x 500lbs
f-84g_italy	f_84g_2x1000lb	2x 1000lbs
f-84g_italy	f_84g_2x500lb_24hvar	hvar slot1; hvar slot2; hvar slot3; 2x 500lbs; hvar slot6; hvar slot7; hvar slot8
f-84g_thailand	f_84g_default	no suspended armament
f-84g_thailand	f_84g_24hvar	hvar slot2; hvar slot3; hvar slot6; hvar slot7
f-84g_thailand	f_84g_32hvar	hvar slot1; hvar slot2; hvar slot3; hvar slot4; hvar slot5; hvar slot6; hvar slot7; hvar slot8
f-84g_thailand	f_84g_2xtiny_tim_rockets	2x tiny timm
f-84g_thailand	f_84g_2x100lb	2x 100lbs
f-84g_thailand	f_84g_2x250lb	2x 250lbs
f-84g_thailand	f_84g_2x500lb	2x 500lbs
f-84g_thailand	f_84g_2x1000lb	2x 1000lbs
f-84g_thailand	f_84g_2x500lb_24hvar	hvar slot1; hvar slot2; hvar slot3; 2x 500lbs; hvar slot6; hvar slot7; hvar slot8
f-84g-31-re_china	f_84g_default	no suspended armament
f-84g-31-re_china	f_84g_24hvar	hvar slot2; hvar slot3; hvar slot6; hvar slot7
f-84g-31-re_china	f_84g_32hvar	hvar slot1; hvar slot2; hvar slot3; hvar slot4; hvar slot5; hvar slot6; hvar slot7; hvar slot8
f-84g-31-re_china	f_84g_2xtiny_tim_rockets	2x tiny timm
f-84g-31-re_china	f_84g_2x100lb	2x 100lbs
f-84g-31-re_china	f_84g_2x250lb	2x 250lbs
f-84g-31-re_china	f_84g_2x500lb	2x 500lbs
f-84g-31-re_china	f_84g_2x1000lb	2x 1000lbs
f-84g-31-re_china	f_84g_2x500lb_24hvar	hvar slot1; hvar slot2; hvar slot3; 2x 500lbs; hvar slot6; hvar slot7; hvar slot8
f-86_canadair_german	f_86_default	no suspended armament
f-86_canadair_german	f_86_hvar_rockets	no suspended armament
f-86_canadair_german	f_86_750lb_bombs	no suspended armament
f-86_canadair_german	f_86_1000lb_bombs	no suspended armament
f-86_cl_13_mk4_italy	f_86_default	no suspended armament
f-86_cl_13_mk4_italy	f_86_hvar_rockets	no suspended armament
f-86_cl_13_mk4_italy	f_86_750lb_bombs	no suspended armament
f-86_cl_13_mk4_italy	f_86_1000lb_bombs	no suspended armament
f-86_cl_13b_mk6	f_86_default	no suspended armament
f-86_cl_13b_mk6	f_86_hvar_rockets	no suspended armament
f-86_cl_13b_mk6	f_86_1000lb_bombs	no suspended armament
f-86_cl_13b_mk6	f_86_2xaim9	no suspended armament
f-86a-5	f_86_default	no suspended armament
f-86a-5	f_86_hvar_rockets	no suspended armament
f-86a-5	f_86_1000lb_bombs	no suspended armament
f-86f-2	f_86_default	no suspended armament
f-86f-2	f_86_hvar_rockets	no suspended armament
f-86f-2	f_86_750lb_bombs	no suspended armament
f-86f-2	f_86_1000lb_bombs	no suspended armament
f-86f-25	f_86_default	no suspended armament
f-86f-25	f_86_hvar_rockets	no suspended armament
f-86f-25	f_86_750lb_bombs	no suspended armament
f-86f-25	f_86_1000lb_bombs	no suspended armament
f-86f-30_china	f_86_default	no suspended armament
f-86f-30_china	f_86_hvar_rockets	no suspended armament
f-86f-30_china	f_86_750lb_bombs	no suspended armament
f-86f-30_china	f_86_1000lb_bombs	no suspended armament
f-86f-30_japan	f_86_default	no suspended armament
f-86f-30_japan	f_86_hvar_rockets	no suspended armament
f-86f-30_japan	f_86_750lb_bombs	no suspended armament
f-86f-30_japan	f_86_1000lb_bombs	no suspended armament
f-86f-35	f_86_default	no suspended armament
f-86f-35	f_86_hvar_rockets	no suspended armament
f-86f-35	f_86_750lb_bombs	no suspended armament
f-86f-35	f_86_1000lb_bombs	no suspended armament
f-86f-40_china	f_86_default	no suspended armament
f-86f-40_china	f_86_hvar_rockets	no suspended armament
f-86f-40_china	f_86_750lb_bombs	no suspended armament
f-86f-40_china	f_86_1000lb_bombs	no suspended armament
f-86f-40_china	f_86_2xaim9	no suspended armament
f-86f-40_japan	f_86_default	no suspended armament
f-86f-40_japan	f_86_hvar_rockets	no suspended armament
f-86f-40_japan	f_86_750lb_bombs	no suspended armament
f-86f-40_japan	f_86_1000lb_bombs	no suspended armament
f-86f-40_japan	f_86_2xaim9	no suspended armament
f-86f-40_japan_blue_impulse	f_86_default	no suspended armament
f-86f-40_japan_blue_impulse	f_86_hvar_rockets	no suspended armament
f-86f-40_japan_blue_impulse	f_86_750lb_bombs	no suspended armament
f-86f-40_japan_blue_impulse	f_86_1000lb_bombs	no suspended armament
f-86f-40_japan_blue_impulse	f_86_2xaim9	no suspended armament
f-86k_late	f_86k_default	no suspended armament
f-86k_late	f_86k_aim9b_rockets	no suspended armament
f-86k_late_german	f_86k_default	no suspended armament
f-86k_late_german	f_86k_aim9b_rockets	no suspended armament
f-86k_late_italy	f_86k_default	no suspended armament
f-86k_late_italy	f_86k_aim9b_rockets	no suspended armament
f-89b	f_89_default	no suspended armament
f-89d	f_89_default	no suspended armament
f-89d	f_89_HVAR	no suspended armament
f-89d	f_89_rockets_mighty_mouse_m439	no suspended armament
f-8e	f_8e_default	no suspended armament
f-8e	f_8e_2x_aim9b	2x aim9b default
f-8e	f_8e_2x_aim9c	2x aim9c default
f-8e	f_8e_2x_aim9d	2x aim9d
f-8e	f_8e_4x_aim9b	2x aim9b x2
f-8e	f_8e_4x_aim9c	2x aim9c x2
f-8e	f_8e_4x_aim9d	2x aim9d x2
f-8e	f_8e_mighty_mouse_rockets	lau 3a left wing x2; lau 3a right wing x2
f-8e	f_8e_zuni_rockets	lau 10a left wing x2; zuni x4 left; zuni x4 right; lau 10a right wing x2
f-8e	f_8e_4x_zuni	zuni x2 left; zuni x2 right
f-8e	f_8e_2x_aim9b_2x_zuni	zuni x2 aim9b left; zuni x2 aim9b right
f-8e	f_8e_2x_aim9c_2x_zuni	zuni x2 aim9c left; zuni x2 aim9c right
f-8e	f_8e_2x_aim9d_2x_zuni	zuni x2 aim9d left; zuni x2 aim9d right
f-8e	f_8e_2x_agm12	2x agm 12b
f-8e	f_8e_12x_mk81_bombs	2x mer mk81
f-8e	f_8e_8x_mk82_bombs	mer mk82 x4 left wing; mer mk82 x4 right wing
f-8e	f_8e_12x_mk81_bombs_snakeye	2x mer mk81 snakeye
f-8e	f_8e_8x_mk82_bombs_snakeye	mer mk82 x4 left wing snakeye; mer mk82 x4 right wing snakeye
f-8e	f_8e_4x_mk83_bombs	ter mk83 x2 left wing; ter mk83 x2 right wing
f-8e	f_8e_2x_mk84_bombs	2x us 2000lb mk 84
f-8e	f_8e_2x_mk77_bombs	2x us mk 77
f-8e	f_8e_2x_mk84_air	2x us 2000lb mk 84 air
f-8e_fn	f_8e_fn_default	no suspended armament
f-8e_fn	f_8e_fn_2x_aim9b	no suspended armament
f-8e_fn	f_8e_fn_4x_aim9b	no suspended armament
f-8e_fn	f_8e_fn_2x_matra530e	no suspended armament
f-8e_fn	f_8e_fn_2x_matra530	no suspended armament
f-8e_fn	f_8e_fn_1x_matra530e_1x_matra530	no suspended armament
f-8e_fn	f_8e_fn_2x_matra550	no suspended armament
f8f1	f8f1_default	no suspended armament
f8f1	f8f1-4_hvar	hvar slot1; hvar slot5
f8f1	f8f1_tiny_tim	tiny slot2; tiny slot4
f8f1	f8f1-2_250lb_bombs	250lb slot2; 250lb slot4
f8f1	f8f1-2_500lb_bombs	500lbs slot2; 500lbs; 500lbs slot4
f8f1	f8f1-3_1000lb_bombs	1000lbs slot2; 1000lbs; 1000lbs slot4
f8f1	f8f1-1_1600lb_ap_bombs	1600lbs
f8f1	f8f1-3_mine_mk13_mod0	3x mk13
f8f1	f8f1_dgp_1	2x gun pod
f8f1b	f8f1_default	no suspended armament
f8f1b	f8f1-4_hvar	hvar slot1; hvar slot5
f8f1b	f8f1_tiny_tim	tiny slot2; tiny slot4
f8f1b	f8f1-2_250lb_bombs	250lb slot2; 250lb slot4
f8f1b	f8f1-2_500lb_bombs	500lbs slot2; 500lbs; 500lbs slot4
f8f1b	f8f1-3_1000lb_bombs	1000lbs slot2; 1000lbs; 1000lbs slot4
f8f1b	f8f1-1_1600lb_ap_bombs	1600lbs
f8f1b	f8f1-3_mine_mk13_mod0	3x mk13
f8f1b	f8f1_dgp_1	2x gun pod
f8f1b_france	f8f1_france_default	no suspended armament
f8f1b_france	f8f1-4_hvar	hvar slot1; hvar slot5
f8f1b_france	f8f1_tiny_tim	tiny slot2; tiny slot4
f8f1b_france	f8f1-2_250lb_bombs	250lb slot2; 250lb slot4
f8f1b_france	f8f1-2_500lb_bombs	500lbs slot2; 500lbs; 500lbs slot4
f8f1b_france	f8f1-3_1000lb_bombs	1000lbs slot2; 1000lbs; 1000lbs slot4
f8f1b_france	f8f1-1_1600lb_ap_bombs	1600lbs
f8f1b_france	f8f1-3_mine_mk13_mod0	3x mk13
f8f1b_france	f8f1_dgp_1	2x gun pod
f8f1b_france	f8f1b_france_2x_m116a2	m116 slot2; m116 slot4
f8u-2	f8u-2_default	no suspended armament
f8u-2	f8u-2_2x_aim9b	2x aim9b default
f8u-2	f8u-2_4x_aim9b	2x aim9b x2
f8u-2	f8u-2_2x_aim9d	2x aim9d
f8u-2	f8u-2_4x_aim9d	2x aim9d x2
f8u-2	f8u-2_4x_zuni	2x zuni x2
f8u-2	f8u-2_8x_zuni	2x zuni x4
f8u-2	f8u-2_2x_aim9b_2x_zuni	2x zuni x2 aim9b
f8u-2	f8u-2_2x_aim9d_2x_zuni_ffar	2x zuni x2 aim9d; us f8u ffar
f8u-2	f8u-2_ffar	us f8u ffar
f9f-2	f9f5_default	no suspended armament
f9f-2	f9f5_5in_rockets	6x hvar
f9f-2	f9f2_tiny_tim	2x tiny
f9f-2	f9f5_8_100lb_bombs	8x 100lbs
f9f-2	f9f_5_8_250lb_bombs	8x 250lbs
f9f-2	f9f5_6_500lb_bombs	500lbs slot2; 500lbs slot3; 500lbs slot4; 500lbs slot5; 500lbs slot6; 500lbs slot7
f9f-2	f9f5_2_1000lb_bombs	2x 1000lbs
f9f-5	f9f5_default	no suspended armament
f9f-5	f9f5_5in_rockets	6x hvar
f9f-5	f9f5_8_100lb_bombs	8x 100lbs
f9f-5	f9f_5_8_250lb_bombs	8x 250lbs
f9f-5	f9f5_6_500lb_bombs	500lbs slot2; 500lbs slot3; 500lbs slot4; 500lbs slot5; 500lbs slot6; 500lbs slot7
f9f-5	f9f5_2_1000lb_bombs	2x 1000lbs
f9f-8	f9f_8_default	no suspended armament
f9f-8	f9f_8_default_aim_9	2x aim9b default
f9f-8	f9f_8_aim_9	2x aim9b default; 2x aim9b
f9f-8	f9f_8_aero6_x6	6x aero6
f9f-8	f9f_8_aero7_x6	6x aero7
f9f-8	f9f_8_lau_10a_zuni	6x lau 10a zuni
f9f-8	f9f_8_4x500lb_bombs	6x 500lbs
f9f-8	f9f_8_2x1000lb_bombs	2x 1000lbs
fa_18a	fa_18a_default	2x aim 9l default; ptb wing left; aim 7m default slot4; ptb fuse; aim 7m default slot6; ptb wing right
fa_18a	fa_18a_aim_9l	2x aim 9l default; 2x aim 9l x2
fa_18a	fa_18a_aim_7f	aim 7f slot2; aim 7f slot4; aim 7f slot6; aim 7f slot8
fa_18a	fa_18a_aim_7m	aim 7m slot2; aim 7m default slot4; aim 7m default slot6; aim 7m slot8
fa_18a	fa_18a_mk82	us mk82 x2 slot2; us mk82 x2 slot3; us mk82 x2 slot5; us mk82 x2 slot7; us mk82 x2 slot8
fa_18a	fa_18a_mk83	us mk83 x2 slot2; us mk83 x2 slot3; us mk83 x1 slot5; us mk83 x2 slot7; us mk83 x2 slot8
fa_18a	fa_18a_mk84	4x us mk84
fa_18a	fa_18a_mk82_snakeye	us mk82 x2 snakeye slot2; us mk82 x2 snakeye slot3; us mk82 x2 snakeye slot5; us mk82 x2 snakeye slot7; us mk82 x2 snakeye slot8
fa_18a	fa_18a_mk83_air	us mk83 air x2 slot2; us mk83 air x2 slot3; us mk83 air x1 slot5; us mk83 air x2 slot7; us mk83 air x2 slot8
fa_18a	fa_18a_mk77_mod4	us 500lb mk77 mod4 x2 slot2; us 500lb mk77 mod4 x2 slot3; us 500lb mk77 mod4 slot5; us 500lb mk77 mod4 x2 slot7; us 500lb mk77 mod4 x2 slot8
fa_18a	fa_18a_lau_10	4x lau 10 x2
fa_18a	fa_18a_lau_61	4x us hydra 70 lau 61 x2
fa_18a	fa_18a_walleye	walleye slot2; walleye slot8
fa_18a	fa_18a_agm_88	4x agm 88
fa_18a	fa_18a_aim_7m_single	aim 7m slot2; aim 7m slot8
fa_18a_hug_2_raaf	fa_18a_hug_2_raaf_default	2x aim 9m default; ptb wing left; aim 120c default slot4; ptb fuse; aim 120c default slot6; ptb wing right
fa_18a_hug_2_raaf	fa_18a_hug_2_raaf_aim_9l	2x aim 9l; 2x aim 9l x2
fa_18a_hug_2_raaf	fa_18a_hug_2_raaf_aim_9m	2x aim 9m default; 2x aim 9m x2
fa_18a_hug_2_raaf	fa_18a_hug_2_raaf_aim_120	aim 120 x2 slot2; aim 120 x2 slot3; aim 120 default slot4; aim 120 default slot6; aim 120 x2 slot7; aim 120 x2 slot8
fa_18a_hug_2_raaf	fa_18a_hug_2_raaf_aim_120c	aim 120c x2 slot2; aim 120c x2 slot3; aim 120c default slot4; aim 120c default slot6; aim 120c x2 slot7; aim 120c x2 slot8
fa_18a_hug_2_raaf	fa_18a_hug_2_raaf_mk82	us mk82 x2 slot2; us mk82 x2 slot3; us mk82 x2 slot5; us mk82 x2 slot7; us mk82 x2 slot8
fa_18a_hug_2_raaf	fa_18a_hug_2_raaf_mk83	us mk83 x2 slot2; us mk83 x2 slot3; us mk83 x1 slot5; us mk83 x2 slot7; us mk83 x2 slot8
fa_18a_hug_2_raaf	fa_18a_hug_2_raaf_mk84	4x us mk84
fa_18a_hug_2_raaf	fa_18a_hug_2_raaf_mk82_snakeye	us mk82 x2 snakeye slot2; us mk82 x2 snakeye slot3; us mk82 x2 snakeye slot5; us mk82 x2 snakeye slot7; us mk82 x2 snakeye slot8
fa_18a_hug_2_raaf	fa_18a_hug_2_raaf_mk83_air	us mk83 air x2 slot2; us mk83 air x2 slot3; us mk83 air x1 slot5; us mk83 air x2 slot7; us mk83 air x2 slot8
fa_18a_hug_2_raaf	fa_18a_hug_2_raaf_mk77_mod4	us 500lb mk77 mod4 x2 slot2; us 500lb mk77 mod4 x2 slot3; us 500lb mk77 mod4 slot5; us 500lb mk77 mod4 x2 slot7; us 500lb mk77 mod4 x2 slot8
fa_18a_hug_2_raaf	fa_18a_hug_2_raaf_lau_10	4x lau 10 x2
fa_18a_hug_2_raaf	fa_18a_hug_2_raaf_lau_61	4x us hydra 70 lau 61 x2
fa_18a_hug_2_raaf	fa_18a_hug_2_raaf_gbu_12	us gbu 12 x2 slot2; us gbu 12 x2 slot3; litening pod; us gbu 12 x2 slot7; us gbu 12 x2 slot8
fa_18a_hug_2_raaf	fa_18a_hug_2_raaf_gbu_16	us gbu 16 slot2; us gbu 16 slot3; litening pod; us gbu 16 slot7; us gbu 16 slot8
fa_18a_hug_2_raaf	fa_18a_hug_2_raaf_gbu_10	us gbu 10 slot2; us gbu 10 slot3; litening pod; us gbu 10 slot7; us gbu 10 slot8
fa_18a_hug_2_raaf	fa_18a_hug_2_raaf_gbu_24	us gbu 24 slot2; us gbu 24 slot3; litening pod; us gbu 24 slot7; us gbu 24 slot8
fa_18a_hug_2_raaf	fa_18a_hug_2_raaf_gbu_38	us gbu 38 x2 slot2; us gbu 38 x2 slot3; us gbu 38 x2 slot7; us gbu 38 x2 slot8
fa_18a_hug_2_raaf	fa_18a_hug_2_raaf_gbu_54	us gbu 54 x2 slot2; us gbu 54 x2 slot3; litening pod; us gbu 54 x2 slot7; us gbu 54 x2 slot8
fa_18a_hug_2_raaf	fa_18a_hug_2_raaf_gbu_32	us gbu 32 x2 slot2; us gbu 32 x2 slot3; us gbu 32 x2 slot7; us gbu 32 x2 slot8
fa_18a_hug_2_raaf	fa_18a_hug_2_raaf_gbu_31	us gbu 31 slot2; us gbu 31 slot3; us gbu 31 slot7; us gbu 31 slot8
fa_18a_hug_2_raaf	fa_18a_hug_2_raaf_gbu_62_laser	us gbu 62 x2 slot2; us gbu 62 x2 slot3; litening pod; us gbu 62 x2 slot7; us gbu 62 x2 slot8
fa_18a_hug_2_raaf	fa_18a_hug_2_raaf_gbu_64	us gbu 64 slot2; us gbu 64 slot3; us gbu 64 slot7; us gbu 64 slot8
fa_18a_hug_2_raaf	fa_18a_hug_2_raaf_agm_154a1	agm 154a1 x2 slot2; agm 154a1 x2 slot3; agm 154a1 x2 slot7; agm 154a1 x2 slot8
fa_18a_hug_2_raaf	fa_18a_hug_2_raaf_agm_65e	4x agm 65e; litening pod
fa_18a_hug_2_raaf	fa_18a_hug_2_raaf_agm_65f	4x agm 65f; litening pod
fa_18a_hug_2_raaf	fa_18a_hug_2_raaf_apkws_m151	us apkws m151 x2 slot2; us apkws m151 x2 slot3; litening pod; us apkws m151 x2 slot7; us apkws m151 x2 slot8
fa_18a_hug_2_raaf	fa_18a_hug_2_raaf_apkws_m282	us apkws m282 x2 slot2; us apkws m282 x2 slot3; litening pod; us apkws m282 x2 slot7; us apkws m282 x2 slot8
fa_18a_hug_2_raaf	fa_18a_hug_2_raaf_agm_88	4x agm 88
fa_18a_hug_2_raaf	fa_18a_hug_2_raaf_agm_84	4x agm 84
fa_18a_raaf	fa_18a_default	2x aim 9l default; ptb wing left; aim 7m default slot4; ptb fuse; aim 7m default slot6; ptb wing right
fa_18a_raaf	fa_18a_aim_9l	2x aim 9l default; 2x aim 9l x2
fa_18a_raaf	fa_18a_aim_7f	aim 7f slot2; aim 7f slot4; aim 7f slot6; aim 7f slot8
fa_18a_raaf	fa_18a_aim_7m	aim 7m slot2; aim 7m default slot4; aim 7m default slot6; aim 7m slot8
fa_18a_raaf	fa_18a_mk82	us mk82 x2 slot2; us mk82 x2 slot3; us mk82 x2 slot5; us mk82 x2 slot7; us mk82 x2 slot8
fa_18a_raaf	fa_18a_mk83	us mk83 x2 slot2; us mk83 x2 slot3; us mk83 x1 slot5; us mk83 x2 slot7; us mk83 x2 slot8
fa_18a_raaf	fa_18a_mk84	4x us mk84
fa_18a_raaf	fa_18a_mk82_snakeye	us mk82 x2 snakeye slot2; us mk82 x2 snakeye slot3; us mk82 x2 snakeye slot5; us mk82 x2 snakeye slot7; us mk82 x2 snakeye slot8
fa_18a_raaf	fa_18a_mk83_air	us mk83 air x2 slot2; us mk83 air x2 slot3; us mk83 air x1 slot5; us mk83 air x2 slot7; us mk83 air x2 slot8
fa_18a_raaf	fa_18a_mk77_mod4	us 500lb mk77 mod4 x2 slot2; us 500lb mk77 mod4 x2 slot3; us 500lb mk77 mod4 slot5; us 500lb mk77 mod4 x2 slot7; us 500lb mk77 mod4 x2 slot8
fa_18a_raaf	fa_18a_lau_10	4x lau 10 x2
fa_18a_raaf	fa_18a_lau_61	4x us hydra 70 lau 61 x2
fa_18a_raaf	fa_18a_walleye	walleye slot2; walleye slot8
fa_18a_raaf	fa_18a_agm_88	4x agm 88
fa_18a_raaf	fa_18a_aim_7m_single	aim 7m slot2; aim 7m slot8
fa_18c_early	fa_18c_early_default	2x aim 9l default; aim 7p slot2; ptb wing left; aim 7p default slot4; ptb fuse; aim 7p default slot6; ptb wing right; aim 7p slot8
fa_18c_early	fa_18c_early_aim_9l_aam	2x aim 9l default; 2x aim 9l x2; ptb wing left; aim 7p default slot4; ptb fuse; aim 7p default slot6; ptb wing right
fa_18c_early	fa_18c_early_aim_7p_aam	2x aim 9l default; aim 7p slot2; aim 7p slot3; aim 7p default slot4; ptb fuse; aim 7p default slot6; aim 7p slot7; aim 7p slot8
fa_18c_early	fa_18c_early_mk82	2x aim 9l default; us mk82 x2 slot2; us mk82 x2 slot3; aim 7p default slot4; us mk82 x2 slot5; aim 7p default slot6; us mk82 x2 slot7; us mk82 x2 slot8
fa_18c_early	fa_18c_early_mk83	2x aim 9l default; us mk83 x2 slot2; us mk83 x2 slot3; aim 7p default slot4; us mk83 x1 slot5; aim 7p default slot6; us mk83 x2 slot7; us mk83 x2 slot8
fa_18c_early	fa_18c_early_mk84	2x aim 9l default; 4x us mk84; aim 7p default slot4; ptb fuse; aim 7p default slot6
fa_18c_early	fa_18c_early_mk82_snakeye	2x aim 9l default; us mk82 x2 snakeye slot2; us mk82 x2 snakeye slot3; aim 7p default slot4; us mk82 x2 snakeye slot5; aim 7p default slot6; us mk82 x2 snakeye slot7; us mk82 x2 snakeye slot8
fa_18c_early	fa_18c_early_mk83_air	2x aim 9l default; us mk83 air x2 slot2; us mk83 air x2 slot3; aim 7p default slot4; us mk83 air x1 slot5; aim 7p default slot6; us mk83 air x2 slot7; us mk83 air x2 slot8
fa_18c_early	fa_18c_early_mk77_mod4	2x aim 9l default; us 500lb mk77 mod4 x2 slot2; us 500lb mk77 mod4 x2 slot3; aim 7p default slot4; us 500lb mk77 mod4 slot5; aim 7p default slot6; us 500lb mk77 mod4 x2 slot7; us 500lb mk77 mod4 x2 slot8
fa_18c_early	fa_18c_early_lau_10	2x aim 9l default; 4x lau 10 x2; aim 7p default slot4; ptb fuse; aim 7p default slot6
fa_18c_early	fa_18c_early_lau_61	2x aim 9l default; 4x us hydra 70 lau 61 x2; aim 7p default slot4; ptb fuse; aim 7p default slot6
fa_18c_early	fa_18c_early_walleye_aam	2x aim 9l default; walleye slot2; ptb wing left; aim 7p default slot4; ptb fuse; aim 7p default slot6; ptb wing right; walleye slot8
fa_18c_early	fa_18c_early_gbu_12_aam	2x aim 9l default; us gbu 12 x2 slot2; us gbu 12 x2 slot3; an aas 38a; ptb fuse; aim 7p default slot6; us gbu 12 x2 slot7; us gbu 12 x2 slot8
fa_18c_early	fa_18c_early_gbu_16_aam	2x aim 9l default; us gbu 16 slot2; us gbu 16 slot3; an aas 38a; ptb fuse; aim 7p default slot6; us gbu 16 slot7; us gbu 16 slot8
fa_18c_early	fa_18c_early_gbu_10_aam	2x aim 9l default; us gbu 10 slot2; us gbu 10 slot3; an aas 38a; ptb fuse; aim 7p default slot6; us gbu 10 slot7; us gbu 10 slot8
fa_18c_early	fa_18c_early_gbu_24_aam	2x aim 9l default; us gbu 24 slot2; us gbu 24 slot3; an aas 38a; ptb fuse; aim 7p default slot6; us gbu 24 slot7; us gbu 24 slot8
fa_18c_early	fa_18c_early_agm_65e_aam	2x aim 9l default; 4x agm 65e; an aas 38a; ptb fuse; aim 7p default slot6
fa_18c_early	fa_18c_early_agm_65f_aam	2x aim 9l default; 4x agm 65f; aim 7p default slot4; ptb fuse; aim 7p default slot6
fa_18c_early	fa_18c_early_agm_88_aam	2x aim 9l default; 4x agm 88; aim 7p default slot4; ptb fuse; aim 7p default slot6
fa_18c_early	fa_18c_early_agm_84_aam	2x aim 9l default; 4x agm 84; aim 7p default slot4; ptb fuse; aim 7p default slot6
fa_18c_early	fa_18c_early_aim_9l	2x aim 9l x2
fa_18c_early	fa_18c_early_aim_7p	aim 7p slot2; aim 7p slot3; aim 7p slot7; aim 7p slot8
fa_18c_early	fa_18c_early_walleye	walleye slot2; walleye slot8
fa_18c_early	fa_18c_early_gbu_12	us gbu 12 x2 slot2; us gbu 12 x2 slot3; an aas 38a; us gbu 12 x2 slot7; us gbu 12 x2 slot8
fa_18c_early	fa_18c_early_gbu_16	us gbu 16 slot2; us gbu 16 slot3; an aas 38a; us gbu 16 slot7; us gbu 16 slot8
fa_18c_early	fa_18c_early_gbu_10	us gbu 10 slot2; us gbu 10 slot3; an aas 38a; us gbu 10 slot7; us gbu 10 slot8
fa_18c_early	fa_18c_early_gbu_24	us gbu 24 slot2; us gbu 24 slot3; an aas 38a; us gbu 24 slot7; us gbu 24 slot8
fa_18c_early	fa_18c_early_agm_65e	4x agm 65e; an aas 38a
fa_18c_early	fa_18c_early_agm_65f	4x agm 65f
fa_18c_early	fa_18c_early_agm_88	4x agm 88
fa_18c_early	fa_18c_early_agm_84	4x agm 84
fa_18c_finland	fa_18c_finland_default	2x aim 9m default; ptb wing left; aim 120 default slot4; ptb fuse; aim 120 default slot6; ptb wing right
fa_18c_finland	fa_18c_finland_aim_9l	2x aim 9l; 2x aim 9l x2
fa_18c_finland	fa_18c_finland_aim_9m	2x aim 9m default; 2x aim 9m x2
fa_18c_finland	fa_18c_finland_aim_120	aim 120 x2 slot2; aim 120 x2 slot3; aim 120 default slot4; aim 120 default slot6; aim 120 x2 slot7; aim 120 x2 slot8
fa_18c_late	fa_18c_late_default	2x aim 9m default; ptb wing left; aim 120c default slot4; ptb fuse; aim 120c default slot6; ptb wing right
fa_18c_late	fa_18c_late_aim_9l	2x aim 9l; 2x aim 9l x2
fa_18c_late	fa_18c_late_aim_9m	2x aim 9m default; 2x aim 9m x2
fa_18c_late	fa_18c_late_aim_7p	aim 7p slot2; aim 7p slot3; aim 7p slot4; aim 7p slot6; aim 7p slot7; aim 7p slot8
fa_18c_late	fa_18c_late_aim_120	aim 120 x2 slot2; aim 120 x2 slot3; aim 120 default slot4; aim 120 default slot6; aim 120 x2 slot7; aim 120 x2 slot8
fa_18c_late	fa_18c_late_aim_120c	aim 120c x2 slot2; aim 120c x2 slot3; aim 120c default slot4; aim 120c default slot6; aim 120c x2 slot7; aim 120c x2 slot8
fa_18c_late	fa_18c_late_mk82	us mk82 x2 slot2; us mk82 x2 slot3; us mk82 x2 slot5; us mk82 x2 slot7; us mk82 x2 slot8
fa_18c_late	fa_18c_late_mk83	us mk83 x2 slot2; us mk83 x2 slot3; us mk83 x1 slot5; us mk83 x2 slot7; us mk83 x2 slot8
fa_18c_late	fa_18c_late_mk84	4x us mk84
fa_18c_late	fa_18c_late_mk82_snakeye	us mk82 x2 snakeye slot2; us mk82 x2 snakeye slot3; us mk82 x2 snakeye slot5; us mk82 x2 snakeye slot7; us mk82 x2 snakeye slot8
fa_18c_late	fa_18c_late_mk83_air	us mk83 air x2 slot2; us mk83 air x2 slot3; us mk83 air x1 slot5; us mk83 air x2 slot7; us mk83 air x2 slot8
fa_18c_late	fa_18c_late_mk77_mod4	us 500lb mk77 mod4 x2 slot2; us 500lb mk77 mod4 x2 slot3; us 500lb mk77 mod4 slot5; us 500lb mk77 mod4 x2 slot7; us 500lb mk77 mod4 x2 slot8
fa_18c_late	fa_18c_late_lau_10	4x lau 10 x2
fa_18c_late	fa_18c_late_lau_61	4x us hydra 70 lau 61 x2
fa_18c_late	fa_18c_late_gbu_12	us gbu 12 x2 slot2; us gbu 12 x2 slot3; litening pod; us gbu 12 x2 slot7; us gbu 12 x2 slot8
fa_18c_late	fa_18c_late_gbu_16	us gbu 16 slot2; us gbu 16 slot3; litening pod; us gbu 16 slot7; us gbu 16 slot8
fa_18c_late	fa_18c_late_gbu_10	us gbu 10 slot2; us gbu 10 slot3; litening pod; us gbu 10 slot7; us gbu 10 slot8
fa_18c_late	fa_18c_late_gbu_24	us gbu 24 slot2; us gbu 24 slot3; litening pod; us gbu 24 slot7; us gbu 24 slot8
fa_18c_late	fa_18c_late_gbu_38	us gbu 38 x2 slot2; us gbu 38 x2 slot3; us gbu 38 x2 slot7; us gbu 38 x2 slot8
fa_18c_late	fa_18c_late_gbu_54	us gbu 54 x2 slot2; us gbu 54 x2 slot3; litening pod; us gbu 54 x2 slot7; us gbu 54 x2 slot8
fa_18c_late	fa_18c_late_gbu_32	us gbu 32 x2 slot2; us gbu 32 x2 slot3; us gbu 32 x2 slot7; us gbu 32 x2 slot8
fa_18c_late	fa_18c_late_gbu_31	us gbu 31 slot2; us gbu 31 slot3; us gbu 31 slot7; us gbu 31 slot8
fa_18c_late	fa_18c_late_gbu_62_laser	us gbu 62 x2 slot2; us gbu 62 x2 slot3; litening pod; us gbu 62 x2 slot7; us gbu 62 x2 slot8
fa_18c_late	fa_18c_late_gbu_64	us gbu 64 slot2; us gbu 64 slot3; us gbu 64 slot7; us gbu 64 slot8
fa_18c_late	fa_18c_late_agm_154a1	agm 154a1 x2 slot2; agm 154a1 x2 slot3; agm 154a1 x2 slot7; agm 154a1 x2 slot8
fa_18c_late	fa_18c_late_agm_65e	4x agm 65e; litening pod
fa_18c_late	fa_18c_late_agm_65f	4x agm 65f
fa_18c_late	fa_18c_late_agm_62er	2x walleye
fa_18c_late	fa_18c_late_agm_84h	4x agm 84h
fa_18c_late	fa_18c_late_apkws_m151	us apkws m151 x2 slot2; us apkws m151 x2 slot3; litening pod; us apkws m151 x2 slot7; us apkws m151 x2 slot8
fa_18c_late	fa_18c_late_apkws_m282	us apkws m282 x2 slot2; us apkws m282 x2 slot3; litening pod; us apkws m282 x2 slot7; us apkws m282 x2 slot8
fa_18c_late	fa_18c_late_agm_88	4x agm 88
fa_18c_late	fa_18c_late_agm_84	4x agm 84
fa_18c_late_switzerland	fa_18c_late_switzerland_default	2x aim 9m default; ptb wing left; aim 120c default slot4; ptb fuse; aim 120c default slot6; ptb wing right
fa_18c_late_switzerland	fa_18c_late_switzerland_aim_9l	2x aim 9l; 2x aim 9l x2
fa_18c_late_switzerland	fa_18c_late_switzerland_aim_9m	2x aim 9m default; 2x aim 9m x2
fa_18c_late_switzerland	fa_18c_late_switzerland_aim_7p	aim 7p slot2; aim 7p slot3; aim 7p slot4; aim 7p slot6; aim 7p slot7; aim 7p slot8
fa_18c_late_switzerland	fa_18c_late_switzerland_aim_120	aim 120 x2 slot2; aim 120 x2 slot3; aim 120 default slot4; aim 120 default slot6; aim 120 x2 slot7; aim 120 x2 slot8
fa_18c_late_switzerland	fa_18c_late_switzerland_aim_120c	aim 120c x2 slot2; aim 120c x2 slot3; aim 120c default slot4; aim 120c default slot6; aim 120c x2 slot7; aim 120c x2 slot8
fa_18c_late_switzerland	fa_18c_late_switzerland_mk82	us mk82 x2 slot2; us mk82 x2 slot3; us mk82 x2 slot5; us mk82 x2 slot7; us mk82 x2 slot8
fa_18c_late_switzerland	fa_18c_late_switzerland_mk83	us mk83 x2 slot2; us mk83 x2 slot3; us mk83 x1 slot5; us mk83 x2 slot7; us mk83 x2 slot8
fa_18c_late_switzerland	fa_18c_late_switzerland_mk84	4x us mk84
fa_18c_late_switzerland	fa_18c_late_switzerland_mk82_snakeye	us mk82 x2 snakeye slot2; us mk82 x2 snakeye slot3; us mk82 x2 snakeye slot5; us mk82 x2 snakeye slot7; us mk82 x2 snakeye slot8
fa_18c_late_switzerland	fa_18c_late_switzerland_mk83_air	us mk83 air x2 slot2; us mk83 air x2 slot3; us mk83 air x1 slot5; us mk83 air x2 slot7; us mk83 air x2 slot8
fa_18c_late_switzerland	fa_18c_late_switzerland_mk77_mod4	us 500lb mk77 mod4 x2 slot2; us 500lb mk77 mod4 x2 slot3; us 500lb mk77 mod4 slot5; us 500lb mk77 mod4 x2 slot7; us 500lb mk77 mod4 x2 slot8
fa_18c_late_switzerland	fa_18c_late_switzerland_lau_10	4x lau 10 x2
fa_18c_late_switzerland	fa_18c_late_switzerland_lau_61	4x us hydra 70 lau 61 x2
fa_18c_late_switzerland	fa_18c_late_switzerland_gbu_12	us gbu 12 x2 slot2; us gbu 12 x2 slot3; an asq 228 pod; us gbu 12 x2 slot7; us gbu 12 x2 slot8
fa_18c_late_switzerland	fa_18c_late_switzerland_gbu_16	us gbu 16 slot2; us gbu 16 slot3; an asq 228 pod; us gbu 16 slot7; us gbu 16 slot8
fa_18c_late_switzerland	fa_18c_late_switzerland_gbu_10	us gbu 10 slot2; us gbu 10 slot3; an asq 228 pod; us gbu 10 slot7; us gbu 10 slot8
fa_18c_late_switzerland	fa_18c_late_switzerland_gbu_24	us gbu 24 slot2; us gbu 24 slot3; an asq 228 pod; us gbu 24 slot7; us gbu 24 slot8
fa_18c_late_switzerland	fa_18c_late_switzerland_gbu_38	us gbu 38 x2 slot2; us gbu 38 x2 slot3; us gbu 38 x2 slot7; us gbu 38 x2 slot8
fa_18c_late_switzerland	fa_18c_late_switzerland_gbu_54	us gbu 54 x2 slot2; us gbu 54 x2 slot3; an asq 228 pod; us gbu 54 x2 slot7; us gbu 54 x2 slot8
fa_18c_late_switzerland	fa_18c_late_switzerland_gbu_32	us gbu 32 x2 slot2; us gbu 32 x2 slot3; us gbu 32 x2 slot7; us gbu 32 x2 slot8
fa_18c_late_switzerland	fa_18c_late_switzerland_gbu_31	us gbu 31 slot2; us gbu 31 slot3; us gbu 31 slot7; us gbu 31 slot8
fa_18c_late_switzerland	fa_18c_late_switzerland_gbu_62	us gbu 62 x2 slot2; us gbu 62 x2 slot3; an asq 228 pod; us gbu 62 x2 slot7; us gbu 62 x2 slot8
fa_18c_late_switzerland	fa_18c_late_switzerland_gbu_64	us gbu 64 slot2; us gbu 64 slot3; us gbu 64 slot7; us gbu 64 slot8
fa_18c_late_switzerland	fa_18c_late_switzerland_agm_65e	4x agm 65e; an asq 228 pod
fa_18c_late_switzerland	fa_18c_late_switzerland_agm_65g	4x agm 65g; an asq 228 pod
fa_18c_late_switzerland	fa_18c_late_switzerland_apkws_m151	us apkws m151 x2 slot2; us apkws m151 x2 slot3; an asq 228 pod; us apkws m151 x2 slot7; us apkws m151 x2 slot8
fa_18c_late_switzerland	fa_18c_late_switzerland_apkws_m282	us apkws m282 x2 slot2; us apkws m282 x2 slot3; an asq 228 pod; us apkws m282 x2 slot7; us apkws m282 x2 slot8
fa_18c_late_switzerland	fa_18c_late_switzerland_agm_88	4x agm 88
fa_18c_late_switzerland	fa_18c_late_switzerland_agm_84	4x agm 84
fa_18c_mlu_2_finland	fa_18c_mlu_2_finland_default	2x aim 9m default; ptb wing left; aim 120c default slot4; ptb fuse; aim 120c default slot6; ptb wing right
fa_18c_mlu_2_finland	fa_18c_mlu_2_finland_aim_9l	2x aim 9l; 2x aim 9l x2
fa_18c_mlu_2_finland	fa_18c_mlu_2_finland_aim_9m	2x aim 9m default; 2x aim 9m x2
fa_18c_mlu_2_finland	fa_18c_mlu_2_finland_aim_120	aim 120 x2 slot2; aim 120 x2 slot3; aim 120 default slot4; aim 120 default slot6; aim 120 x2 slot7; aim 120 x2 slot8
fa_18c_mlu_2_finland	fa_18c_mlu_2_finland_aim_120c	aim 120c x2 slot2; aim 120c x2 slot3; aim 120c default slot4; aim 120c default slot6; aim 120c x2 slot7; aim 120c x2 slot8
fa_18c_mlu_2_finland	fa_18c_mlu_2_finland_gbu_38	us gbu 38 x2 slot2; us gbu 38 slot3; us gbu 38 slot7; us gbu 38 x2 slot8
fa_18c_mlu_2_finland	fa_18c_mlu_2_finland_gbu_54	us gbu 54 slot2; us gbu 54 slot3; litening pod; us gbu 54 slot7; us gbu 54 slot8
fa_18c_mlu_2_finland	fa_18c_mlu_2_finland_gbu_32	us gbu 32 slot2; us gbu 32 slot3; us gbu 32 slot7; us gbu 32 slot8
fa_18c_mlu_2_finland	fa_18c_mlu_2_finland_gbu_31	us gbu 31 slot2; us gbu 31 slot3; us gbu 31 slot7; us gbu 31 slot8
fa_18c_mlu_2_finland	fa_18c_mlu_2_finland_gbu_62	us gbu 62 slot2; us gbu 62 slot3; litening pod; us gbu 62 slot7; us gbu 62 slot8
fa_18c_mlu_2_finland	fa_18c_mlu_2_finland_gbu_64	us gbu 64 slot2; us gbu 64 slot3; us gbu 64 slot7; us gbu 64 slot8
fa_18c_mlu_2_finland	fa_18c_mlu_2_finland_agm_154a1	agm 154a1 x2 slot2; agm 154a1 x2 slot3; agm 154a1 x2 slot7; agm 154a1 x2 slot8
fa_18c_mlu_2_finland	fa_18c_mlu_2_finland_agm_88	4x agm 88
fa_18c_mlu_2_finland	fa_18c_mlu_2_finland_agm_84	4x agm 84
fa_18c_switzerland	fa_18c_switzerland_default	2x aim 9l; aim 7p slot2; ptb wing left; aim 7p default slot4; ptb fuse; aim 7p default slot6; ptb wing right; aim 7p slot8
fa_18c_switzerland	fa_18c_switzerland_aim_9l_aam	2x aim 9l; 2x aim 9l x2; ptb wing left; aim 7p default slot4; ptb fuse; aim 7p default slot6; ptb wing right
fa_18c_switzerland	fa_18c_switzerland_aim_7p_aam	2x aim 9l; aim 7p slot2; aim 7p slot3; aim 7p default slot4; ptb fuse; aim 7p default slot6; aim 7p slot7; aim 7p slot8
fa_18c_switzerland	fa_18c_switzerland_mk82	2x aim 9l; us mk82 x2 slot2; us mk82 x2 slot3; aim 7p default slot4; us mk82 x2 slot5; aim 7p default slot6; us mk82 x2 slot7; us mk82 x2 slot8
fa_18c_switzerland	fa_18c_switzerland_mk83	2x aim 9l; us mk83 x2 slot2; us mk83 x2 slot3; aim 7p default slot4; us mk83 x1 slot5; aim 7p default slot6; us mk83 x2 slot7; us mk83 x2 slot8
fa_18c_switzerland	fa_18c_switzerland_mk84	2x aim 9l; 4x us mk84; aim 7p default slot4; ptb fuse; aim 7p default slot6
fa_18c_switzerland	fa_18c_switzerland_mk82_snakeye	2x aim 9l; us mk82 x2 snakeye slot2; us mk82 x2 snakeye slot3; aim 7p default slot4; us mk82 x2 snakeye slot5; aim 7p default slot6; us mk82 x2 snakeye slot7; us mk82 x2 snakeye slot8
fa_18c_switzerland	fa_18c_switzerland_mk83_air	2x aim 9l; us mk83 air x2 slot2; us mk83 air x2 slot3; aim 7p default slot4; us mk83 air x1 slot5; aim 7p default slot6; us mk83 air x2 slot7; us mk83 air x2 slot8
fa_18c_switzerland	fa_18c_switzerland_mk77_mod4	2x aim 9l; us 500lb mk77 mod4 x2 slot2; us 500lb mk77 mod4 x2 slot3; aim 7p default slot4; us 500lb mk77 mod4 slot5; aim 7p default slot6; us 500lb mk77 mod4 x2 slot7; us 500lb mk77 mod4 x2 slot8
fa_18c_switzerland	fa_18c_switzerland_lau_10	2x aim 9l; 4x lau 10 x2; aim 7p default slot4; ptb fuse; aim 7p default slot6
fa_18c_switzerland	fa_18c_switzerland_lau_61	2x aim 9l; 4x us hydra 70 lau 61 x2; aim 7p default slot4; ptb fuse; aim 7p default slot6
fa_18c_switzerland	fa_18c_switzerland_gbu_12_aam	2x aim 9l; us gbu 12 x2 slot2; us gbu 12 x2 slot3; an aas 38b pod; ptb fuse; us gbu 12 x2 slot7; us gbu 12 x2 slot8
fa_18c_switzerland	fa_18c_switzerland_gbu_16_aam	2x aim 9l; us gbu 16 slot2; us gbu 16 slot3; an aas 38b pod; ptb fuse; us gbu 16 slot7; us gbu 16 slot8
fa_18c_switzerland	fa_18c_switzerland_gbu_10_aam	2x aim 9l; us gbu 10 slot2; us gbu 10 slot3; an aas 38b pod; ptb fuse; us gbu 10 slot7; us gbu 10 slot8
fa_18c_switzerland	fa_18c_switzerland_gbu_24_aam	2x aim 9l; us gbu 24 slot2; us gbu 24 slot3; an aas 38b pod; ptb fuse; us gbu 24 slot7; us gbu 24 slot8
fa_18c_switzerland	fa_18c_switzerland_agm_65e_aam	2x aim 9l; 4x agm 65e; an aas 38b pod; ptb fuse
fa_18c_switzerland	fa_18c_switzerland_agm_65g_aam	2x aim 9l; 4x agm 65g; an aas 38b pod; ptb fuse
fa_18c_switzerland	fa_18c_switzerland_aim_9l	2x aim 9l x2
fa_18c_switzerland	fa_18c_switzerland_aim_7p	aim 7p slot2; aim 7p slot3; aim 7p slot7; aim 7p slot8
fa_18c_switzerland	fa_18c_switzerland_gbu_12	us gbu 12 x2 slot2; us gbu 12 x2 slot3; an aas 38b pod; us gbu 12 x2 slot7; us gbu 12 x2 slot8
fa_18c_switzerland	fa_18c_switzerland_gbu_16	us gbu 16 slot2; us gbu 16 slot3; an aas 38b pod; us gbu 16 slot7; us gbu 16 slot8
fa_18c_switzerland	fa_18c_switzerland_gbu_10	us gbu 10 slot2; us gbu 10 slot3; an aas 38b pod; us gbu 10 slot7; us gbu 10 slot8
fa_18c_switzerland	fa_18c_switzerland_gbu_24	us gbu 24 slot2; us gbu 24 slot3; an aas 38b pod; us gbu 24 slot7; us gbu 24 slot8
fa_18c_switzerland	fa_18c_switzerland_agm_65e	4x agm 65e; an aas 38b pod
fa_18c_switzerland	fa_18c_switzerland_agm_65g	4x agm 65g; an aas 38b pod
fa_18d_late_malaysia	fa_18d_late_malaysia_default	2x aim 9m default; ptb wing left; aim 120c default slot4; ptb fuse; aim 120c default slot6; ptb wing right
fa_18d_late_malaysia	fa_18d_late_malaysia_aim_9l	2x aim 9l; 2x aim 9l x2
fa_18d_late_malaysia	fa_18d_late_malaysia_aim_9m	2x aim 9m default; 2x aim 9m x2
fa_18d_late_malaysia	fa_18d_late_malaysia_aim_7p	aim 7p slot2; aim 7p slot3; aim 7p slot4; aim 7p slot6; aim 7p slot7; aim 7p slot8
fa_18d_late_malaysia	fa_18d_late_malaysia_aim_120	aim 120 x2 slot2; aim 120 x2 slot3; aim 120 default slot4; aim 120 default slot6; aim 120 x2 slot7; aim 120 x2 slot8
fa_18d_late_malaysia	fa_18d_late_malaysia_aim_120c	aim 120c x2 slot2; aim 120c x2 slot3; aim 120c default slot4; aim 120c default slot6; aim 120c x2 slot7; aim 120c x2 slot8
fa_18d_late_malaysia	fa_18d_late_malaysia_mk82	us mk82 x2 slot2; us mk82 x2 slot3; us mk82 x2 slot5; us mk82 x2 slot7; us mk82 x2 slot8
fa_18d_late_malaysia	fa_18d_late_malaysia_mk83	us mk83 x2 slot2; us mk83 x2 slot3; us mk83 x1 slot5; us mk83 x2 slot7; us mk83 x2 slot8
fa_18d_late_malaysia	fa_18d_late_malaysia_mk84	4x us mk84
fa_18d_late_malaysia	fa_18d_late_malaysia_mk82_snakeye	us mk82 x2 snakeye slot2; us mk82 x2 snakeye slot3; us mk82 x2 snakeye slot5; us mk82 x2 snakeye slot7; us mk82 x2 snakeye slot8
fa_18d_late_malaysia	fa_18d_late_malaysia_mk83_air	us mk83 air x2 slot2; us mk83 air x2 slot3; us mk83 air x1 slot5; us mk83 air x2 slot7; us mk83 air x2 slot8
fa_18d_late_malaysia	fa_18d_late_malaysia_mk77_mod4	us 500lb mk77 mod4 x2 slot2; us 500lb mk77 mod4 x2 slot3; us 500lb mk77 mod4 slot5; us 500lb mk77 mod4 x2 slot7; us 500lb mk77 mod4 x2 slot8
fa_18d_late_malaysia	fa_18d_late_malaysia_lau_10	4x lau 10 x2
fa_18d_late_malaysia	fa_18d_late_malaysia_lau_61	4x us hydra 70 lau 61 x2
fa_18d_late_malaysia	fa_18d_late_malaysia_gbu_12	us gbu 12 x2 slot2; us gbu 12 x2 slot3; an asq 228 pod; us gbu 12 x2 slot7; us gbu 12 x2 slot8
fa_18d_late_malaysia	fa_18d_late_malaysia_gbu_16	us gbu 16 slot2; us gbu 16 slot3; an asq 228 pod; us gbu 16 slot7; us gbu 16 slot8
fa_18d_late_malaysia	fa_18d_late_malaysia_gbu_10	us gbu 10 slot2; us gbu 10 slot3; an asq 228 pod; us gbu 10 slot7; us gbu 10 slot8
fa_18d_late_malaysia	fa_18d_late_malaysia_gbu_24	us gbu 24 slot2; us gbu 24 slot3; an asq 228 pod; us gbu 24 slot7; us gbu 24 slot8
fa_18d_late_malaysia	fa_18d_late_malaysia_gbu_38	us gbu 38 x2 slot2; us gbu 38 x2 slot3; us gbu 38 x2 slot7; us gbu 38 x2 slot8
fa_18d_late_malaysia	fa_18d_late_malaysia_gbu_54	us gbu 54 x2 slot2; us gbu 54 x2 slot3; an asq 228 pod; us gbu 54 x2 slot7; us gbu 54 x2 slot8
fa_18d_late_malaysia	fa_18d_late_malaysia_gbu_32	us gbu 32 x2 slot2; us gbu 32 x2 slot3; us gbu 32 x2 slot7; us gbu 32 x2 slot8
fa_18d_late_malaysia	fa_18d_late_malaysia_gbu_31	us gbu 31 slot2; us gbu 31 slot3; us gbu 31 slot7; us gbu 31 slot8
fa_18d_late_malaysia	fa_18d_late_malaysia_gbu_62_laser	us gbu 62 x2 slot2; us gbu 62 x2 slot3; an asq 228 pod; us gbu 62 x2 slot7; us gbu 62 x2 slot8
fa_18d_late_malaysia	fa_18d_late_malaysia_gbu_64	us gbu 64 slot2; us gbu 64 slot3; us gbu 64 slot7; us gbu 64 slot8
fa_18d_late_malaysia	fa_18d_late_malaysia_agm_65g	4x agm 65g
fa_18d_late_malaysia	fa_18d_late_malaysia_apkws_m151	us apkws m151 x2 slot2; us apkws m151 x2 slot3; an asq 228 pod; us apkws m151 x2 slot7; us apkws m151 x2 slot8
fa_18d_late_malaysia	fa_18d_late_malaysia_apkws_m282	us apkws m282 x2 slot2; us apkws m282 x2 slot3; an asq 228 pod; us apkws m282 x2 slot7; us apkws m282 x2 slot8
fa_18d_late_malaysia	fa_18d_late_malaysia_agm_88	4x agm 88
fa_18d_late_malaysia	fa_18d_late_malaysia_agm_84	4x agm 84
fa_18e_block_2	fa_18e_block_2_default	aim 9m default slot1; ptb slot3; ptb slot4; aim 120d default slot5; ptb slot6; aim 120d default slot7; ptb slot8; ptb slot9; aim 9m default slot11
fa_18e_block_2	fa_18e_block_2_aim_9m	aim 9m default slot1; aim 9m slot2; aim 9m x2 slot3; aim 9m x2 slot4; aim 9m x2 slot8; aim 9m x2 slot9; aim 9m slot10; aim 9m default slot11
fa_18e_block_2	fa_18e_block_2_aim_120c	aim 120c slot2; aim 120c x2 slot3; aim 120c x2 slot4; aim 120c default slot5; aim 120c default slot7; aim 120c x2 slot8; aim 120c x2 slot9; aim 120c slot10
fa_18e_block_2	fa_18e_block_2_aim_120d	aim 120d slot2; aim 120d x2 slot3; aim 120d x2 slot4; aim 120d default slot5; aim 120d default slot7; aim 120d x2 slot8; aim 120d x2 slot9; aim 120d slot10
fa_18e_block_2	fa_18e_block_2_mk82	us mk82 slot2; us mk82 x2 slot3; us mk82 x2 slot4; us mk82 x1 slot6; us mk82 x2 slot8; us mk82 x2 slot9; us mk82 slot10
fa_18e_block_2	fa_18e_block_2_mk83	us mk83 slot2; us mk83 x2 slot3; us mk83 x2 slot4; us mk83 x1 slot6; us mk83 x2 slot8; us mk83 x2 slot9; us mk83 slot10
fa_18e_block_2	fa_18e_block_2_mk84	us mk84 slot3; us mk84 slot4; us mk84 slot8; us mk84 slot9
fa_18e_block_2	fa_18e_block_2_mk82_snakeye	us mk82 snakeye slot2; us mk82 x2 snakeye slot3; us mk82 x2 snakeye slot4; us mk82 snakeye x1 slot6; us mk82 x2 snakeye slot8; us mk82 x2 snakeye slot9; us mk82 snakeye slot10
fa_18e_block_2	fa_18e_block_2_mk83_air	us mk83 air slot2; us mk83 air x2 slot3; us mk83 air x2 slot4; us mk83 air x1 slot6; us mk83 air x2 slot8; us mk83 air x2 slot9; us mk83 air slot10
fa_18e_block_2	fa_18e_block_2_mk77_mod4	us 500lb mk77 mod4 slot2; us 500lb mk77 mod4 x2 slot3; us 500lb mk77 mod4 x2 slot4; us 500lb mk77 mod4 slot6; us 500lb mk77 mod4 x2 slot8; us 500lb mk77 mod4 x2 slot9; us 500lb mk77 mod4 slot10
fa_18e_block_2	fa_18e_block_2_lau_10	lau 10 slot2; lau 10 x2 slot3; lau 10 x2 slot4; lau 10 x2 slot8; lau 10 x2 slot9; lau 10 slot10
fa_18e_block_2	fa_18e_block_2_lau_61	us hydra 70 slot2; us hydra 70 lau 61 x2 slot3; us hydra 70 lau 61 x2 slot4; us hydra 70 lau 61 x2 slot8; us hydra 70 lau 61 x2 slot9; us hydra 70 slot10
fa_18e_block_2	fa_18e_block_2_walleye	walleye slot3; walleye slot9
fa_18e_block_2	fa_18e_block_2_gbu_12	us gbu 12 slot2; us gbu 12 x2 slot3; us gbu 12 x2 slot4; an asq 228 pod; us gbu 12 x2 slot8; us gbu 12 x2 slot9; us gbu 12 slot10
fa_18e_block_2	fa_18e_block_2_gbu_16	us gbu 16 slot2; us gbu 16 slot3; us gbu 16 slot4; an asq 228 pod; us gbu 16 slot8; us gbu 16 slot9; us gbu 16 slot10
fa_18e_block_2	fa_18e_block_2_gbu_10	us gbu 10 slot3; us gbu 10 slot4; an asq 228 pod; us gbu 10 slot8; us gbu 10 slot9
fa_18e_block_2	fa_18e_block_2_gbu_24	us gbu 24 slot3; us gbu 24 slot4; an asq 228 pod; us gbu 24 slot8; us gbu 24 slot9
fa_18e_block_2	fa_18e_block_2_gbu_38	us gbu 38 slot2; us gbu 38 x2 slot3; us gbu 38 x2 slot4; us gbu 38 x2 slot8; us gbu 38 x2 slot9; us gbu 38 slot10
fa_18e_block_2	fa_18e_block_2_gbu_54	us gbu 54 slot2; us gbu 54 x2 slot3; us gbu 54 x2 slot4; an asq 228 pod; us gbu 54 x2 slot8; us gbu 54 x2 slot9; us gbu 54 slot10
fa_18e_block_2	fa_18e_block_2_gbu_32	us gbu 32 slot2; us gbu 32 x2 slot3; us gbu 32 x2 slot4; us gbu 32 x2 slot8; us gbu 32 x2 slot9; us gbu 32 slot10
fa_18e_block_2	fa_18e_block_2_gbu_31	us gbu 31 slot3; us gbu 31 slot4; us gbu 31 slot8; us gbu 31 slot9
fa_18e_block_2	fa_18e_block_2_gbu_62_laser	us gbu 62 slot2; us gbu 62 x2 slot3; us gbu 62 x2 slot4; an asq 228 pod; us gbu 62 x2 slot8; us gbu 62 x2 slot9; us gbu 62 slot10
fa_18e_block_2	fa_18e_block_2_gbu_64	us gbu 64 slot3; us gbu 64 slot4; us gbu 64 slot8; us gbu 64 slot9
fa_18e_block_2	fa_18e_block_2_gbu_53	us gbu 53 x2 slot3; us gbu 53 x2 slot4; us gbu 53 x2 slot8; us gbu 53 x2 slot9
fa_18e_block_2	fa_18e_block_2_agm_154a1	agm 154a1 slot2; agm 154a1 x2 slot3; agm 154a1 x2 slot4; agm 154a1 x2 slot8; agm 154a1 x2 slot9; agm 154a1 slot10
fa_18e_block_2	fa_18e_block_2_agm_65e	agm 65e slot2; agm 65e slot3; agm 65e slot4; an asq 228 pod; agm 65e slot8; agm 65e slot9; agm 65e slot10
fa_18e_block_2	fa_18e_block_2_agm_65f	agm 65f slot2; agm 65f slot3; agm 65f slot4; agm 65f slot8; agm 65f slot9; agm 65f slot10
fa_18e_block_2	fa_18e_block_2_agm_84h	agm 84h slot3; agm 84h slot4; agm 84h slot8; agm 84h slot9
fa_18e_block_2	fa_18e_block_2_apkws_m151	us apkws m151 slot2; us apkws m151 x2 slot3; us apkws m151 x2 slot4; an asq 228 pod; us apkws m151 x2 slot8; us apkws m151 x2 slot9; us apkws m151 slot10
fa_18e_block_2	fa_18e_block_2_apkws_m282	us apkws m282 slot2; us apkws m282 x2 slot3; us apkws m282 x2 slot4; an asq 228 pod; us apkws m282 x2 slot8; us apkws m282 x2 slot9; us apkws m282 slot10
fa_18e_block_2	fa_18e_block_2_agm_88	6x agm 88
fa_18e_block_2	fa_18e_block_2_agm_84	4x agm 84
fa_18f_block_2_raaf	fa_18f_block_2_raaf_default	aim 9m default slot1; ptb slot3; ptb slot4; aim 120c default slot5; ptb slot6; aim 120c default slot7; ptb slot8; ptb slot9; aim 9m default slot11
fa_18f_block_2_raaf	fa_18f_block_2_raaf_aim_9m	aim 9m default slot1; aim 9m slot2; aim 9m x2 slot3; aim 9m x2 slot4; aim 9m x2 slot8; aim 9m x2 slot9; aim 9m slot10; aim 9m default slot11
fa_18f_block_2_raaf	fa_18f_block_2_raaf_aim_120c	aim 120c slot2; aim 120c x2 slot3; aim 120c x2 slot4; aim 120c default slot5; aim 120c default slot7; aim 120c x2 slot8; aim 120c x2 slot9; aim 120c slot10
fa_18f_block_2_raaf	fa_18f_block_2_raaf_aim_120d	aim 120d slot2; aim 120d x2 slot3; aim 120d x2 slot4; aim 120d default slot5; aim 120d default slot7; aim 120d x2 slot8; aim 120d x2 slot9; aim 120d slot10
fa_18f_block_2_raaf	fa_18f_block_2_raaf_mk82	us mk82 slot2; us mk82 x2 slot3; us mk82 x2 slot4; us mk82 x1 slot6; us mk82 x2 slot8; us mk82 x2 slot9; us mk82 slot10
fa_18f_block_2_raaf	fa_18f_block_2_raaf_mk83	us mk83 slot2; us mk83 x2 slot3; us mk83 x2 slot4; us mk83 x1 slot6; us mk83 x2 slot8; us mk83 x2 slot9; us mk83 slot10
fa_18f_block_2_raaf	fa_18f_block_2_raaf_mk84	us mk84 slot3; us mk84 slot4; us mk84 slot8; us mk84 slot9
fa_18f_block_2_raaf	fa_18f_block_2_raaf_mk82_snakeye	us mk82 snakeye slot2; us mk82 x2 snakeye slot3; us mk82 x2 snakeye slot4; us mk82 snakeye x1 slot6; us mk82 x2 snakeye slot8; us mk82 x2 snakeye slot9; us mk82 snakeye slot10
fa_18f_block_2_raaf	fa_18f_block_2_raaf_mk83_air	us mk83 air slot2; us mk83 air x2 slot3; us mk83 air x2 slot4; us mk83 air x1 slot6; us mk83 air x2 slot8; us mk83 air x2 slot9; us mk83 air slot10
fa_18f_block_2_raaf	fa_18f_block_2_raaf_mk77_mod4	us 500lb mk77 mod4 slot2; us 500lb mk77 mod4 x2 slot3; us 500lb mk77 mod4 x2 slot4; us 500lb mk77 mod4 slot6; us 500lb mk77 mod4 x2 slot8; us 500lb mk77 mod4 x2 slot9; us 500lb mk77 mod4 slot10
fa_18f_block_2_raaf	fa_18f_block_2_raaf_lau_10	lau 10 slot2; lau 10 x2 slot3; lau 10 x2 slot4; lau 10 x2 slot8; lau 10 x2 slot9; lau 10 slot10
fa_18f_block_2_raaf	fa_18f_block_2_raaf_lau_61	us hydra 70 slot2; us hydra 70 lau 61 x2 slot3; us hydra 70 lau 61 x2 slot4; us hydra 70 lau 61 x2 slot8; us hydra 70 lau 61 x2 slot9; us hydra 70 slot10
fa_18f_block_2_raaf	fa_18f_block_2_raaf_walleye	walleye slot3; walleye slot9
fa_18f_block_2_raaf	fa_18f_block_2_raaf_gbu_12	us gbu 12 slot2; us gbu 12 x2 slot3; us gbu 12 x2 slot4; an asq 228 pod; us gbu 12 x2 slot8; us gbu 12 x2 slot9; us gbu 12 slot10
fa_18f_block_2_raaf	fa_18f_block_2_raaf_gbu_16	us gbu 16 slot2; us gbu 16 slot3; us gbu 16 slot4; an asq 228 pod; us gbu 16 slot8; us gbu 16 slot9; us gbu 16 slot10
fa_18f_block_2_raaf	fa_18f_block_2_raaf_gbu_10	us gbu 10 slot3; us gbu 10 slot4; an asq 228 pod; us gbu 10 slot8; us gbu 10 slot9
fa_18f_block_2_raaf	fa_18f_block_2_raaf_gbu_24	us gbu 24 slot3; us gbu 24 slot4; an asq 228 pod; us gbu 24 slot8; us gbu 24 slot9
fa_18f_block_2_raaf	fa_18f_block_2_raaf_gbu_38	us gbu 38 slot2; us gbu 38 x2 slot3; us gbu 38 x2 slot4; us gbu 38 x2 slot8; us gbu 38 x2 slot9; us gbu 38 slot10
fa_18f_block_2_raaf	fa_18f_block_2_raaf_gbu_54	us gbu 54 slot2; us gbu 54 x2 slot3; us gbu 54 x2 slot4; an asq 228 pod; us gbu 54 x2 slot8; us gbu 54 x2 slot9; us gbu 54 slot10
fa_18f_block_2_raaf	fa_18f_block_2_raaf_gbu_32	us gbu 32 slot2; us gbu 32 x2 slot3; us gbu 32 x2 slot4; us gbu 32 x2 slot8; us gbu 32 x2 slot9; us gbu 32 slot10
fa_18f_block_2_raaf	fa_18f_block_2_raaf_gbu_31	us gbu 31 slot3; us gbu 31 slot4; us gbu 31 slot8; us gbu 31 slot9
fa_18f_block_2_raaf	fa_18f_block_2_raaf_gbu_62_laser	us gbu 62 slot2; us gbu 62 x2 slot3; us gbu 62 x2 slot4; an asq 228 pod; us gbu 62 x2 slot8; us gbu 62 x2 slot9; us gbu 62 slot10
fa_18f_block_2_raaf	fa_18f_block_2_raaf_gbu_64	us gbu 64 slot3; us gbu 64 slot4; us gbu 64 slot8; us gbu 64 slot9
fa_18f_block_2_raaf	fa_18f_block_2_raaf_gbu_53	us gbu 53 x2 slot3; us gbu 53 x2 slot4; us gbu 53 x2 slot8; us gbu 53 x2 slot9
fa_18f_block_2_raaf	fa_18f_block_2_agm_154a1	agm 154a1 slot2; agm 154a1 x2 slot3; agm 154a1 x2 slot4; agm 154a1 x2 slot8; agm 154a1 x2 slot9; agm 154a1 slot10
fa_18f_block_2_raaf	fa_18f_block_2_raaf_agm_65e	agm 65e slot2; agm 65e slot3; agm 65e slot4; an asq 228 pod; agm 65e slot8; agm 65e slot9; agm 65e slot10
fa_18f_block_2_raaf	fa_18f_block_2_raaf_agm_65f	agm 65f slot2; agm 65f slot3; agm 65f slot4; agm 65f slot8; agm 65f slot9; agm 65f slot10
fa_18f_block_2_raaf	fa_18f_block_2_raaf_agm_84h	agm 84h slot3; agm 84h slot4; agm 84h slot8; agm 84h slot9
fa_18f_block_2_raaf	fa_18f_block_2_raaf_apkws_m151	us apkws m151 slot2; us apkws m151 x2 slot3; us apkws m151 x2 slot4; an asq 228 pod; us apkws m151 x2 slot8; us apkws m151 x2 slot9; us apkws m151 slot10
fa_18f_block_2_raaf	fa_18f_block_2_raaf_apkws_m282	us apkws m282 slot2; us apkws m282 x2 slot3; us apkws m282 x2 slot4; an asq 228 pod; us apkws m282 x2 slot8; us apkws m282 x2 slot9; us apkws m282 slot10
fa_18f_block_2_raaf	fa_18f_block_2_raaf_agm_88	6x agm 88
fa_18f_block_2_raaf	fa_18f_block_2_raaf_agm_84	4x agm 84
fairey_3f_mk3b	fairey_3f_mk3b_default	no suspended armament
fc_20_bis	fc_20_bis_default	no suspended armament
fc_20_bis	fc_20_bis_2x50kg_t	no suspended armament
fc_20_bis	fc_20_bis_2x100kg_t	no suspended armament
fc_20_bis	fc_20_bis_2x100kg_m	no suspended armament
fc_20_bis	fc_20_bis_2x160kg_ap	no suspended armament
ffa_p16	ffa_p16_default	no suspended armament
ffa_p16	ffa_p16_sws_flz_lwf_63	sws flz lwf 63 slot6; sws flz lwf 63 slot8
ffa_p16	ffa_p16_200_kg_sprengbombe	200 kg sprengbombe x2 slot1; 200 kg sprengbombe x2 slot4; sws flz lwf 63 slot6; matra sneb slot7; sws flz lwf 63 slot8; 200 kg sprengbombe x2 slot10; 200 kg sprengbombe x2 slot13
ffa_p16	ffa_p16_200_kg_sprengbombe_x2	200 kg sprengbombe slot1; 200 kg sprengbombe slot4; sws flz lwf 63 slot6; matra sneb slot7; sws flz lwf 63 slot8; 200 kg sprengbombe slot10; 200 kg sprengbombe slot13
ffa_p16	ffa_p16_400_kg_sprengbombe	400 kg sprengbombe slot1; 400 kg sprengbombe slot4; sws flz lwf 63 slot6; matra sneb slot7; sws flz lwf 63 slot8; 400 kg sprengbombe slot10; 400 kg sprengbombe slot13
ffa_p16	ffa_p16_2000lbs_anm66	2000lbs anm66 slot4; sws flz lwf 63 slot6; matra sneb slot7; sws flz lwf 63 slot8; 2000lbs anm66 slot10
ffa_p16	ffa_p16_400kg_febb_napalmbombe	400kg febb napalmbombe slot1; 400kg febb napalmbombe slot4; sws flz lwf 63 slot6; matra sneb slot7; sws flz lwf 63 slot8; 400kg febb napalmbombe slot10; 400kg febb napalmbombe slot13
ffa_p16	ffa_p16_sura_heat	sura heat slot1; sura heat slot2; sura heat slot3; sura heat slot5; sura heat slot6; matra sneb slot7; sura heat slot8; sura heat slot9; sura heat slot11; sura heat slot12; sura heat slot13
ffa_p16	ffa_p16_sura_he	sura he slot1; sura he slot2; sura he slot3; sura he slot5; sura he slot6; matra sneb slot7; sura he slot8; sura he slot9; sura he slot11; sura he slot12; sura he slot13
ffa_p16	ffa_p16_matra	sws flz lwf 63 slot6; matra sneb slot7; sws flz lwf 63 slot8
ffvs_j22_a	j22_default	no suspended armament
ffvs_j22_b	j22_default	no suspended armament
fiat_cr42	fiat_cr42_default	no suspended armament
fiat_cr42_italy	fiat_cr42_default	no suspended armament
fiat_cr42_j11	fiat_cr42_default	no suspended armament
fiat_cr42_marcolin	fiat_cr42_default	no suspended armament
fiat_cr42_marcolin_italy	fiat_cr42_default	no suspended armament
fiat_g50_seria2	fiat_g50_seria2_default	no suspended armament
fiat_g50_seria2_italy	fiat_g50_seria2_default	no suspended armament
fiat_g50_seria7as	fiat_g50_seria7as_default	no suspended armament
fiat_g50_seria7as	fiat_g50_seria7as_2x50kg	no suspended armament
fiat_g50_seria7as_italy	fiat_g50_seria7as_default	no suspended armament
fiat_g50_seria7as_italy	fiat_g50_seria7as_2x50kg	no suspended armament
fiat_g91_ps	fiat_g91_default	mgun left; mgun right
fiat_g91_ps	fiat_g91_ps_2_75in_ffar_rockets	2x aero 7; mgun left; mgun right
fiat_g91_ps	fiat_g91_ps_2x500lb_bombs	2x 500lbs; mgun left; mgun right
fiat_g91_ps	fiat_g91_ps_2x_aerea_559g1	2x 559g1; mgun left; mgun right
fiat_g91_r1	fiat_g91_r1_default	mgun left; mgun right
fiat_g91_r1	fiat_g91_r1_2_75in_ffar_rockets	2x aero 7; mgun left; mgun right
fiat_g91_r1	fiat_g91_r1_2xas20	as20 left; mgun right; as20 right
fiat_g91_r1	fiat_g91_r1_2xaa20	aa20 left; mgun right; aa20 right
fiat_g91_r1	fiat_g91_r1_2x500lb_bombs	2x 500lbs; mgun left; mgun right
fiat_g91_r1	fiat_g91_2x_aerea_559g1	2x 559g1; mgun left; mgun right
fiat_g91_r3	fiat_g91_r3_default	cannon left; cannon right
fiat_g91_r3	fiat_g91_r3_sneb_rockets	2x matra 116; matra 116 slot2; cannon left; cannon right; matra 116 slot5
fiat_g91_r3	fiat_g91_r3_4xlau_51	2x lau 51; lau 51 slot2; cannon left; cannon right; lau 51 slot5
fiat_g91_r3	fiat_g91_r3_4xlau_32	4x lau 32; cannon left; cannon right
fiat_g91_r3	fiat_g91_r3_4xas20	as20 slot1; as20 slot2; cannon right; as20 slot5; as20 slot6
fiat_g91_r3	fiat_g91_r3_4x250lb_bombs	4x 250lbs; cannon left; cannon right
fiat_g91_r3	fiat_g91_r3_2x500lb_bombs	4x 500lbs; cannon left; cannon right
fiat_g91_r3	fiat_g91_r3_2x500lb_bombs_snakeye	4x 500lbs snakeye; cannon left; cannon right
fiat_g91_r3	fiat_g91_r3_4xsamp_250kg	4x samp 250; cannon left; cannon right
fiat_g91_r3	fiat_g91_r3_2x_aerea_559g	2x 559g1; cannon left; cannon right
fiat_g91_r3	fiat_g91_r3_2x_m116a1	2x m116; cannon left; cannon right
fiat_g91_r4	fiat_g91_r4_default	mgun left; mgun right
fiat_g91_r4	fiat_g91_r4_4xaa20	aa20 slot1; aa20 slot2; mgun right; aa20 slot5; aa20 slot6
fiat_g91_r4	fiat_g91_r4_4xaim9	4x aim9; mgun left; mgun right
fiat_g91_r4	fiat_g91_r4_2_75in_ffar_rockets	2x aim9; 2x aero7; mgun left; mgun right
fiat_g91_r4	fiat_g91_r4_4xas20	as20 slot1; as20 slot2; mgun right; as20 slot5; as20 slot6
fiat_g91_r4	fiat_g91_r4_4x250lb_bombs	250lb slot1; 250lb slot2; mgun left; mgun right; 250lb slot3; 250lb slot4
fiat_g91_r4	fiat_g91_r4_2x500lb_bombs	2x aim9; 2x 500lbs; mgun left; mgun right
fiat_g91_r4	fiat_g91_r4_2x500lb_bombs_snakeye	2x aim9; 2x 500lbs snakeye; mgun left; mgun right
fiat_g91_r4	fiat_g91_r4_2x_aerea_559g	2x aim9; 2x 559g1; mgun left; mgun right
fiat_g91_r4_german	fiat_g91_r4_default	mgun left; mgun right
fiat_g91_r4_german	fiat_g91_r4_4xaa20	aa20 slot1; aa20 slot2; mgun right; aa20 slot5; aa20 slot6
fiat_g91_r4_german	fiat_g91_r4_4xaim9	4x aim9; mgun left; mgun right
fiat_g91_r4_german	fiat_g91_r4_2_75in_ffar_rockets	2x aim9; 2x aero7; mgun left; mgun right
fiat_g91_r4_german	fiat_g91_r4_4xas20	as20 slot1; as20 slot2; mgun right; as20 slot5; as20 slot6
fiat_g91_r4_german	fiat_g91_r4_4x250lb_bombs	250lb slot1; 250lb slot2; mgun left; mgun right; 250lb slot3; 250lb slot4
fiat_g91_r4_german	fiat_g91_r4_2x500lb_bombs	2x aim9; 2x 500lbs; mgun left; mgun right
fiat_g91_r4_german	fiat_g91_r4_2x500lb_bombs_snakeye	2x aim9; 2x 500lbs snakeye; mgun left; mgun right
fiat_g91_r4_german	fiat_g91_r4_2x_aerea_559g	2x aim9; 2x 559g1; mgun left; mgun right
fiat_g91_y	fiat_g91y_default	no suspended armament
fiat_g91_y	fiat_g91y_Lau3	4x aero 7a
fiat_g91_y	fiat_g91y_Lau10	4x lau 10a
fiat_g91_y	fiat_g91y_as20	2x as20
fiat_g91_y	fiat_g91y_as30	2x as30
fiat_g91_y	fiat_g91y_aa20	2x aa20
fiat_g91_y	fiat_g91y_4x500lb_bombs	2x us 500lb m82 2; 2x us 500lb m82
fiat_g91_y	fiat_g91y_4x500lb_bombs_snakeye	us 500lb snakeye slot1; 2x us 500lb snakeye; us 500lb snakeye slot4
fiat_g91_y	fiat_g91y_2x500lb_bombs	2x us 500lb m82
fiat_g91_y	fiat_g91y_2x1000lb_bombs	2x us 1000lb m83
fiat_g91_y	fiat_g91y_4x1000lb_bombs	2x us 1000lb m83 2; 2x us 1000lb m83
fiat_g91_y	fiat_g91y_2x_aerea_559	2x aerea 559
fiat_g91_ys	fiat_g91_default	no suspended armament
fiat_g91_ys	fiat_g91ys_2x500lb_bombs	2x us 500lb m82
fiat_g91_ys	fiat_g91ys_4x500lb_bombs	2x us 500lb m82 2; 2x us 500lb m82
fiat_g91_ys	fiat_g91ys_4x500lb_bombs_snakeye	us 500lb snakeye slot2; 2x us 500lb snakeye; us 500lb snakeye slot5
fiat_g91_ys	fiat_g91ys_2x1000lb_bombs	2x us 1000lb m83
fiat_g91_ys	fiat_g91ys_4x1000lb_bombs	2x us 1000lb m83 2; 2x us 1000lb m83
fiat_g91_ys	fiat_g91ys_Lau3	4x aero 7a
fiat_g91_ys	fiat_g91ys_Lau10	4x lau 10a
fiat_g91_ys	fiat_g91ys_2xaim9	2x aim9b
fiat_g91_ys	fiat_g91ys_2x_aerea_559	2x aerea 559
firebrand_tf4	default	no suspended armament
firebrand_tf4	rockets	8x hvar
firebrand_tf4	firebrand_rockets_x16	rp3 x2 slot1; rp3 x2 slot2; rp3 x2 slot3; rp3 x2 slot4; rp3 x2 slot8; rp3 x2 slot9; rp3 x2 slot10; rp3 x2 slot11
firebrand_tf4	firebrand_uncle_tom	tom slot4; tom slot8
firebrand_tf4	firebrand_250lbs_gp_bombs	2x 250lb gp
firebrand_tf4	firebrand_250lbs_mc_bombs	2x 250lb mc
firebrand_tf4	firebrand_500lbs_gp_bombs	2x 500lb gp
firebrand_tf4	firebrand_500lbs_mc_bombs	2x 500lb mc
firebrand_tf4	firebrand_500lbs_ap_bombs	2x 500lb ap
firebrand_tf4	firebrand_1000lbs_gp_bomb	1000lb gp
firebrand_tf4	firebrand_1000lbs_mc_bomb	1000lb mc
firebrand_tf4	firebrand_2000lbs_ap_bomb	2000lb ap
firebrand_tf4	torpedo	torpedo
firefly_mk1	firefly_mk1_default	no suspended armament
firefly_mk1	firefly_mk1_250lbs_bombs	no suspended armament
firefly_mk1	firefly_mk1_250lbs_mc_bombs	no suspended armament
firefly_mk1	firefly_mk1_500lbs_bombs	no suspended armament
firefly_mk1	firefly_mk1_500lbs_mc_bombs	no suspended armament
firefly_mk1	firefly_mk1_1000lbs_bombs	no suspended armament
firefly_mk1	firefly_mk1_rockets	no suspended armament
firefly_mk1	firefly_mk1_16x_rockets	no suspended armament
firefly_mk4_netherlands	firefly_mk4_netherlands_default	no suspended armament
firefly_mk4_netherlands	firefly_mk4_netherlands_rp3_rockets	rp3 slot1; rp3 slot2; rp3 slot3; rp3 slot4; rp3 slot7; rp3 slot8; rp3 slot9; rp3 slot10
firefly_mk4_netherlands	firefly_mk4_netherlands_rp3_x16_rockets	rp3 x2 slot1; rp3 x2 slot2; rp3 x2 slot3; rp3 x2 slot4; rp3 x2 slot7; rp3 x2 slot8; rp3 x2 slot9; rp3 x2 slot10
firefly_mk4_netherlands	firefly_mk4_netherlands_25ap_rockets	ap slot1; ap slot2; ap slot3; ap slot4; ap slot7; ap slot8; ap slot9; ap slot10
firefly_mk4_netherlands	firefly_mk4_netherlands_25ap_x16_rockets	ap x2 slot1; ap x2 slot2; ap x2 slot3; ap x2 slot4; ap x2 slot7; ap x2 slot8; ap x2 slot9; ap x2 slot10
firefly_mk4_netherlands	firefly_mk4_netherlands_500lbs_bombs	2x 500lb
firefly_mk4_netherlands	firefly_mk4_netherlands_1000lbs_bombs	2x 1000lb
firefly_mk5	firefly_mk5_default	no suspended armament
firefly_mk5	firefly_mk5_rockets	rp3 slot1; rp3 slot2; rp3 slot3; rp3 slot4; rp3 slot7; rp3 slot8; rp3 slot9; rp3 slot10
firefly_mk5	firefly_mk5_rockets_x16	rp3 x2 slot1; rp3 x2 slot2; rp3 x2 slot3; rp3 x2 slot4; rp3 x2 slot7; rp3 x2 slot8; rp3 x2 slot9; rp3 x2 slot10
firefly_mk5	firefly_mk5_250lbs_bombs	2x 250lb gp
firefly_mk5	firefly_mk5_250lbs_mc_bombs	2x 250lb mc
firefly_mk5	firefly_mk5_500lbs_bombs	2x 500lb gp
firefly_mk5	firefly_mk5_500lbs_mc_bombs	2x 500lb mc
firefly_mk5	firefly_mk5_1000lbs_bombs	2x 1000lb gp
firefly_mk5	firefly_mk5_1000lbs_mc_bombs	2x 1000lb mc
fj_4b	fj_4b_default	no suspended armament
fj_4b	fj_4b_default_aim_9	2x aim9b default
fj_4b	fj_4b_aim_9	2x aim9b default; 2x aim9b
fj_4b	fj_4b_rockets	6x ffar
fj_4b	fj_4b_zuni	6x zuni
fj_4b	fj_4b_250lb_mk_81	6x 250lb
fj_4b	fj_4b_500lb_mk_82	6x 500lb
fj_4b	fj_4b_1000lb_mk_83	2x 1000lb
fj_4b	fj_4b_2000lb_mk_84	2x 2000lb
fj_4b_agm_12b	fj_4b_default	no suspended armament
fj_4b_agm_12b	fj_4b_default_aim_9	2x aim9b default
fj_4b_agm_12b	fj_4b_aim_9	2x aim9b default; 2x aim9b
fj_4b_agm_12b	fj_4b_rockets	6x ffar
fj_4b_agm_12b	fj_4b_zuni	6x zuni
fj_4b_agm_12b	fj_4b_agm_14b_bullpup_rockets	agm12b slot1; agm12b slot2; agm12b slot3; agm 12b station; agm12b slot5; agm12b slot6
fj_4b_agm_12b	fj_4b_250lb_mk_81	6x 250lb
fj_4b_agm_12b	fj_4b_500lb_mk_82	6x 500lb
fj_4b_agm_12b	fj_4b_1000lb_mk_83	2x 1000lb
fj_4b_agm_12b	fj_4b_2000lb_mk_84	2x 2000lb
fokker_d21_mod20	fokker_d21_mod20_default	no suspended armament
fokker_d21_netherlands	fokker_d21_netherlands	no suspended armament
fokker_d21_serie3_finland	fokker_d21_mod20_default	no suspended armament
fokker_d23	fokker_dr1_default	no suspended armament
fokker_d7	fokker_dr1_default	no suspended armament
fokker_g1a	fokker_g1a_default	no suspended armament
fokker_g1a	fokker_g1a_vliegtuigbom_50kg	vliegtuigbom 50kg
fokker_g1a	fokker_g1a_vliegtuigbom_100kg	vliegtuigbom 100kg
fokker_g1a	fokker_g1a_vliegtuigbom_300kg	vliegtuigbom 300kg
fokker_g1a	fokker_g1a_vliegtuigbom_400kg	vliegtuigbom 400kg
fr_1_fireball	fr_1_fireball_default	ptb 1 100; ptb 2 100
fr_1_fireball	fr_1_fireball_drop_tanks	ptb 1; ptb 2
fr_1_fireball	fr_1_fireball_hvar	4x hvar
fr_1_fireball	fr_1_fireball_500lb_hvar	4x hvar; 2x 500lbs
fr_1_fireball	fr_1_fireball_1000lb_hvar	4x hvar; 2x 1000lbs
fr_1_fireball	fr_1_fireball_mk13_mine_hvar	4x hvar; 2x mine mk13
fury_mk1	nimrod_default	no suspended armament
fury_mk2	nimrod_default	no suspended armament
fw_189c_0	fw_189c_0_default	no suspended armament
fw_189c_0	fw_189c_0_4xsc50	no suspended armament
fw_190a_5_u14	fw_190a_5_default	no suspended armament
fw_190a_5_u14	fw_190a_5_f5b_torpedo	no suspended armament
fw_190f_8_hungary	Fw-190F-8_default	no suspended armament
fw_190f_8_hungary	Fw-190F-8_Pb2	pb2 slot1; pb2 slot3
fw_190f_8_hungary	Fw-190F-8_4xSC50	50kg x2 slot1; 50kg x2 slot3
fw_190f_8_hungary	Fw-190F-8_8xSC50	50kg x2 slot1; 50kg x4; 50kg x2 slot3
fw_190f_8_hungary	Fw-190F-8_SC250	250kg
fw_190f_8_hungary	Fw-190F-8_SC500	500kg
fw_190f_8_hungary	fw_190f-8_pc500	pc500kg
fw_190f_8_hungary	Fw-190F-8_SC1000	1000kg
fw_190f_8_hungary	fw_190f-8_pc1000	pc1000kg
fw_190f_8_hungary	Fw-190F-8_flamm_250	flam 250kg
fw_190f_8_hungary	Fw-190F-8_flamm_500	flam 500kg
fw_190f_8_hungary	fw-190f-8_r3	r3 left; r3 right
fw_200c_1	fw_200c_1_6xSC250	250 slot1; 250 slot2; 250 x2 slot3; 250 slot4; 250 slot5
fw_200c_1	fw_200c_1_6xSC500	500 slot1; 500 slot2; 500 x2 slot3; 500 slot4; 500 slot5
fw_200c_1	fw_200c_1_2xSC1000	1000 slot1; 1000 slot5
fw_200c_1	fw_200c_1_6xpc500	500 ap slot1; 500 ap slot2; 500 ap x2 slot3; 500 ap slot4; 500 ap slot5
fw_200c_1	fw_200c_1_2xpc1000	1000 ap slot1; 1000 ap slot5
fw-189a-1	FW-189A_default	no suspended armament
fw-190a-1	Fw-190A-5_default	no suspended armament
fw-190a-4	Fw-190A-5_default	no suspended armament
fw-190a-5	Fw-190A-5_default	no suspended armament
fw-190a-5	Fw-190A-5_R1	no suspended armament
fw-190a-5_cannons	Fw-190A-5_default	no suspended armament
fw-190a-5_cannons	Fw-190A-5_R6	no suspended armament
fw-190a-5_cannons_tutorial	Fw-190A-5_default	no suspended armament
fw-190a-5_cannons_tutorial	Fw-190A-5_R6	no suspended armament
fw-190a-5_japan	Fw-190A-5_default	no suspended armament
fw-190a-5_u2	Fw-190A-5_default	no suspended armament
fw-190a-5_u2	Fw-190A-5_4xSC50	no suspended armament
fw-190a-5_u2	Fw-190A-5_SC250	no suspended armament
fw-190a-5_u2	Fw-190A-5_SC500	no suspended armament
fw-190a-5_u2	Fw-190A-5_R6	no suspended armament
fw-190a-5_u2	fw_190_flamm_250	no suspended armament
fw-190a-5_u2	fw_190_flamm_500	no suspended armament
fw-190a-8	Fw-190A-8_default	no suspended armament
fw-190a-8	Fw-190A-8_R6	no suspended armament
fw-190a-8_france	Fw-190A-8_default	no suspended armament
fw-190a-8_usa	Fw-190A-8_default	no suspended armament
fw-190c	Fw-190C_default	no suspended armament
fw-190d-12	fw-190d-9_default	no suspended armament
fw-190d-12	fw_190d_4xsc50	50kg x2 slot1; 50kg x2 slot3
fw-190d-12	fw_190d_8xsc50	50kg x2 slot1; 50kg x4; 50kg x2 slot3
fw-190d-12	fw_190d_sc250	250kg
fw-190d-12	fw_190d_sc500	500kg
fw-190d-12	fw_190d_flamm_250	flam 250kg
fw-190d-12	fw_190d_flamm_500	flam 500kg
fw-190d-13	fw-190d-12_default	no suspended armament
fw-190d-13	fw_190d_4xsc50	50kg x2 slot1; 50kg x2 slot3
fw-190d-13	fw_190d_8xsc50	50kg x2 slot1; 50kg x4; 50kg x2 slot3
fw-190d-13	fw_190d_sc250	250kg
fw-190d-13	fw_190d_sc500	500kg
fw-190d-13	fw_190d_flamm_250	flam 250kg
fw-190d-13	fw_190d_flamm_500	flam 500kg
fw-190d-9	fw-190d-9_default	no suspended armament
fw-190d-9	fw_190d_4xsc50	50kg x2 slot1; 50kg x2 slot3
fw-190d-9	fw_190d_8xsc50	50kg x2 slot1; 50kg x4; 50kg x2 slot3
fw-190d-9	fw_190d_sc250	250kg
fw-190d-9	fw_190d_sc500	500kg
fw-190d-9	fw_190d_flamm_250	flam 250kg
fw-190d-9	fw_190d_flamm_500	flam 500kg
fw-190d-9_ussr	Fw-190D-9_default	no suspended armament
fw-190f-8	Fw-190F-8_default	no suspended armament
fw-190f-8	fw_190f-8_x4	2x x4
fw-190f-8	Fw-190F-8_Pb2	pb2 slot1; pb2 slot3
fw-190f-8	Fw-190F-8_4xSC50	50kg x2 slot1; 50kg x2 slot3
fw-190f-8	Fw-190F-8_8xSC50	50kg x2 slot1; 50kg x4; 50kg x2 slot3
fw-190f-8	Fw-190F-8_SC250	250kg
fw-190f-8	Fw-190F-8_SC500	500kg
fw-190f-8	fw_190f-8_pc500	pc500kg
fw-190f-8	Fw-190F-8_SC1000	1000kg
fw-190f-8	fw_190f-8_pc1000	pc1000kg
fw-190f-8	Fw-190F-8_flamm_250	flam 250kg
fw-190f-8	Fw-190F-8_flamm_500	flam 500kg
fw-190f-8	fw-190f-8_r3	r3 left; r3 right
g_55_serie1	g_55_serie1_default	no suspended armament
g_55_serie1	g_55_2x50kg_t	no suspended armament
g_55_serie1	g_55_2x100kg_t	no suspended armament
g_55_serie1_ss0	g_55_serie1_ss0_default	no suspended armament
g_55_serie1_ss0	g_55_2x50kg_t	no suspended armament
g_55_serie1_ss0	g_55_2x100kg_t	no suspended armament
g_55s	g_55s_default	no suspended armament
g_55s	g_55s_torpedo	no suspended armament
g_55s	g_55_2x50kg_t	no suspended armament
g_55s	g_55_2x100kg_t	no suspended armament
g_56	g_56_default	no suspended armament
g_56	g_55_2x50kg_t	no suspended armament
g_56	g_55_2x100kg_t	no suspended armament
g_lynx	g_lynx_default	2x hydra; oerlicon
g_lynx	g_lynx_4_stinger	atas left; atas right
g_lynx	g_lynx_4_hellfire	hellfire
g_lynx	g_lynx_8_hellfire	2x hellfire
g_lynx	g_lynx_4_TOW	tow
g_lynx	g_lynx_8_TOW	2x tow
g_lynx	g_lynx_cannon	oerlicon
g_lynx	g_lynx_8_hellfire_cannon_stinger	2x hellfire; oerlicon; atas right
g4m1	g4m1_type97mod6	no suspended armament
g4m1	g4m1_mod25mark2	no suspended armament
g4m1	g4m1_type98mod25	no suspended armament
g4m1	g4m1_mod50mark2	no suspended armament
g4m1	g4m1_torpedo_mod2	no suspended armament
g4m1	g4m1_torpedo_mod3	no suspended armament
g4m1	g4m1_type99mod80	no suspended armament
g4m1	g4m1_mod80mark1	no suspended armament
g5n1	g5n1_type97mod6	no suspended armament
g5n1	g5n1_mod25mark2	no suspended armament
g5n1	g5n1_mod80mark1	no suspended armament
g5n2	g5n1_type97mod6	no suspended armament
g5n2	g5n1_mod25mark2	no suspended armament
g5n2	g5n1_mod80mark1	no suspended armament
g8n1	g8n1_type97mod6	no suspended armament
g8n1	g8n1_mod25mark2	no suspended armament
g8n1	g8n1_mod80mark1	no suspended armament
g8n1	g8n1_type99mod80_800kg_ap	no suspended armament
g8n1	g8n1_type_3_number_150_1500kg_ap	no suspended armament
g8n2	g8n2_default	no suspended armament
gl_832	gl_832_default	no suspended armament
gladiator_j8a	gladiator_mk2_default	no suspended armament
gladiator_j8a_iacobi	gladiator_mk2_default	no suspended armament
gladiator_mk1_belgium	gladiator_mk1_belgium_default	no suspended armament
gladiator_mk1_china	gladiator_mk2_default	no suspended armament
gladiator_mk2	gladiator_mk2_default	no suspended armament
gladiator_mk2_france	gladiator_mk2_default	no suspended armament
gladiator_mk2_navy	gladiator_mk2_default	no suspended armament
gladiator_mk2_silver	gladiator_mk2_default	no suspended armament
gladiator_mk2_tuck	gladiator_mk2_default	no suspended armament
go229_v3	go_229_default	no suspended armament
h_34	h_34_default	no suspended armament
h_34	h_34_us_v1	no suspended armament
h_34	h_34_us_v6	no suspended armament
h_34_france	h_34_default	no suspended armament
h_34_france	h_34_fr_v1	no suspended armament
h6k4	h6k4_12xtype97mod6	no suspended armament
h6k4	h6k4_2xmod25mark2	no suspended armament
h6k4	h6k4_2xtype98mod25	no suspended armament
h6k4	h6k4_2xmod50mark2	no suspended armament
h6k4	h6k4_2xmod80mark1	no suspended armament
h6k4	h6k4_2xtype99mod80	no suspended armament
h6k4	h6k4_2xtype91mod2_torpedo	no suspended armament
h6k4	h6k4_2xtype91mod3_torpedo	no suspended armament
h6k4	h6k4_default	no suspended armament
h-75a-1_finland	p_40e_default	no suspended armament
h-75a-1_france	h_75a_1_france_default	no suspended armament
h-75a-1_france39	p_40e_default	no suspended armament
h-75a-2_finland	h_75a_2_finland_default	no suspended armament
h-75a-2_france	p_40e_default	no suspended armament
h-75a-2_luftwaffe	p_40e_default	no suspended armament
h-75a-3_finland	p_40e_default	no suspended armament
h-75a-3_france	p_40e_default	no suspended armament
h-75a-3_france_vishy	p_40e_default	no suspended armament
h-75a-4_finland	p_40e_default	no suspended armament
h-75a-4_france	h_75a_1_france_default	no suspended armament
h-75a-4_luftwaffe	p_40e_default	no suspended armament
h-75a-4_raf	p_40e_default	no suspended armament
h-75a-5	p_40e_default	no suspended armament
h-75a-6	p_40e_default	no suspended armament
h-75a-7	p_40e_default	no suspended armament
h-75m	h_75m_china_default	no suspended armament
h-75m_china	h_75m_china_default	no suspended armament
h-75n	p_40e_default	no suspended armament
h8k2	h8k2_2xtype91mod2_torpedo	no suspended armament
h8k2	h8k2_16xtype97mod6	no suspended armament
h8k2	h8k2_8xtype92mod25	no suspended armament
h8k2	h8k2_2xtype99mod80	no suspended armament
h8k2	h8k2_2xtype99mod80mark1	no suspended armament
h8k3	h8k2_2xtype91mod2_torpedo	no suspended armament
h8k3	h8k2_16xtype97mod6	no suspended armament
h8k3	h8k2_8xtype92mod25	no suspended armament
h8k3	h8k2_2xtype99mod80	no suspended armament
h8k3	h8k2_2xtype99mod80mark1	no suspended armament
halifax_mk3	halifax_mk3_250lb_gp	250lb gp slot1; 250lb gp slot2; 250lb gp slot3; 250lb gp slot4; 250lb gp slot5
halifax_mk3	halifax_mk3_500lb_gp	500lb gp slot1; 500lb gp slot2; 500lb gp slot3; 500lb gp slot4; 500lb gp slot5
halifax_mk3	halifax_mk3_250lb_mc	250lb mc slot1; 250lb mc slot2; 250lb mc slot3; 250lb mc slot4; 250lb mc slot5
halifax_mk3	halifax_mk3_500lb_mc	500lb mc slot1; 500lb mc slot2; 500lb mc slot3; 500lb mc slot4; 500lb mc slot5
halifax_mk3	halifax_mk3_1000lb_mc	1000lb mc slot2; 1000lb mc slot3; 1000lb mc slot4
halifax_mk3	halifax_mk3_500lb_sap	500lb ap slot1; 500lb ap slot2; 500lb ap slot3; 500lb ap slot4; 500lb ap slot5
halifax_mk3	halifax_mk3_2000lb_sap	2000lb ap slot2; 2000lb ap slot4
harrier_frs1	harrier_frs1_default	no suspended armament
harrier_frs1	harrier_frs1_rocket_aim9	2x aim9g
harrier_frs1	harrier_frs1_rocket_aim9l	2x aim9l
harrier_frs1	harrier_frs1_rocket_aim9l_x2	aim9l x2 left wing; aim9l x2 right wing
harrier_frs1	harrier_frs1_rocket_dlt_matra7	2x 2 inch rp; 2 inch rp left; 2 inch rp right
harrier_frs1	harrier_frs1_rocket_dlt_matra155	2x matra 155; matra 155 left; matra 155 right
harrier_frs1	harrier_frs1_rocket_matra7	4x 2 inch rp
harrier_frs1	harrier_frs1_rocket_matra155	4x matra 155
harrier_frs1	harrier_frs1_bomb_500lbs	5x 500lbs
harrier_frs1	harrier_frs1_bomb_dlt_500lbs	500lbs x2 left; 500lbs x2 right
harrier_frs1	harrier_frs1_bomb_1000lbs	5x 1000lbs
harrier_frs1	harrier_frs1_bomb_dlt_1000lbs	1000lbs x2 left wing; 1000lbs x2 right wing
harrier_frs1	harrier_frs1_bomb_1000lbs_n117	5x 1000lbs n117
harrier_frs1	harrier_frs1_bomb_dlt_1000lbs_n117	1000lbs x2 left wing n117; 1000lbs x2 right wing n117
harrier_frs1	harrier_frs1_bomb_1000lbs_aim9	2x aim9g; 1000lbs x2 left wing; 1000lbs; 1000lbs x2 right wing
harrier_frs1	harrier_frs1_rocket_matra7_aim9	2x aim9g; matra 155 left; matra 155 right
harrier_frs1	harrier_frs1_bomb_1000lbs_aim9l	aim9l x2 left wing; 3x 1000lbs; aim9l x2 right wing
harrier_frs1	harrier_frs1_rocket_matra7_aim9l	aim9l x2 left wing; 2x matra 155; aim9l x2 right wing
harrier_frs1_early	harrier_frs1_default	no suspended armament
harrier_frs1_early	harrier_frs1_rocket_aim9	2x aim9g
harrier_frs1_early	harrier_frs1_rocket_aim9l	2x aim9l
harrier_frs1_early	harrier_frs1_rocket_dlt_matra7	2x 2 inch rp; 2 inch rp left; 2 inch rp right
harrier_frs1_early	harrier_frs1_rocket_dlt_matra155	2x matra 155; matra 155 left; matra 155 right
harrier_frs1_early	harrier_frs1_bomb_500lbs	5x 500lbs
harrier_frs1_early	harrier_frs1_bomb_dlt_500lbs	500lbs x2 left; 500lbs x2 right
harrier_frs1_early	harrier_frs1_bomb_1000lbs	5x 1000lbs
harrier_frs1_early	harrier_frs1_bomb_dlt_1000lbs	1000lbs x2 left wing; 1000lbs x2 right wing
harrier_frs1_early	harrier_frs1_bomb_1000lbs_n117	5x 1000lbs n117
harrier_frs1_early	harrier_frs1_bomb_dlt_1000lbs_n117	1000lbs x2 left wing n117; 1000lbs x2 right wing n117
harrier_gr1	harrier_gr1_default	no suspended armament
harrier_gr1	harrier_gr1_rocket_sraam	sraam left; sraam right
harrier_gr1	harrier_gr1_rocket_matra155_dlt_matra155	2x matra 155; matra 155 left; matra 155 right
harrier_gr1	harrier_gr1_rocket_2_inch_rp	2x 2 inch rp; 2 inch rp left; 2 inch rp right
harrier_gr1	harrier_gr1_bomb_500lbs	5x 500lbs
harrier_gr1	harrier_gr1_bomb_dlt_500lbs	sraam left; 500lbs x2 left; 500lbs x2 right; sraam right
harrier_gr1	harrier_gr1_bomb_1000lbs	sraam left; 3x 1000lbs; sraam right
harrier_gr1	harrier_gr1_bomb_dlt_1000lbs	sraam left; 1000lbs x2 slot2; 1000lbs x2 slot4; sraam right
harrier_gr1	harrier_gr1_bomb_1000lbs_n117	sraam left; 3x 1000lbs n117; sraam right
harrier_gr1	harrier_gr1_bomb_dlt_1000lbs_n117	sraam left; 1000lbs x2 slot2 n117; 1000lbs x2 slot4 n117; sraam right
harrier_gr1	harrier_gr1_fire_bomb_mk77_mod4	5x mk77 mod4
harrier_gr3	harrier_gr3_default	no suspended armament
harrier_gr3	harrier_gr3_rocket_aim9	2x aim9g
harrier_gr3	harrier_gr3_rocket_matra155_dlt_matra155	2x matra 155; matra 155 left; matra 155 right
harrier_gr3	harrier_gr3_rocket_2_inch_rp	2x 2 inch rp; 2 inch rp left; 2 inch rp right
harrier_gr3	harrier_gr3_bomb_500lbs	5x 500lbs
harrier_gr3	harrier_gr3_bomb_dlt_500lbs	500lbs x2 left; 500lbs x2 right
harrier_gr3	harrier_gr3_bomb_1000lbs	5x 1000lbs
harrier_gr3	harrier_gr3_bomb_dlt_1000lbs	1000lbs x2 slot2; 1000lbs x2 slot4
harrier_gr3	harrier_gr3_bomb_1000lbs_n117	5x 1000lbs n117
harrier_gr3	harrier_gr3_bomb_dlt_1000lbs_n117	1000lbs x2 slot2 n117; 1000lbs x2 slot4 n117
harrier_gr7	harrier_gr7_default	aden 25 left; aden 25 right
harrier_gr7	harrier_gr7_aim_9l_default	2x aim9l default; 2x aim9m default
harrier_gr7	harrier_gr7_aim_9l	2x aim9l default; 2x aim9l
harrier_gr7	harrier_gr7_aim_9m	2x aim9m; 2x aim9m default
harrier_gr7	harrier_gr7_aim_9l_bol	2x aim9l default bol; 2x aim9l bol
harrier_gr7	harrier_gr7_aim_9m_bol	4x aim9m bol
harrier_gr7	harrier_gr7_matra_155	6x matra sneb
harrier_gr7	harrier_gr7_lau_5003b	6x lau 5003b
harrier_gr7	harrier_gr7_uk_500lb	7x uk 500lbs
harrier_gr7	harrier_gr7_uk_500lb_retarded	7x uk 500lbs retard
harrier_gr7	harrier_gr7_uk_1000lb	5x uk 1000lbs
harrier_gr7	harrier_gr7_uk_1000lb_n117	5x uk 1000lbs n117
harrier_gr7	harrier_gr7_gbu_12	6x gbu 12; tiald
harrier_gr7	harrier_gr7_mk13	4x uk mk 13 18; tiald
harrier_gr7	harrier_gr7_epv2	4x epv2; tiald
harrier_gr7	harrier_gr7_gbu_24	2x gbu 24; tiald
harrier_gr7	harrier_gr7_agm_65d	4x agm 65d
harrier_gr7	harrier_gr7_agm_65g	4x agm 65g
harrier_gr7	harrier_gr7_agm_65e	4x agm 65e
harrier_gr7	harrier_gr7_phimat	phimat container
harrier_gr7	harrier_gr7_tiald	tiald
harrier_t10	harrier_t10_default	2x aim9l default; 2x aim9l bol; aden 25 left; aden 25 right
harrier_t10	harrier_t10_matra_155	6x matra sneb; 2x aim9l bol; aden 25 left; aden 25 right
harrier_t10	harrier_t10_lau_5003b	6x lau 5003b; 2x aim9l bol; aden 25 left; aden 25 right
harrier_t10	harrier_t10_uk_500lb	7x uk 500lbs; 2x aim9l bol; tiald; aden 25 right
harrier_t10	harrier_t10_uk_500lb_retarded	7x uk 500lbs retard; 2x aim9l bol; tiald; aden 25 right
harrier_t10	harrier_t10_uk_1000lb	2x aim9l default; 5x uk 1000lbs; 2x aim9l bol; tiald; aden 25 right
harrier_t10	harrier_t10_uk_1000lb_n117	2x aim9l default; 5x uk 1000lbs n117; 2x aim9l bol; tiald; aden 25 right
harrier_t10	harrier_t10_gbu_12_aam	6x gbu 12; 2x aim9l bol; tiald; aden 25 right
harrier_t10	harrier_t10_mk13_aam	2x aim9l default; 4x uk mk 13 18; 2x aim9l bol; tiald; aden 25 right
harrier_t10	harrier_t10_epv2_aam	2x aim9l default; 4x epv2; 2x aim9l bol; tiald; aden 25 right
harrier_t10	harrier_t10_gbu_24_aam	2x aim9l default; 2x aim9l bol; 2x gbu 24; tiald; aden 25 right
harrier_t10	harrier_t10_agm_65d_aam	2x aim9l default; 4x agm 65d; 2x aim9l bol; tiald; aden 25 right
harrier_t10	harrier_t10_agm_65g_aam	2x aim9l default; 4x agm 65g; 2x aim9l bol; tiald; aden 25 right
harrier_t10	harrier_t10_agm_65e_aam	2x aim9l default; 4x agm 65e; 2x aim9l bol; tiald; aden 25 right
harrier_t10	harrier_t10_phimat	phimat container; 2x aim9l bol; aden 25 left; aden 25 right; aim9l default
harrier_t10	harrier_t10_aim_9l	2x aim9l bol
harrier_t10	harrier_t10_gbu_12	6x gbu 12; tiald
harrier_t10	harrier_t10_mk13	4x uk mk 13 18; tiald
harrier_t10	harrier_t10_epv2	4x epv2; tiald
harrier_t10	harrier_t10_gbu_24	2x gbu 24; tiald
harrier_t10	harrier_t10_agm_65d	4x agm 65d; tiald
harrier_t10	harrier_t10_agm_65g	4x agm 65g; tiald
harrier_t10	harrier_t10_agm_65e	4x agm 65e; tiald
hawk_200	hawk_200_default	2x aim9l default; ptb 1; ptb 2
hawk_200	hawk_200_aim_9l	2x aim9l default; 2x aim9l
hawk_200	hawk_200_lr100_tba	4x tba 100 ecc
hawk_200	hawk_200_lr100_dart	4x tba 100 multi dart
hawk_200	hawk_200_lr1_f4_sneb	4x matra sneb
hawk_200	hawk_200_agm_65b	4x us agm 65b
hawk_200	hawk_200_sea_eagle	3x sea eagle
hawk_200	hawk_200_mk81	4x mk 81 x2; mk 81
hawk_200	hawk_200_mk82	4x mk 82 x2; mk 82
hawk_200	hawk_200_mk83	5x mk 83
hawk_200	hawk_200_mk81sn	4x mk 81 snakeye x2; mk 81 snakeye
hawk_200	hawk_200_mk82sn	4x mk 82 snakeye x2; mk 82 snakeye
hawk_200_rda	hawk_200_rda_default	aim9l default slot1; ptb 1; ptb 2; aim9l default slot7
hawk_200_rda	hawk_200_rda_aim_9l	aim9l default slot1; 4x aim9l; aim9l default slot7
hawk_200_rda	hawk_200_rda_skyflash	2x skyflash
hawk_200_rda	hawk_200_rda_lr100_tba	4x tba 100 ecc
hawk_200_rda	hawk_200_rda_lr100_dart	4x tba 100 multi dart
hawk_200_rda	hawk_200_rda_lr1_f4_sneb	4x matra sneb
hawk_200_rda	hawk_200_rda_agm_65b	4x us agm 65b
hawk_200_rda	hawk_200_rda_sea_eagle	3x sea eagle
hawk_200_rda	hawk_200_rda_mk81	4x mk 81 x2; mk 81
hawk_200_rda	hawk_200_rda_mk82	4x mk 82 x2; mk 82
hawk_200_rda	hawk_200_rda_mk83	5x mk 83
hawk_200_rda	hawk_200_rda_mk81sn	4x mk 81 snakeye x2; mk 81 snakeye
hawk_200_rda	hawk_200_rda_mk82sn	4x mk 82 snakeye x2; mk 82 snakeye
hawk_209_indonesia	hawk_209_indonesia_default	aim9p4 slot1; 2x us agm 65g; ptb slot3; 30mm gunpod; ptb slot5; aim9p4 slot7
hawk_209_indonesia	hawk_209_indonesia_aim_9p4	aim9p4 slot1; aim9p4 slot2; 30mm gunpod; aim9p4 slot6; aim9p4 slot7
hawk_209_indonesia	hawk_209_indonesia_lau51	aim9p4 slot1; 4x lau 51; 30mm gunpod; aim9p4 slot7
hawk_209_indonesia	hawk_209_indonesia_agm_65g	4x us agm 65g; 30mm gunpod
hawk_209_indonesia	hawk_209_indonesia_sea_eagle	aim9p4 slot1; 2x sea eagle; 30mm gunpod; aim9p4 slot7
hawk_209_indonesia	hawk_209_indonesia_mk81	aim9p4 slot1; 4x mk 81 x2; 30mm gunpod; aim9p4 slot7
hawk_209_indonesia	hawk_209_indonesia_mk82	aim9p4 slot1; 4x mk 82 x2; 30mm gunpod; aim9p4 slot7
hawk_209_indonesia	hawk_209_indonesia_mk83	aim9p4 slot1; 4x mk 83; 30mm gunpod; aim9p4 slot7
hawk_209_indonesia	hawk_209_indonesia_mk81sn	aim9p4 slot1; 4x mk 81 snakeye x2; 30mm gunpod; aim9p4 slot7
hawk_209_indonesia	hawk_209_indonesia_mk82sn	aim9p4 slot1; 4x mk 82 snakeye x2; 30mm gunpod; aim9p4 slot7
hawk_iii	hawk_iii_default	no suspended armament
hawk_iii	hawk_iii_bombs	no suspended armament
hawk_iii	hawk_iii_bombs_500	no suspended armament
he_100d_1	he_100d_1_default	no suspended armament
he_112a_0	he_112a_0_default	no suspended armament
he_112b_0	he_112b_0_default	no suspended armament
he_112b_1	he_112b_0_default	no suspended armament
he_112b_1_italy	he_112b_0_default	no suspended armament
he_112b_2	he_112b_0_default	no suspended armament
he_112v_5	he_112v_5_default	no suspended armament
he_115a_2_sweden	he_115a_2_default	no suspended armament
he_115a_2_sweden	he_115a_2_500kg	no suspended armament
he_115a_2_sweden	he_115a_2_torpedo_m38	no suspended armament
he_115c_1	he_115c_1_default	no suspended armament
he_115c_1	he_115c_1_flamm_250kg	no suspended armament
he_115c_1	he_115c_1_500kg	no suspended armament
he_115c_1	he_115c_1_torpedo	no suspended armament
he_219a_7	he_219a_7_default	no suspended armament
he-111h-16_winter	He_111H16_50kg	no suspended armament
he-111h-16_winter	He_111H16_8x250kg	no suspended armament
he-111h-16_winter	he-111h-16_winter_flamm_250	no suspended armament
he-111h-16_winter	He_111H16_2x1000kg	no suspended armament
he-111h-16_winter	he-111_sc2500	no suspended armament
he-111h-16_winter	He_111H16_2x1000kg_250kg	no suspended armament
he-111h-2	he-111h-2_32_50kg	no suspended armament
he-111h-2	he-111h-2_8xSC250	no suspended armament
he-111h-2	he-111h-2_8x_flamm_250	no suspended armament
he-111h-2	He_111H2_nobombs	no suspended armament
he-111h-6	He_111H6_32_50kg	no suspended armament
he-111h-6	he-111h-6_8xSC250	no suspended armament
he-111h-6	he-111h-6_8x_flamm_250	no suspended armament
he-111h-6	He_111H6_2x1000kg	no suspended armament
he-111h-6	he-111_2xpc1000	no suspended armament
he-111h-6	He_111H6_2x1000kg_250kg	no suspended armament
he-111h-6	f5w_torpedo	no suspended armament
he-111h-6	He_111H6_fx1400	no suspended armament
he-162a-1	He_162A2_default	no suspended armament
he-162a-2	He_162A2_default	no suspended armament
he-177a-3	he-177a-3_default	hs 293a slot1; hs 293a slot3; hs 293a slot5
he-177a-3	he-177a-3_3x_de_fx1400	fx1400 slot1; fx1400 slot3; fx1400 slot5
he-177a-3	he-177a-3_48xsc50	50 slot2; 50 slot4
he-177a-3	he-177a-3_12xsc250	250 x6 slot2; 250 x6 slot4
he-177a-3	he-177a-3_6xsc500	500 x3 slot2; 500 x3 slot4
he-177a-3	he-177a-3_4xsc1000	1000 slot1; 1000 x2 slot2; 1000 x2 slot4; 1000 slot5
he-177a-3	he-177a-3_2xsc1800b	1800 slot1; 1800 slot2; 1800 slot4; 1800 slot5
he-177a-3	he-177a-3_6xpc500	500 ap x3 slot2; 500 ap x3 slot4
he-177a-3	he-177a-3_4xpc1000	1000 ap slot1; 1000 ap x2 slot2; 1000 ap x2 slot4; 1000 ap slot5
he-177a-3	he-177a-3_2xpc1800b	1600 ap slot1; 1600 ap slot2; 1600 ap slot4; 1600 ap slot5
he-177a-3	he-177a-3_12x_flamm_250	250 inc x6 slot2; 250 inc x6 slot4
he-177a-3	he-177a-3_6x_flamm_500	500 inc x3 slot2; 500 inc x3 slot4
he-177a-5	he-177a-5_default	50 slot2; 50 slot4
he-177a-5	he-177a-5_3x_de_fx1400	fx1400 slot1; fx1400 slot3; fx1400 slot5
he-177a-5	he-177a-5_12xsc250	250 x6 slot2; 250 x6 slot4
he-177a-5	he-177a-5_6xsc500	500 x3 slot2; 500 x3 slot4
he-177a-5	he-177a-5_4xsc1000	1000 slot1; 1000 x2 slot2; 1000 x2 slot4; 1000 slot5
he-177a-5	he-177a-5_2xsc1800b	1800 slot1; 1800 slot2; 1800 slot4; 1800 slot5
he-177a-5	he-177a-5_6xpc500	500 ap x3 slot2; 500 ap x3 slot4
he-177a-5	he-177a-5_4xpc1000	1000 ap slot1; 1000 ap x2 slot2; 1000 ap x2 slot4; 1000 ap slot5
he-177a-5	he-177a-5_2xpc1800b	1600 ap slot1; 1600 ap slot2; 1600 ap slot4; 1600 ap slot5
he-177a-5	he-177a-5_12x_flamm_250	250 inc x6 slot2; 250 inc x6 slot4
he-177a-5	he-177a-5_6x_flamm_500	500 inc x3 slot2; 500 inc x3 slot4
he51a1	he51a1_default	no suspended armament
he51b_2w	he51b_2w_default	no suspended armament
he51b_2w	he51b_2w_bombs	no suspended armament
he51b1	he51b1_default	no suspended armament
he51c1	he51c1_default	no suspended armament
he51c1	he51c1_bombs	no suspended armament
he51c1_late	he51c1_late_default	no suspended armament
he51c1_late	he51c1_bombs	no suspended armament
hellcat_fmk1	f6f-5_default	no suspended armament
hellcat_fmk1	f6f-5_rockets_hvar	6x hvar
hellcat_fmk1	f6f-5_rockets_tiny_tim	2x tiny; tiny central
hellcat_fmk1	f6f-5_bombs_500lbs	2x 500lbs; 500lbs central
hellcat_fmk1	f6f-5_bombs_1000lbs	2x 1000lbs; 1000lbs central
hellcat_fmk1	f6f-5_bombs_1600lbs	1600lbs
hellcat_fmk1	f6f-5_bombs_2000lbs	2000lbs
hellcat_fmk1	f6f-5_torpedo	torpedo
hkp2	hkp2_default	no suspended armament
hkp3c	hkp3c_default	no suspended armament
hkp9a_cb2	hkp9a_cb2_default	no suspended armament
hkp9a_cb2	hkp9a_cb2_ffv_uni_pod	no suspended armament
hkp9a_cb2	hkp9a_cb2_rb55b_ffv_uni_pod	no suspended armament
hkp9a_cb3_fc	hkp9a_cb3_fc_default	no suspended armament
hkp9a_cb3_fc	hkp9a_cb3_fc_rb55c_ffv_uni_pod	no suspended armament
hkp9a_cb3_fc	hkp9a_cb3_fc_ffv_uni_pod	no suspended armament
hornet_mk1	hornet_default	no suspended armament
hornet_mk1	hornet_8x25lbs_mk1_rockets	25lbs slot1; 25lbs slot2; 25lbs slot5; 25lbs slot6
hornet_mk1	hornet_8x25lbs_mk2_rockets	25lbs mk2 slot1; 25lbs mk2 slot2; 25lbs mk2 slot5; 25lbs mk2 slot6
hornet_mk1	hornet_8x60lbs_mk1_rockets	60lbs slot1; 60lbs slot2; 60lbs slot5; 60lbs slot6
hornet_mk1	hornet_2x500lbs_gp_bombs	500lbs slot3; 500lbs slot4
hornet_mk1	hornet_2x1000lbs_mc_bombs	1000lbs slot3; 1000lbs slot4
hornet_mk3	hornet_default	no suspended armament
hornet_mk3	hornet_8x25lbs_mk1_rockets	25lbs slot1; 25lbs slot2; 25lbs slot5; 25lbs slot6
hornet_mk3	hornet_8x25lbs_mk2_rockets	25lbs mk2 slot1; 25lbs mk2 slot2; 25lbs mk2 slot5; 25lbs mk2 slot6
hornet_mk3	hornet_8x60lbs_mk1_rockets	60lbs slot1; 60lbs slot2; 60lbs slot5; 60lbs slot6
hornet_mk3	hornet_2x500lbs_gp_bombs	500lbs slot3; 500lbs slot4
hornet_mk3	hornet_2x1000lbs_mc_bombs	1000lbs slot3; 1000lbs slot4
hp_12	hp_12_default	no suspended armament
hp_12	hp_12_bomb_520lb	no suspended armament
hp_12	hp_12_bomb_1650lb	no suspended armament
hp52_hampden_mk1_late	hp52_hampden_tbmk1_default	no suspended armament
hp52_hampden_mk1_late	hp52_hampden_tbmk1_2x500lb	no suspended armament
hp52_hampden_mk1_late	hp52_hampden_mk1_late_4x500lb	no suspended armament
hp52_hampden_mk1_late	hp52_hampden_mk1_late_4x1000lb	no suspended armament
hp52_hampden_tbmk1	hp52_hampden_tbmk1_default	2x gp 250; gp 250 internal
hp52_hampden_tbmk1	hp52_hampden_tbmk1_4x500lb	gp 500 internal
hp52_hampden_tbmk1	hp52_hampden_tbmk1_6x500lb	2x gp 500; gp 500 internal
hp52_hampden_tbmk1	hp52_hampden_tbmk1_4x1000lb	gp 1000 internal
hp52_hampden_tbmk1	hp52_hampden_4x500lb_sap	sap 500 internal
hp52_hampden_tbmk1	hp52_hampden_6x500lb_sap	2x sap 500; sap 500 internal
hp52_hampden_tbmk1	hp52_hampden_2x2000_sap	sap 2000 internal
hp52_hampden_tbmk1	hp52_hampden_tbmk1_torpedo_mk12	torpedo
hp52_hampden_tbmk1_ussr_utk1	hp52_hampden_tbmk1_ussr_utk1_default	2x gp 250; gp 250 internal
hp52_hampden_tbmk1_ussr_utk1	hp52_hampden_tbmk1_ussr_utk1_4x500lb	gp 500 internal
hp52_hampden_tbmk1_ussr_utk1	hp52_hampden_tbmk1_ussr_utk1_6x500lb	2x gp 500; gp 500 internal
hp52_hampden_tbmk1_ussr_utk1	hp52_hampden_tbmk1_ussr_utk1_4x1000lb	gp 1000 internal
hp52_hampden_tbmk1_ussr_utk1	hp52_hampden_tbmk1_ussr_utk1_torpedo_mk12	torpedo
hs-123a-1	hs_123a_1_bombs	no suspended armament
hs-123a-1	hs_123a_1_bombs_250	no suspended armament
hs-123a-1_china	hs_123a_1_bombs	no suspended armament
hs-123a-1_china	hs_123a_1_bombs_250	no suspended armament
hs-129b-2	hs_129b_2_default	no suspended armament
hs-129b-2	hs_129b_2_mk103	no suspended armament
hs-129b-2	hs_129b_2_bk37	no suspended armament
hs-129b-2	hs_129b_2_bombs	no suspended armament
hs-129b-2_romania	hs_129b_2_default	no suspended armament
hs-129b-2_romania	hs_129b_2_mk103	no suspended armament
hs-129b-2_romania	hs_129b_2_bk37	no suspended armament
hs-129b-2_romania	hs_129b_2_bombs	no suspended armament
hs-129b-2_romania_italy	hs_129b_2_default	no suspended armament
hs-129b-2_romania_italy	hs_129b_2_mk103	no suspended armament
hs-129b-2_romania_italy	hs_129b_2_bk37	no suspended armament
hs-129b-2_romania_italy	hs_129b_2_bombs	no suspended armament
hs-129b-3	hs_129b_3_default	no suspended armament
hudson_mk_v	hudson_mk_v_bombs	no suspended armament
hudson_mk_v	hudson_mk_v_rockets	no suspended armament
hudson_mk_v	hudson_mk_v_bombs_rockets	no suspended armament
hunter_f1	hunter_f1_default	no suspended armament
hunter_f50_sweden	hunter_f50_sweden_default	ptb left; ptb right
hunter_f50_sweden	hunter_f50_sweden_rb24_rockets	2x aim 9b
hunter_f58_switzerland	hunter_f58_default	ptb left; ptb right
hunter_f58_switzerland	hunter_f58_flz_lwf_63_80	2x sws flz lwf 63 80
hunter_f58_switzerland	hunter_f58_200_kg_sprengbombe	200 kg sprengbombe x2 slot2; 200 kg sprengbombe x2 slot11
hunter_f58_switzerland	hunter_f58_400kg_febb_napalmbombe	2x 400kg febb napalmbombe
hunter_f58_switzerland	hunter_f58_400_kg_sprengbombe	2x 400 kg sprengbombe
hunter_f58_switzerland	hunter_f58_450_kg_sprengbombe_68_70	2x 450 kg sprengbombe 68 70
hunter_f58_switzerland	hunter_f58_8_cm_flz_rakete	8 cm flz rakete x2 slot1; 4x 8 cm flz rakete x2; 2x 8 cm flz rakete x4; 8 cm flz rakete x2 slot12
hunter_f58_switzerland	hunter_f58_flz_lwf_lb_82	2x flz lwf lb 82
hunter_f58a_1971_switzerland	hunter_f58a_1971_default	ptb left; ptb right
hunter_f58a_1971_switzerland	hunter_f58a_1971_flz_lwf_63	2x sws flz lwf 63
hunter_f58a_1971_switzerland	hunter_f58a_1971_flz_lwf_63_75	2x sws flz lwf 63 75
hunter_f58a_1971_switzerland	hunter_f58a_1971_200_kg_sprengbombe	200 kg sprengbombe x2 slot2; 200 kg sprengbombe x2 slot11
hunter_f58a_1971_switzerland	hunter_f58a_1971_400kg_febb_napalmbombe	2x 400kg febb napalmbombe
hunter_f58a_1971_switzerland	hunter_f58a_1971_400_kg_sprengbombe	2x 400 kg sprengbombe
hunter_f58a_1971_switzerland	hunter_f58a_1971_450_kg_sprengbombe_68_70	2x 450 kg sprengbombe 68 70
hunter_f58a_1971_switzerland	hunter_f58a_1971_8_cm_flz_rakete	8 cm flz rakete x2 slot1; 4x 8 cm flz rakete x2; 8 cm flz rakete x2 slot12
hunter_f6	hunter_f6_default	ptb left; ptb right
hunter_f6	hunter_f6_default_sraam_rockets	sram default left; sram default right
hunter_f6	hunter_f6_sraam_rockets	2x sram x2
hunter_f6	hunter_f6_sneb_rockets	2x matra
hunter_f6	hunter_f6_25lb_rockets	25lb slot1; 25lb slot3; 25lb slot4; 25lb slot5; 25lb slot8; 25lb slot9; 25lb slot10; 25lb slot12
hunter_f6	hunter_f6_60lb_rockets	60lb slot1; 60lb slot3; 60lb slot4; 60lb slot5; 60lb slot8; 60lb slot9; 60lb slot10; 60lb slot12
hunter_f6	hunter_f6_hvar	hvar slot1; hvar slot3; hvar slot5; hvar slot8; hvar slot10; hvar slot12
hunter_f6	hunter_f6_4x500lb_mc_bombs	500lbs slot2; 2x 500lbs; 500lbs slot11
hunter_f6	hunter_f6_4x1000lb_mc_bombs	1000lbs slot2; 2x 1000lbs; 1000lbs slot11
hunter_f6_holland	hunter_f6_default	ptb left; ptb right
hunter_f6_holland	hunter_f6_aim_9b_rockets	2x aim 9b
hunter_f9_rhodesia	hunter_f9_default	2x aim9e; ptb left; ptb right
hunter_f9_rhodesia	hunter_f9_aim9_rockets	2x aim9e
hunter_f9_rhodesia	hunter_f9_sneb_rockets	2x matra; 2x aim9e
hunter_f9_rhodesia	hunter_f9_25lb_rockets	25lb slot1; 25lb slot3; 25lb slot4; 2x aim9e; 25lb slot9; 25lb slot10; 25lb slot12
hunter_f9_rhodesia	hunter_f9_60lb_rockets	60lb slot1; 60lb slot3; 60lb slot4; 2x aim9e; 60lb slot9; 60lb slot10; 60lb slot12
hunter_f9_rhodesia	hunter_f9_hvar	hvar slot1; hvar slot3; 2x aim9e; hvar slot10; hvar slot12
hunter_f9_rhodesia	hunter_f9_4x500lb_mc_bombs	500lbs slot2; 2x aim9e; 2x 500lbs; 500lbs slot11
hunter_f9_rhodesia	hunter_f9_4x1000lb_mc_bombs	1000lbs slot2; 2x aim9e; 2x 1000lbs; 1000lbs slot11
hurricane_mk1	hurricane_mk1_default	no suspended armament
hurricane_mk1_late	hurricane_mk1_default	no suspended armament
hurricane_mk1_late_ep	hurricane_mk1_default	no suspended armament
hurricane_mk1_late_finland	hurricane_mk1_late_finland_default	no suspended armament
hurricane_mk1b	hurricane_mk1_default	no suspended armament
hurricane_mk1c	hurricane_mk1_default	no suspended armament
hurricane_mk4	hurricane_default	no suspended armament
hurricane_mk4	hurricane_mk4_guns	no suspended armament
hurricane_mk4	hurricane_mk4_rockets	no suspended armament
hurricane_mk4	hurricane_mk4_250lbs_bombs	no suspended armament
hurricane_mk4	hurricane_mk4_500lbs_bombs	no suspended armament
hurricanemkii	hurricane_real	no suspended armament
hurricanemkii	hurricane_real_bombs	no suspended armament
hurricanemkii	hurricane_rockets	no suspended armament
hurricanemkii_ussr	hurricane_ussr_real	no suspended armament
hurricanemkii_ussr	hurricane_ussr_rockets	no suspended armament
hurricanemkii_ussr	hurricane_ussr_rockets_rbs	no suspended armament
i_180	I-180_default	no suspended armament
i_180	I-180_4x50kg_bombs	no suspended armament
i_180	I-180_2x100kg_bombs	no suspended armament
i_180_event01	I-180_default	no suspended armament
i_180_event01	I-180_4x50kg_bombs	no suspended armament
i_180_event01	I-180_2x100kg_bombs	no suspended armament
i_180_event02	I-180_default	no suspended armament
i_180_event02	I-180_4x50kg_bombs	no suspended armament
i_180_event02	I-180_2x100kg_bombs	no suspended armament
i_180_event03	I-180_default	no suspended armament
i_180_event03	I-180_4x50kg_bombs	no suspended armament
i_180_event03	I-180_2x100kg_bombs	no suspended armament
i_180_event04	I-180_default	no suspended armament
i_180_event04	I-180_4x50kg_bombs	no suspended armament
i_180_event04	I-180_2x100kg_bombs	no suspended armament
i_185_m71_standard	i-185_m71_default	no suspended armament
i_185_m71_standard	I-185_m71_8xRS-82	rs82 slot1; rs82 slot6
i_185_m71_standard	I-185_m71_8xRS-82_rbs	rbs82 slot1; rbs82 slot6
i_185_m71_standard	i-185_m71_4xfab50	fab50 slot2; fab50 slot3; fab50 slot4; fab50 slot5
i_185_m71_standard	i-185_m71_4xfab100	fab100 slot2; fab100 slot3; fab100 slot4; fab100 slot5
i_185_m71_standard	i-185_m71_2xfab250	fab250 slot3; fab250 slot4
i_185_m71_standard	i-185_m71_4xzab50	zab50 slot2; zab50 slot3; zab50 slot4; zab50 slot5
i_185_m82	i-185_m82_default	no suspended armament
i_185_m82	i-185_m82_rockets	rs82 slot1; rs82 slot6
i_185_m82	i-185_m82_rockets_rbs82	rbs82 slot1; rbs82 slot6
i_185_m82	i-185_m82_4xfab100	fab100 slot2; fab100 slot3; fab100 slot4; fab100 slot5
i_185_m82	i-185_m82_2xfab250	fab250 slot3; fab250 slot4
i_185_m82	i-i-185_m82_zb50	zab50 slot3; zab50 slot4
i_225	i_225_default	no suspended armament
i_29	i_29_default	no suspended armament
i-15_1934	I-15_default	no suspended armament
i-15_1934	I-15_2bomb_fab50	no suspended armament
i-15_1935	I-15_default	no suspended armament
i-15_1935	I-15_2bomb_fab50	no suspended armament
i-15_1935_moscow	I-15_default	no suspended armament
i-15_1935_moscow	I-15_2bomb_fab50	no suspended armament
i-153_m62	I153_m62_default	no suspended armament
i-153_m62	I153_m62_fab50	no suspended armament
i-153_m62	I153_m62_rockets	no suspended armament
i-153_m62	I153_m62_rockets_rbs	no suspended armament
i-153_m62_china	I153_m62_default	no suspended armament
i-153_m62_china	I153_m62_fab50	no suspended armament
i-153_m62_china	I153_m62_rockets	no suspended armament
i-153_m62_china	I153_m62_rockets_rbs	no suspended armament
i-153_m62_zhukovskiy	I153_m62_default	no suspended armament
i-153_m62_zhukovskiy	I153_m62_fab50	no suspended armament
i-153_m62_zhukovskiy	I153_m62_rockets	no suspended armament
i-153_m62_zhukovskiy	I153_m62_rockets_rbs	no suspended armament
i-153p	I153_default	no suspended armament
i-153p	I153_fab50	no suspended armament
i-153p	I153_rockets	no suspended armament
i-153p	I153_rockets_rbs	no suspended armament
i-15bis	I-15bis_default	no suspended armament
i-15bis	I-15_2bomb_fab50	no suspended armament
i-15bis	I-15bis_rockets	no suspended armament
i-15bis	I-15bis_rockets_rbs	no suspended armament
i-15bis_china	I-15bis_default	no suspended armament
i-15bis_china	I-15_2bomb_fab50	no suspended armament
i-15bis_china	I-15bis_rockets	no suspended armament
i-15bis_china	I-15bis_rockets_rbs	no suspended armament
i-15bis_krasnolutsky	i-15bis_krasnolutsky_default	no suspended armament
i-15bis_krasnolutsky	i-15bis_krasnolutsky_fab50	no suspended armament
i-15bis_krasnolutsky	i-15bis_krasnolutsky_rockets	no suspended armament
i-15bis_krasnolutsky	i-15bis_krasnolutsky_rockets_rbs82	no suspended armament
i-16_chung_28	I16_type5_default	no suspended armament
i-16_type10	i_16_type10_default	no suspended armament
i-16_type10	i_16_type24_rockets	no suspended armament
i-16_type10	i_16_type24_rockets_rbs	no suspended armament
i-16_type10_china	i_16_type10_default	no suspended armament
i-16_type10_china	i_16_type24_rockets	no suspended armament
i-16_type10_china	i_16_type24_rockets_rbs	no suspended armament
i-16_type17_china	I16_type28_default	no suspended armament
i-16_type17_china	I16_type28_fab100	no suspended armament
i-16_type17_china	I16_type28_fab50	no suspended armament
i-16_type17_china	I16_type28_rockets	no suspended armament
i-16_type17_china	I16_type28_rockets_rbs	no suspended armament
i-16_type18	I16_type18_default	no suspended armament
i-16_type18	I16_type18_fab100	no suspended armament
i-16_type18	I16_type18_fab50	no suspended armament
i-16_type18	I16_type18_rockets	no suspended armament
i-16_type18	I16_type18_rockets_rbs	no suspended armament
i-16_type24	i_16_type24_default	no suspended armament
i-16_type24	i_16_type24_fab100	no suspended armament
i-16_type24	i_16_type24_fab50	no suspended armament
i-16_type24	i_16_type24_rockets	no suspended armament
i-16_type24	i_16_type24_rockets_rbs	no suspended armament
i-16_type27	i_16_type27_default	no suspended armament
i-16_type27	i_16_type27_fab100	no suspended armament
i-16_type27	i_16_type27_fab50	no suspended armament
i-16_type27	i_16_type27_rockets	no suspended armament
i-16_type27	i_16_type27_rockets_rbs	no suspended armament
i-16_type28	I16_type28_default	no suspended armament
i-16_type28	I16_type28_fab100	no suspended armament
i-16_type28	I16_type28_fab50	no suspended armament
i-16_type28	I16_type28_rockets	no suspended armament
i-16_type28	I16_type28_rockets_rbs	no suspended armament
i-16_type5	I16_type5_default	no suspended armament
i-16_type5_1935_china	I16_type5_default	no suspended armament
ia_58a_pucara	ia_58a_pucara_default	jato
ia_58a_pucara	ia_58a_pucara_ffar	ffar x2 slot1; ffar x3 slot2; ffar x2 slot3
ia_58a_pucara	ia_58a_pucara_pampero	2x pampero x1; pampero x3
ia_58a_pucara	ia_58a_pucara_aspid	aspid x3 slot1; aspid x3 slot2; aspid x3 slot3
ia_58a_pucara	ia_58a_pucara_bk_br_125	2x bk br 125kg x3; bk br 125kg x6
ia_58a_pucara	ia_58a_pucara_bk_br_130kg	3x bk br 130kg x3
ia_58a_pucara	ia_58a_pucara_ar_bk_br_250	bk br 250kg x2 slot1; bk br 250kg x3; bk br 250kg x2 slot3
ia_58a_pucara	ia_58a_pucara_m117	2x m117 x1; m117 x2
ia_58a_pucara	ia_58a_pucara_bk_br_500	3x bk br 500kg x1
ia_58a_pucara	ia_58a_pucara_brp_250	brp 250kg x2 slot1; brp 250kg slot2; brp 250kg x2 slot3
ia_58a_pucara	ia_58a_pucara_brp_500	3x brp 500kg x1
ia_58a_pucara	ia_58a_pucara_inc_220	inc 220 x2 slot1; inc 220 slot2; inc 220 x2 slot3
ia_58a_pucara	ia_58a_pucara_mk13	mk13
iar_316b	iar_316b_default	6x atgm; 4x s5k lpr
iar_316b	iar_316b_lpr	4x s5k lpr
iar_316b	iar_316b_ro_57	4x s5k ro
iar_316b	iar_316b_9m14	6x atgm
iar_81c	iar_81c_default	no suspended armament
iar_81c	iar_81c_rockets	2x 210wfr
iar_81c	iar_81c_2x50kg	2x 50kg
iar_81c	iar_81c_250kg	250kg
iar_81c_db_605	iar_81c_default	no suspended armament
iar_81c_db_605	iar_81c_rockets	2x 210wfr
iar_81c_db_605	iar_81c_2x50kg	2x 50kg
iar_93b	iar_93b_default	2x a91 default; 2x lpr 57 32; ptb
iar_93b	iar_93b_default_bomb	2x a91 default; 2x 100kg bomb 45 x3; ptb
iar_93b	iar_93b_a91	2x a91 default; 2x a91
iar_93b	iar_93b_lrp_57_32_su_s5k	4x lpr 57 32
iar_93b	iar_93b_s_24b_rocket	4x s 24b
iar_93b	iar_93b_prn_122	2x prn 122 left; 2x prn 122 right
iar_93b	iar_93b_100kg_bomb_45	4x 100kg bomb 45 x3
iar_93b	iar_93b_250kg_bomb_45	5x 250kg bomb 45
iar_93b	iar_93b_500kg_bomb_45	5x 500kg bomb 45
iar_93b	iar_93b_zb_500	3x zb 500
il_2_1941	il_2_1941_default	no suspended armament
il_2_1941	il_2_1941_8x_ros82	ros 82 slot1; ros 82 slot6
il_2_1941	il_2_1941_8x_rbs82	rbs 82 slot1; rbs 82 slot6
il_2_1941	il_2_1941_4x_ros132	ros 132 slot1; ros 132 slot6
il_2_1941	il_2_1941_4x_rofs132	rofs 132 slot1; rofs 132 slot6
il_2_1941	il_2_1941_4x_rbs132	rbs 132 slot1; rbs 132 slot6
il_2_1941	il_2_1941_12x25m1	12 25 slot3; 12 25 slot4
il_2_1941	il_2_1941_6x_fab50	fab50 der31 left; fab50 x2 slot3; fab50 x2 slot4; fab50 der31 right
il_2_1941	il_2_1941_4xfab100	fab100 der31 left; fab100 x2 slot3; fab100 x2 slot4; fab100 der31 right
il_2_1941	il_2_1941_2xfab250	fab250 slot2; fab250 slot5
il_2_1941	il_2_1941_rbs132_fab100	rbs 132 slot1; fab50 x2 slot3; fab50 x2 slot4; rbs 132 slot6
il_2_1941	il_2_1941_2xbrab220	brab220 slot2; brab220 slot5
il_2_1942_luftwaffe	il_2_1942_luft_default	no suspended armament
il_2_1942_luftwaffe	il_2_1942_luft_4xfab50	sc50 slot1; sc50 slot2
il_2_1942_luftwaffe	il_2_1942_luft_2xfab250	2x sc250
il_2_37_1943	default	no suspended armament
il_2_37_1943	il_2_4xfab50	no suspended armament
il_2_37_1943	il_2_37_2xfab100	no suspended armament
il_2_m82	il_2_m82_default	no suspended armament
il_2_m82	il_2_1942_4x_rbs82	rbs 82 slot1; rbs 82 slot6
il_2_m82	il_2_1942_4x_ros82	ros 82 slot1; ros 82 slot6
il_2_m82	il_2_m82_4x_ros132	ros 132 slot1; ros 132 slot6
il_2_m82	il_2_m82_4x_rofs132	rofs 132 slot1; rofs 132 slot6
il_2_m82	il_2_m82_4x_rbs132	rbs 132 slot1; rbs 132 slot6
il_2_m82	il_2_m82_12x25m1	12 25 slot3; 12 25 slot4
il_2_m82	il_2_m82_6x_fab50	fab50 der31 left; fab50 x2 slot3; fab50 x2 slot4; fab50 der31 right
il_2_m82	il_2_m82_4xfab100	fab100 der31 left; fab100 x2 slot3; fab100 x2 slot4; fab100 der31 right
il_2_m82	il_2_m82_2xfab250	fab250 slot2; fab250 slot5
il_28	il_28_12xfab100	no suspended armament
il_28	il_28_8xfab250	no suspended armament
il_28	il_28_4xfab500	no suspended armament
il_28	il_28_2xfab1500	no suspended armament
il_28	il_28_1xfab3000	no suspended armament
il_28_china	il_28_china_12xfab100	no suspended armament
il_28_china	il_28_china_8xfab250	no suspended armament
il_28_china	il_28_china_4xfab500	no suspended armament
il_28_china	il_28_china_2xfab1500	no suspended armament
il_28_china	il_28_china_1xfab3000	no suspended armament
il_28_china	il_28_china_8x250_2_incendiary	no suspended armament
il_28_china_killstreak	il_28_1xrds4	no suspended armament
il_28_german	il_28_12xfab100	no suspended armament
il_28_german	il_28_8xfab250	no suspended armament
il_28_german	il_28_4xfab500	no suspended armament
il_28_german	il_28_2xfab1500	no suspended armament
il_28_german	il_28_1xfab3000	no suspended armament
il_28_hungary	il_28_12xfab100	no suspended armament
il_28_hungary	il_28_8xfab250	no suspended armament
il_28_hungary	il_28_4xfab500	no suspended armament
il_28_hungary	il_28_2xfab1500	no suspended armament
il_28_hungary	il_28_1xfab3000	no suspended armament
il_28_killstreak	il_28_1xrds4	no suspended armament
il_28sh	il_28sh_12xfab100	fab100 x12
il_28sh	il_28sh_ub_16_57	12x ub16
il_28sh	il_28sh_s_24	6x s24
il_28sh	il_28sh_8xfab250	fab250 x8
il_28sh	il_28sh_fab250	10x fab250
il_28sh	il_28sh_4xfab500	fab500 x4
il_28sh	il_28sh_2xfab1500	fab1500
il_28sh	il_28sh_1xfab3000	fab3000
il_28sh	il_28sh_zb_500	4x zb500
il_28sh	il_28sh_upk_23_250	2x upk
il_2m_1943	default	no suspended armament
il_2m_1943	il_2m_1943_ros_82	ros 82 slot1; ros 82 slot6
il_2m_1943	il_2m_1943_rbs_82	rbs 82 slot1; rbs 82 slot6
il_2m_1943	il_2m_1943_rofs_132	rofs 132 slot1; rofs 132 slot6
il_2m_1943	il_2m_1943_rbs_132	rbs 132 slot1; rbs 132 slot6
il_2m_1943	il_2m_1943_ao_25m	12 25 slot3; 12 25 slot4
il_2m_1943	il_2m_1943_fab50	fab50 der31 left; fab50 x2 slot3; fab50 x2 slot4; fab50 der31 right
il_2m_1943	il_2m_1943_fab100	fab100 der31 left; fab100 x2 slot3; fab100 x2 slot4; fab100 der31 right
il_2m_1943	il_2m_1943_fab250	fab250 slot2; fab250 slot5
il_8_1944	il_8_1944_default	no suspended armament
il_8_1944	il_8_1944_fab50	fab50 slot2; fab50 x2 slot3; fab50 x2 slot4; fab50 slot5
il_8_1944	il_8_1944_fab100	fab100 slot2; fab100 x2 slot3; fab100 x2 slot4; fab100 slot5
il_8_1944	il_8_1944_fab250	fab250 slot2; fab250 slot5
il_8_1944	il_8_1944_brab220	brab220 slot2; brab220 slot5
il_8_1944	il_8_1944_fab500	fab500 slot2; fab500 slot5
il_8_1944	il_8_1944_brab500	brab500 slot2; brab500 slot5
il-10	IL10_default	no suspended armament
il-10	il-10_rs82	rs82 slot1; rs82 slot2; rs82 slot5; rs82 slot6
il-10	il-10_rbs82	rbs82 slot1; rbs82 slot2; rbs82 slot5; rbs82 slot6
il-10	il-10_rs132	rs132 slot1; rs132 slot2; rs132 slot5; rs132 slot6
il-10	il-10_rbs132	rbs132 slot1; rbs132 slot2; rbs132 slot5; rbs132 slot6
il-10	IL10_fab50	2x fab50
il-10	IL10_fab100	2x fab100
il-10	IL10_fab250	2x fab250
il-10_1946	IL10_default	no suspended armament
il-10_1946	il-10_rs82	rs82 slot1; rs82 slot2; rs82 slot5; rs82 slot6
il-10_1946	il-10_rbs82	rbs82 slot1; rbs82 slot2; rbs82 slot5; rbs82 slot6
il-10_1946	il-10_rs132	rs132 slot1; rs132 slot2; rs132 slot5; rs132 slot6
il-10_1946	il-10_rbs132	rbs132 slot1; rbs132 slot2; rbs132 slot5; rbs132 slot6
il-10_1946	IL10_fab50	2x fab50
il-10_1946	IL10_fab100	2x fab100
il-10_1946	IL10_fab250	2x fab250
il-10_1946_china	IL10_default	no suspended armament
il-10_1946_china	il-10_rs82	rs82 slot1; rs82 slot2; rs82 slot5; rs82 slot6
il-10_1946_china	il-10_rbs82	rbs82 slot1; rbs82 slot2; rbs82 slot5; rbs82 slot6
il-10_1946_china	il-10_rs132	rs132 slot1; rs132 slot2; rs132 slot5; rs132 slot6
il-10_1946_china	il-10_rbs132	rbs132 slot1; rbs132 slot2; rbs132 slot5; rbs132 slot6
il-10_1946_china	IL10_fab50	2x fab50
il-10_1946_china	IL10_fab100	2x fab100
il-10_1946_china	IL10_fab250	2x fab250
il-10_1946_hungary	IL10_default	no suspended armament
il-10_1946_hungary	il-10_rs82	rs82 slot1; rs82 slot2; rs82 slot5; rs82 slot6
il-10_1946_hungary	il-10_rbs82	rbs82 slot1; rbs82 slot2; rbs82 slot5; rbs82 slot6
il-10_1946_hungary	il-10_rs132	rs132 slot1; rs132 slot2; rs132 slot5; rs132 slot6
il-10_1946_hungary	il-10_rbs132	rbs132 slot1; rbs132 slot2; rbs132 slot5; rbs132 slot6
il-10_1946_hungary	IL10_fab50	2x fab50
il-10_1946_hungary	IL10_fab100	2x fab100
il-10_1946_hungary	IL10_fab250	2x fab250
il-2i	IL2I_default	no suspended armament
il-2i	il-2i_ros82	ros 82 slot1; ros 82 slot6
il-2i	il-2i_rbs82	rbs 82 slot1; rbs 82 slot6
il-2i	il-2i_rofs132	rofs 132 slot1; rofs 132 slot6
il-2i	il-2i_rbs132	rbs 132 slot1; rbs 132 slot6
il-2i	il-2m_12x25m1	12 25 slot3; 12 25 slot4
il-2i	il-2i_fab50	fab50 der31 left; fab50 x2 slot3; fab50 x2 slot4; fab50 der31 right
il-2i	il-2i_fab100	fab100 der31 left; fab100 x2 slot3; fab100 x2 slot4; fab100 der31 right
il-2i	il-2i_fab250	fab250 slot2; fab250 slot5
il-2i	il-2i_fab100_rs132	rofs 132 slot1; fab100 x2 slot3; fab100 x2 slot4; rofs 132 slot6
il-2m	default	no suspended armament
il-2m	il_2m_ros_82	ros 82 slot1; ros 82 slot6
il-2m	il_2m_rbs_82	rbs 82 slot1; rbs 82 slot6
il-2m	il_2m_rofs_132	rofs 132 slot1; rofs 132 slot6
il-2m	il_2m_rbs_132	rbs 132 slot1; rbs 132 slot6
il-2m	il_2m_ao_25m	12 25 slot3; 12 25 slot4
il-2m	il_2m_fab50	fab50 der31 left; fab50 x2 slot3; fab50 x2 slot4; fab50 der31 right
il-2m	il_2m_fab100	fab100 der31 left; fab100 x2 slot3; fab100 x2 slot4; fab100 der31 right
il-2m	il_2m_fab250	fab250 slot2; fab250 slot5
il-2m_mstitel	default	no suspended armament
il-2m_mstitel	il-2m_mstitel_ros_82	ros 82 slot1; ros 82 slot6
il-2m_mstitel	il-2m_mstitel_rbs_82	rbs 82 slot1; rbs 82 slot6
il-2m_mstitel	il-2m_mstitel_rofs_132	rofs 132 slot1; rofs 132 slot6
il-2m_mstitel	il-2m_mstitel_rbs_132	rbs 132 slot1; rbs 132 slot6
il-2m_mstitel	il-2m_mstitel_ao_25m	12 25 slot3; 12 25 slot4
il-2m_mstitel	il-2m_mstitel_fab50	fab50 der31 left; fab50 x2 slot3; fab50 x2 slot4; fab50 der31 right
il-2m_mstitel	il-2m_mstitel_fab100	fab100 der31 left; fab100 x2 slot3; fab100 x2 slot4; fab100 der31 right
il-2m_mstitel	il-2m_mstitel_fab250	fab250 slot2; fab250 slot5
il-4	il_4_default	fab100
il-4	il_4_10x_fab50	fab50
il-4	il_4_2x_fab250	2x fab250 external; fab250
il-4	il_4_2x_brab250	2x brab250 external; brab250
il-4	il_4_2x_fab500	2x fab500 external; fab500
il-4	il_4_2x_brab500	2x brab500 external; brab500
il-4	il_4_1x_fab1000	fab1000
il-4	il_4_1x_brab1000	brab1000
il-4	il_4_45_36an_1939_torpedo	torpedo
intruder_mk_1	intruder_mk_1_bombs	no suspended armament
intruder_mk_1	intruder_mk_1_default	no suspended armament
itp_m1	itp_m1_default	no suspended armament
itp_m1	itp_m1_2xfab100	no suspended armament
itp_m1	itp_m1_4xfab50	no suspended armament
itp_m1	itp_m1_rockets_rs82	no suspended armament
itp_m1	itp_m1_rockets_rbs82	no suspended armament
j_10a	j_10a_default	ptb slot3; ptb slot6; ptb slot9
j_10a	j_10a_pl5e2_pl12_default	2x pl5e 2 default; 2x pl12 default
j_10a	j_10a_pl5e2	2x pl5e 2 default; 4x pl5e 2
j_10a	j_10a_pl8	6x pl8
j_10a	j_10a_pl12	2x pl12 x2; 2x pl12
j_10a	j_10a_ld10	2x ld10 x2; 2x ld10
j_10a	j_10a_cm_102	cm 102 slot2; cm 102 slot3; cm 102 slot9; cm 102 slot10
j_10a	j_10a_hf7	4x hf7
j_10a	j_10a_hf14	4x hf14
j_10a	j_10a_250_bomb	3x 250 3 x2; 6x 250 3
j_10a	j_10a_500_bomb	5x 500 3
j_10a	j_10a_250_drag_bomb	3x 250 4 x2; 6x 250 4
j_10a	j_10a_500_drag_bomb	5x 500 4
j_10a	j_10a_250_guided_bomb	4x ls250; k adc03a
j_10a	j_10a_500_guided_bomb	4x ls500; k adc03a
j_10a	j_10a_250_glide_bomb	4x ls6 250; k adc03a
j_10a	j_10a_250_glide_ir_bomb	4x ls6 250 ir
j_10a	j_10a_500_glide_bomb	4x ls6 500; k adc03a
j_10a_killstreak	j_10a_default	no suspended armament
j_10a_killstreak	j_10a_killstreak_1xkb1	kb1
j_10a_killstreak	j_10a_killstreak_kb1_5kt_nt	2x pl8; 2x pl12 default; kb1 5kt; ptb slot6
j_10a_killstreak	j_10a_killstreak_kb1_30kt_nt	2x pl8; 2x pl12 default; kb1 30kt; ptb slot6
j_10c	j_10c_default	ptb slot3; ptb slot6; ptb slot9
j_10c	j_10c_pl8_pl12_default	2x pl8 default; pl12a x2 default slot6
j_10c	j_10c_pl8	2x pl8 default; 4x pl8
j_10c	j_10c_pl12	pl12 x2 slot2; pl12 slot3; pl12 x2 default slot6; pl12 slot9; pl12 x2 slot10
j_10c	j_10c_pl12a	pl12a x2 slot2; pl12a slot3; pl12a x2 default slot6; pl12a slot9; pl12a x2 slot10
j_10c	j_10c_hf7	4x hf7
j_10c	j_10c_hf14	4x hf14
j_10c	j_10c_250_bomb	250 3 x3 slot2; 250 3 slot3; 250 3 slot4; 250 3 slot5; 250 3 x2 slot6; 250 3 slot7; 250 3 slot8; 250 3 slot9; 250 3 x3 slot10
j_10c	j_10c_500_bomb	5x 500 3
j_10c	j_10c_250_drag_bomb	250 4 x3 slot2; 250 4 slot3; 250 4 slot4; 250 4 slot5; 250 4 x2 slot6; 250 4 slot7; 250 4 slot8; 250 4 slot9; 250 4 x3 slot10
j_10c	j_10c_500_drag_bomb	5x 500 4
j_10c	j_10c_250_guided_bomb	7x ls250; yings 3a
j_10c	j_10c_500_guided_bomb	4x ls500; yings 3a
j_10c	j_10c_1000_guided_bomb	2x ls1000; yings 3a
j_10c	j_10c_250_glide_bomb	4x ls6 250; yings 3a
j_10c	j_10c_250_glide_ir_bomb	ls6 250 ir x2 slot2; ls6 250 ir slot3; ls6 250 ir slot4; ls6 250 ir slot5; ls6 250 ir slot7; ls6 250 ir slot8; ls6 250 ir slot9; ls6 250 ir x2 slot10
j_10c	j_10c_500_glide_bomb	4x ls6 500; yings 3a
j_10c	j_10c_ld10	ld10 x2 slot2; ld10 slot3; ld10 x2 slot6; ld10 slot9; ld10 x2 slot10
j_10c	j_10c_cm_102	cm 102 slot2; cm 102 slot3; cm 102 slot9; cm 102 slot10
j_10c	j_10c_yj91a	yj91a slot2; yj91a slot10
j_10c	j_10c_kd_88_ir	kd 88 ir slot2; ch kd88 datalink pod; kd 88 ir slot10
j_10c	j_10c_kd_88_tv	kd 88 tv slot2; ch kd88 datalink pod; kd 88 tv slot10
j_10c	j_10c_yj91as	yj91as slot2; yj91as slot10
j_10c	j_10c_250_sns_bomb	gb3 x3 slot2; gb3 slot3; gb3 slot4; gb3 slot5; gb3 slot7; gb3 slot8; gb3 slot9; gb3 x3 slot10
j_11	j_11_default	no suspended armament
j_11	j_11_r73e_default	2x r73 default; r27r slot4; r27r slot7
j_11	j_11_r73	2x r73 default; 4x r73
j_11	j_11_r27t	r27t slot3; r27t slot8
j_11	j_11_r27r	r27r slot3; r27r slot4; r27r fuse slot5; r27r fuse slot6; r27r slot7; r27r slot8
j_11	j_11_r27et	r27et slot3; r27et slot8
j_11	j_11_r27er	r27er slot3; r27er slot4; r27er fuse slot5; r27er fuse slot6; r27er slot7; r27er slot8
j_11	j_11_b8m1	s 8ko slot3 x2; s 8ko slot8 x2
j_11	j_11_c13	c13 slot3 x2; c13 slot8 x2
j_11	j_11_c25o	s 25o 1 slot3 x2; s 25o 2 slot8 x2
j_11	j_11_fab_100_120	fab 100 slot2; ofab 100 x6 slot3; ofab 100 x6 slot4; ofab 100 x6 slot5; ofab 100 x6 slot6; ofab 100 x6 slot7; ofab 100 x6 slot8; fab 100 slot9
j_11	j_11_fab_250_270	fab 250 270 slot2; fab 250 270 x6 slot3; fab 250 270 x5 slot4; fab 250 270 x2 slot5; fab 250 270 x5 front fuse slot6; fab 250 270 x5 slot7; fab 250 270 x6 slot8; fab 250 270 slot9
j_11	j_11_fab_250m_62	fab 250m 62 slot3 x2; fab 250m 62 slot4; fab 250m 62 slot5; fab 250m 62 slot6; fab 250m 62 slot7; fab 250m 62 slot8 x2
j_11	j_11_ofab_250sh	fab 250sh slot3 x2; fab 250sh slot4; fab 250sh slot5; fab 250sh slot6; fab 250sh slot7; fab 250sh slot8 x2
j_11	j_11_fab_500m_62	fab 500m 62 slot3 x2; fab 500m 62 slot4; fab 500m 62 slot5; fab 500m 62 slot6; fab 500m 62 slot7; fab 500m 62 slot8 x2
j_11	j_11_fab_500sh	fab 500sh slot3 x2; fab 500sh slot4; fab 500sh slot5; fab 500sh slot6; fab 500sh slot7; fab 500sh slot8 x2
j_11	j_11_zb500	zb 500 slot3 x2; zb 500 slot4; zb 500 slot5; zb 500 slot6; zb 500 slot7; zb 500 slot8 x2
j_11a	j_11a_default	no suspended armament
j_11a	j_11a_r73e_default	2x r73 default; r77 slot4; r77 slot7
j_11a	j_11a_r73	2x r73 default; 4x r73
j_11a	j_11a_r27t	r27t slot3; r27t slot8
j_11a	j_11a_r27r	r27r slot3; r27r slot4; r27r fuse slot5; r27r fuse slot6; r27r slot7; r27r slot8
j_11a	j_11a_r27et	r27et slot3; r27et slot8
j_11a	j_11a_r27er	r27er slot3; r27er slot4; r27er fuse slot5; r27er fuse slot6; r27er slot7; r27er slot8
j_11a	j_11a_r77	r77 slot3; r77 slot4; r77 fuse slot5; r77 fuse slot6; r77 slot7; r77 slot8
j_11a	j_11a_b8m1	s 8ko slot3 x2; s 8ko slot8 x2
j_11a	j_11a_c13	c13 slot3 x2; c13 slot8 x2
j_11a	j_11a_c25o	s 25o 1 slot3 x2; s 25o 2 slot8 x2
j_11a	j_11a_fab_100_120	fab 100 slot2; ofab 100 x6 slot3; ofab 100 x6 slot4; ofab 100 x6 slot5; ofab 100 x6 slot6; ofab 100 x6 slot7; ofab 100 x6 slot8; fab 100 slot9
j_11a	j_11a_fab_250_270	fab 250 270 slot2; fab 250 270 x6 slot3; fab 250 270 x5 slot4; fab 250 270 x2 slot5; fab 250 270 x5 front fuse slot6; fab 250 270 x5 slot7; fab 250 270 x6 slot8; fab 250 270 slot9
j_11a	j_11a_fab_250m_62	fab 250m 62 slot3 x2; fab 250m 62 slot4; fab 250m 62 slot5; fab 250m 62 slot6; fab 250m 62 slot7; fab 250m 62 slot8 x2
j_11a	j_11a_ofab_250sh	fab 250sh slot3 x2; fab 250sh slot4; fab 250sh slot5; fab 250sh slot6; fab 250sh slot7; fab 250sh slot8 x2
j_11a	j_11a_fab_500m_62	fab 500m 62 slot3 x2; fab 500m 62 slot4; fab 500m 62 slot5; fab 500m 62 slot6; fab 500m 62 slot7; fab 500m 62 slot8 x2
j_11a	j_11a_fab_500sh	fab 500sh slot3 x2; fab 500sh slot4; fab 500sh slot5; fab 500sh slot6; fab 500sh slot7; fab 500sh slot8 x2
j_11a	j_11a_zb500	zb 500 slot3 x2; zb 500 slot4; zb 500 slot5; zb 500 slot6; zb 500 slot7; zb 500 slot8 x2
j_11b	j_11b_default	pl8 slot1 default; pl12 slot4 default; pl12 slot7 default; pl8 slot10 default
j_11b	j_11b_pl_8b	pl8 slot1 default; pl8 slot2; pl8 slot3; pl8 slot8; pl8 slot9; pl8 slot10 default
j_11b	j_11b_pl_12	pl12 slot3; pl12 slot4 default; pl12 slot5; pl12 slot6; pl12 slot7 default; pl12 slot8
j_11b	j_11b_b8m	s 8ko slot3 x2; s 8ko slot8 x2
j_11b	j_11b_b13l	s13 slot3 x2; s13 slot8 x2
j_11b	j_11b_s25o	s 25o 1 slot3 x2; s 25o 2 slot8 x2
j_11b	j_11b_kh29	kh 29te slot3; kh 29te slot4; kh 29te slot7; kh 29te slot8
j_11b	j_11b_yj91as	yj91as slot3; yj91as slot4; yj91as slot7; yj91as slot8
j_11b	j_11b_yj91a	yj91a slot3; yj91a slot4; yj91a slot7; yj91a slot8
j_11b	j_11b_ld10	ld10 slot3; ld10 slot4; ld10 slot5; ld10 slot6; ld10 slot7; ld10 slot8
j_11b	j_11b_cm_102	cm 102 slot3; cm 102 slot4; cm 102 slot5; cm 102 slot6; cm 102 slot7; cm 102 slot8
j_11b	j_11b_type_250_3	type 250 3 slot2; type 250 3 slot3 x2; type 250 3 slot4; type 250 3 slot5; type 250 3 slot6; type 250 3 slot7; type 250 3 slot8 x2; type 250 3 slot9
j_11b	j_11b_type_500_3	type 500 3 slot2; type 500 3 slot3 x2; type 500 3 slot4; type 500 3 slot5; type 500 3 slot6; type 500 3 slot7; type 500 3 slot8 x2; type 500 3 slot9
j_11b	j_11b_type_250_4	type 250 4 slot2; type 250 4 slot3 x2; type 250 4 slot4; type 250 4 slot5; type 250 4 slot6; type 250 4 slot7; type 250 4 slot8 x2; type 250 4 slot9
j_11b	j_11b_type_500_4	type 500 4 slot2; type 500 4 slot3 x2; type 500 4 slot4; type 500 4 slot5; type 500 4 slot6; type 500 4 slot7; type 500 4 slot8 x2; type 500 4 slot9
j_11b	j_11b_tg250	gb250 slot2; gb250 slot3; gb250 slot5; gb250 slot6; k adc03a; gb250 slot8; gb250 slot9
j_11b	j_11b_tg500	gb500 slot2; gb500 slot3; gb500 slot5; gb500 slot6; k adc03a; gb500 slot8; gb500 slot9
j_11b	j_11b_ls_6_250	ls6 250 slot2; ls6 250 slot3; k adc03a; ls6 250 slot8; ls6 250 slot9
j_11b	j_11b_ls_6_250_ir	ls6 250 ir slot2; ls6 250 ir slot3; ls6 250 ir slot8; ls6 250 ir slot9
j_11b	j_11b_ls_6_500	ls6 500 slot2; ls6 500 slot3; k adc03a; ls6 500 slot8; ls6 500 slot9
j_15t	j_15t_default	2x pl8b default; pl12a default slot4; pl12a default slot9
j_15t	j_15t_pl8b	2x pl8b default; pl8b slot2; pl8b slot3; pl8b slot10; pl8b slot11
j_15t	j_15t_pl12	pl12 x2 slot3; pl12 slot4; pl12 slot5; pl12 slot6; pl12 slot7; pl12 slot8; pl12 slot9; pl12 x2 slot10
j_15t	j_15t_pl12a	pl12a x2 slot3; pl12a default slot4; pl12a slot5; pl12a slot6; pl12a slot7; pl12a slot8; pl12a default slot9; pl12a x2 slot10
j_15t	j_15t_90_1	type 90 1 slot3; type 90 1 slot10
j_15t	j_15t_s13	s13 x2 slot3; s13 x2 slot10
j_15t	j_15t_kd_88_tv	kd 88 tv slot3; kd 88 tv slot4; ch kd88 datalink pod; kd 88 tv slot9; kd 88 tv slot10
j_15t	j_15t_kd_88_ir	kd 88 ir slot3; kd 88 ir slot4; ch kd88 datalink pod; kd 88 ir slot9; kd 88 ir slot10
j_15t	j_15t_yj_83k	yj 83k slot3; yj 83k slot4; yj 83k slot9; yj 83k slot10
j_15t	j_15t_yj91as	yj91as slot3; yj91as slot4; yj91as slot5; yj91as slot8; yj91as slot9; yj91as slot10
j_15t	j_15t_yj91a	yj91a slot3; yj91a slot4; yj91a slot5; yj91a slot8; yj91a slot9; yj91a slot10
j_15t	j_15t_cm_102	cm 102 slot3; cm 102 slot4; cm 102 slot5; cm 102 slot6; cm 102 slot7; cm 102 slot8; cm 102 slot9; cm 102 slot10
j_15t	j_15t_ld10	ld10 x2 slot3; ld10 slot4; ld10 slot5; ld10 slot6; ld10 slot7; ld10 slot8; ld10 slot9; ld10 x2 slot10
j_15t	j_15t_250_3	250 3 slot2; 250 3 x3 slot3; 250 3 slot5; 250 3 slot6; 250 3 slot7; 250 3 slot8; 250 3 x3 slot10; 250 3 slot11
j_15t	j_15t_500_3	500 3 slot3; 500 3 slot5; 500 3 slot6; 500 3 slot7; 500 3 slot8; 500 3 slot10
j_15t	j_15t_250_4	250 4 slot2; 250 4 x3 slot3; 250 4 slot5; 250 4 slot6; 250 4 slot7; 250 4 slot8; 250 4 x3 slot10; 250 4 slot11
j_15t	j_15t_500_4	500 4 slot3; 500 4 slot5; 500 4 slot6; 500 4 slot7; 500 4 slot8; 500 4 slot10
j_15t	j_15t_gb1000	ls1000 slot4; k adc03a; ls1000 slot9
j_15t	j_15t_ls6_250	ls6 250 slot2; ls6 250 slot3; ls6 250 slot5; ls6 250 slot6; ls6 250 slot7; k adc03a; ls6 250 slot10; ls6 250 slot11
j_15t	j_15t_ls6_250_ir	ls6 250 ir slot2; ls6 250 ir slot3; ls6 250 ir slot5; ls6 250 ir slot6; ls6 250 ir slot7; ls6 250 ir slot8; ls6 250 ir slot10; ls6 250 ir slot11
j_15t	j_15t_ls6_500	ls6 500 slot3; ls6 500 slot5; ls6 500 slot6; ls6 500 slot7; ls6 500 slot8; ls6 500 slot10
j_15t	j_15t_ls6_500_ir	ls6 500 ir slot3; ls6 500 ir slot5; ls6 500 ir slot6; ls6 500 ir slot7; ls6 500 ir slot8; ls6 500 ir slot10
j_15t	j_15t_gb3	gb3 slot2; gb3 x3 slot3; gb3 slot6; gb3 slot7; gb3 x3 slot10; gb3 slot11
j_22m1a	j_22m1a_default	ptb
j_22m1a	j_22m1a_plab_350m_73	plab 350m 73 slot1; plab 350m 73 slot2; plab 350m 73 slot3; plab 350m 73 slot4; plab 350m 73 slot5
j_22m1a	j_22m1a_fab_100_m80	fab 100 m80 slot1; fab 100 m80 slot2; fab 100 m80 slot3; fab 100 m80 slot4; fab 100 m80 slot5
j_22m1a	j_22m1a_sn_3_fab_100_m80	fab 100 m80 x3 slot1; fab 100 m80 x3 slot2; fab 100 m80 x3 slot4; fab 100 m80 x3 slot5
j_22m1a	j_22m1a_fab_250_m79	fab 250 m79 slot1; fab 250 m79 slot2; fab 250 m79 slot3; fab 250 m79 slot4; fab 250 m79 slot5
j_22m1a	j_22m1a_fab_250_pgb	fab 250 pgb slot1; fab 250 pgb slot2; fab 250 pgb slot3; fab 250 pgb slot4; fab 250 pgb slot5
j_22m1a	j_22m1a_br_vz_128_m15_heat	br vz 128 m15 heat slot1; br vz 128 m15 heat slot2; br vz 128 m15 heat slot4; br vz 128 m15 heat slot5
j_22m1a	j_22m1a_s_24	s 24 slot1; s 24 slot2; s 24 slot4; s 24 slot5
j_22m1a	j_22m1a_m16d	m 16d slot1; m 16d slot2; m 16d slot4; m 16d slot5
j_22m1a	j_22m1a_agm_65b	agm 65b slot1; agm 65b slot2; agm 65b slot4; agm 65b slot5
j_22m1a	j_22m1a_grom_b	grom b slot1; grom b slot2; grom b slot4; grom b slot5
j_22m1a	j_22m1a_kosava_3_tm	kosava 3 tm slot1; kosava 3 tm slot2; kosava 3 tm slot4; kosava 3 tm slot5
j_22m1a	j_22m1a_vrvz_240	vrvz 240 slot1; vrvz 240 slot2; vrvz 240 slot4; vrvz 240 slot5
j_22m1a	j_22m1a_grom	grom slot1; grom slot2; grom slot4; grom slot5
j_22m1a	j_22m1a_e_24_a1	e 24 a1 slot1; e 24 a1 slot2; e 24 a1 slot4; e 24 a1 slot5
j_7_mk2	j_7_mk2_default	ptb
j_7_mk2	j_7_mk2_ofab500_bombs	2x fab500
j_7_mk2	j_7_mk2_pl2_x2	2x pl2
j_7_mk2	j_7_mk2_hf5	2x hf5
j_7_mk2	j_7_mk2_250_2_inc	2x 250 2
j_7d	j_7d_default	ptb 490 slot1; 2x pl7; ptb 490 slot3; ptb 490 slot5
j_7d	j_7d_4x_pl2	4x pl2
j_7d	j_7d_4x_pl5b	2x pl5 default; 2x pl5
j_7d	j_7d_4x_pl7	4x pl7
j_7d	j_7d_type90	4x hf9
j_7d	j_7d_type130	4x type130
j_7d	j_7d_4x250_bombs	4x gp250
j_7d	j_7d_2x500_bombs	2x pl7; 2x gp500
j_7d	j_7d_4x250_4_bombs	4x 250 4
j_7d	j_7d_2x500_4_bombs	2x pl7; 2x 500 4
j_7d	j_7d_2x250_bombs_pl5b_ltc	2x pl5 default; 2x gp250
j_7d	j_7d_2x500_2x250_bombs_ltc	2x gp250; 2x gp500
j_7d	j_7d_2x500_bombs_8x_type130_ltc	2x type130; 2x gp500
j_7d	j_7d_2x500_bombs_type90_ltc	2x hf9; 2x gp500
j_7d	j_7d_type90_2x250_bombs_ltc	2x gp250; 2x hf9
j_7e	j_7e_default	ptb 490 slot1; ptb 800 slot3; ptb 490 slot5
j_7e	j_7e_2x_pl5_default	2x pl5 default; ptb 800 slot3
j_7e	j_7e_4x_pl2	4x pl2
j_7e	j_7e_4x_pl5b	2x pl5 default; 2x pl5
j_7e	j_7e_16x_type130	4x type130
j_7e	j_7e_28x_type90	4x hf9
j_7e	j_7e_4x250_bombs	4x gp250
j_7e	j_7e_2x500_bombs	2x gp500
j_7e	j_7e_4x250_4_bombs	4x 250 4
j_7e	j_7e_2x500_4_bombs	2x 500 4
j_8b	j_8b_default	ptb slot1; ptb slot4; ptb slot7
j_8b	j_8b_2x_pl5b_default	2x default pl5b
j_8b	j_8b_4x_pl5b	2x pl5b; 2x default pl5b
j_8b	j_8b_2x_aspide	2x aspide
j_8b	j_8b_bomb250_gp	2x 250kg mk 82; 250kg mk 82 x6
j_8b	j_8b_bomb250_4	2x 250 4; 250 4 x6
j_8b	j_8b_bomb500_gp	2x gp500
j_8b	j_8b_bomb500_4	2x gp500 4
j_8b	j_8b_4x_type90_rockets	4x hf 6 type90 heat
j_8b	j_8b_2x_pl5b_2x_aspide	2x aspide; 2x default pl5b
j_8b	j_8b_4x_pl5b_bomb250_gp	2x pl5b; 2x default pl5b; 250kg mk 82 x6
j_8b	j_8b_4x_type90_rockets_2x_pl5b	4x hf 6 type90 heat; 2x default pl5b
j_8b	j_8b_bomb250_gp_2x_pl5b	2x 250kg mk 82; 2x default pl5b; 250kg mk 82 x6
j_8b	j_8b_2x_pl5b_2x_aspide_bomb250_gp	2x aspide; 2x default pl5b; 250kg mk 82 x6
j_8f	j_8f_default	ptb slot1; ptb slot4; ptb slot7
j_8f	j_8f_2x_pl5b_default	2x pl12; 2x pl8 default
j_8f	j_8f_4x_pl5b	6x pl5b
j_8f	j_8f_4x_pl5e	6x pl5e
j_8f	j_8f_4x_pl8	4x pl8; 2x pl8 default
j_8f	j_8f_2x_pl12	2x pl12
j_8f	j_8f_bomb250_gp	2x 250kg mk 82; 250kg mk 82 x6
j_8f	j_8f_bomb250_4	2x 250 4; 250 4 x6
j_8f	j_8f_bomb500_gp	2x gp500
j_8f	j_8f_bomb500_4	2x gp500 4
j_8f	j_8f_4x_type90_rockets	4x hf 6 type90 heat
j_8f_missile_test	j_8f_4x_pl8_2x_pl12_default	4x pl8; 2x pl12
j1n1_mod11_early	j1n1_default	no suspended armament
j1n1_mod11_early	j1n1_2x60kg_bombs	no suspended armament
j2m2	j2m3_default	no suspended armament
j2m2	j2m3_bombs	no suspended armament
j2m3	j2m3_default	no suspended armament
j2m3	j2m3_bombs	no suspended armament
j2m3	a7m_9kg_rockets	no suspended armament
j2m3	a7m_13kg_rockets	no suspended armament
j2m3	a7m_66kg_rockets	no suspended armament
j2m3	a7m_84kg_rockets	no suspended armament
j2m4_kai	j2m3_default	no suspended armament
j2m4_kai	j2m3_bombs	no suspended armament
j2m5	j2m3_default	no suspended armament
j2m5	j2m3_bombs	no suspended armament
j2m5_30mm	j2m3_default	no suspended armament
j2m5_30mm	j2m3_bombs	no suspended armament
j5n1	j5n1_default	no suspended armament
j6b	j6b_default	no suspended armament
j6k1	j6k1_default	no suspended armament
j6k1	j6k1_type97mod6x4	no suspended armament
j6k1	j6k1_type98mod25x2	no suspended armament
j7w1	j7w1_default	no suspended armament
j7w1	j7w1_2x60kg_bomb	no suspended armament
j7w1	j7w1_4x60kg_bomb	no suspended armament
j8m1	J8M1_default	no suspended armament
j9_early	j9_default	no suspended armament
jaguar_a	jaguar_a_default	ptb slot2; ptb slot3; ptb slot4
jaguar_a	jaguar_a_rocket_550_magic	2x r 550 magic 1
jaguar_a	jaguar_a_bomb_fr_250_samp_type_25	2x fr 250 samp type 25; 3x fr 250 samp type 25 x3
jaguar_a	jaguar_a_bomb_fr_400_samp_type_21	2x fr 400 samp type 21; 3x fr 400 samp type 21 x2
jaguar_a	jaguar_a_bomb_fr_250_samp_type_25_200	2x fr 250 samp type 25 200; 3x fr 250 samp type 25 x3 200
jaguar_a	jaguar_a_bomb_fr_400_samp_type_21_200	2x fr 400 samp type 21 200; 3x fr 400 samp type 21 x2 200
jaguar_a	jaguar_a_bomb_750lb_m117	2x 750lb m117; 3x 750lb m117 x2
jaguar_a	jaguar_a_bomb_gbu_12	2x gbu 12 x2; atlis2
jaguar_a	jaguar_a_bomb_fr_bgl400	2x bgl400; atlis2
jaguar_a	jaguar_a_bomb_fr_bgl1000	2x bgl1000; atlis2
jaguar_a	jaguar_a_rocket_as30l	2x as 30l; atlis2
jaguar_a	jaguar_a_rocket_tba_ecc	4x tba 100 ecc
jaguar_a	jaguar_a_rocket_tba_multi_dart_100_ab	4x tba 100 multi dart
jaguar_a	jaguar_a_rocket_matra155	2x matra lr f4; 2x matra lr f4 x2
jaguar_a	jaguar_a_rocket_lrf1	4x matra lr f1
jaguar_a	jaguar_a_rocket_lau3a	2x lau3a; 2x lau3a x2
jaguar_a	jaguar_a_rocket_lau10a	2x lau10a; 2x lau10a x2
jaguar_a	jaguar_a_fire_bomb_fr_460l_secan_63	5x secan
jaguar_a	jaguar_a_phimat_counteiner	phimat counteiner
jaguar_a	jaguar_a_atlis2	atlis2
jaguar_a	jaguar_a_as37_l_band	as37 l band slot3
jaguar_a	jaguar_a_as37_s_band	as37 s band slot3
jaguar_a	jaguar_a_as37_c_band	as37 c band slot3
jaguar_a_germany_killstreak	jaguar_a_killstreak_default	no suspended armament
jaguar_a_germany_killstreak	jaguar_a_1xan52	no suspended armament
jaguar_a_germany_killstreak	jaguar_a_1xan52_5kt_nt	no suspended armament
jaguar_a_germany_killstreak	jaguar_a_1xan52_30kt_nt	no suspended armament
jaguar_a_iaf_killstreak	jaguar_a_killstreak_default	no suspended armament
jaguar_a_iaf_killstreak	jaguar_a_1xan52	no suspended armament
jaguar_a_iaf_killstreak	jaguar_a_1xan52_5kt_nt	no suspended armament
jaguar_a_iaf_killstreak	jaguar_a_1xan52_30kt_nt	no suspended armament
jaguar_a_italy_killstreak	jaguar_a_killstreak_default	no suspended armament
jaguar_a_italy_killstreak	jaguar_a_1xan52	no suspended armament
jaguar_a_italy_killstreak	jaguar_a_1xan52_5kt_nt	no suspended armament
jaguar_a_italy_killstreak	jaguar_a_1xan52_30kt_nt	no suspended armament
jaguar_a_japan_killstreak	jaguar_a_killstreak_default	no suspended armament
jaguar_a_japan_killstreak	jaguar_a_1xan52	no suspended armament
jaguar_a_japan_killstreak	jaguar_a_1xan52_5kt_nt	no suspended armament
jaguar_a_japan_killstreak	jaguar_a_1xan52_30kt_nt	no suspended armament
jaguar_a_killstreak	jaguar_a_killstreak_default	no suspended armament
jaguar_a_killstreak	jaguar_a_1xan52	no suspended armament
jaguar_a_killstreak	jaguar_a_1xan52_5kt_nt	no suspended armament
jaguar_a_killstreak	jaguar_a_1xan52_30kt_nt	no suspended armament
jaguar_a_sweden_killstreak	jaguar_a_killstreak_default	no suspended armament
jaguar_a_sweden_killstreak	jaguar_a_1xan52	no suspended armament
jaguar_a_sweden_killstreak	jaguar_a_1xan52_5kt_nt	no suspended armament
jaguar_a_sweden_killstreak	jaguar_a_1xan52_30kt_nt	no suspended armament
jaguar_a_uk_killstreak	jaguar_a_killstreak_default	no suspended armament
jaguar_a_uk_killstreak	jaguar_a_1xan52	no suspended armament
jaguar_a_uk_killstreak	jaguar_a_1xan52_5kt_nt	no suspended armament
jaguar_a_uk_killstreak	jaguar_a_1xan52_30kt_nt	no suspended armament
jaguar_a_usa_killstreak	jaguar_a_killstreak_default	no suspended armament
jaguar_a_usa_killstreak	jaguar_a_1xan52	no suspended armament
jaguar_a_usa_killstreak	jaguar_a_1xan52_5kt_nt	no suspended armament
jaguar_a_usa_killstreak	jaguar_a_1xan52_30kt_nt	no suspended armament
jaguar_e	jaguar_e_default	ptb slot2; ptb slot3; ptb slot4
jaguar_e	jaguar_e_rocket_550_magic	2x r 550 magic 1
jaguar_e	jaguar_e_bomb_fr_250_samp_type_25	2x fr 250 samp type 25; 3x fr 250 samp type 25 x3
jaguar_e	jaguar_e_bomb_fr_400_samp_type_21	2x fr 400 samp type 21; 3x fr 400 samp type 21 x2
jaguar_e	jaguar_e_bomb_fr_250_samp_type_25_200	2x fr 250 samp type 25 200; 3x fr 250 samp type 25 x3 200
jaguar_e	jaguar_e_bomb_fr_400_samp_type_21_200	2x fr 400 samp type 21 200; 3x fr 400 samp type 21 x2 200
jaguar_e	jaguar_e_bomb_us_m117	2x 750lb m117; 3x 750lb m117 x2
jaguar_e	jaguar_e_bomb_fr_bgl400	2x bgl400; atlis2
jaguar_e	jaguar_e_bomb_fr_bgl1000	2x bgl1000; atlis2
jaguar_e	jaguar_e_rocket_as30l	2x as 30l; atlis2
jaguar_e	jaguar_e_rocket_tba_ecc	4x tba 100 ecc
jaguar_e	jaguar_e_rocket_tba_multi_dart_100_ab	4x tba 100 multi dart
jaguar_e	jaguar_e_rocket_matra155	2x matra lr f4; 2x matra lr f4 x2
jaguar_e	jaguar_e_rocket_lrf1	4x matra lr f1
jaguar_e	jaguar_e_rocket_lau10a	2x lau10a; 2x lau10a x2
jaguar_e	jaguar_e_rocket_lau3a	2x lau3a; 2x lau3a x2
jaguar_e	jaguar_e_fire_bomb_fr_460l_secan_63	5x secan
jaguar_e	jaguar_e_phimat_counteiner	phimat counteiner
jaguar_e	jaguar_e_atlis2	atlis2
jaguar_gr1	jaguar_gr1_default	ptb slot2; ptb slot3; ptb slot4
jaguar_gr1	jaguar_gr1_bomb_uk_540lbs_gp	2x uk 540lbs; 2x uk 540lbs x2; uk 540lbs x2 fuse
jaguar_gr1	jaguar_gr1_bomb_uk_1000lbs_gp	2x uk 1000lbs; 2x uk 1000lbs x2; uk 1000lbs x2 fuse
jaguar_gr1	jaguar_gr1_bomb_uk_1000lbs_gp_n117	2x uk 1000lbs n117; 2x uk 1000lbs x2 n117; uk 1000lbs x2 fuse n117
jaguar_gr1	jaguar_gr1_rocket_aim_9	2x aim9g
jaguar_gr1	jaguar_gr1_phimat_counteiner	phimat container
jaguar_gr1	jaguar_gr1_rocket_crv7_ra79	4x lau 5003b
jaguar_gr1a	jaguar_gr1a_default	ptb slot2; ptb slot4; ptb slot6
jaguar_gr1a	jaguar_gr1a_rocket_aim_9	2x aim9g
jaguar_gr1a	jaguar_gr1a_bomb_uk_540lbs_gp	2x uk 540lbs; 2x uk 540lbs x2; uk 540lbs x2 fuse
jaguar_gr1a	jaguar_gr1a_bomb_uk_540lbs_retarded	2x uk 540lbs retarded; 2x uk 540lbs retarded x2; uk 540lbs retarded x2 fuse
jaguar_gr1a	jaguar_gr1a_bomb_uk_1000lbs_gp	2x uk 1000lbs; 2x uk 1000lbs x2; uk 1000lbs x2 fuse
jaguar_gr1a	jaguar_gr1a_bomb_uk_1000lbs_gp_n117	2x uk 1000lbs n117; 2x uk 1000lbs x2 n117; uk 1000lbs x2 fuse n117
jaguar_gr1a	jaguar_gr1_a_mk_13_tiald	tiald
jaguar_gr1a	jaguar_gr1_rocket_a_crv7_ra79	4x lau 5003b
jaguar_gr1a	jaguar_gr1a_rocket_matra155	4x matra sneb
jaguar_gr1a	jaguar_gr1a_gbu_12	2x gbu 12; tiald
jaguar_gr1a	jaguar_gr1a_gbu_8	2x us 2000lb gbu 8; tiald
jaguar_gr1a	jaguar_gr1a_phimat	phimat container
jaguar_is	jaguar_is_default	ptb slot2; ptb slot4; ptb slot7
jaguar_is	jaguar_is_r_550_magic_2	r550 magic 2 left; r550 magic 2 right
jaguar_is	jaguar_is_bomb_uk_540lbs_gp	2x uk 540lbs; 2x uk 540lbs x2; uk 540lbs x2 fuse
jaguar_is	jaguar_is_bomb_uk_1000lbs_gp	2x uk 1000lbs; 2x uk 1000lbs x2; uk 1000lbs x2 fuse
jaguar_is	jaguar_is_bomb_uk_1000lbs_gp_n117	2x uk 1000lbs n117; 2x uk 1000lbs x2 n117; uk 1000lbs x2 fuse n117
jaguar_is	jaguar_is_mk13	3x mk13; litening pod
jaguar_is	jaguar_gr1_rocket_a_crv7_ra79	4x lau 5003b
jaguar_is	jaguar_is_rocket_matra155	4x matra sneb
jaguar_is	jaguar_is_phimat	phimat container
javelin_fmk9	javelin_fmk9_default	no suspended armament
javelin_fmk9	javelin_fmk9_default_firestreak_x2	no suspended armament
javelin_fmk9	javelin_fmk9_firestreak	no suspended armament
javelin_fmk9	javelin_fmk9_firestreak_x4_cannons_x4	no suspended armament
jf_17	jf_17_default	ptb slot3; ptb slot4; ptb slot5
jf_17	jf_17_pl5_sd10_default	2x pl5e default; 2x sd10 default
jf_17	jf_17_pl5	2x pl5e default; 2x pl5e
jf_17	jf_17_sd10_x2	sd10 x2 slot2; sd10 x2 slot6
jf_17	jf_17_hydra70_x2	hydra 70 m270 x2 slot2; hydra 70 m270 slot3; hydra 70 m270 slot5; hydra 70 m270 x2 slot6
jf_17	jf_17_brm1	4x brm 1; aselpod
jf_17	jf_17_ld10	ld10 x2 slot2; ld10 x2 slot6
jf_17	jf_17_cm_102	cm 102 slot2; cm 102 slot3; cm 102 slot5; cm 102 slot6
jf_17	jf_17_mk82_x2	mk82 x2 slot2; mk82 slot3; mk82 slot4; mk82 slot5; mk82 x2 slot6
jf_17	jf_17_mk83	5x mk83
jf_17	jf_17_mk84	3x mk84
jf_17	jf_17_gbu12_x2	gbu 12 x2 slot2; gbu 12 slot3; aselpod; gbu 12 slot5; gbu 12 x2 slot6
jf_17	jf_17_gbu16	4x gbu 16; aselpod
jf_17	jf_17_gbu10	2x gbu 10; aselpod
jf_17	jf_17_ls_6_250	4x ls 6 250; aselpod
jf_17	jf_17_ls_6_250_ir	4x ls 6 250 ir
jf_17	jf_17_ls6	4x ls 6 500; aselpod
jf_17	jf_17_lgb1	4x ts250; aselpod
jf_17	jf_17_lgb3	4x ts500; aselpod
jh_7	jh_7_default	2x pl5b wing; ptb slot3; ptb slot6; ptb slot8
jh_7	jh_7_bomb250_gp_default	2x 250 3 x6
jh_7	jh_7_pl5c	2x pl5c wing
jh_7	jh_7_pl5e2	2x pl5e wing
jh_7	jh_7_type90_rockets	4x hf 6 type90 heat
jh_7	jh_7_type130_rockets	4x hf14
jh_7	jh_7_bomb250_gp	2x 250 3 x4; 2x 250 3 x6
jh_7	jh_7_bomb250_4	2x 250 4 x4; 2x 250 4 x6
jh_7	jh_7_bomb500_gp	4x 500 3 x2
jh_7	jh_7_bomb500_4	4x 500 4 x2
jh_7	jh_7_yj_81k	4x yj 81k
jh_7a	jh_7a_default	ptb slot3; ptb slot6; ptb slot8
jh_7a	jh_7a_2x_pl5c_default	2x pl5c wing; 2x pl8
jh_7a	jh_7a_4x_pl5e2	2x pl5e wing; 2x pl5e
jh_7a	jh_7a_bomb250_gp_default	2x 250 3 x6
jh_7a	jh_7a_4x_pl5b	2x pl5b wing; 2x pl5b
jh_7a	jh_7a_4x_pl5c	2x pl5c wing; 2x pl5c
jh_7a	jh_7a_2x_pl8	2x pl8
jh_7a	jh_7a_type90_rockets	6x hf 6 type90 heat
jh_7a	jh_7a_type130_rockets	4x hf14
jh_7a	jh_7a_bomb250_gp	2x 250 3; 2x 250 3 x4; 2x 250 3 x6
jh_7a	jh_7a_bomb250_4	2x 250 4; 2x 250 4 x4; 2x 250 4 x6
jh_7a	jh_7a_bomb500_gp	4x 500 3 x2
jh_7a	jh_7a_bomb500_4	4x 500 4 x2
jh_7a	jh_7a_sl_250j	6x ls250; k adc03a
jh_7a	jh_7a_ls_6_250	4x ls6 250; k adc03a
jh_7a	jh_7a_ls_6_250_ir	4x ls6 250 ir
jh_7a	jh_7a_ls_6_500	4x ls6 500; k adc03a
jh_7a	jh_7a_sl_500j	4x ls500; k adc03a
jh_7a	jh_7a_sl_1000j	4x ls1000; k adc03a
jh_7a	jh_7a_kh_29t	4x kh 29t
jh_7a	jh_7a_kd_88	kd 88 tv slot3; kd 88 tv slot4; kd 88 tv slot7; kd 88 tv slot8
jh_7a	jh_7a_yj91_l_111	4x yj91 l 111
jh_7a	jh_7a_yj91_l_112	4x yj91 l 112
jh_7a	jh_7a_yj91_l_113	4x yj91 l 113
jh_7a_killstreak	jh_7a_default	no suspended armament
jh_7a_killstreak	jh_7a_killstreak_1xkb1	kb1
jh_7a_killstreak	jh_7a_killstreak_kb1_5kt_nt	2x pl5e wing; 2x pl5e; ptb slot3; kb1 5kt; ptb slot8
jh_7a_killstreak	jh_7a_killstreak_kb1_30kt_nt	2x pl5e wing; 2x pl5e; ptb slot3; kb1 30kt; ptb slot8
jh_7a_prototype	jh_7a_prototype_default	2x pl5e wing; 2x pl8; ptb slot3; ptb slot6; ptb slot8
jh_7a_prototype	jh_7a_prototype_4x_pl5b	2x pl5b wing; 2x pl5b
jh_7a_prototype	jh_7a_prototype_4x_pl5c	2x pl5c wing; 2x pl5c
jh_7a_prototype	jh_7a_prototype_4x_pl5e2	2x pl5e wing; 2x pl5e
jh_7a_prototype	jh_7a_prototype_2x_pl8	2x pl8
jh_7a_prototype	jh_7a_prototype_type90_rockets	2x pl5e wing; 6x hf 6 type90 heat
jh_7a_prototype	jh_7a_prototype_type130_rockets	2x pl5e wing; 2x pl8; 4x hf14
jh_7a_prototype	jh_7a_prototype_bomb250_gp	2x pl5e wing; 2x 250 3; 2x 250 3 x4; 2x 250 3 x6
jh_7a_prototype	jh_7a_prototype_bomb250_4	2x pl5e wing; 2x 250 4; 2x 250 4 x4; 2x 250 4 x6
jh_7a_prototype	jh_7a_prototype_bomb500_gp	2x pl5e wing; 2x pl8; 4x 500 3 x2
jh_7a_prototype	jh_7a_prototype_bomb500_4	2x pl5e wing; 2x pl8; 4x 500 4 x2
jh_7a_prototype	jh_7a_prototype_sl_250j	2x pl5e wing; 6x ls250; k adc03a
jh_7a_prototype	jh_7a_prototype_ls_6_250	2x pl5e wing; 2x pl8; 4x ls6 250; k adc03a
jh_7a_prototype	jh_7a_prototype_ls_6_500	2x pl5e wing; 2x pl8; 4x ls6 500; k adc03a
jh_7a_prototype	jh_7a_prototype_sl_500j	2x pl5e wing; 2x pl8; 4x ls500; k adc03a
jh_7a_prototype	jh_7a_prototype_sl_1000j	2x pl5e wing; 2x pl8; 4x ls1000; k adc03a
jh_7a_prototype	jh_7a_prototype_kh_29t	2x pl5e wing; 2x pl8; 4x kh 29t
jh_7a_prototype	jh_7a_sl_250j	6x ls250; k adc03a
jh_7a_prototype	jh_7a_ls_6_250	4x ls6 250; k adc03a
jh_7a_prototype	jh_7a_prototype_ls_6_250_ir	4x ls6 250 ir
jh_7a_prototype	jh_7a_ls_6_500	4x ls6 500; k adc03a
jh_7a_prototype	jh_7a_sl_500j	4x ls500; k adc03a
jh_7a_prototype	jh_7a_sl_1000j	4x ls1000; k adc03a
jh_7a_prototype	jh_7a_kh_29t	4x kh 29t
jh_7a_prototype	jh_7a_yj91_l_111	4x yj91 l 111
jh_7a_prototype	jh_7a_yj91_l_112	4x yj91 l 112
jh_7a_prototype	jh_7a_yj91_l_113	4x yj91 l 113
jh_7a2	jh_7a2_default	ptb slot4; ptb slot7; ptb slot9
jh_7a2	jh_7a2_2x_pl5c_default	pl5c slot1; pl8 slot2; pl8 slot11; pl5c wing slot12
jh_7a2	jh_7a2_4x_pl5b	pl5b slot1; pl5b x2 slot2; pl5b x2 slot11; pl5b wing slot12
jh_7a2	jh_7a2_4x_pl5c	pl5c slot1; pl5c x2 slot2; pl5c x2 slot11; pl5c wing slot12
jh_7a2	jh_7a2_2x_pl8	pl8 slot2; pl8 slot11
jh_7a2	jh_7a2_4x_pl5e2	pl5e slot1; pl5e x2 slot2; pl5e x2 slot11; pl5e wing slot12
jh_7a2	jh_7a2_2x_pl12	pl12 slot3; pl12 slot10
jh_7a2	jh_7a2_type90_rockets	hf6 slot2; hf6 slot4; hf6 slot5; hf6 slot8; hf6 slot9; hf6 slot11
jh_7a2	jh_7a2_type130_rockets	hf14 slot4; hf14 slot5; hf14 slot8; hf14 slot9
jh_7a2	jh_7a2_kh_29t	kh 29t slot4; kh 29t slot5; kh 29t slot8; kh 29t slot9
jh_7a2	jh_7a2_kd_88	kd 88 tv slot4; kd 88 tv slot5; kd 88 tv slot8; kd 88 tv slot9
jh_7a2	jh_7a2_kd_88_ir	kd 88 ir slot4; kd 88 ir slot5; kd 88 ir slot8; kd 88 ir slot9
jh_7a2	jh_7a2_bomb250_gp_default	250 3 x6 slot5; 250 3 x6 slot8
jh_7a2	jh_7a2_bomb250_gp	250 3 slot2; 250 3 x4 slot4; 250 3 x6 slot5; 250 3 x6 slot8; 250 3 x4 slot9; 250 3 slot11
jh_7a2	jh_7a2_bomb250_4	250 4 slot2; 250 4 x4 slot4; 250 4 x6 slot5; 250 4 x6 slot8; 250 4 x4 slot9; 250 4 slot11
jh_7a2	jh_7a2_bomb500_gp	500 3 x2 slot4; 500 3 x2 slot5; 500 3 x2 slot8; 500 3 x2 slot9
jh_7a2	jh_7a2_bomb500_4	500 4 x2 slot4; 500 4 x2 slot5; 500 4 x2 slot8; 500 4 x2 slot9
jh_7a2	jh_7a2_sl_250j	ls250 slot2; ls250 slot4; ls250 slot5; k adc03a; ls250 slot8; ls250 slot9; ls250 slot11
jh_7a2	jh_7a2_ls_6_250	ls6 250 slot4; ls6 250 slot5; k adc03a; ls6 250 slot8; ls6 250 slot9
jh_7a2	jh_7a2_ls_6_250_ir	ls6 250 ir slot4; ls6 250 ir slot5; ls6 250 ir slot8; ls6 250 ir slot9
jh_7a2	jh_7a2_ls_6_500	ls6 500 slot4; ls6 500 slot5; k adc03a; ls6 500 slot8; ls6 500 slot9
jh_7a2	jh_7a2_sl_500j	ls500 slot4; ls500 slot5; k adc03a; ls500 slot8; ls500 slot9
jh_7a2	jh_7a2_sl_1000j	ls1000 slot4; ls1000 slot5; k adc03a; ls1000 slot8; ls1000 slot9
jh_7a2	jh_7a2_yj91_l_111	yj91 l 111 slot4; yj91 l 111 slot5; yj91 l 111 slot8; yj91 l 111 slot9
jh_7a2	jh_7a2_yj91_l_112	yj91 l 112 slot4; yj91 l 112 slot5; yj91 l 112 slot8; yj91 l 112 slot9
jh_7a2	jh_7a2_yj91_l_113	yj91 l 113 slot4; yj91 l 113 slot5; yj91 l 113 slot8; yj91 l 113 slot9
jh_7a2	jh_7a2_cm_102	cm 102 slot4; cm 102 slot5; cm 102 slot8; cm 102 slot9
jh_7a2	jh_7a2_yj_83k	yj 83k slot4; yj 83k slot5; yj 83k slot8; yj 83k slot9
jh_7a2	jh_7a2_yj91as	yj91as slot4; yj91as slot5; yj91as slot8; yj91as slot9
ju-188a-2	ju-188A-2_default	10sc50
ju-188a-2	ju_188a_6x250	6x sc250
ju-188a-2	ju_188a_2x500	2x sc500
ju-188a-2	ju_188a_2x1000	2x sc1000
ju-188a-2	ju_188a_1x1800	sc1800
ju-188a-2	ju_188a_2xpc500	2x pc500
ju-188a-2	ju_188a_2xpc1000	2x pc1000
ju-188a-2	ju_188a_1xpc1600	pc1600
ju-188a-2	ju_188a_6x_flamm_250	6x fl250
ju-188a-2	ju_188a_2x_flamm_500	2x fl500
ju-288c	Ju-288C_default	sc50 slot1; sc50 slot2
ju-288c	Ju-288C_8x250kg	sc250 x4 slot1; sc250 x4 slot2
ju-288c	Ju-288C_3x500kg	sc500 x2 slot1; sc500 x1 slot2
ju-288c	Ju-288C_2x1000kg	sc1000 slot1; sc1000 slot2
ju-288c	Ju-288C_2x1800kg	sc1800 slot1; sc1800 slot2
ju-288c	ju_288c_2x2500	sc2500 slot1; sc2500 slot2
ju-288c	ju_288c_3x500_ap	pc500 x2 slot1; pc500 x1 slot2
ju-288c	ju_288c_2x1000_ap	pc1000 slot1; pc1000 slot2
ju-288c	ju_288c_8x_flamm_250	fl250 x4 slot1; fl250 x4 slot2
ju-288c	ju_288c_3x_flamm_500	fl500 x2 slot1; fl500 x1 slot1
ju-388j	Ju-388J_default	no suspended armament
ju-52	Ju52_default	no suspended armament
ju-87b-2	Ju87_B2_default	50kg x2 slot1; 250kg; 50kg x2 slot3
ju-87b-2	ju-87b-2_50	50kg x2 slot1; 50kg x2 slot3
ju-87b-2	Ju87_B2_250	250kg
ju-87b-2	Ju87_B2_500	500kg
ju-87b-2	ju-87b-2_1000	1000kg
ju-87b-2	ju-87b-2_flamm_250	flam 250kg
ju-87b-2	ju-87b-2_flamm_500	flam 500kg
ju-87d-3	Ju87_D3_default	250kg slot2
ju-87d-3	ju-87d-3_4x50	50kg x2 slot1; 50kg x2 slot3
ju-87d-3	Ju87_D3_3x250	2x 250kg; 250kg slot2
ju-87d-3	Ju87_D3_3x500	2x 500kg; 500kg slot2
ju-87d-3	Ju87_D3_1000	1000kg
ju-87d-3	ju-87d-3_sc1800	1800kg
ju-87d-3	ju-87d-3_pc500	2x pc500kg; pc500kg slot2
ju-87d-3	ju-87d-3_pc1000	pc1000kg
ju-87d-3	ju-87d_3x_flamm_250	2x flam 250kg; flam 250kg slot2
ju-87d-3	ju-87d-3_3x_flamm_500	2x flam 500kg; flam 500kg slot2
ju-87d-3_italy	ju-87d-3_italy_default	250kg slot2
ju-87d-3_italy	ju-87d-3_italy_50kg_t	50kg x2 slot1; 50kg x2 slot3
ju-87d-3_italy	ju-87d-3_italy_100kg_t	100kg x2 slot1; 100kg x2 slot3
ju-87d-3_italy	ju-87d-3_italy_500kg	500kg slot2
ju-87d-5	Ju-87D-5_default	250kg slot1; 500kg slot2; 250kg slot3
ju-87d-5	ju-87d-5_4x50	50kg x2 slot1; 50kg x2 slot3
ju-87d-5	Ju87_D5_3x250	250kg slot1; 250kg slot2; 250kg slot3
ju-87d-5	ju-87d-5_3x500	500kg slot1; 500kg slot2; 500kg slot3
ju-87d-5	ju-87d-5_sc1000	1000kg
ju-87d-5	ju-87d-5_sc1800	1800kg
ju-87d-5	ju-87d-5_pc500	pc500kg slot2
ju-87d-5	ju-87d-5_pc1000	pc1000kg
ju-87d-5	ju-87d-5_3x_flamm_250	flam 250kg slot1; flam 250kg slot2; flam 250kg slot3
ju-87d-5	ju-87d-5_3x_flamm_500	flam 500kg slot1; flam 500kg slot2; flam 500kg slot3
ju-87d-5	Ju-87D-5_mg81gunpod	2x wb81b
ju-87d-5	Ju-87D-5_mg15120gunpod	2x wb151
ju-87g_1	Ju-87G-1_default	no suspended armament
ju-87g_2	Ju-87G-2_default	no suspended armament
ju-87r-2	Ju-87R-2_default	250kg
ju-87r-2	Ju-87R-2_500	500kg
ju-87r-2	Ju-87R-2_1000	1000kg
ju-87r-2	ju-87r-2_flamm_500	flam 500kg
ju-87r-2_italy	ju-87r-2_italy_default	250kg
ju-87r-2_italy	ju-87r-2_italy_4x50kg_t	50kg x2 slot1; 50kg x2 slot3
ju-87r-2_italy	ju-87r-2_italy_500kg	500kg
ju-87r-2_snake	Ju-87R-2_default	250kg
ju-87r-2_snake	Ju-87R-2_500	500kg
ju-87r-2_snake	Ju-87R-2_1000	1000kg
ju-87r-2_snake	ju-87r-2_flamm_500	flam 500kg
ju-88a-1	ju_88a_1_10x50	10sc50
ju-88a-1	ju_88a_1_28x50	28sc50
ju-88a-1	ju_88a_1_4x250	4x sc250
ju-88a-1	ju_88a_1_4x_flamm_250	4x fl250
ju-88a-1	ju_88a_1_2x500	2x sc500
ju-88a-1	ju_88a_1_2_flamm_500	2x fl500
ju-88a-1	ju_88a_1_2xpc500	2x pc500
ju-88a-4	ju_88a_4_10x50	10sc50
ju-88a-4	ju_88a_4_28x50	28sc50
ju-88a-4	ju_88a_4_4x250	4x sc250
ju-88a-4	ju_88a_4_4x_flamm_250	4x fl250
ju-88a-4	ju_88a_4_2x500	2x sc500
ju-88a-4	ju_88a_4_2xpc500	2x pc500
ju-88a-4	ju_88a_4_2_flamm_500	2x fl500
ju-88a-4	ju_88a_4_1x1000	sc1000
ju-88a-4	ju_88a_4_1xpc1000	pc1000
ju-88a-4_finland	ju_88a_4_10x50	10sc50
ju-88a-4_finland	ju_88a_4_28x50	28sc50
ju-88a-4_finland	ju_88a_4_4x250	4x sc250
ju-88a-4_finland	ju_88a_4_4x_flamm_250	4x fl250
ju-88a-4_finland	ju_88a_4_2x500	2x sc500
ju-88a-4_finland	ju_88a_4_2xpc500	2x pc500
ju-88a-4_finland	ju_88a_4_2_flamm_500	2x fl500
ju-88a-4_finland	ju_88a_4_1x1000	sc1000
ju-88a-4_finland	ju_88a_4_1xpc1000	pc1000
ju-88c-6	Ju-88C-6_default	no suspended armament
ju-88c-6	Ju-88C-6_10x50kg	no suspended armament
ka_29	ka_29_default	no suspended armament
ka_29	ka_29_rocket_b8v20	4x b8m 20
ka_29	ka_29_rocket_9M114_x2_default	2x 9m114 default
ka_29	ka_29_rocket_9M114	2x 9m114
ka_29	ka_29_upk_23_250	4x upk 23 250
ka_29	ka_29_2a42	2a42
ka_50	ka_50_default	no suspended armament
ka_50	ka_50_9m39_igla	9m39
ka_50	ka_50_rocket_c_8_ko	4x c8ko
ka_50	ka_50_rocket_vyhr	9k127 x8 left; 9k127 x8 right
ka_50	ka_50_fab_250	4x fab250
ka_50	ka_50_fab_500	2x fab500
ka_50	ka_50_upk_23_250	4x upk250
ka_52	ka_52_default	no suspended armament
ka_52	ka_52_9m39	2x 9m39
ka_52	ka_52_rocket_c_8_ko	4x c8ko
ka_52	ka_52_rocket_c_13	4x c13
ka_52	ka_52_9m120_4	9m114 x2 left; 9m114 x2 right
ka_52	ka_52_9k127	9k127 x8 left; 9k127 x8 right
ka_52	ka_52_9m120_16	9m120 x8 slot2; 9m120 x8 slot5
ka_52	ka_52_fab_250	4x fab250
ka_52	ka_52_fab_500	2x fab500
ka_52	ka_52_upk_23_250	4x upk250
kfir_c10_colombia	kfir_c10_colombia_default	2x python3 default; 2x derby default; ptb 880
kfir_c10_colombia	kfir_c10_colombia_python3	2x python3 default; 2x python3
kfir_c10_colombia	kfir_c10_colombia_derby	2x derby; 2x derby default
kfir_c10_colombia	kfir_c10_colombia_mk82	2x mdnp us 500lb mk 82 ldgp; 2x pylon f5 us 500lb mk 82 ldgp; 2x pylon c2 us 500lb mk 82 ldgp; napgach us 500lb mk 82 ldgp x5
kfir_c10_colombia	kfir_c10_colombia_mk82_snakeye	2x ter us 500lb mk 82 x3 snakeye; 2x pylon f5 us 500lb mk 82 ldgp snakeye; 2x pylon c2 us 500lb mk 82 ldgp snakeye; napgach us 500lb mk 82 ldgp x5 snakeye
kfir_c10_colombia	kfir_c10_colombia_mk83	ter us 1000lb mk 83 x2 left wing; 2x pylon f5 us 1000lb mk 83 ldgp; 2x pylon c2 us 1000lb mk 83 ldgp; ter us 1000lb mk 83 x2 right wing
kfir_c10_colombia	kfir_c10_colombia_mk117	2x mdnp us 750lb m117 cone 45; 2x pylon f5 us 750lb m117 cone 45; 2x pylon c2 us 750lb m117 cone 45
kfir_c10_colombia	kfir_c10_colombia_mk84	2x 2000lb mk 84 ldgp
kfir_c10_colombia	kfir_c10_colombia_mk118	us m118
kfir_c10_colombia	kfir_c10_colombia_suu_23	2x suu 23a
kfir_c10_colombia	kfir_c10_colombia_lau10	2x lau 10a zuni wafar mk32 x3; lau 10a zuni wafar mk32 left fuse; lau 10a zuni wafar mk32 right fuse
kfir_c10_colombia	kfir_c10_colombia_lau3a	2x lau 3a ffar mighty mouse x3; lau 3a ffar mighty mouse left fuse; lau 3a ffar mighty mouse right fuse
kfir_c10_colombia	kfir_c10_colombia_gbu_12	gbu 12; gbu 12 centr; litening
kfir_c10_colombia	kfir_c10_colombia_gbu_49	gbu 49; gbu 49 centr; litening
kfir_c10_colombia	kfir_c10_colombia_spice_1000	il spice 1000 slot5
kfir_c2	kfir_c2_default	ptb 880
kfir_c2	kfir_c2_default_aim9d	2x aim9d
kfir_c2	kfir_c2_aim9g	2x aim9g
kfir_c2	kfir_c2_python3	2x python3
kfir_c2	kfir_c2_shafrir2	2x shafrir 2
kfir_c2	kfir_c2_mk82	2x mdnp us 500lb mk 82 ldgp; 2x pylon c2 f5 us 500lb mk 82 ldgp; napgach us 500lb mk 82 ldgp x5
kfir_c2	kfir_c2_mk82_snakeye	2x ter us 500lb mk 82 x3 snakeye; 2x pylon c2 f5 us 500lb mk 82 ldgp snakeye; napgach us 500lb mk 82 ldgp x5 snakeye
kfir_c2	kfir_c2_mk83	ter us 1000lb mk 83 x2 left wing; 2x pylon c2 f5 us 1000lb mk 83 ldgp; ter us 1000lb mk 83 x2 right wing
kfir_c2	kfir_c2_mk83_python3	2x python3; ter us 1000lb mk 83 x2 left wing; 2x pylon c2 f5 us 1000lb mk 83 ldgp; ter us 1000lb mk 83 x2 right wing
kfir_c2	kfir_c2_mk117	2x mdnp us 750lb m117 cone 45; 2x pylon c2 f5 us 750lb m117 cone 45
kfir_c2	kfir_c2_mk117_python3	2x python3; 2x mdnp us 750lb m117 cone 45; 2x pylon c2 f5 us 750lb m117 cone 45
kfir_c2	kfir_c2_mk84	2x 2000lb mk 84 ldgp
kfir_c2	kfir_c2_mk84_python3	2x python3; 2x 2000lb mk 84 ldgp
kfir_c2	kfir_c2_m118	m118
kfir_c2	kfir_c2_m118_python3	2x python3; m118
kfir_c2	kfir_c2_suu_23	2x suu 23a
kfir_c2	kfir_c2_lau10	2x lau 10a zuni wafar mk32 x3; lau 10a zuni wafar mk32 left fuse; lau 10a zuni wafar mk32 right fuse
kfir_c2	kfir_c2_lau3a	2x lau 3a ffar mighty mouse x3; lau 3a ffar mighty mouse left fuse; lau 3a ffar mighty mouse right fuse
kfir_c2	kfir_c2_mk82_lau10_python3	2x python3; 2x lau 10a zuni wafar mk32 x3; 2x pylon c2 f5 us 500lb mk 82 ldgp; napgach us 500lb mk 82 ldgp x5
kfir_c2	kfir_c2_mk82_lau3a_python3	2x python3; 2x lau 3a ffar mighty mouse x3; 2x pylon c2 f5 us 500lb mk 82 ldgp; napgach us 500lb mk 82 ldgp x5
kfir_c7	kfir_c7_default	ptb 880
kfir_c7	kfir_c7_default_aim9d	2x aim9d default
kfir_c7	kfir_c7_shafrir2	2x shafrir 2 default
kfir_c7	kfir_c7_shafrir2_x4	2x shafrir 2 default; 2x shafrir 2
kfir_c7	kfir_c7_aim9d	2x aim9d default; 2x aim9d
kfir_c7	kfir_c7_aim9g	4x aim9g
kfir_c7	kfir_c7_python3	4x python3
kfir_c7	kfir_c7_mk82	2x mdnp us 500lb mk 82 ldgp; 2x pylon c2 f5 us 500lb mk 82 ldgp; napgach us 500lb mk 82 ldgp x5
kfir_c7	kfir_c7_mk82_snakeye	2x ter us 500lb mk 82 x3 snakeye; 2x pylon c2 f5 us 500lb mk 82 ldgp snakeye; napgach us 500lb mk 82 ldgp x5 snakeye
kfir_c7	kfir_c7_mk83	ter us 1000lb mk 83 x2 left wing; 2x pylon c2 f5 us 1000lb mk 83 ldgp; ter us 1000lb mk 83 x2 right wing
kfir_c7	kfir_c7_mk83_ter	2x ter us 500lb mk 82 x3; 2x pylon c2 f5 us 1000lb mk 83 ldgp; napgach us 500lb mk 82 ldgp x5
kfir_c7	kfir_c7_mk117	2x mdnp us 750lb m117 cone 45; 2x pylon c2 f5 us 750lb m117 cone 45
kfir_c7	kfir_c7_mk84	2x 2000lb mk 84 ldgp
kfir_c7	kfir_c7_m118	m118
kfir_c7	kfir_c7_suu_23	2x suu 23a
kfir_c7	kfir_c7_lau10	2x lau 10a zuni wafar mk32 x3; lau 10a zuni wafar mk32 left fuse; lau 10a zuni wafar mk32 right fuse
kfir_c7	kfir_c7_lau3a	2x lau 3a ffar mighty mouse x3; lau 3a ffar mighty mouse left fuse; lau 3a ffar mighty mouse right fuse
kfir_canard	kfir_canard_default	2x aim9g; ptb 880
kfir_canard	kfir_canard_default_aim9d	2x aim9d
kfir_canard	kfir_canard_shafrir2	2x shafrir 2
kfir_canard	kfir_canard_aim9g	2x aim9g
kfir_canard	kfir_canard_mk82	2x aim9g; 2x mdnp us 500lb mk 82 ldgp; 2x pylon f5 us 500lb mk 82 ldgp; napgach us 500lb mk 82 ldgp x5
kfir_canard	kfir_canard_mk82_snakeye	2x aim9g; 2x ter us 500lb mk 82 x3 snakeye; 2x pylon f5 us 500lb mk 82 ldgp snakeye; napgach us 500lb mk 82 ldgp x5 snakeye
kfir_canard	kfir_canard_mk83_aim9g	2x aim9g; ter us 1000lb mk 83 x2 left wing; 2x pylon f5 us 1000lb mk 83 ldgp; ter us 1000lb mk 83 x2 right wing
kfir_canard	kfir_canard_mk117_aim9g	2x aim9g; 2x mdnp us 750lb m117 cone 45; 2x pylon f5 us 750lb m117 cone 45
kfir_canard	kfir_canard_mk84_aim9g	2x aim9g; 2x 2000lb mk 84 ldgp
kfir_canard	kfir_canard_m118_aim9g	2x aim9g; m118
kfir_canard	kfir_canard_suu_23	2x aim9g; 2x suu 23a
kfir_canard	kfir_canard_lau10	2x aim9g; 2x lau 10a zuni wafar mk32 x3; lau 10a zuni wafar mk32 left fuse; lau 10a zuni wafar mk32 right fuse
kfir_canard	kfir_canard_lau3a	2x aim9g; 2x lau 3a ffar mighty mouse x3; lau 3a ffar mighty mouse left fuse; lau 3a ffar mighty mouse right fuse
kfir_canard	kfir_canard_mk82_lau10_aim9g	2x aim9g; 2x lau 10a zuni wafar mk32 x3; 2x pylon f5 us 500lb mk 82 ldgp; napgach us 500lb mk 82 ldgp x5
kfir_canard	kfir_canard_mk82_lau3a_aim9g	2x aim9g; 2x lau 3a ffar mighty mouse x3; 2x pylon f5 us 500lb mk 82 ldgp; napgach us 500lb mk 82 ldgp x5
ki_10_1	Ki-10_II_default	no suspended armament
ki_10_1_commander	Ki-10_II_default	no suspended armament
ki_10_2	Ki-10_II_default	no suspended armament
ki_10_2_commander	Ki-10_II_default	no suspended armament
ki_100_2	ki_100_2_default	no suspended armament
ki_100_2	ki_100_2_60kg_2bomb	no suspended armament
ki_100_2	ki_100_2_100kg_2bomb	no suspended armament
ki_100_2	ki_100_2_250kg_2bomb	no suspended armament
ki_100_early	ki_61_2_default	no suspended armament
ki_100_early	ki_61_2_60kg_2bomb	no suspended armament
ki_100_early	ki_61_2_100kg_2bomb	no suspended armament
ki_100_early	ki_61_2_250kg_2bomb	no suspended armament
ki_102_otsu	ki-102_otsu_default	no suspended armament
ki_108	ki-108_default	no suspended armament
ki_109	ki_109_default	no suspended armament
ki_21_1hei	ki_21_1hei_type94mod5	no suspended armament
ki_21_1hei	ki_21_1hei_type94mod10	no suspended armament
ki_21_1hei	ki_21_1hei_type92mod25	no suspended armament
ki_21_1hei	ki_21_1hei_type92mod50	no suspended armament
ki_21_1ko	ki_21_1ko_type94mod5	no suspended armament
ki_21_1ko	ki_21_1ko_type94mod10	no suspended armament
ki_21_1ko	ki_21_1ko_type92mod25	no suspended armament
ki_21_1ko	ki_21_1ko_type92mod50	no suspended armament
ki_32	ki_32_default	no suspended armament
ki_32	ki_32_100kg_4bomb_bomb	no suspended armament
ki_43_1	ki_43_1_default	no suspended armament
ki_43_2	ki_43_2_default	no suspended armament
ki_43_2	ki_43_2_50kg_2bomb	no suspended armament
ki_43_2	ki_43_2_100kg_2bomb	no suspended armament
ki_43_2	ki_43_2_250kg_2bomb	no suspended armament
ki_43_2_late	ki_43_2_default	no suspended armament
ki_43_3_ko	ki_43_2_default	no suspended armament
ki_43_3_otsu	ki_43_2_default	no suspended armament
ki_43_3_otsu	ki_43_2_50kg_2bomb	no suspended armament
ki_43_3_otsu	ki_43_2_100kg_2bomb	no suspended armament
ki_43_3_otsu	ki_43_2_250kg_2bomb	no suspended armament
ki_44_1	ki_43_2_default	no suspended armament
ki_44_1_ep	ki_43_2_default	no suspended armament
ki_44_2_hei	ki_44_2_default	no suspended armament
ki_44_2_hei	ki_44_2_50kg_2bomb	no suspended armament
ki_44_2_hei	ki_44_2_100kg_2bomb	no suspended armament
ki_44_2_hei_china	ki_44_2_default	no suspended armament
ki_44_2_hei_china	ki_44_2_50kg_2bomb	no suspended armament
ki_44_2_hei_china	ki_44_2_100kg_2bomb	no suspended armament
ki_44_2_otsu	ki_44_2_default	no suspended armament
ki_44_2_otsu	ki_44_2_50kg_2bomb	no suspended armament
ki_44_2_otsu	ki_44_2_100kg_2bomb	no suspended armament
ki_48_2_otsu	ki_48_2_otsu_ki_148	no suspended armament
ki_48_2_otsu	ki_48_2_otsu_50kg	no suspended armament
ki_48_2_otsu	ki_48_2_otsu_100kg	no suspended armament
ki_48_2_otsu_event	ki_48_2_otsu_ki_148	no suspended armament
ki_48_2_otsu_event	ki_48_2_otsu_ki_148_event	no suspended armament
ki_48_2_otsu_event	ki_48_2_otsu_ki_148_broken_pipe	no suspended armament
ki_48_2_otsu_event	ki_48_2_otsu_ki_148_broken_servo_controll	no suspended armament
ki_48_2_otsu_event	ki_48_2_otsu_ki_148_broken_air_ballon	no suspended armament
ki_48_2_otsu_event	ki_48_2_otsu_ki_148_broken_guidance	no suspended armament
ki_48_2_otsu_event	ki_48_2_otsu_ki_148_broken_engine	no suspended armament
ki_48_2_otsu_event	ki_48_2_otsu_ki_148_broken_warhead	no suspended armament
ki_48_2_otsu_event	ki_48_2_otsu_ki_148_broken_fuel_leak	no suspended armament
ki_61_1a_hei	ki_61_hei_default	no suspended armament
ki_61_1a_hei	ki_43_2_50kg_2bomb	no suspended armament
ki_61_1a_hei	ki_43_2_100kg_2bomb	no suspended armament
ki_61_1a_hei	ki_43_2_250kg_2bomb	no suspended armament
ki_61_1a_hei_ep	ki_61_hei_default	no suspended armament
ki_61_1a_hei_ep	ki_43_2_50kg_2bomb	no suspended armament
ki_61_1a_hei_ep	ki_43_2_100kg_2bomb	no suspended armament
ki_61_1a_hei_ep	ki_43_2_250kg_2bomb	no suspended armament
ki_61_1a_ko	ki_61_ko_default	no suspended armament
ki_61_1a_otsu	ki_61_otsu_default	no suspended armament
ki_61_1a_otsu	ki_43_2_50kg_2bomb	no suspended armament
ki_61_1a_otsu	ki_43_2_100kg_2bomb	no suspended armament
ki_61_1a_otsu	ki_43_2_250kg_2bomb	no suspended armament
ki_61_1a_otsu_china	ki_61_otsu_default	no suspended armament
ki_61_1a_otsu_china	ki_43_2_50kg_2bomb	no suspended armament
ki_61_1a_otsu_china	ki_43_2_100kg_2bomb	no suspended armament
ki_61_1a_otsu_china	ki_43_2_250kg_2bomb	no suspended armament
ki_61_1a_otsu_usa	ki_61_otsu_default	no suspended armament
ki_61_1a_tei	ki_61_otsu_default	no suspended armament
ki_61_1a_tei	ki_43_2_50kg_2bomb	no suspended armament
ki_61_1a_tei	ki_43_2_100kg_2bomb	no suspended armament
ki_61_1a_tei	ki_43_2_250kg_2bomb	no suspended armament
ki_61_2_early	ki_61_2_default	no suspended armament
ki_61_2_early	ki_61_2_60kg_2bomb	no suspended armament
ki_61_2_early	ki_61_2_100kg_2bomb	no suspended armament
ki_61_2_early	ki_61_2_250kg_2bomb	no suspended armament
ki_67_1_ko	ki_67_type94mod5	no suspended armament
ki_67_1_ko	ki_67_type94mod10	no suspended armament
ki_67_1_ko	ki_67_type92mod25	no suspended armament
ki_67_1_ko	ki_67_torpedo	no suspended armament
ki_67_1_ko	ki_67_type92mod50	no suspended armament
ki_67_1_ko	ki_67_mod80_mk1	no suspended armament
ki_67_1_otsu	ki_67_type94mod5	no suspended armament
ki_67_1_otsu	ki_67_type94mod10	no suspended armament
ki_67_1_otsu	ki_67_type92mod25	no suspended armament
ki_67_1_otsu	ki_67_torpedo	no suspended armament
ki_67_1_otsu	ki_67_type92mod50	no suspended armament
ki_67_1_otsu	ki_67_mod80_mk1	no suspended armament
ki_84_hei	ki_84_ko_default	no suspended armament
ki_84_hei	ki_84_50kg_2bomb	no suspended armament
ki_84_hei	ki_84_100kg_2bomb	no suspended armament
ki_84_hei	ki_84_250kg_2bomb	no suspended armament
ki_84_ko	ki_84_ko_default	no suspended armament
ki_84_ko	ki_84_50kg_2bomb	no suspended armament
ki_84_ko	ki_84_100kg_2bomb	no suspended armament
ki_84_ko	ki_84_250kg_2bomb	no suspended armament
ki_84_ko_china	ki_84_ko_default	no suspended armament
ki_84_ko_china	ki_84_50kg_2bomb	no suspended armament
ki_84_ko_china	ki_84_100kg_2bomb	no suspended armament
ki_84_ko_china	ki_84_250kg_2bomb	no suspended armament
ki_84_otsu	ki_84_ko_default	no suspended armament
ki_84_otsu	ki_84_50kg_2bomb	no suspended armament
ki_84_otsu	ki_84_100kg_2bomb	no suspended armament
ki_84_otsu	ki_84_250kg_2bomb	no suspended armament
ki_87	ki_87_default	no suspended armament
ki_87	ki_87_50kg_bomb	no suspended armament
ki_87	ki_87_250kg_bomb	no suspended armament
ki_94_2	ki_94_2_default	no suspended armament
ki_94_2	ki_94_2_50kg_bomb	no suspended armament
ki_94_2	ki_94_2_250kg_bomb	no suspended armament
ki-27_otsu	ki_27_default	no suspended armament
ki-27_otsu_china	ki_27_default	no suspended armament
ki-27_otsu_ep	ki_27_default	no suspended armament
ki-45_hei	ki-45_hei_default	no suspended armament
ki-45_hei	ki-45_jp_type94mod5	no suspended armament
ki-45_hei	ki-45_jp_type94mod10	no suspended armament
ki-45_hei	ki-45_mod25mark2	no suspended armament
ki-45_hei_tei	ki-45_hei_tei_default	no suspended armament
ki-45_hei_tei	ki-45_jp_type94mod5	no suspended armament
ki-45_hei_tei	ki-45_jp_type94mod10	no suspended armament
ki-45_hei_tei	ki-45_mod25mark2	no suspended armament
ki-45_hei_tei_china	ki-45_hei_tei_default	no suspended armament
ki-45_hei_tei_china	ki-45_jp_type94mod5	no suspended armament
ki-45_hei_tei_china	ki-45_jp_type94mod10	no suspended armament
ki-45_hei_tei_china	ki-45_mod25mark2	no suspended armament
ki-45_ko	ki-45_ko_default	no suspended armament
ki-45_ko_tei	ki-45_ko_tei_default	no suspended armament
ki-45_otsu	ki-45_otsu_default	no suspended armament
ki-45_otsu	ki-45_mod25mark2	no suspended armament
ki-45_tei	ki-45_tei_default	no suspended armament
ki-45_tei	ki-45_jp_type94mod5	no suspended armament
ki-45_tei	ki-45_jp_type94mod10	no suspended armament
ki-45_tei	ki-45_mod25mark2	no suspended armament
ki-49_1	ki49_1_type97mod6	no suspended armament
ki-49_1	ki49_100kg	no suspended armament
ki-49_1	ki49_1_mod25mark2	no suspended armament
ki-49_1	ki49_1_mod50mark2	no suspended armament
ki-49_1	ki49_800kg	no suspended armament
ki-49_1	ki49_1_default	no suspended armament
ki-49_2a	ki49_2a_type97mod6	no suspended armament
ki-49_2a	ki49_100kg	no suspended armament
ki-49_2a	ki49_2a_mod25mark2	no suspended armament
ki-49_2a	ki49_2a_mod50mark2	no suspended armament
ki-49_2a	ki49_800kg	no suspended armament
ki-49_2a	ki49_2a_default	no suspended armament
ki-49_2b	ki49_type97mod6	no suspended armament
ki-49_2b	ki49_100kg	no suspended armament
ki-49_2b	ki49_mod25mark2	no suspended armament
ki-49_2b	ki49_mod50mark2	no suspended armament
ki-49_2b	ki49_800kg	no suspended armament
ki-49_2b	ki49_default	no suspended armament
ki-49_2b_late	ki49_2b_late_type97mod6	no suspended armament
ki-49_2b_late	ki49_100kg	no suspended armament
ki-49_2b_late	ki49_2b_late_mod25mark2	no suspended armament
ki-49_2b_late	ki49_2b_late_mod50mark2	no suspended armament
ki-49_2b_late	ki49_800kg	no suspended armament
ki-49_2b_late	ki49_2b_late_default	no suspended armament
ki-83	ki-83_default	no suspended armament
ki-83	ki-83_bombs	no suspended armament
ki-96	ki-96_default	no suspended armament
kitsuka	kitsuka_default	no suspended armament
kitsuka	kitsuka_500kg_bomb	500kg
kitsuka	kitsuka_800kg_bomb	800kg
kor_1	kor_1_default	no suspended armament
kor_2	kor_2_default	no suspended armament
l_39za	l_39za_default	no suspended armament
l_39za	l_39za_ub_16	ub16 slot1; ub16 slot2; ub16 slot4; ub16 slot5
l_39za	l_39za_ofab_100m	ofab 100m slot1; ofab 100m slot2; ofab 100m slot4; ofab 100m slot5
l_39za	l_39za_fab_250m54	fab 250 m54 slot1; fab 250 m54 slot2; fab 250 m54 slot4; fab 250 m54 slot5
l_39za	l_39za_fab_500m54	fab 500 m54 slot2; fab 500 m54 slot4
l_39za	l_39za_ofab_100mb	ofab 100mb slot1; ofab 100mb slot2; ofab 100mb slot4; ofab 100mb slot5
l_39za	l_39za_ofab_100_110_jupiter	ofab 100 110 jupiter slot1; ofab 100 110 jupiter slot2; ofab 100 110 jupiter slot4; ofab 100 110 jupiter slot5
l_39za	l_39za_pk3_gun_pod	pk3 slot1; pk3 slot2; pk3 slot4; pk3 slot5
l_39za_art_thailand	l_39za_art_thailand_default	no suspended armament
l_39za_art_thailand	l_39za_art_thailand_lau68	lau68 slot1; lau68 slot2; lau68 slot4; lau68 slot5
l_39za_art_thailand	l_39za_art_thailand_lau61	lau61 slot1; lau61 slot2; lau61 slot4; lau61 slot5
l_39za_art_thailand	l_39za_art_thailand_mk82_deafult	mk82 slot2; mk82 slot4
l_39za_art_thailand	l_39za_art_thailand_mk82	mk82 slot1; mk82 slot2; mk82 slot4; mk82 slot5
l_39za_art_thailand	l_39za_art_thailand_m117	m117 slot2; m117 slot4
la_174	mig_9_default	no suspended armament
la_200_toriy	la_200_toriy_default	no suspended armament
la-11	LA9_default	no suspended armament
la-11_china	LA9_default	no suspended armament
la-15	mig_9_default	no suspended armament
la-5_type37_early	LA5_FN_default	no suspended armament
la-5_type37_early	LA5_FN_fab50	no suspended armament
la-5_type39	LA5_FN_default	no suspended armament
la-5_type39	LA5_FN_fab50	no suspended armament
la-5fn	LA5_FN_default	no suspended armament
la-5fn	LA5_FN_fab50	no suspended armament
la-5fn_luftwaffe	LA5_FN_default	no suspended armament
la-7	LA7_default	no suspended armament
la-7	la-7_fab50	no suspended armament
la-7	la-7_fab100	no suspended armament
la-7	la-7_bombs	no suspended armament
la-7_dolgushin	LA7_default	no suspended armament
la-7_dolgushin	la-7_fab50	no suspended armament
la-7_dolgushin	la-7_fab100	no suspended armament
la-7_dolgushin	la-7_bombs	no suspended armament
la-7b-20	LA7_default	no suspended armament
la-7b-20	la-7_fab50	no suspended armament
la-7b-20	la-7_fab100	no suspended armament
la-7b-20	la-7_bombs	no suspended armament
la-9	LA9_default	no suspended armament
la-9_china	LA9_default	no suspended armament
lagg-3-1	LaGG-3-1_default	no suspended armament
lagg-3-11	LaGG-3-11_default	no suspended armament
lagg-3-11	LaGG-3-11_fab50	fab50 slot2; fab50 slot3
lagg-3-11	LaGG-3-11_fab100	fab100 slot2; fab100 slot3
lagg-3-11	LaGG-3-11_rockets	rs82 slot1; rs82 slot4
lagg-3-11	LaGG-3-11_rockets_rbs	rbs82 slot1; rbs82 slot4
lagg-3-23	LaGG-3-23_default	no suspended armament
lagg-3-23	LaGG-3-23_fab50	fab50 slot2; fab50 slot3
lagg-3-23	LaGG-3-23_fab100	fab100 slot2; fab100 slot3
lagg-3-23	LaGG-3-23_rockets	rs82 slot1; rs82 slot4
lagg-3-23	LaGG-3-23_rockets_rbs	rbs82 slot1; rbs82 slot4
lagg-3-29	LaGG-3-29_default	no suspended armament
lagg-3-29	LaGG-3-29_fab50	fab50 slot2; fab50 slot3
lagg-3-29	LaGG-3-29_fab100	fab100 slot2; fab100 slot3
lagg-3-29	LaGG-3-23_rockets_rs	rs82 slot1; rs82 slot4
lagg-3-29	LaGG-3-23_rockets_rbs	rbs82 slot1; rbs82 slot4
lagg-3-34	LaGG-3-34_default	no suspended armament
lagg-3-35	LaGG-3-35_default	no suspended armament
lagg-3-35	LaGG-3-35_rockets	rs82 slot1; rs82 slot4
lagg-3-35	LaGG-3-35_rockets_rbs	rbs82 slot1; rbs82 slot4
lagg-3-35	LaGG-3-35_fab50	fab50 slot2; fab50 slot3
lagg-3-35	LaGG-3-35_fab100	fab100 slot2; fab100 slot3
lagg-3-4	LaGG-3-4_default	no suspended armament
lagg-3-66	LaGG-3-66_default	no suspended armament
lagg-3-66	LaGG-3-66_fab50	fab50 slot2; fab50 slot3
lagg-3-66	LaGG-3-66_fab100	fab100 slot2; fab100 slot3
lagg-3-66	LaGG-3-35_rockets	rs82 slot1; rs82 slot4
lagg-3-66	LaGG-3-35_rockets_rbs	rbs82 slot1; rbs82 slot4
lagg-3-8	LaGG-3-8_default	no suspended armament
lagg-i-301	I-301_default	no suspended armament
lancaster_mk1	lancaster_mk3_14x250lbs	no suspended armament
lancaster_mk1	lancaster_mk3_6x500lbs_8x250lbs	no suspended armament
lancaster_mk1	lancaster_mk3_14x500lbs	no suspended armament
lancaster_mk1	lancaster_mk3_1x1000lbs_6x500lbs_2x250lbs	no suspended armament
lancaster_mk1	lancaster_mk3_6x1000lbs_3x250lbs	no suspended armament
lancaster_mk1	lancaster_mk3_14x1000lbs	no suspended armament
lancaster_mk1	lancaster_mk3_6x1000lbs_2x250lbs_1x4000lbs	no suspended armament
lancaster_mk1	lancaster_mk3_cookies	no suspended armament
lancaster_mk1	lancaster_mk3_default	no suspended armament
lancaster_mk1	lancaster_mk3_1x_8000_6x_500	no suspended armament
lancaster_mk1	lancaster_mk3_1x_8000	no suspended armament
lancaster_mk1	lancaster_mk3_1x_12000	no suspended armament
lancaster_mk3	lancaster_mk3_14x250lbs	no suspended armament
lancaster_mk3	lancaster_mk3_6x500lbs_8x250lbs	no suspended armament
lancaster_mk3	lancaster_mk3_14x500lbs	no suspended armament
lancaster_mk3	lancaster_mk3_1x1000lbs_6x500lbs_2x250lbs	no suspended armament
lancaster_mk3	lancaster_mk3_6x1000lbs_3x250lbs	no suspended armament
lancaster_mk3	lancaster_mk3_14x1000lbs	no suspended armament
lancaster_mk3	lancaster_mk3_6x1000lbs_2x250lbs_1x4000lbs	no suspended armament
lancaster_mk3	lancaster_mk3_cookies	no suspended armament
lancaster_mk3	lancaster_mk3_default	no suspended armament
lancaster_mk3	lancaster_mk3_1x_8000_6x_500	no suspended armament
lancaster_mk3	lancaster_mk3_1x_8000	no suspended armament
lancaster_mk3	lancaster_mk3_1x_12000	no suspended armament
lancaster_mr7_france	lancaster_mr7_france_default	no suspended armament
lancaster_mr7_france	lancaster_mr7_france_6x500lbs_8x250lbs	no suspended armament
lancaster_mr7_france	lancaster_mr7_france_14x500lbs	no suspended armament
lancaster_mr7_france	lancaster_mr7_france_1x1000lbs_6x500lbs_2x250lbs	no suspended armament
lancaster_mr7_france	lancaster_mr7_france_6x1000lbs_3x250lbs	no suspended armament
lancaster_mr7_france	lancaster_mr7_france_14x1000lbs	no suspended armament
late_298d	late_298d_default	no suspended armament
late_298d	late_298d_2x_75kg_bomb	75kg g2 x2
late_298d	late_298d_2x_150kg_bomb	150kg i2 x2
late_298d	late_298d_1x_1926da_torpedo	1926da
leo_451_early	leo_451_default	50kg
leo_451_early	leo_451_100kg	2x 100kg wing; 100kg
leo_451_early	leo_451_200kg	2x 200kg wing; 200kg
leo_451_early	leo_451_500kg	2x 500kg wing
leo_451_late	leo_451_default	50kg
leo_451_late	leo_451_100kg	2x 100kg wing; 100kg
leo_451_late	leo_451_200kg	2x 200kg wing; 200kg
leo_451_late	leo_451_500kg	2x 500kg wing
li-2	LI2_default	no suspended armament
lightning_f53	lightning_f35_default	no suspended armament
lightning_f53	lightning_f35_firestreak	firestreak
lightning_f53	lightning_f35_redtop	redtop
lightning_f53	lightning_f35_540lb	2x bomb 540 x2; sneb fuse
lightning_f53	lightning_f35_540lb_retarded	2x bomb 540 retarded x2; sneb fuse
lightning_f53	lightning_f35_redtop_540lb_retarded	2x bomb 540 retarded x2; redtop
lightning_f53	lightning_f35_firestreak_540lb_retarded	2x bomb 540 retarded x2; firestreak
lightning_f53	lightning_f35_1000lb	2x bomb 1000; sneb fuse
lightning_f53	lightning_f35_redtop_1000lb	2x bomb 1000; redtop
lightning_f53	lightning_f35_firestreak_1000lb	2x bomb 1000; firestreak
lightning_f53	lightning_f35_matra	2x matra 155 x2; 2x jl 100r; sneb fuse
lightning_f53	lightning_f35_firestreak_matra	2x matra 155 x2; 2x jl 100r; firestreak
lightning_f53	lightning_f35_firestreak_540lb	2x bomb 540 x2; firestreak
lightning_f53	lightning_f35_redtop_matra	2x matra 155 x2; 2x jl 100r; redtop
lightning_f53	lightning_f35_redtop_540lb	2x bomb 540 x2; redtop
lightning_f6	lightning_f6_default	no suspended armament
lightning_f6	lightning_f6_firestreak	no suspended armament
lightning_f6	lightning_f6_redtop	no suspended armament
lincoln_b2	lincoln_default	no suspended armament
lincoln_b2	lincoln_14x500lbs	no suspended armament
lincoln_b2	lincoln_default	no suspended armament
lincoln_b2	lincoln_6x1000lbs	no suspended armament
lincoln_b2	lincoln_14x1000lbs	no suspended armament
lincoln_b2	lincoln_1x4000lbs	no suspended armament
lincoln_b2	lincoln_1x8000lbs	no suspended armament
lincoln_b2	lincoln_1x12000lbs	no suspended armament
loire_130	loire_130_default	no suspended armament
lynx_ah_mk1	lynx_ah_mk1_default	2x hydra; oerlicon
lynx_ah_mk1	lynx_ah_mk1_4_stinger	atas left; atas right
lynx_ah_mk1	lynx_ah_mk1_hydra_70_m229	2x hydra
lynx_ah_mk1	lynx_ah_mk1_4_TOW2	2x tow2 x2
lynx_ah_mk1	lynx_ah_mk1_8_TOW2	2x tow2 x4
lynx_ah_mk1	lynx_ah_mk1_4_hellfire	2x hellfire x2
lynx_ah_mk1	lynx_ah_mk1_8_hellfire	2x hellfire x4
lynx_ah_mk1	lynx_ah_mk1_cannon	oerlicon
lynx_ah_mk1	lynx_ah_mk1_8_hellfire_cannon	2x tow2 x4; oerlicon
m_346fa	m_346fa_default	aim 9l slot1; derby default slot2; ptb slot3; m261 nexter; ptb slot5; derby default slot6; aim 9l slot7
m_346fa	m_346fa_aim_9l	aim 9l slot1; aim 9l slot2; m261 nexter; aim 9l slot6; aim 9l slot7
m_346fa	m_346fa_derby	derby slot1; derby default slot2; m261 nexter; derby default slot6; derby slot7
m_346fa	m_346fa_lau32	lau 32 fz slot2; lau 32 fz slot3; m261 nexter; lau 32 fz slot5; lau 32 fz slot6
m_346fa	m_346fa_brimstone	brimstone dm slot2; brimstone dm slot3; sniper pod; brimstone dm slot5; brimstone dm slot6
m_346fa	m_346fa_mk82	mk82 slot2; mk82 slot3; m261 nexter; mk82 slot5; mk82 slot6
m_346fa	m_346fa_mk83	mk83 slot2; mk83 slot3; m261 nexter; mk83 slot5; mk83 slot6
m_346fa	m_346fa_mk82sn	mk82sn slot2; mk82sn slot3; m261 nexter; mk82sn slot5; mk82sn slot6
m_346fa	m_346fa_gbu12	gbu12 slot2; gbu12 slot3; sniper pod; gbu12 slot5; gbu12 slot6
m_346fa	m_346fa_gbu49	gbu49 slot2; gbu49 slot3; sniper pod; gbu49 slot5; gbu49 slot6
m_346fa	m_346fa_paveway_iv	paveway iv slot2; paveway iv slot3; sniper pod; paveway iv slot5; paveway iv slot6
m_346fa	m_346fa_gbu16	gbu16 slot2; gbu16 slot3; sniper pod; gbu16 slot5; gbu16 slot6
m_346fa	m_346fa_gbu38	gbu38 slot2; gbu38 slot3; gbu38 slot5; gbu38 slot6
m_346fa	m_346fa_gbu32	gbu32 slot2; gbu32 slot3; gbu32 slot5; gbu32 slot6
martin_139wc	martin_default	no suspended armament
martin_139wc	martin_139wc_100_fr	no suspended armament
martin_139wc	martin_139wc_200_fr	no suspended armament
martin_139wc	martin_139wc_250_it	no suspended armament
marut_mk1	marut_mk1_default	ptb slot1; ptb slot2; matra105; ptb slot4; ptb slot5
marut_mk1	marut_mk1_matra_t10_121	matra 121 slot1; matra 121 slot2; matra105; matra 121 slot4; matra 121 slot5
marut_mk1	marut_mk1_rocket_matra155	4x matra sneb; matra105
marut_mk1	marut_mk1_nasser_240	nasser 240 slot1; nasser 240 slot2; matra105; nasser 240 slot4; nasser 240 slot5
marut_mk1	marut_mk1_bomb_uk_540lbs_gp	4x uk 540lbs; matra105
marut_mk1	marut_mk1_bomb_uk_1000lbs_gp	4x uk 1000lbs; matra105
marut_mk1	marut_mk1_bomb_uk_1000lbs_gp_n117	4x uk 1000lbs n117; matra105
maryland_mk1_france	maryland_mk1_default	no suspended armament
maryland_mk1_france	maryland_mk1_16x50	no suspended armament
mb_151c1	mb_151c1_default	no suspended armament
mb_152c1	mb_152c1_default	no suspended armament
mb_157	mb_157_default	no suspended armament
mb_162	mb_162_6x200kg_6x100kg_default	no suspended armament
mb_162	mb_162_4x500kg	no suspended armament
mb_174_a3	mb_174_a3_8x50kg_default	no suspended armament
mb_174_a3	mb_174_a3_1x500kg	no suspended armament
mb_175t	mb_175t_default	no suspended armament
mb_175t	mb_175t_torpedo	no suspended armament
mb_326b	mb_326b_default	ptb 1; m3 gun pod slot3; m3 gun pod slot4; ptb 2
mb_326b	mb_326b_hvar	hvar slot1; hvar slot2; hvar slot3; hvar slot4; hvar slot5; hvar slot6
mb_326b	mb_326b_lau_51_ffar	6x lau 51
mb_326b	mb_326b_matra_lr_f4	6x matra sneb lr f4
mb_326b	mb_326b_lau_10_zuni	4x lau 10a; lau 10a slot3; lau 10a slot4
mb_326b	mb_326b_anm57	6x anm57
mb_326b	mb_326b_mk81	6x mk 81
mb_326b	mb_326b_m64a1	6x m64a1
mb_326b	mb_326b_mk82	6x mk 82
mb_326b	mb_326b_aerea_559g1	559g1 slot2; 559g1 slot5
mb_326b	mb_326b_suu_11	6x suu 11a gunpod
mb_326k	mb_326k_default	ptb 1; ptb 2
mb_326k	mb_326k_lau_51_ffar	6x lau 51
mb_326k	mb_326k_matra_lr_f4	6x matra sneb lr f4
mb_326k	mb_326k_lau_10_zuni	4x lau 10a; lau 10a slot3; lau 10a slot4
mb_326k	mb_326k_anm57	6x anm57
mb_326k	mb_326k_mk81	6x mk 81
mb_326k	mb_326k_m64a1	6x m64a1
mb_326k	mb_326k_mk82	6x mk 82
mb_326k	mb_326k_aerea_559g1	559g1 slot2; 559g1 slot5
mb_326k	mb_326k_cannon_pod	defa cannon pod slot3; defa cannon pod slot4
mb_326k	mb_326k_suu_11	6x suu 11a gunpod
mb_5	mb_5_default	no suspended armament
mbr-2	mbr-2_8x50	no suspended armament
mbr-2	mbr-2_2x100_6x50	no suspended armament
mbr-2	mbr-2_4x100	no suspended armament
mbr-2	mbr-2_2x250	no suspended armament
mc200_serie3	mc200_default	no suspended armament
mc200_serie3_italy	mc200_default	no suspended armament
mc200_serie7	mc200_default	no suspended armament
mc200_serie7_italy	mc200_default	no suspended armament
mc-202	MC202_default	no suspended armament
mc-202_d	MC202_default	no suspended armament
mc-202_ec	c_202_ec_default	no suspended armament
mc-202_italy	MC202_default	no suspended armament
mc-205_n2	mc-205_n2_default	no suspended armament
mc-205_serie1	mc-205_serie1_default	no suspended armament
mc-205_serie3	mc-205_serie3_default	no suspended armament
md_450b_barougan	md_450b_barougan_default	no suspended armament
md_450b_barougan	md_450b_barougan_t10_140	t140 slot1; t140 slot2; t140 slot4; t140 slot5; t140 slot6; t140 slot7; t140 slot9; t140 slot10
md_450b_barougan	md_450b_barougan_t10_151	t151 slot1; t151 slot2; t151 slot4; t151 slot5; t151 slot6; t151 slot7; t151 slot9; t151 slot10
md_450b_barougan	md_450b_barougan_sneb	matra116 slot3; matra116 slot8
md_450b_barougan	md_450b_barougan_500lbs	500lbs slot3; 500lbs slot8
md_450b_barougan	md_450b_barougan_1000lbs	1000lbs slot3; 1000lbs slot8
md_450b_ouragan	md_450b_ouragan	no suspended armament
md_450b_ouragan	md_450b_ouragan_t10_140	t140 slot1; t140 slot2; t140 slot4; t140 slot5; t140 slot6; t140 slot7; t140 slot9; t140 slot10
md_450b_ouragan	md_450b_ouragan_t10_151	t151 slot1; t151 slot2; t151 slot4; t151 slot5; t151 slot6; t151 slot7; t151 slot9; t151 slot10
md_450b_ouragan	md_450b_ouragan_500lbs	500lbs slot3; 500lbs slot8
md_450b_ouragan	md_450b_ouragan_1000lbs	1000lbs slot3; 1000lbs slot8
md_450b_ouragan_iaf	md_450b_ouragan	no suspended armament
md_450b_ouragan_iaf	md_450b_ouragan_t10_140	t140 slot1; t140 slot2; t140 slot4; t140 slot5; t140 slot6; t140 slot7; t140 slot9; t140 slot10
md_450b_ouragan_iaf	md_450b_ouragan_t10_151	t151 slot1; t151 slot2; t151 slot4; t151 slot5; t151 slot6; t151 slot7; t151 slot9; t151 slot10
md_450b_ouragan_iaf	md_450b_ouragan_500lbs	500lbs slot3; 500lbs slot8
md_450b_ouragan_iaf	md_450b_ouragan_1000lbs	1000lbs slot3; 1000lbs slot8
md_450b_ouragan_iaf	md_450b_380l_fire_bombs	380l slot3; 380l slot8
md_450b_ouragan_iaf_29	md_450b_ouragan	no suspended armament
md_450b_ouragan_iaf_29	md_450b_ouragan_t10_140	t140 slot1; t140 slot2; t140 slot4; t140 slot5; t140 slot6; t140 slot7; t140 slot9; t140 slot10
md_450b_ouragan_iaf_29	md_450b_ouragan_t10_151	t151 slot1; t151 slot2; t151 slot4; t151 slot5; t151 slot6; t151 slot7; t151 slot9; t151 slot10
md_450b_ouragan_iaf_29	md_450b_ouragan_500lbs	500lbs slot3; 500lbs slot8
md_450b_ouragan_iaf_29	md_450b_ouragan_1000lbs	1000lbs slot3; 1000lbs slot8
md_450b_ouragan_iaf_29	md_450b_380l_fire_bombs	380l slot3; 380l slot8
md_452_mystere_2a	md_450_default	no suspended armament
md_452_mystere_2c_preproduction	md_452_default	no suspended armament
md_452_mystere_2c_preproduction	md_452_500lbs	no suspended armament
md_452_mystere_2c_preproduction	md_452_1000lbs	no suspended armament
md_452_mystere_2c_preproduction	md_452_sneb	no suspended armament
md_454_mystere_4a	md_454_mystere_4a_default	no suspended armament
md_454_mystere_4a	md_454_aa20	2x aa20
md_454_mystere_4a	md_454_matra61	matra61 slot1; matra61 slot3
md_454_mystere_4a	md_454_matra116	2x matra116
md_454_mystere_4a	md_454_matra101	matra101
md_454_mystere_4a	md_454_2x500lbs	2x 500lb
md_454_mystere_4a	md_454_2x400kg_type21a	2x 400kg
md_454_mystere_4a	md_454_2x1000lbs	2x 1000lb
md_454_mystere_4a_iaf	md_454_mystere_4a_iaf_default	no suspended armament
md_454_mystere_4a_iaf	md_454_mystere_4a_iaf_matra61	matra61 slot1; matra61 slot2; matra61 slot4; matra61 slot5
md_454_mystere_4a_iaf	md_454_mystere_4a_iaf_matra116	4x matra116
md_454_mystere_4a_iaf	md_454_mystere_4a_iaf_matra101	matra101
md_454_mystere_4a_iaf	md_454_mystere_4a_iaf_4x250	4x 250kg
md_454_mystere_4a_iaf	md_454_mystere_4a_iaf_4x400kg_type21a	4x 400kg
md_454_mystere_4a_iaf	md_454_mystere_4a_iaf_4x500kg	4x 500kg
md_454_mystere_4a_iaf	md_454_mystere_4a_iaf_4x_380l_fire_bombs	4x mk2
md_460	md_460_default	no suspended armament
md_460	md_460_2xAIM-9B	2x aim9
md_460	md_460_aa20	2x aa20
md_460	md_460_matra_61	matra61 slot1; matra61 slot3
md_460	md_460_matra_116	2x matra116
md_460	md_460_matra_105	matra105
md_460	md_460_as20	2x as20
md_460	md_460_2x500lbs	2x 500lb
md_460	md_460_2x1000lbs	2x 1000lb
md_460	md_460_2x_460l_secan_63	2x secan
md_460_saar	md_460_saar_default	no suspended armament
md_460_saar	md_460_saar_shafrir	2x shafrir
md_460_saar	md_460_saar_rockets_ffar_lau3	lau3a slot1; lau3a slot2; lau3a slot5; lau3a slot6
md_460_saar	md_460_saar_rockets_ffar_lau32	lau32 slot1; lau32 slot2; lau32 slot3; lau32 slot4; lau32 slot5; lau32 slot6
md_460_saar	md_460_saar_rockets_zuni	lau10 slot1; lau10 slot2; lau10 slot5; lau10 slot6
md_460_saar	md_460_saar_10x250lbs_bombs	250lb x2 slot1; 250lb x2 slot2; 2x 250lb; 250lb x2 slot5; 250lb x2 slot6
md_460_saar	md_460_saar_18x100kg_bombs	4x 100 50kg lmbr; 2x 100 50kg
md_460_saar	md_460_saar_8x500lbs_bombs	500lb x2 slot1; 500lb x2 slot2; 500lb x2 slot5; 500lb x2 slot6
md_460_saar	md_460_saar_4x250kg_bombs	4x 250kg
md_460_saar	md_460_saar_4x360kg_bombs	4x 360kg
md_460_saar	md_460_saar_4x500kg_bombs	4x 500kg
md_460_saar	md_460_saar_4x_380l_fire_bombs	4x 380l
md_460_sambad	md_460_sambad_default	no suspended armament
md_460_sambad	md_460_sambad_shafrir	2x shafrir
md_460_sambad	md_460_sambad_matra_61	2x matra61
md_460_sambad	md_460_sambad_matra_116	2x matra116
md_460_sambad	md_460_sambad_8x100kg_bombs	2x 100 50kg lmbr
md_460_sambad	md_460_sambad_2x500lbs_bombs	2x 250kg
md_460_sambad	md_460_sambad_2x1000lbs_bombs	2x 500kg
md_460_sambad	md_460_sambad_2x_380l_fire_bombs	2x 380l
md_460_usa	md_460_default	no suspended armament
md_460_usa	md_460_2xAIM-9B	2x aim9
md_460_usa	md_460_aa20	2x aa20
md_460_usa	md_460_matra_61	matra61 slot1; matra61 slot3
md_460_usa	md_460_matra_116	2x matra116
md_460_usa	md_460_matra_105	matra105
md_460_usa	md_460_as20	2x as20
md_460_usa	md_460_2x500lbs	2x 500lb
md_460_usa	md_460_2x1000lbs	2x 1000lb
md_460_usa	md_460_2x_460l_secan_63	2x secan
md_460_yt_cup_2019	md_460_default	no suspended armament
md_460_yt_cup_2019	md_460_2xAIM-9B	2x aim9
md_460_yt_cup_2019	md_460_aa20	2x aa20
md_460_yt_cup_2019	md_460_matra_61	matra61 slot1; matra61 slot3
md_460_yt_cup_2019	md_460_matra_116	2x matra116
md_460_yt_cup_2019	md_460_matra_105	matra105
md_460_yt_cup_2019	md_460_as20	2x as20
md_460_yt_cup_2019	md_460_2x500lbs	2x 500lb
md_460_yt_cup_2019	md_460_2x1000lbs	2x 1000lb
md_460_yt_cup_2019	md_460_2x_460l_secan_63	2x secan
md_500_tow_late	md_500_tow_late_default	2x us hydra 70 m247
md_500_tow_late	md_500_tow_late_2_tow	tow left wing; tow right wing
md_500_tow_late	md_500_tow_late_2_tow2	tow2 left wing; tow2 right wing
me_210_v22_japan	me_210_v22_japan_default	no suspended armament
me_210_v22_japan	me_210_v22_japan_8xsc50	sc50 slot1; sc50 slot2; sc50 slot3; sc50 slot4; sc50 slot5
me_210_v22_japan	me_210_v22_japan_2xsc250	sc250 slot3
me_210_v22_japan	me_210_v22_japan_sc500	sc500 slot3
me_210_v22_japan	me_210_v22_japan_pc1000	pc1000 ap slot3
me_210a_1	me_210a_1_default	no suspended armament
me_210a_1	me_210a_1_8xsc50	sc50 slot1; sc50 slot2; sc50 slot3; sc50 slot4; sc50 slot5
me_210a_1	me_210a_1_2xsc250	sc250 slot3
me_210a_1	me_210a_1_sc500	sc500 slot3
me_210a_1	me_210a_1_pc1000	pc1000 ap slot3
me_210ca_1_40_mm_hungary	me_210ca_1_40_mm_hungary_default	no suspended armament
me_210ca_1_40_mm_hungary	me_210ca_1_40_mm_hungary_4x_sc50	sc50 slot2; sc50 slot3; sc50 slot4; sc50 slot5
me_210ca_1_40_mm_hungary	me_210ca_1_40_mm_hungary_6x_wgr41	de wgr41 slot1; de wgr41 slot6
me_210ca_1_hungary	me_210ca_1_hungary_default	no suspended armament
me_210ca_1_hungary	me_210ca_1_hungary_8xsc50	sc50 slot1; sc50 slot2; sc50 slot3; sc50 slot4; sc50 slot5
me_210ca_1_hungary	me_210ca_1_hungary_2xsc250	sc250 slot3
me_210ca_1_hungary	me_210ca_1_hungary_sc500	sc500 slot3
me_210ca_1_hungary	me_210ca_1_hungary_pc1000	pc1000 ap slot3
me_264	me_264_default	sc250 slot1; sc250 slot2; sc250 slot3
me_264	me_264_6sc500	sc500 slot2; sc500 slot3
me_264	me_264_4sc1000	sc1000 slot2; sc1000 slot3
me_264	me_264_2sc1800	sc1800 slot2
me_264	me_264_4xpc1000	pc1000 slot2; pc1000 slot3
me_264	me_264_2pc1600	pc1600 slot2
me-163b	ME_163B_default	no suspended armament
me-163b-0	me-163b_0_default	no suspended armament
me-163b-0	me-163b_0_mg15120	no suspended armament
me-262a1_u1	me-262a_1_u1_default	no suspended armament
me-262a-1a	ME_262A_1A_default	no suspended armament
me-262a-1a	me-262a-1a_r4m_rocket24	no suspended armament
me-262a-1a	me-262a-1a_r4m_rocket48	no suspended armament
me-262a-1a_early	ME_262A_1A_default	no suspended armament
me-262a-1a_early	me-262a-2a_2xsc250	no suspended armament
me-262a-1a_early	me-262a-2a_1xsc500	no suspended armament
me-262a-1a_early	me-262a-1a_r4m_rocket24	no suspended armament
me-262a-1a_early	me-262a-1a_r4m_rocket48	no suspended armament
me-262a-1a_early	me-262a-1a_2xwgr21_rockets	no suspended armament
me-262a-1a_u4	ME_262A_1A_default	no suspended armament
me-262a-2a	me-262a-2a_default	no suspended armament
me-262a-2a	me-262a-2a_r4m_rocket24	no suspended armament
me-262a-2a	me-262a-2a_2xsc250	no suspended armament
me-262a-2a	me-262a-2a_1xsc500	no suspended armament
me-262c-1a	ME_262A_1A_default	no suspended armament
me-262c-2b	ME_262A_1A_default	no suspended armament
me-410a-1	Me_410A-1_default	no suspended armament
me-410a-1	Me_410A-1_8xSC50	no suspended armament
me-410a-1	Me_410A-1_2xSC250	no suspended armament
me-410a-1	Me_410A-1_2xSC500	no suspended armament
me-410a-1_u2	Me_410A-1_U2_default	no suspended armament
me-410a-1_u2	me-410a-1_u2_rocket	no suspended armament
me-410a-1_u4	Me_410A-1_U4_default	no suspended armament
me-410b-1	Me_410A-1_default	no suspended armament
me-410b-1	Me_410A-1_8xSC50	no suspended armament
me-410b-1	Me_410A-1_2xSC250	no suspended armament
me-410b-1	Me_410A-1_2xSC500	no suspended armament
me-410b-1_u2	Me_410A-1_U2_default	no suspended armament
me-410b-1_u2	me-410a-1_u2_rocket	no suspended armament
me-410b-2_u4	Me_410A-1_U4_default	no suspended armament
me-410b-6_r3	Me_410B-6_R3_default	no suspended armament
meteor_fmk3	meteor_fmk3_default	no suspended armament
meteor_fmk3	meteor_fmk3_1000lb_bombs	no suspended armament
meteor_fmk3	meteor_fmk3_fuel_tanks	no suspended armament
meteor_fmk3_navy	meteor_fmk3_navy_default	no suspended armament
meteor_fmk3_navy	meteor_fmk3_1000lb_bombs	no suspended armament
meteor_fmk4_lw	meteor_fmk3_default	no suspended armament
meteor_fmk4_lw	meteor_fmk3_1000lb_bombs	no suspended armament
meteor_fmk4_lw	meteor_fmk3_fuel_tanks	no suspended armament
meteor_fmk4_sw	meteor_fmk3_default	no suspended armament
meteor_fmk4_sw	meteor_fmk3_1000lb_bombs	no suspended armament
meteor_fmk4_sw	meteor_fmk3_fuel_tanks	no suspended armament
meteor_fmk8	meteor_fmk8_default	no suspended armament
meteor_fmk8	meteor_fmk8_1000lb_bombs	no suspended armament
meteor_fmk8	meteor_fmk8_8rockets_hvar	no suspended armament
meteor_fmk8	meteor_fmk8_8rockets	no suspended armament
meteor_fmk8	meteor_fmk3_16rockets	no suspended armament
meteor_fmk8	meteor_fmk8_fuel_tanks	no suspended armament
meteor_fmk8_belgium	meteor_fmk8_belgium_default	ptb 1; ptb 2; ptb 3
meteor_fmk8_belgium	meteor_fmk8_belgium_8rockets	rp 3 slot1; rp 3 slot3
meteor_fmk8_iaf	meteor_fmk8_default	no suspended armament
meteor_fmk8_iaf	meteor_fmk8_iaf_8rockets	no suspended armament
meteor_fmk8_reaper	meteor_fmk8_default	no suspended armament
meteor_fmk8_reaper	meteor_fmk8_4x500lb_mc_bombs	no suspended armament
meteor_fmk8_reaper	meteor_fmk8_4x1000lb_gp_bombs	no suspended armament
meteor_fmk8_reaper	meteor_fmk8_4x1000lb_mc_bombs	no suspended armament
meteor_fmk8_reaper	meteor_fmk8_24x60lb_rockets	no suspended armament
meteor_fmk8_reaper	meteor_fmk8_2x500lb_mc_16x60lb	no suspended armament
meteor_fmk8_reaper	meteor_fmk8_2x1000lb_gp_16x60lb	no suspended armament
meteor_fmk8_reaper	meteor_fmk8_2x1000lb_mc_16x60lb	no suspended armament
meteor_frmk9_iaf	meteor_frmk9_iaf_default	no suspended armament
meteor_frmk9_iaf	meteor_frmk9_iaf_8rockets	no suspended armament
meteor_nfmk13	meteor_nfmk13_default	no suspended armament
mh_60l_dap	mh_60l_dap_default	no suspended armament
mh_60l_dap	mh_60l_dap_stinger	4x aim92
mh_60l_dap	mh_60l_dap_hydra_70_m247	4x m247
mh_60l_dap	mh_60l_dap_apkws_m151	4x apkws m151
mh_60l_dap	mh_60l_dap_apkws_m282	4x apkws m282
mh_60l_dap	mh_60l_dap_4_hellfire	2x 114b x2 default
mh_60l_dap	mh_60l_dap_rocket_4_hellfire	2x 114b x2 default; 2x m247
mh_60l_dap	mh_60l_dap_8_hellfire	2x 114b x2 default; 2x 114b x2
mh_60l_dap	mh_60l_dap_16_hellfire	4x 114b x4
mh_60l_dap	mh_60l_dap_2_m134	m134 left; m134 right
mh_60l_dap	mh_60l_dap_2_lr30	lr30 left; lr30 right
mh_60l_dap	mh_60l_dap_2_gau19	gau 19 left; gau 19 right
mi_24a	mi_24a_default	no suspended armament
mi_24a	mi_24a_ub32	4x ub32
mi_24a	mi_24a_rocket_9M17M	2x 9m17m
mi_24a	mi_24a_4xfab250	4x fab250
mi_24a	mi_24a_2xfab500	2x fab500
mi_24a	mi_24a_upk_23_250	4x upk250
mi_24d	mi_24d_default	no suspended armament
mi_24d	mi_24d_ub32	4x ub32
mi_24d	mi_24d_ub32_9m17m	2x 9m17m; 4x ub32
mi_24d	mi_24d_s_24	4x s24
mi_24d	mi_24d_s_24_9m17m	2x 9m17m; 4x s24
mi_24d	mi_24d_rocket_9m17m	2x 9m17m
mi_24d	mi_24d_4xfab250	4x fab250
mi_24d	mi_24d_4xfab250_9m17m	2x 9m17m; 4x fab250
mi_24d	mi_24d_2xfab500	2x fab500
mi_24d	mi_24d_2xfab500_9m17m	2x 9m17m; 2x fab500
mi_24d	mi_24d_upk_23_250	4x upk250
mi_24d	mi_24d_upk_23_250_9m17m	2x 9m17m; 4x upk250
mi_24d_german	mi_24d_default	no suspended armament
mi_24d_german	mi_24d_ub32	4x ub32
mi_24d_german	mi_24d_s_24	4x s24
mi_24d_german	mi_24d_rocket_9m17m	2x 9m17m
mi_24d_german	mi_24d_4xfab250	4x fab250
mi_24d_german	mi_24d_2xfab500	2x fab500
mi_24d_german	mi_24d_upk_23_250	4x upk250
mi_24d_hungary	mi_24d_default	no suspended armament
mi_24d_hungary	mi_24d_ub32	4x ub32
mi_24d_hungary	mi_24d_s_24	4x s24
mi_24d_hungary	mi_24d_rocket_9m17m	2x 9m17m
mi_24d_hungary	mi_24d_4xfab250	4x fab250
mi_24d_hungary	mi_24d_2xfab500	2x fab500
mi_24d_hungary	mi_24d_upk_23_250	4x upk250
mi_24p	mi_24p_default	2x 9m114; 2x b8m1
mi_24p	mi_24p_r_60_x1	2x r60 x1
mi_24p	mi_24p_r_60_x2	2x r60 x2
mi_24p	mi_24p_r_60m_x1	2x r60m x1
mi_24p	mi_24p_r_60m_x2	2x r60m x2
mi_24p	mi_24p_rocket_c_8_ko	4x b8m1
mi_24p	mi_24p_s_24	4x s24
mi_24p	mi_24p_rocket_9M114	2x 9m114
mi_24p	mi_24p_rocket_9M114_4	2x 9m114; 2x 9m114 x2
mi_24p	mi_24p_4xfab250	4x fab250
mi_24p	mi_24p_2xfab500	2x fab500
mi_24p	mi_24p_upk_23_250	4x upk250
mi_24p	mi_24p_guv_8700	guv 8700 slot2; guv 8700 slot5
mi_24p_german	mi_24p_german_default	no suspended armament
mi_24p_german	mi_24p_german_r_60_x1	2x r60 x1
mi_24p_german	mi_24p_german_r_60_x2	2x r60 x2
mi_24p_german	mi_24p_german_r_60mk_x1	2x r60mk x1
mi_24p_german	mi_24p_german_r_60mk_x2	2x r60mk x2
mi_24p_german	mi_24p_german_rocket_c_8_ko	4x b8m1
mi_24p_german	mi_24p_german_rocket_9M114	2x 9m114
mi_24p_german	mi_24p_german_rocket_9M114_4	2x 9m114; 2x 9m114 x2
mi_24p_german	mi_24p_german_4xfab250	4x fab250
mi_24p_german	mi_24p_german_2xfab500	2x fab500
mi_24p_german	mi_24p_german_upk_23_250	4x upk250
mi_24p_german	mi_24p_guv_8700	guv 8700 slot2; guv 8700 slot5
mi_24p_german_hfs80	mi_24p_german_default	no suspended armament
mi_24p_german_hfs80	mi_24p_german_r_60_x1	2x r60 x1
mi_24p_german_hfs80	mi_24p_german_r_60_x2	2x r60 x2
mi_24p_german_hfs80	mi_24p_german_r_60mk_x1	2x r60mk x1
mi_24p_german_hfs80	mi_24p_german_r_60mk_x2	2x r60mk x2
mi_24p_german_hfs80	mi_24p_german_rocket_c_8_ko	4x b8m1
mi_24p_german_hfs80	mi_24p_hsf80_german_rocket_c_8_ko_9m114	2x 9m114; 4x b8m1
mi_24p_german_hfs80	mi_24p_german_rocket_9M114	2x 9m114
mi_24p_german_hfs80	mi_24p_german_rocket_9M114_4	2x 9m114; 2x 9m114 x2
mi_24p_german_hfs80	mi_24p_german_4xfab250	4x fab250
mi_24p_german_hfs80	mi_24p_german_hsf80_4xfab250_9m114	2x 9m114; 4x fab250
mi_24p_german_hfs80	mi_24p_german_2xfab500	2x fab500
mi_24p_german_hfs80	mi_24p_german_hsf80_2xfab500_r60mk_9m114	2x 9m114; 2x r60mk x2; 2x fab500
mi_24p_german_hfs80	mi_24p_german_upk_23_250	4x upk250
mi_24p_german_hfs80	mi_24p_german_hsf80_upk_23_250_9m114	2x 9m114; 4x upk250
mi_24p_german_hfs80	mi_24p_guv_8700	guv 8700 slot2; guv 8700 slot5
mi_24p_german_hfs80	mi_24p_german_hsf80_guv_8700_9m114	2x 9m114; guv 8700 slot2; guv 8700 slot5
mi_24p_hungary	mi_24p_default	2x 9m114; 2x b8m1
mi_24p_hungary	mi_24p_r_60_x1	2x r60 x1
mi_24p_hungary	mi_24p_r_60_x2	2x r60 x2
mi_24p_hungary	mi_24p_r_60m_x1	2x r60m x1
mi_24p_hungary	mi_24p_r_60m_x2	2x r60m x2
mi_24p_hungary	mi_24p_rocket_c_8_ko	4x b8m1
mi_24p_hungary	mi_24p_hungary_rocket_c_8_ko	2x 9m114; 4x b8m1
mi_24p_hungary	mi_24p_s_24	4x s24
mi_24p_hungary	mi_24p_hungary_s_24_9M114	2x 9m114; 4x s24
mi_24p_hungary	mi_24p_rocket_9M114	2x 9m114
mi_24p_hungary	mi_24p_rocket_9M114_4	2x 9m114; 2x 9m114 x2
mi_24p_hungary	mi_24p_4xfab250	4x fab250
mi_24p_hungary	mi_24p_hungary_4xfab250_9M114	2x 9m114; 4x fab250
mi_24p_hungary	mi_24p_2xfab500	2x fab500
mi_24p_hungary	mi_24p_hungary_2xfab500_r60m_9M114	2x 9m114; 2x r60m x2; 2x fab500
mi_24p_hungary	mi_24p_upk_23_250	4x upk250
mi_24p_hungary	mi_24p_hungary_upk_23_250_9M114	2x 9m114; 4x upk250
mi_24p_hungary	mi_24p_guv_8700	guv 8700 slot2; guv 8700 slot5
mi_24p_hungary	mi_24p_hungary_guv_8700_9M114	2x 9m114; guv 8700 slot2; guv 8700 slot5
mi_24v	mi_24v_default	no suspended armament
mi_24v	mi_24v_r_60_x1	2x r60 x1
mi_24v	mi_24v_r_60_x2	2x r60 x2
mi_24v	mi_24v_r_60m_x1	2x r60m x1
mi_24v	mi_24v_r_60m_x2	2x r60m x2
mi_24v	mi_24v_rocket_c_8_ko	4x b8m1
mi_24v	mi_24v_s_24	4x s24
mi_24v	mi_24v_rocket_9M114	2x 9m114
mi_24v	mi_24v_rocket_9M114_4	2x 9m114; 2x 9m114 x2
mi_24v	mi_24v_4xfab250	4x fab250
mi_24v	mi_24v_2xfab500	2x fab500
mi_24v	mi_24v_upk_23_250	4x upk250
mi_24v	mi_24v_guv_8700	guv 8700 slot2; guv 8700 slot5
mi_24v_hungary	mi_24v_default	no suspended armament
mi_24v_hungary	mi_24v_r_60_x1	2x r60 x1
mi_24v_hungary	mi_24v_r_60_x2	2x r60 x2
mi_24v_hungary	mi_24v_r_60m_x1	2x r60m x1
mi_24v_hungary	mi_24v_r_60m_x2	2x r60m x2
mi_24v_hungary	mi_24v_rocket_c_8_ko	4x b8m1
mi_24v_hungary	mi_24v_s_24	4x s24
mi_24v_hungary	mi_24v_rocket_9M114	2x 9m114
mi_24v_hungary	mi_24v_rocket_9M114_4	2x 9m114; 2x 9m114 x2
mi_24v_hungary	mi_24v_4xfab250	4x fab250
mi_24v_hungary	mi_24v_2xfab500	2x fab500
mi_24v_hungary	mi_24v_upk_23_250	4x upk250
mi_24v_hungary	mi_24v_guv_8700	guv 8700 slot2; guv 8700 slot5
mi_28a_sweden	mi_28a_sweden_default	no suspended armament
mi_28a_sweden	mi_28a_sweden_rocket_c_8_ko	4x c8ko
mi_28a_sweden	mi_28a_sweden_rocket_c_13	4x c13
mi_28a_sweden	mi_28a_sweden_rocket_9M120	2x 9m120 x8
mi_28a_sweden	mi_28a_sweden_upk_23_250	2x upk250
mi_28n	mi_28n_default	no suspended armament
mi_28n	mi_28n_rocket_9M39	2x 9m39
mi_28n	mi_28n_rocket_c_8_ko	4x c8ko
mi_28n	mi_28n_rocket_c_13	4x c13
mi_28n	mi_28n_rocket_9M120_4_default	9m120 x4 right
mi_28n	mi_28n_rocket_9M120_4	9m120 x4 left; 9m120 x4 right
mi_28n	mi_28n_rocket_9M120	2x 9m120 x8
mi_28n	mi_28n_upk_23_250	2x upk250
mi_28n_killstreak	mi_28n_killstreak_default	4x c8ko
mi_28n_killstreak	mi_28n_killstreak_atgm	9m120 x4 left; 9m120 x4 right
mi_28n_killstreak	mi_28n_killstreak_combined	9m39; 2x c8ko; 9m120 x8
mi_28n_killstreak	mi_28n_killstreak_mguns	2x upk250
mi_28nm	mi_28nm_default	no suspended armament
mi_28nm	mi_28nm_rocket_9M39	4x 9m39
mi_28nm	mi_28nm_rocket_c_8_ko	4x c8ko
mi_28nm	mi_28nm_rocket_c_13of	4x c13
mi_28nm	mi_28nm_rocket_9M120_4_default	9m120 x4 left
mi_28nm	mi_28nm_rocket_9M123	2x 9m123
mi_28nm	mi_28nm_rocket_9M120_4	9m120 x4 left; 9m120 x4 right
mi_28nm	mi_28nm_rocket_9M120	2x 9m120 x8
mi_28nm	mi_28nm_rocket_vyhr	9k127 x8 left; 9k127 x8 right
mi_28nm	mi_28nm_rocket_lmur	4x lmur x2
mi_28nm	mi_28nm_fab250	4x fab250
mi_28nm	mi_28nm_fab500	4x fab500
mi_28nm	mi_28nm_upk_23_250	2x upk250
mi_35m	mi_35m_default	no suspended armament
mi_35m	mi_35m_rocket_9M39	2x 9m39
mi_35m	mi_35m_rocket_c_8_ko	4x b8m1
mi_35m	mi_35m_rocket_c_13	2x c13
mi_35m	mi_35m_rocket_9M114	9m114 x4 right
mi_35m	mi_35m_rocket_9M114_4	9m114 x8
mi_35m	mi_35m_rocket_9M120_4	9m120 x8
mi_35m	mi_35m_upk_23_250	2x upk250
mi_35m_killstreak	mi_35m_killstreak_default	4x b8m1
mi_35m_killstreak	mi_35m_killstreak_rocket_9M120_4	9m120 x8
mi_35m_killstreak	mi_35m_killstreak_rocket_c_8_ko	9m39; 2x b8m1; 9m120 x8
mi_35m_killstreak	mi_35m_killstreak_upk_250	2x upk250
mi_35m_pakistan	mi_35m_pakistan_default	9m39; 2x b8m1; 9m120 x8
mi_35m_pakistan	mi_35m_pakistan_rocket_9M39	2x 9m39; 2x b8m1
mi_35m_pakistan	mi_35m_pakistan_rocket_c_8_ko	4x b8m1
mi_35m_pakistan	mi_35m_pakistan_rocket_c_13	9m39; 2x c13; 9m120 x8
mi_35m_pakistan	mi_35m_pakistan_upk_23_250	9m39; 2x upk250; 9m120 x8
mi_35m_pakistan	mi_35m_pakistan_9m114_c_8_ko	9m39; 2x b8m1; 9m114 x8
mi_35m_pakistan	mi_35m_pakistan_9m114_c_13	9m39; 2x c13; 9m114 x8
mi_35m_pakistan	mi_35m_pakistan_9m114_upk_23_250	9m39; 2x upk250; 9m114 x8
mi_35p	mi_35p_default	9m120 x4 left; b8m1 slot2; b8m1 slot3
mi_35p	mi_35p_rocket_9M39	2x 9m39
mi_35p	mi_35p_rocket_c_8_ko	2x b8m1; b8m1 slot2; b8m1 slot3
mi_35p	mi_35p_rocket_c_13	2x c13
mi_35p	mi_35p_rocket_9M120_x16	2x 9m120 x8
mi_35p	mi_35p_rocket_9M120	9m120 x4 left; 9m120 x4 right
mi_35p	mi_35p_rocket_9k127	9k127 x8 left; 9k127 x8 right
mi_35p	mi_35p_4xfab250	2x fab250; fab250 slot2; fab250 slot3
mi_35p	mi_35p_2xfab500	2x fab500; fab500 slot2; fab500 slot3
mi_35p	mi_35p_upk_23_250	2x upk250
mi_35p_indonesia	mi_24p_default	2x 9m114; 2x b8m1
mi_35p_indonesia	mi_24p_r_60_x1	2x r60 x1
mi_35p_indonesia	mi_24p_r_60_x2	2x r60 x2
mi_35p_indonesia	mi_24p_r_60m_x1	2x r60m x1
mi_35p_indonesia	mi_24p_r_60m_x2	2x r60m x2
mi_35p_indonesia	mi_24p_rocket_c_8_ko	4x b8m1
mi_35p_indonesia	mi_24p_s_24	4x s24
mi_35p_indonesia	mi_24p_rocket_9M114	2x 9m114
mi_35p_indonesia	mi_24p_rocket_9M114_4	2x 9m114; 2x 9m114 x2
mi_35p_indonesia	mi_24p_4xfab250	4x fab250
mi_35p_indonesia	mi_24p_2xfab500	2x fab500
mi_35p_indonesia	mi_24p_upk_23_250	4x upk250
mi_35p_indonesia	mi_24p_guv_8700	guv 8700 slot2; guv 8700 slot5
mi_4av	mi_4av_default	6x ub16
mi_4av	mi_4av_4x9m17m	2x 9m17m default; 2x 9m17m
mi_4av	mi_4av_6xfab100	6x fab100
mi_4av	mi_4av_4xfab250	4x fab250
mi_4av	mi_4av_4xfab250_9m17m	2x 9m17m default; 4x fab250; 2x 9m17m
mi_8amtsh	mi_8amtsh_default	6x b8m1
mi_8amtsh	mi_8amtsh_b8m_9m114_default	2x 9m114 x2; 4x b8m1
mi_8amtsh	mi_8amtsh_9m114	2x 9m114 x4
mi_8amtsh	mi_8amtsh_fab100	6x fab100
mi_8amtsh	mi_8amtsh_fab250m_62	6x fab250m 62
mi_8amtsh	mi_8amtsh_fab500m_62	2x fab500m 62
mi_8amtsh	mi_8amtsh_zb500	2x zb500
mi_8amtsh	mi_8amtsh_upk_23_250	6x upk250
mi_8amtsh	mi_8amtsh_guv_8700	guv 8700 slot2; guv 8700 slot5
mi_8amtsh	mi_8amtsh_9m39	2x 9m39
mi_8amtsh	mi_8amtsh_9m39_x2	2x 9m39 x2
mi_8amtsh_vn	mi_8amtsh_vn_default	4x b8m1
mi_8amtsh_vn	mi_8amtsh_vn_b8m_9m120_default	2x 9m120 x2; 2x b8m1
mi_8amtsh_vn	mi_8amtsh_vn_9m120	2x 9m120 x4
mi_8amtsh_vn	mi_8amtsh_vn_fab100	6x fab100
mi_8amtsh_vn	mi_8amtsh_vn_fab250m_62	6x fab250m 62
mi_8amtsh_vn	mi_8amtsh_vn_fab500m_62	2x fab500m 62
mi_8amtsh_vn	mi_8amtsh_vn_zb500	2x zb500
mi_8amtsh_vn	mi_8amtsh_vn_upk_23_250	2x upk250
mi_8amtsh_vn	mi_8amtsh_vn_9m336	9m336
mi_8amtsh_vn	mi_8amtsh_vn_9m336_x2	9m336 x2
mi_8tb	mi_8tb_default	no suspended armament
mi_8tb	mi_8tb_ub16	6x ub16
mi_8tb	mi_8tb_ub32	6x ub32
mi_8tb	mi_8tb_ub32_9m14_default	4x 9m14 default; 6x ub32
mi_8tb	mi_8tb_9m14	4x 9m14 default; 2x 9m14
mi_8tb	mi_8tb_fab100	6x fab100
mi_8tb	mi_8tb_fab250	6x fab250
mi_8tb	mi_8tb_fab250m_62	6x fab250m 62
mi_8tb	mi_8tb_fab500m_62	2x fab500m 62
mi_8tb	mi_8tb_fab500	2x fab500
mi_8tb	mi_8tb_zb500	2x zb500
mi_8tv	mi_8tv_default	no suspended armament
mi_8tv	mi_8tv_ub16	6x ub16
mi_8tv	mi_8tv_ub32	6x ub32
mi_8tv	mi_8tv_ub32_9m17_default	2x 9m17m default; 2x 9m17m; 6x ub32
mi_8tv	mi_8tv_9m17	2x 9m17m default; 2x 9m17m
mi_8tv	mi_8tv_fab100	6x fab100
mi_8tv	mi_8tv_fab250	6x fab250
mi_8tv	mi_8tv_fab250m_62	6x fab250m 62
mi_8tv	mi_8tv_fab500m_62	2x fab500m 62
mi_8tv	mi_8tv_fab500	2x fab500
mi_8tv	mi_8tv_zb500	2x zb500
mig_21_2000_iaf	mig_21_2000_iaf_default	2x python3 default; ptb 800 slot3
mig_21_2000_iaf	mig_21_bis_6x_r60m	2x r60; r60 left; r60 right
mig_21_2000_iaf	mig_21_2000_iaf_python_3	2x python3 default; 2x python3
mig_21_2000_iaf	mig_21_bis_4x_ub16	ub16 slot1; ub16 slot2; ub16 slot4; ub16 slot5
mig_21_2000_iaf	mig_21_bis_2x_ub32_2x_ub16	ub16 slot1; 2x ub32; ub16 slot5
mig_21_2000_iaf	mig_21_bis_s24	s24 slot1; s24 slot2; s24 slot4; s24 slot5
mig_21_2000_iaf	mig_21_bis_8xofab100	2x fab100; 2x fab100 x4
mig_21_2000_iaf	mig_21_bis_2x_ofab250m_62t	4x fab250
mig_21_2000_iaf	mig_21_bis_2x_ofab500m_62t	2x fab500
mig_21_2000_iaf	mig_21_2000_iaf_mk82	4x mk82
mig_21_2000_iaf	mig_21_2000_iaf_mk82_snakeye	4x mk82 snakeye
mig_21_2000_iaf	mig_21_2000_iaf_mk83	2x mk83
mig_21_2000_iaf	mig_21_2000_iaf_mk83_air	2x mk83 air
mig_21_2000_iaf	mig_21_2000_iaf_gbu_12	2x gbu 12; litening pod
mig_21_2000_iaf	mig_21_bis_2x_zb_500	2x zb500
mig_21_bis_finland	mig_21_bis_finland_default	ptb 800 slot3
mig_21_bis_finland	mig_21_bis_finland_default_2x_r13m	2x r3r default; 2x r60 default; ptb 800 slot3
mig_21_bis_finland	mig_21_bis_finland_default_2x_r3s	2x r3s default; ptb 800 slot3
mig_21_bis_finland	mig_21_bis_finland_4x_r3r	2x r3r default; r3r slot2; r3r slot4
mig_21_bis_finland	mig_21_bis_finland_r13m_x4	4x r13m1
mig_21_bis_finland	mig_21_bis_finland_4x_r60m	2x r60; 2x r60 default
mig_21_bis_finland	mig_21_bis_finland_6x_r60m	2x r60; r60 left; r60 right
mig_21_bis_finland	mig_21_bis_finland_4x_ub16	ub16 slot1; ub16 slot2; ub16 slot4; ub16 slot5
mig_21_bis_finland	mig_21_bis_finland_2x_ub32	2x ub32
mig_21_bis_finland	mig_21_bis_finland_2x_ub32_2x_ub16	ub16 slot1; 2x ub32; ub16 slot5
mig_23bn	mig_23bn_default	ptb
mig_23bn	mig_23bn_rocket_kh23	2x x23m
mig_23bn	mig_23bn_rocket_ub16	4x ub 16 57 s5k
mig_23bn	mig_23bn_rocket_ub32	2x ub 32a 24 s5k; ub 32a 24 s5k slot3; ub 32a 24 s5k slot5
mig_23bn	mig_23bn_rocket_b8m1	2x b8m1 s 8ko; b8m1 s 8ko slot3; b8m1 s 8ko slot5
mig_23bn	mig_23bn_rocket_s24	4x s24
mig_23bn	mig_23bn_bomb_ofab100_120_default	2x ofab100 120 default
mig_23bn	mig_23bn_bomb_ofab100_120	2x ofab100 120 default; 2x fab 100; ofab100 120 slot3; ofab100 120 slot5
mig_23bn	mig_23bn_bomb_fab250m_62	6x fab 250m 62
mig_23bn	mig_23bn_bomb_fab250m_62_x4	2x fab 250m 62 x2
mig_23bn	mig_23bn_bomb_fab500m_62	4x fab 500m 62t; fab 500m 62t slot3; fab 500m 62t slot5
mig_23bn	mig_23bn_bomb_fab500m_62_x4	2x fab 500m 62 x2
mig_23bn	mig_23bn_fire_bomb_zb_500	2x zb 500; zb 500 slot3; zb 500 slot5
mig_23bn	mig_23bn_upk_250_gun_pod	2x upk23 gunpod
mig_23m	mig_23m_default	ptb
mig_23m	mig_23m_ltc	ltc
mig_23m	mig_23m_rocket_r3s	4x r 3s
mig_23m	mig_23m_default_rocket_r13m	2x r 60 default
mig_23m	mig_23m_rocket_r13m	4x r 13m1
mig_23m	mig_23m_rocket_r60_4	2x r 60 default; r 60m x2 l; r 60m x2 r
mig_23m	mig_23m_rocket_r23r	2x r 23r
mig_23m	mig_23m_rocket_r23t	2x r 23t
mig_23m	mig_23m_rocket_ub16	4x ub 16 57 s5k
mig_23m	mig_23m_rocket_ub32	2x ub 32a 24 s5k
mig_23m	mig_23m_rocket_b8m	2x b8m1 s 8ko
mig_23m	mig_23m_rocket_s24	4x s24
mig_23m	mig_23m_rocket_kh23	2x x23m; delta ng
mig_23m	mig_23m_bomb_ofab100_120	2x ofab100 120; ofab100 120 slot2; ofab100 120 slot4
mig_23m	mig_23m_bomb_fab250m_62	4x fab 250m 62
mig_23m	mig_23m_bomb_fab500m_62	2x fab 500m 62t
mig_23m	mig_23m_fire_bomb_zb_500	2x zb 500
mig_23mf_germany	mig_23mf_default	ptb
mig_23mf_germany	mig_23mf_ltc	ltc
mig_23mf_germany	mig_23mf_default_rocket_r13m	2x r 60 default
mig_23mf_germany	mig_23mf_rocket_r13m	4x r 13m1
mig_23mf_germany	mig_23mf_rocket_r3s	4x r 3s
mig_23mf_germany	mig_23mf_rocket_r60_4	2x r 60 default; r 60m x2 l; r 60m x2 r
mig_23mf_germany	mig_23mf_rocket_r23r	2x r 23r
mig_23mf_germany	mig_23mf_rocket_r23t	2x r 23t
mig_23mf_germany	mig_23mf_rocket_ub16	4x ub 16 57 s5k
mig_23mf_germany	mig_23mf_rocket_ub32	2x ub 32a 24 s5k
mig_23mf_germany	mig_23mf_rocket_s24	4x s24
mig_23mf_germany	mig_23mf_rocket_kh23	2x x23m; delta ng
mig_23mf_germany	mig_23mf_bomb_ofab100_120	2x ofab100 120; ofab100 120 slot2; ofab100 120 slot4
mig_23mf_germany	mig_23mf_bomb_fab250m_62	4x fab 250m 62
mig_23mf_germany	mig_23mf_bomb_fab500m_62	2x fab 500m 62t
mig_23mf_germany	mig_23mf_fire_bomb_zb_500	2x zb 500
mig_23mf_hungary	mig_23mf_default	ptb
mig_23mf_hungary	mig_23mf_ltc	ltc
mig_23mf_hungary	mig_23mf_default_rocket_r13m	2x r 60 default
mig_23mf_hungary	mig_23mf_rocket_r13m	4x r 13m1
mig_23mf_hungary	mig_23mf_rocket_r3s	4x r 3s
mig_23mf_hungary	mig_23mf_rocket_r60_4	2x r 60 default; r 60m x2 l; r 60m x2 r
mig_23mf_hungary	mig_23mf_rocket_r23r	2x r 23r
mig_23mf_hungary	mig_23mf_rocket_r23t	2x r 23t
mig_23mf_hungary	mig_23mf_rocket_ub16	4x ub 16 57 s5k
mig_23mf_hungary	mig_23mf_rocket_ub32	2x ub 32a 24 s5k
mig_23mf_hungary	mig_23mf_rocket_s24	4x s24
mig_23mf_hungary	mig_23mf_rocket_kh23	2x x23m; delta ng
mig_23mf_hungary	mig_23mf_bomb_ofab100_120	2x ofab100 120; ofab100 120 slot2; ofab100 120 slot4
mig_23mf_hungary	mig_23mf_bomb_fab250m_62	4x fab 250m 62
mig_23mf_hungary	mig_23mf_bomb_fab500m_62	2x fab 500m 62t
mig_23mf_hungary	mig_23mf_fire_bomb_zb_500	2x zb 500
mig_23ml	mig_23ml_default	2x r 24r; r 60m x2 l; ptb; r 60m x2 r
mig_23ml	mig_23ml_ltc	ltc
mig_23ml	mig_23ml_rocket_r13m	2x default r 13m1; 2x r 13m1
mig_23ml	mig_23ml_rocket_r60m_6	2x r 60m; r 60m x2 l; r 60m x2 r
mig_23ml	mig_23ml_rocket_r23t_r60m	2x r 23t; r 60m x2 l; ltc; r 60m x2 r
mig_23ml	mig_23ml_rocket_r23r_r60m	2x r 23r; r 60m x2 l; ltc; r 60m x2 r
mig_23ml	mig_23ml_rocket_r24r_r60m	2x r 24r; r 60m x2 l; ltc; r 60m x2 r
mig_23ml	mig_23ml_rocket_r24t_r60m	2x r 24t; r 60m x2 l; ltc; r 60m x2 r
mig_23ml	mig_23ml_bomb_ofab100_120	2x ofab100 120; ofab100 120 slot2; ltc; ofab100 120 slot4
mig_23ml	mig_23ml_bomb_ofab100_120_r60m	2x ofab100 120; r 60m x2 l; ltc; r 60m x2 r
mig_23ml	mig_23ml_bomb_fab250m_62	4x fab 250m 62; ltc
mig_23ml	mig_23ml_bomb_fab250m_62_r60m	2x fab 250m 62; r 60m x2 l; ltc; r 60m x2 r
mig_23ml	mig_23ml_bomb_fab500m_62	2x fab 500m 62t; ltc
mig_23ml	mig_23ml_fire_bomb_zb_500	2x r 60m; zb 500 slot2; ltc; zb 500 slot4
mig_23ml	mig_23ml_bomb_fab500m_62_r60m	2x fab 500m 62t; r 60m x2 l; ltc; r 60m x2 r
mig_23ml	mig_23ml_rocket_ub32	2x ub 32a 24 s5k; r 60m x2 l; ltc; r 60m x2 r
mig_23ml	mig_23ml_rocket_b8m	2x b8m1 s 8ko; zb 500 slot2; ltc; zb 500 slot4
mig_23ml	mig_23ml_rocket_s24	4x s24; ltc
mig_23ml	mig_23ml_rocket_kh23	2x x23m; delta ng
mig_23ml	mig_23ml_upk_23_250	2x upk23 gunpod; zb 500 slot2; ltc; zb 500 slot4
mig_23ml	mig_23ml_rocket_r23t	2x r 23t
mig_23ml	mig_23ml_rocket_r23r	2x r 23r
mig_23ml	mig_23ml_rocket_r24r	2x r 24r
mig_23ml	mig_23ml_rocket_r24t	2x r 24t
mig_23mla	mig_23mla_default	ptb
mig_23mla	mig_23mla_ltc	ltc
mig_23mla	mig_23mla_default_r13m	2x default r 13m1
mig_23mla	mig_23mla_rocket_r13m	2x default r 13m1; 2x r 13m1
mig_23mla	mig_23mla_rocket_r60m_6	2x r 60m; r 60m x2 l; r 60m x2 r
mig_23mla	mig_23mla_rocket_r23r	2x r 23r
mig_23mla	mig_23mla_rocket_r23t	2x r 23t
mig_23mla	mig_23mla_rocket_r23t_r23r	r 23t; r 23r
mig_23mla	mig_23mla_rocket_r24r	2x r 24r
mig_23mla	mig_23mla_rocket_r24t	2x r 24t
mig_23mla	mig_23mla_rocket_r24t_r24r	r 24t; r 24r
mig_23mla	mig_23mla_bomb_ofab100_120	2x ofab100 120; ofab100 120 slot2; ofab100 120 slot4
mig_23mla	mig_23mla_bomb_fab250m_62	4x fab 250m 62
mig_23mla	mig_23mla_bomb_fab500m_62	2x fab 500m 62t
mig_23mla	mig_23mla_fire_bomb_zb_500	2x zb 500
mig_23mla	mig_23mla_rocket_ub16	4x ub 16 57 s5k
mig_23mla	mig_23mla_rocket_ub32	2x ub 32a 24 s5k
mig_23mla	mig_23mla_rocket_b8m	2x b8m1 s 8ko
mig_23mla	mig_23mla_rocket_s24	4x s24
mig_23mla	mig_23mla_rocket_kh23	2x x23m; delta ng
mig_23mla	mig_23mla_upk_23_250	2x upk23 gunpod
mig_23mld	mig_23mld_default	ptb
mig_23mld	mig_23mld_default_r13m	2x default r 13m1
mig_23mld	mig_23mld_ltc	ltc
mig_23mld	mig_23mld_rocket_r13m	2x default r 13m1; 2x r 13m1
mig_23mld	mig_23mld_rocket_r60m_6	2x r 60m; r 60m x2 l; r 60m x2 r
mig_23mld	mig_23mld_rocket_r23r	2x r 23r
mig_23mld	mig_23mld_rocket_r23t	2x r 23t
mig_23mld	mig_23mld_rocket_r24r	2x r 24r
mig_23mld	mig_23mld_rocket_r24t	2x r 24t
mig_23mld	mig_23mld_rocket_ub16	4x ub 16 57 s5k
mig_23mld	mig_23mld_rocket_ub32	2x ub 32a 24 s5k
mig_23mld	mig_23mld_rocket_b8m	2x b8m1 s 8ko
mig_23mld	mig_23mld_rocket_s24	4x s24
mig_23mld	mig_23mld_rocket_kh23	2x x23m; delta ng
mig_23mld	mig_23mld_bomb_ofab100_120	2x ofab100 120; ofab100 120 slot2; ofab100 120 slot4
mig_23mld	mig_23mld_bomb_fab250m_62	4x fab 250m 62
mig_23mld	mig_23mld_bomb_fab500m_62	2x fab 500m 62t
mig_23mld	mig_23mld_fire_bomb_zb_500	2x zb 500
mig_23mld	mig_23mld_upk_23_250	2x upk23 gunpod
mig_25pd	mig_25pd_default	r 60m x2 slot1; r 40rd default slot2; ptb; r 40rd default slot4; r 60m x2 slot5
mig_25pd	mig_25pd_r60m_x4	r 60m x2 slot1; r 60m x2 slot5
mig_25pd	mig_25pd_r40rd_x4	r 40rd slot1; r 40rd default slot2; r 40rd default slot4; r 40rd slot5
mig_25pd	mig_25pd_r40td_x2	r 40td slot2; r 40td slot4
mig_27k	mig_27k_default	ptb
mig_27k	mig_27k_rocket_r13m	2x default r 13m1
mig_27k	mig_27k_rocket_r60	left r 60; right r 60
mig_27k	mig_27k_bomb_ofab100_120_mbd	5x ofab100 120; 2x fab 100
mig_27k	mig_27k_bomb_ofab250m_62	2x fab 250m 62 x2; 5x fab 250m 62
mig_27k	mig_27k_bomb_fab500m_62	2x fab 500m 62 x2; 4x fab 500m 62t
mig_27k	mig_27k_bomb_ofab250sh	7x ofab 250sh
mig_27k	mig_27k_bomb_fab500sh	5x fab 500sh
mig_27k	mig_27k_fire_bomb_zb_500	4x zb 500
mig_27k	mig_27k_kab500kr	4x kab 500kr
mig_27k	mig_27k_kab500l	4x kab 500l
mig_27k	mig_27k_rocket_ub32	4x ub 32a 24 s5k
mig_27k	mig_27k_rocket_b8m	4x b8m1 s 8ko
mig_27k	mig_27k_rocket_s24	4x s24
mig_27k	mig_27k_rocket_kh23	2x x23m; delta ng
mig_27k	mig_27k_rocket_kh25	left x25ml; fuse left x25ml; fuse right x25ml; right x25ml
mig_27k	mig_27k_rocket_kh29l	2x kh29 l
mig_27k	mig_27k_rocket_kh29t	2x kh29 t
mig_27k	mig_27k_kh_27ps	kh 27ps slot1; l 066 viuga slot5; kh 27ps slot7
mig_27k	mig_27k_kh_31p_111	kh 31p 111 slot1; l 066 viuga slot5; kh 31p 111 slot7
mig_27k	mig_27k_kh_31p_112	kh 31p 112 slot1; l 066 viuga slot5; kh 31p 112 slot7
mig_27k	mig_27k_kh_31p_113	kh 31p 113 slot1; l 066 viuga slot5; kh 31p 113 slot7
mig_27k	mig_27k_sppu_22	2x upk23 gunpod
mig_27m	mig_27m_default	ptb
mig_27m	mig_27m_rocket_r13m	2x default r 13m1
mig_27m	mig_27m_rocket_r60	left r 60; right r 60
mig_27m	mig_27m_bomb_ofab100_120_mbd	5x ofab100 120; 2x fab 100
mig_27m	mig_27m_bomb_ofab250m_62	2x fab 250m 62 x2; 5x fab 250m 62
mig_27m	mig_27m_bomb_fab500m_62	2x fab 500m 62 x2; 4x fab 500m 62t
mig_27m	mig_27m_bomb_ofab250sh	7x ofab 250sh
mig_27m	mig_27m_bomb_fab500sh	5x fab 500sh
mig_27m	mig_27m_kab500kr	4x kab 500kr
mig_27m	mig_27m_fire_bomb_zb_500	4x zb 500
mig_27m	mig_27m_rocket_ub32	4x ub 32a 24 s5k
mig_27m	mig_27m_rocket_b8m	4x b8m1 s 8ko
mig_27m	mig_27m_rocket_s24	4x s24
mig_27m	mig_27m_rocket_kh23	2x x23m; delta ng
mig_27m	mig_27m_rocket_kh25	left x25ml; fuse left x25ml; fuse right x25ml; right x25ml
mig_27m	mig_27m_rocket_kh29l	2x kh29 l
mig_27m	mig_27m_rocket_kh29t	2x kh29 t
mig_27m	mig_27m_kh_27ps	kh 27ps slot1; l 066 viuga slot5; kh 27ps slot7
mig_27m	mig_27m_kh_31p_111	kh 31p 111 slot1; l 066 viuga slot5; kh 31p 111 slot7
mig_27m	mig_27m_kh_31p_112	kh 31p 112 slot1; l 066 viuga slot5; kh 31p 112 slot7
mig_27m	mig_27m_kh_31p_113	kh 31p 113 slot1; l 066 viuga slot5; kh 31p 113 slot7
mig_27m	mig_27m_sppu_22	2x upk23 gunpod
mig_29_9_12	mig_29_9_12_default	ptb
mig_29_9_12	mig_29_9_12_r60m_default	2x default r60m; 2x r27r
mig_29_9_12	mig_29_9_12_r60m	2x default r60m; 4x r60m
mig_29_9_12	mig_29_9_12_r60	2x default r60; 4x r60
mig_29_9_12	mig_29_9_12_r27t	2x r27t
mig_29_9_12	mig_29_9_12_r27r	2x r27r
mig_29_9_12	mig_29_9_12_r27er	2x r27er
mig_29_9_12	mig_29_9_12_b8m1	4x b8m1 s 8ko
mig_29_9_12	mig_29_9_12_s24	4x s24
mig_29_9_12	mig_29_9_12_fab_100_120	4x fab 100 x4
mig_29_9_12	mig_29_9_12_fab_250_m54	4x fab 250 m54
mig_29_9_12	mig_29_9_12_fab_250_m54_x2	4x fab 250 m54 x2
mig_29_9_12	mig_29_9_12_fab_250m_62	4x fab 250m 62
mig_29_9_12	mig_29_9_12_fab_250m_62_x2	4x fab 250m 62 x2
mig_29_9_12	mig_29_9_12_fab_500m_62	4x fab 500m 62t
mig_29_9_12	mig_29_9_12_fab_500m_62_x2	2x fab 500 m62 x2
mig_29_9_12	mig_29_9_12_fab_500_m54	4x fab 500 m54
mig_29_9_12	mig_29_9_12_fab_500_m54_x2	2x fab 500 m54 x2
mig_29_9_12	mig_29_9_12_ofab_250sh_x2	4x ofab 250sh x2
mig_29_9_12	mig_29_9_12_fab_500sh	2x fab 500sh; 2x fab 500sh x2
mig_29_9_12	mig_29_9_12_zb500	4x zb 500
mig_29_9_12_germany	mig_29_9_12_germany_default	ptb
mig_29_9_12_germany	mig_29_9_12_germany_r60mk_default	2x default r60mk; 2x r27r1
mig_29_9_12_germany	mig_29_9_12_germany_r60mk	2x default r60mk; 4x r60mk
mig_29_9_12_germany	mig_29_9_12_germany_r60	2x default r60; 4x r60
mig_29_9_12_germany	mig_29_9_12_germany_r27t1	2x r27t1
mig_29_9_12_germany	mig_29_9_12_germany_r27r1	2x r27r1
mig_29_9_12_germany	mig_29_9_12_germany_r27er1	2x r27er1
mig_29_9_12_germany	mig_29_9_12_germany_b8m1	4x b8m1 s 8ko
mig_29_9_12_germany	mig_29_9_12_germany_s24	4x s24
mig_29_9_12_germany	mig_29_9_12_germany_fab_100_120	4x fab 100 x4
mig_29_9_12_germany	mig_29_9_12_germany_fab_250_m54	4x fab 250 m54
mig_29_9_12_germany	mig_29_9_12_germany_fab_250_m54_x2	4x fab 250 m54 x2
mig_29_9_12_germany	mig_29_9_12_germany_fab_250m_62	4x fab 250m 62
mig_29_9_12_germany	mig_29_9_12_germany_fab_250m_62_x2	4x fab 250m 62 x2
mig_29_9_12_germany	mig_29_9_12_germany_fab_500m_62	4x fab 500m 62t
mig_29_9_12_germany	mig_29_9_12_germany_fab_500m_62_x2	2x fab 500 m62 x2
mig_29_9_12_germany	mig_29_9_12_germany_fab_500_m54	4x fab 500 m54
mig_29_9_12_germany	mig_29_9_12_germany_fab_500_m54_x2	2x fab 500 m54 x2
mig_29_9_12_germany	mig_29_9_12_germany_ofab_250sh_x2	4x ofab 250sh x2
mig_29_9_12_germany	mig_29_9_12_germany_fab_500sh	2x fab 500sh; 2x fab 500sh x2
mig_29_9_12_germany	mig_29_9_12_germany_zb500	4x zb 500
mig_29_9_12_sniper	mig_29_9_12_sniper_r60mk_default	2x default r60mk; 2x r27r1; ptb
mig_29_9_12_sniper	mig_29_9_12_sniper_r27er1	2x r27er1
mig_29_9_12_sniper	mig_29_9_12_sniper_r27t1	2x r27t1
mig_29_9_12_sniper	mig_29_9_12_sniper_r60mk	2x default r60mk; 4x r60mk
mig_29_9_12_sniper	mig_29_9_12_sniper_r27er1_r60mk	2x default r60mk; 2x r60mk; 2x r27er1
mig_29_9_12_sniper	mig_29_9_12_sniper_r27t1_r60mk	2x default r60mk; 2x r60mk; 2x r27t1
mig_29_9_12_sniper	mig_29_9_12_sniper_s24_r60mk	2x default r60mk; 4x s24
mig_29_9_12_sniper	mig_29_9_12_sniper_b8m1_r60mk	2x default r60mk; 4x b8m1 s 8ko
mig_29_9_12_sniper	mig_29_9_12_sniper_fab_250m_62_x2_r60mk	2x default r60mk; 4x fab 250m 62 x2
mig_29_9_12_sniper	mig_29_9_12_sniper_fab_500m_62_x2_r60mk	2x default r60mk; 2x fab 500 m62 x2
mig_29_9_12_sniper	mig_29_9_12_sniper_mk82_r60mk	2x default r60mk; 4x mk82 x2; ptb
mig_29_9_12_sniper	mig_29_9_12_sniper_mk83_r60mk	2x default r60mk; 4x mk83; ptb
mig_29_9_12_sniper	mig_29_9_12_sniper_zb500_r60mk	2x default r60mk; 4x zb 500
mig_29_9_12_sniper	mig_29_9_12_sniper_b8m1_fab_500m_62_r60mk	2x default r60mk; 2x b8m1 s 8ko; 2x fab 500 m62 x2; ptb
mig_29_9_12_sniper	mig_29_9_12_sniper_b8m1_mk83_r60mk	2x default r60mk; 2x mk83; 2x b8m1 s 8ko; ptb
mig_29_9_12b_hungary	mig_29_9_12_germany_default	ptb
mig_29_9_12b_hungary	mig_29_9_12_germany_r60mk_default	2x default r60mk; 2x r27r1
mig_29_9_12b_hungary	mig_29_9_12_germany_r60mk	2x default r60mk; 4x r60mk
mig_29_9_12b_hungary	mig_29_9_12_germany_r60	2x default r60; 4x r60
mig_29_9_12b_hungary	mig_29_9_12_germany_r27t1	2x r27t1
mig_29_9_12b_hungary	mig_29_9_12_germany_r27r1	2x r27r1
mig_29_9_12b_hungary	mig_29_9_12_germany_r27er1	2x r27er1
mig_29_9_12b_hungary	mig_29_9_12_germany_b8m1	4x b8m1 s 8ko
mig_29_9_12b_hungary	mig_29_9_12_germany_s24	4x s24
mig_29_9_12b_hungary	mig_29_9_12_germany_fab_100_120	4x fab 100 x4
mig_29_9_12b_hungary	mig_29_9_12_germany_fab_250_m54	4x fab 250 m54
mig_29_9_12b_hungary	mig_29_9_12_germany_fab_250_m54_x2	4x fab 250 m54 x2
mig_29_9_12b_hungary	mig_29_9_12_germany_fab_250m_62	4x fab 250m 62
mig_29_9_12b_hungary	mig_29_9_12_germany_fab_250m_62_x2	4x fab 250m 62 x2
mig_29_9_12b_hungary	mig_29_9_12_germany_fab_500m_62	4x fab 500m 62t
mig_29_9_12b_hungary	mig_29_9_12_germany_fab_500m_62_x2	2x fab 500 m62 x2
mig_29_9_12b_hungary	mig_29_9_12_germany_fab_500_m54	4x fab 500 m54
mig_29_9_12b_hungary	mig_29_9_12_germany_fab_500_m54_x2	2x fab 500 m54 x2
mig_29_9_12b_hungary	mig_29_9_12_germany_ofab_250sh_x2	4x ofab 250sh x2
mig_29_9_12b_hungary	mig_29_9_12_germany_fab_500sh	2x fab 500sh; 2x fab 500sh x2
mig_29_9_12b_hungary	mig_29_9_12_germany_zb500	4x zb 500
mig_29_9_12g	mig_29_9_12g_default	ptb
mig_29_9_12g	mig_29_9_12g_r73_default	2x r73 default; 2x r27r1
mig_29_9_12g	mig_29_9_12g_r73e	2x r73 default; 4x r73
mig_29_9_12g	mig_29_9_12g_r27t1	2x r27t1
mig_29_9_12g	mig_29_9_12g_r27r1	2x r27r1
mig_29_9_12g	mig_29_9_12g_r27er1	2x r27er1
mig_29_9_12g	mig_29_9_12g_r27et1	2x r27et1
mig_29_9_12g	mig_29_9_12g_b8m1	4x b8m1 s 8ko
mig_29_9_12g	mig_29_9_12g_s24	4x s24
mig_29_9_12g	mig_29_9_12g_fab_100_120	4x fab 100 x4
mig_29_9_12g	mig_29_9_12g_fab_250_m54	4x fab 250 m54
mig_29_9_12g	mig_29_9_12g_fab_250_m54_x2	4x fab 250 m54 x2
mig_29_9_12g	mig_29_9_12g_fab_250m_62	4x fab 250m 62
mig_29_9_12g	mig_29_9_12g_fab_250m_62_x2	4x fab 250m 62 x2
mig_29_9_12g	mig_29_9_12g_fab_500m_62	4x fab 500m 62t
mig_29_9_12g	mig_29_9_12g_fab_500m_62_x2	2x fab 500 m62 x2
mig_29_9_12g	mig_29_9_12g_fab_500_m54	4x fab 500 m54
mig_29_9_12g	mig_29_9_12g_fab_500_m54_x2	2x fab 500 m54 x2
mig_29_9_12g	mig_29_9_12g_ofab_250sh_x2	4x ofab 250sh x2
mig_29_9_12g	mig_29_9_12g_fab_500sh	2x fab 500sh; 2x fab 500sh x2
mig_29_9_12g	mig_29_9_12g_zb500	4x zb 500
mig_29_9_13	mig_29_9_13_default	ptb
mig_29_9_13	mig_29_9_13_r73_default	2x r73 default; 2x r27r
mig_29_9_13	mig_29_9_13_r27t	2x r27t
mig_29_9_13	mig_29_9_13_r27r	2x r27r
mig_29_9_13	mig_29_9_13_r27et	2x r27et
mig_29_9_13	mig_29_9_13_r27er	2x r27er
mig_29_9_13	mig_29_9_13_r73	2x r73 default; 4x r73
mig_29_9_13	mig_29_9_13_b8m1	4x b8m1 s 8ko
mig_29_9_13	mig_29_9_13_s24	4x s24
mig_29_9_13	mig_29_9_13_fab_100_120	4x fab 100 x4
mig_29_9_13	mig_29_9_13_fab_250_m54	4x fab 250 m54
mig_29_9_13	mig_29_9_13_fab_250_m54_x2	4x fab 250 m54 x2
mig_29_9_13	mig_29_9_13_fab_250m_62	4x fab 250m 62
mig_29_9_13	mig_29_9_13_fab_250m_62_x2	4x fab 250m 62 x2
mig_29_9_13	mig_29_9_13_fab_500m_62	4x fab 500m 62t
mig_29_9_13	mig_29_9_13_fab_500m_62_x2	2x fab 500 m62 x2
mig_29_9_13	mig_29_9_13_fab_500_m54	4x fab 500 m54
mig_29_9_13	mig_29_9_13_fab_500_m54_x2	2x fab 500 m54 x2
mig_29_9_13	mig_29_9_13_ofab_250sh_x2	4x ofab 250sh x2
mig_29_9_13	mig_29_9_13_fab_500sh	2x fab 500sh; 2x fab 500sh x2
mig_29_9_13	mig_29_9_13_zb500	4x zb 500
mig_29kr_9_41r	mig_29kr_9_41r_default	2x r73 default; 2x r77 default; ptb slot3; ptb slot4; ptb slot5; ptb slot6; ptb slot7
mig_29kr_9_41r	mig_29kr_9_41r_drop_tank	ptb slot3; ptb slot4; ptb slot5; ptb slot6; ptb slot7
mig_29kr_9_41r	mig_29kr_9_41r_r73	2x r73 default; 6x r73
mig_29kr_9_41r	mig_29kr_9_41r_r77	2x r77 default; 4x r77
mig_29kr_9_41r	mig_29kr_9_41r_b8m1	4x b8m1 s 8ko
mig_29kr_9_41r	mig_29kr_9_41r_c13	4x s 13
mig_29kr_9_41r	mig_29kr_9_41r_s_24_b	4x s 24 b
mig_29kr_9_41r	mig_29kr_9_41r_s_25_o	s 25 o slot3; s 25 o slot4; s 25 o slot6; s 25 o slot7
mig_29kr_9_41r	mig_29kr_9_41r_kh_29t	kh 29td slot3; kh 29td slot4; kh 29td slot6; kh 29td slot7
mig_29kr_9_41r	mig_29kr_9_41r_kh_31p_l_111	kh 31p 111 slot3; kh 31p 111 slot4; kh 31p 111 slot6; kh 31p 111 slot7
mig_29kr_9_41r	mig_29kr_9_41r_kh_31p_l_112	kh 31p 112 slot3; kh 31p 112 slot4; kh 31p 112 slot6; kh 31p 112 slot7
mig_29kr_9_41r	mig_29kr_9_41r_kh_31p_l_113	kh 31p 113 slot3; kh 31p 113 slot4; kh 31p 113 slot6; kh 31p 113 slot7
mig_29kr_9_41r	mig_29kr_9_41r_kh_31a	kh 31a slot3; kh 31a slot4; kh 31a slot6; kh 31a slot7
mig_29kr_9_41r	mig_29kr_9_41r_fab_100_120	4x fab 100 x4
mig_29kr_9_41r	mig_29kr_9_41r_fab_250m_62	4x fab 250m 62 x2
mig_29kr_9_41r	mig_29kr_9_41r_fab_500m_62	2x fab 500m 62t; 2x fab 500 m62 x2
mig_29kr_9_41r	mig_29kr_9_41r_ofab_250sh	4x ofab 250sh x2
mig_29kr_9_41r	mig_29kr_9_41r_fab_500sh	2x fab 500sh; 2x fab 500sh x2
mig_29kr_9_41r	mig_29kr_9_41r_kab500kr_e	4x kab 500kr
mig_29kr_9_41r	mig_29kr_9_41r_zb500	4x zb 500
mig_29m_9_15	mig_29m_9_15_default	ptb
mig_29m_9_15	mig_29m_9_15_2x_r73_2x77_default	2x r73 default; 2x r77 default
mig_29m_9_15	mig_29m_9_15_8x_r73	2x r73 default; 6x r73
mig_29m_9_15	mig_29m_9_15_4x_r27t	4x r27t
mig_29m_9_15	mig_29m_9_15_4x_r27r	4x r27r
mig_29m_9_15	mig_29m_9_15_2x_r27et	2x r27et
mig_29m_9_15	mig_29m_9_15_2x_r27er	2x r27er
mig_29m_9_15	mig_29m_9_15_8x_r77	6x r77; 2x r77 default
mig_29m_9_15	mig_29m_9_15_4x_b8m1	4x b8m1 s 8ko
mig_29m_9_15	mig_29m_9_15_4x_c13	4x s 13
mig_29m_9_15	mig_29m_9_15_4x_s_24_b	4x s 24 b
mig_29m_9_15	mig_29m_9_15_4x_s_25_o	s 25 o slot3; s 25 o slot4; s 25 o slot6; s 25 o slot7
mig_29m_9_15	mig_29m_9_15_4x_kh_29td	4x kh 29td
mig_29m_9_15	mig_29m_9_15_kh_31p_111	kh 31p 111 slot3; kh 31p 111 slot4; kh 31p 111 slot6; kh 31p 111 slot7
mig_29m_9_15	mig_29m_9_15_kh_31p_112	kh 31p 112 slot3; kh 31p 112 slot4; kh 31p 112 slot6; kh 31p 112 slot7
mig_29m_9_15	mig_29m_9_15_kh_31p_113	kh 31p 113 slot3; kh 31p 113 slot4; kh 31p 113 slot6; kh 31p 113 slot7
mig_29m_9_15	mig_29m_9_15_kh_31a	kh 31a slot3; kh 31a slot4; kh 31a slot6; kh 31a slot7
mig_29m_9_15	mig_29m_9_15_16x_fab_100_120	4x fab 100 x4
mig_29m_9_15	mig_29m_9_15_8x_fab_250m_62	4x fab 250m 62 x2
mig_29m_9_15	mig_29m_9_15_8x_fab_500m_62	2x fab 500m 62t; 2x fab 500 m62 x2
mig_29m_9_15	mig_29m_9_15_8x_ofab_250sh	4x ofab 250sh x2
mig_29m_9_15	mig_29m_9_15_8x_fab_500sh	2x fab 500sh; 2x fab 500sh x2
mig_29m_9_15	mig_29m_9_15_kab500kr_e	4x kab 500kr
mig_29m_9_15	mig_29m_9_15_4x_zb500	4x zb 500
mig_29n	mig_29n_default	ptb
mig_29n	mig_29n_r73_default	2x r73 default; r77 default slot2; r77 default slot6
mig_29n	mig_29n_r73e	2x r73 default; 4x r73
mig_29n	mig_29n_r27t1	2x r27t1
mig_29n	mig_29n_r27r1	2x r27r1
mig_29n	mig_29n_r27er1	2x r27er1
mig_29n	mig_29n_r27et1	2x r27et1
mig_29n	mig_29n_6x_r77	r77 slot1; r77 default slot2; r77 slot3; r77 slot5; r77 default slot6; r77 slot7
mig_29n	mig_29n_b8m1	4x b8m1 s 8ko
mig_29n	mig_29n_s24	4x s24
mig_29n	mig_29n_fab_100_120	4x fab 100 x4
mig_29n	mig_29n_fab_250_m54	4x fab 250 m54
mig_29n	mig_29n_fab_250_m54_x2	4x fab 250 m54 x2
mig_29n	mig_29n_fab_250m_62	4x fab 250m 62
mig_29n	mig_29n_fab_250m_62_x2	4x fab 250m 62 x2
mig_29n	mig_29n_fab_500m_62	4x fab 500m 62t
mig_29n	mig_29n_fab_500m_62_x2	2x fab 500 m62 x2
mig_29n	mig_29n_fab_500_m54	4x fab 500 m54
mig_29n	mig_29n_fab_500_m54_x2	2x fab 500 m54 x2
mig_29n	mig_29n_ofab_250sh_x2	4x ofab 250sh x2
mig_29n	mig_29n_fab_500sh	2x fab 500sh; 2x fab 500sh x2
mig_29n	mig_29n_zb500	4x zb 500
mig_29smt_9_19	mig_29smt_9_19_default	ptb
mig_29smt_9_19	mig_29smt_9_19_r73_default	2x r73 default; 2x r77 default
mig_29smt_9_19	mig_29smt_9_19_r73	2x r73 default; 4x r73
mig_29smt_9_19	mig_29smt_9_19_r27t	2x r27t
mig_29smt_9_19	mig_29smt_9_19_r27r	2x r27r
mig_29smt_9_19	mig_29smt_9_19_r27et	2x r27et
mig_29smt_9_19	mig_29smt_9_19_r27er	2x r27er
mig_29smt_9_19	mig_29smt_9_19_6x_r77	4x r77; 2x r77 default
mig_29smt_9_19	mig_29smt_9_19_b8m1	4x b8m1 s 8ko
mig_29smt_9_19	mig_29smt_9_19_c13	4x c13
mig_29smt_9_19	mig_29smt_9_19_kh_29td	2x kh 29td
mig_29smt_9_19	mig_29smt_9_19_kh_31p_111	kh 31p 111 slot3; kh 31p 111 slot5
mig_29smt_9_19	mig_29smt_9_19_kh_31p_112	kh 31p 112 slot3; kh 31p 112 slot5
mig_29smt_9_19	mig_29smt_9_19_kh_31p_113	kh 31p 113 slot3; kh 31p 113 slot5
mig_29smt_9_19	mig_29smt_9_19_kh_31a	kh 31a slot3; kh 31a slot5
mig_29smt_9_19	mig_29smt_9_19_fab_100_120	4x fab 100 x4
mig_29smt_9_19	mig_29smt_9_19_fab_250m_62	4x fab 250m 62 x2
mig_29smt_9_19	mig_29smt_9_19_fab_500m_62	2x fab 500m 62t; 2x fab 500 m62 x2
mig_29smt_9_19	mig_29smt_9_19_ofab_250sh	4x ofab 250sh x2
mig_29smt_9_19	mig_29smt_9_19_fab_500sh	2x fab 500sh; 2x fab 500sh x2
mig_29smt_9_19	mig_29smt_9_19_kab500s	4x kab 500s
mig_29smt_9_19	mig_29smt_9_19_kab500kr_e	4x kab 500kr
mig_29smt_9_19	mig_29smt_9_19_zb500	4x zb 500
mig_29smt_9_19_killstreak	mig_29smt_9_19_killstreak_default	no suspended armament
mig_29smt_9_19_killstreak	mig_29smt_9_19_killstreak_rn_28	2x r73 default; 2x r77 default; rn 28; ptb
mig_29smt_9_19_killstreak	nt_mig_29smt_9_19_killstreak_rn_28_nt	2x r73 default; 2x r77 default; rn 28 nt; ptb
mig_29smt_9_19_killstreak	nt_mig_29smt_9_19_killstreak_rn_40	2x r73 default; 2x r77 default; rn 40; ptb
mig_29smt_9_19_missile_test	mig_29smt_9_19_6x_r77_default	4x r77; 2x r77 default
mig_29smt_9_19_missile_test	mig_29smt_9_19_4x_r77_2x_r73	2x r73 default; 2x r77 default; 2x r77
mig_29smt_9_19_missile_test	mig_29smt_9_19_2x_r77_4x_r27e_2x_r73	2x r73 default; 2x r77 default; 2x r27er
mig_3_series_1_15	mig_3_series_1_15_default	no suspended armament
mig_3_series_1_15_bk_pod	mig_3_series_1_15_default	no suspended armament
mig_3_series_34	mig_3_series_34_default	no suspended armament
mig-15	mig_15bis_nr23_default	no suspended armament
mig-15	mig_15bis_nr23_100lb_bombs	no suspended armament
mig-15	mig_15bis_16xs_5k_rockets	no suspended armament
mig-15	mig_15bis_16xs_5m_rockets	no suspended armament
mig-15	mig_15bis_2xs_21_rockets	no suspended armament
mig-15_ns23	mig_15bis_nr23_default	no suspended armament
mig-15_ns23	mig_15bis_nr23_100lb_bombs	no suspended armament
mig-15bis_ish	mig_15bis_ish_default	no suspended armament
mig-15bis_ish	mig_15bis_ish_100_bombs	no suspended armament
mig-15bis_ish	mig_15bis_ish_250_bombs	no suspended armament
mig-15bis_ish	mig_15bis_ish_500_bombs	no suspended armament
mig-15bis_ish	mig_15bis_ish_s5k_rockets	no suspended armament
mig-15bis_ish	mig_15bis_ish_s5m_rockets	no suspended armament
mig-15bis_ish	mig_15bis_ish_c1of_rockets	no suspended armament
mig-15bis_nr23_china	mig_15bis_nr23_default	no suspended armament
mig-15bis_nr23_china	mig_15bis_nr23_china_100kg_bombs	no suspended armament
mig-15bis_nr23_china	mig_15bis_16xs_5k_rockets	no suspended armament
mig-15bis_nr23_china	mig_15bis_16xs_5m_rockets	no suspended armament
mig-15bis_nr23_china	mig_15bis_2xs_21_rockets	no suspended armament
mig-15bis_nr23_german	mig_15bis_nr23_default	no suspended armament
mig-15bis_nr23_german	mig_15bis_nr23_100lb_bombs	no suspended armament
mig-15bis_nr23_german	mig_15bis_16xs_5k_rockets	no suspended armament
mig-15bis_nr23_german	mig_15bis_16xs_5m_rockets	no suspended armament
mig-15bis_nr23_german	mig_15bis_2xs_21_rockets	no suspended armament
mig-15bis_nr23_hungary	mig_15bis_nr23_default	no suspended armament
mig-15bis_nr23_hungary	mig_15bis_nr23_100lb_bombs	no suspended armament
mig-15bis_nr23_hungary	mig_15bis_16xs_5k_rockets	no suspended armament
mig-15bis_nr23_hungary	mig_15bis_16xs_5m_rockets	no suspended armament
mig-15bis_nr23_hungary	mig_15bis_2xs_21_rockets	no suspended armament
mig-15bis_ns23	mig_15bis_nr23_default	no suspended armament
mig-15bis_ns23	mig_15bis_nr23_100lb_bombs	no suspended armament
mig-15bis_ns23	mig_15bis_16xs_5k_rockets	no suspended armament
mig-15bis_ns23	mig_15bis_16xs_5m_rockets	no suspended armament
mig-15bis_ns23	mig_15bis_2xs_21_rockets	no suspended armament
mig-15bis_ns23_china	mig_15bis_nr23_default	no suspended armament
mig-15bis_ns23_china	mig_15bis_nr23_china_100kg_bombs	no suspended armament
mig-15bis_ns23_china	mig_15bis_16xs_5k_rockets	no suspended armament
mig-15bis_ns23_china	mig_15bis_16xs_5m_rockets	no suspended armament
mig-15bis_ns23_china	mig_15bis_2xs_21_rockets	no suspended armament
mig-17	mig_17_default	no suspended armament
mig-17	mig_17_bombs	no suspended armament
mig-17	mig_17_16xs_5k_rockets	no suspended armament
mig-17	mig_17_16xs_5m_rockets	no suspended armament
mig-17	mig_17_2xs_21_rockets	no suspended armament
mig-17_china	mig_17_default	no suspended armament
mig-17_china	mig_17_bombs	no suspended armament
mig-17_china	mig_17_16xs_5k_rockets	no suspended armament
mig-17_china	mig_17_16xs_5m_rockets	no suspended armament
mig-17_china	mig_17_2xs_21_rockets	no suspended armament
mig-17_cuba	mig_17_default	no suspended armament
mig-17_cuba	mig_17_bombs	no suspended armament
mig-17_cuba	mig_17_2xs_21_rockets	no suspended armament
mig-17_cuba	mig_17_2xr3s_rockets	no suspended armament
mig-17_f5	mig_17_default	no suspended armament
mig-17_f5	mig_17_6x250_bombs	no suspended armament
mig-17_f5	mig_17_2xpl2_rockets	no suspended armament
mig-17p_lim_5p	mig_17p_lim_5p_default	no suspended armament
mig-17pf_hungary	mig_17pf_hungary_default	no suspended armament
mig-17pf_hungary	mig_17pf_hungary_2x_ofab_250	no suspended armament
mig-19j_6a	mig_19j_6a_default	no suspended armament
mig-19j_6a	mig_19j_6a_pl2	2x pl2
mig-19j_6a	mig_19j_6a_oro57	4x oro57
mig-19j_6a	mig_19j_6a_ofab100	2x 100 2
mig-19j_6a	mig_19j_6a_ofab250	2x 250 2
mig-19pt	mig_19pt_default	no suspended armament
mig-19pt	mig_19pt_r3s	2x r3s
mig-19pt	mig_19pt_oro57	4x oro57
mig-19pt	mig_19pt_ofab100	2x fab100
mig-19pt	mig_19pt_ofab250	2x fab250
mig-19s	mig_19s_default	no suspended armament
mig-19s	mig_19s_ofab100_bombs	2x fab250
mig-19s	mig_19s_ofab250_bombs	2x fab100
mig-19s	mig_19s_s5k_rockets	4x oro57
mig-21_bis	mig_21_bis_default	ptb 490 slot1; ptb 490 slot3; ptb 490 slot5
mig-21_bis	mig_21_bis_default_2x_r13m	2x r3r default; 2x r60 default; ptb 490 slot3
mig-21_bis	mig_21_bis_4x_r3r	2x r3r default; r3r slot2; r3r slot4
mig-21_bis	mig_21_bis_4x_r3s	2x r3s default; 2x r3s
mig-21_bis	mig_21_bis_r13m_x4	4x r13m1
mig-21_bis	mig_21_bis_4x_r60m	2x r60; 2x r60 default
mig-21_bis	mig_21_bis_6x_r60m	2x r60; r60 left; r60 right
mig-21_bis	mig_21_bis_4x_ub16	ub16 slot1; ub16 slot2; ub16 slot4; ub16 slot5
mig-21_bis	mig_21_bis_2x_ub32	2x ub32
mig-21_bis	mig_21_bis_2x_ub32_2x_ub16	ub16 slot1; 2x ub32; ub16 slot5
mig-21_bis	mig_21_bis_s24	s24 slot1; s24 slot2; s24 slot4; s24 slot5
mig-21_bis	mig_21_bis_8xofab100	2x fab100; 2x fab100 x4
mig-21_bis	mig_21_bis_2x_ofab250m_62t	4x fab250
mig-21_bis	mig_21_bis_2x_ofab500m_62t	2x fab500
mig-21_bis	mig_21_bis_2x_zb_500	2x zb500
mig-21_bis_event	mig-21_bis_event_4x_r3r	2x r3r; 2x r3r default
mig-21_bis_event	mig-21_bis_event_4x_r3r_ptb	2x r3r; 2x r3r default; ptb 490 slot3
mig-21_bis_event	mig-21_bis_event_4x_r13	4x r13m1
mig-21_bis_event	mig-21_bis_event_4x_r13_ptb	4x r13m1; ptb 490 slot3
mig-21_bis_event	mig-21_bis_event_2x_r3r_r13	2x r3r; 2x r13m1
mig-21_bis_event	mig-21_bis_event_2x_r3r_2x_r13_ptb	2x r3r; 2x r13m1; ptb 490 slot3
mig-21_bis_lazur	mig_21_bis_lazur_default	2x r3r default; r60 left; ptb 490 slot3; r60 right
mig-21_bis_lazur	mig_21_bis_lazur_default_2x_r13m	2x r3r default; 2x r13m1; ptb 490 slot3
mig-21_bis_lazur	mig_21_bis_lazur_4x_r3s	4x r3s
mig-21_bis_lazur	mig_21_bis_lazur_4x_r3r	2x r3r default; r3r slot2; r3r slot4
mig-21_bis_lazur	mig_21_bis_lazur_r13m_x4	4x r13m1
mig-21_bis_lazur	mig_21_bis_lazur_4x_r60mk	4x r60
mig-21_bis_lazur	mig_21_bis_lazur_6x_r60mk	2x r60; r60 left; r60 right
mig-21_bis_lazur	mig_21_bis_lazur_4x_ub16	ub16 slot1; ub16 slot2; ub16 slot4; ub16 slot5
mig-21_bis_lazur	mig_21_bis_lazur_2x_ub32	r60 left; 2x ub32; r60 right
mig-21_bis_lazur	mig_21_bis_lazur_2x_ub32_2x_ub16	ub16 slot1; 2x ub32; ub16 slot5
mig-21_bis_lazur	mig_21_bis_lazur_s24	s24 slot1; s24 slot2; s24 slot4; s24 slot5
mig-21_bis_lazur	mig_21_bis_lazur_8xofab100	2x fab100; 2x fab100 x4
mig-21_bis_lazur	mig_21_bis_lazur_2x_ofab250m_62t	4x fab250
mig-21_bis_lazur	mig_21_bis_lazur_2x_ofab500m_62t	r60 left; 2x fab500; r60 right
mig-21_bis_lazur	mig_21_bis_lazur_2x_zb_500	r60 left; 2x zb500; r60 right
mig-21_bis_sau	mig_21_bis_sau_default	ptb 490 slot1; ptb 490 slot3; ptb 490 slot5
mig-21_bis_sau	mig_21_bis_sau_default_2x_r13m	2x r3r default; 2x r60 default; ptb 490 slot3
mig-21_bis_sau	mig_21_bis_sau_4x_r3s	2x r3s default; 2x r3s
mig-21_bis_sau	mig_21_bis_sau_4x_r3r	2x r3r default; r3r slot2; r3r slot4
mig-21_bis_sau	mig_21_bis_sau_r13m_x4	4x r13m1
mig-21_bis_sau	mig_21_bis_sau_4x_r60	2x r60; 2x r60 default
mig-21_bis_sau	mig_21_bis_sau_6x_r60	2x r60; r60 left; r60 right
mig-21_bis_sau	mig_21_bis_sau_4x_ub16	ub16 slot1; ub16 slot2; ub16 slot4; ub16 slot5
mig-21_bis_sau	mig_21_bis_sau_2x_ub32	2x ub32
mig-21_bis_sau	mig_21_bis_sau_2x_ub32_2x_ub16	ub16 slot1; 2x ub32; ub16 slot5
mig-21_bis_sau	mig_21_bis_sau_s24	s24 slot1; s24 slot2; s24 slot4; s24 slot5
mig-21_bis_sau	mig_21_bis_8xofab100	2x fab100; 2x fab100 x4
mig-21_bis_sau	mig_21_bis_2x_ofab250m_62t	4x fab250
mig-21_bis_sau	mig_21_bis_2x_ofab500m_62t	2x fab500
mig-21_bis_sau	mig_21_bis_2x_zb_500	2x zb500
mig-21_bis_sau	mig_21_bis_ltc	ltc
mig-21_bis_sau_hungary	mig_21_bis_sau_default	ptb 490 slot1; ptb 490 slot3; ptb 490 slot5
mig-21_bis_sau_hungary	mig_21_bis_sau_default_2x_r13m	2x r3r default; 2x r60 default; ptb 490 slot3
mig-21_bis_sau_hungary	mig_21_bis_sau_4x_r3s	2x r3s default; 2x r3s
mig-21_bis_sau_hungary	mig_21_bis_sau_4x_r3r	2x r3r default; r3r slot2; r3r slot4
mig-21_bis_sau_hungary	mig_21_bis_sau_r13m_x4	4x r13m1
mig-21_bis_sau_hungary	mig_21_bis_sau_4x_r60	2x r60; 2x r60 default
mig-21_bis_sau_hungary	mig_21_bis_sau_6x_r60	2x r60; r60 left; r60 right
mig-21_bis_sau_hungary	mig_21_bis_sau_4x_ub16	ub16 slot1; ub16 slot2; ub16 slot4; ub16 slot5
mig-21_bis_sau_hungary	mig_21_bis_sau_2x_ub32	2x ub32
mig-21_bis_sau_hungary	mig_21_bis_sau_2x_ub32_2x_ub16	ub16 slot1; 2x ub32; ub16 slot5
mig-21_bis_sau_hungary	mig_21_bis_sau_s24	s24 slot1; s24 slot2; s24 slot4; s24 slot5
mig-21_bis_sau_hungary	mig_21_bis_8xofab100	2x fab100; 2x fab100 x4
mig-21_bis_sau_hungary	mig_21_bis_2x_ofab250m_62t	4x fab250
mig-21_bis_sau_hungary	mig_21_bis_2x_ofab500m_62t	2x fab500
mig-21_bis_sau_hungary	mig_21_bis_2x_zb_500	2x zb500
mig-21_bis_sau_hungary	mig_21_bis_ltc	ltc
mig-21_bison	mig_21_bison_default	ptb 490 slot1; 2x r27r; ptb 490 slot3; ptb 490 slot5
mig-21_bison	mig_21_bison_ub16	4x ub16
mig-21_bison	mig_21_bison_ub32	2x r73; 2x ub32
mig-21_bison	mig_21_bison_s24	4x s24
mig-21_bison	mig_21_bison_b8m1	2x r73; 2x b8m1
mig-21_bison	mig_21_bison_r_73	2x r73
mig-21_bison	mig_21_bison_r_27r	2x r27r
mig-21_bison	mig_21_bison_r_27t	2x r27t
mig-21_bison	mig_21_bison_r_27r_r73	2x r73; 2x r27r
mig-21_bison	mig_21_bison_r_27t_r73	2x r73; 2x r27t
mig-21_bison	mig_21_bison_ofab100	2x r73; 2x fab100 x4
mig-21_bison	mig_21_bison_mk82	4x mk82
mig-21_bison	mig_21_bison_ofab250m_62t	4x fab250
mig-21_bison	mig_21_bison_mk83	2x r73; 2x mk83
mig-21_bison	mig_21_bison_ofab500m_62t	2x r73; 2x fab500
mig-21_bison	mig_21_bison_kab_500kr	2x kab500kr
mig-21_bison	mig_21_bison_kab_500kr_r_73	2x r73; 2x kab500kr
mig-21_bison	mig_21_bison_zb_500	2x zb500
mig-21_f13	mig_21_f13_default	ptb
mig-21_f13	mig_21_f13_r3s_x2	2x r3s
mig-21_f13	mig_21_f13_s5	2x ub16
mig-21_f13	mig_21_f13_s_24	2x s24
mig-21_f13	mig_21_f13_ofab250_bombs	2x fab250
mig-21_f13	mig_21_f13_ofab500_bombs	2x fab500
mig-21_f13	mig_21_f13_zb_360	2x zb360
mig-21_mf	mig_21_mf_default	ptb 490 slot1; ptb 490 slot3; ptb 490 slot5
mig-21_mf	mig_21_mf_default_2x_r3s	ptb 490 slot1; 2x r3s default; ltc slot3; ptb 490 slot5
mig-21_mf	mig_21_mf_default_2x_r3r	ptb 490 slot1; 2x r3r default; ltc slot3; ptb 490 slot5
mig-21_mf	mig_21_mf_4x_r3s	2x r3s; 2x r3s default
mig-21_mf	mig_21_mf_4x_r3r	2x r3r; 2x r3r default
mig-21_mf	mig_21_mf_4x_r60	4x r60
mig-21_mf	mig_21_mf_s24	4x s24
mig-21_mf	mig_21_mf_4x_ub16	4x ub16
mig-21_mf	mig_21_mf_2x_ub32	2x ub32
mig-21_mf	mig_21_mf_4x_ofab250_bombs	4x fab250
mig-21_mf	mig_21_mf_ltc	ltc slot3
mig-21_mf_hungary	mig_21_mf_default	ptb 490 slot1; ptb 490 slot3; ptb 490 slot5
mig-21_mf_hungary	mig_21_mf_default_2x_r3s	ptb 490 slot1; 2x r3s default; ltc slot3; ptb 490 slot5
mig-21_mf_hungary	mig_21_mf_default_2x_r3r	ptb 490 slot1; 2x r3r default; ltc slot3; ptb 490 slot5
mig-21_mf_hungary	mig_21_mf_4x_r3s	2x r3s; 2x r3s default
mig-21_mf_hungary	mig_21_mf_4x_r3r	2x r3r; 2x r3r default
mig-21_mf_hungary	mig_21_mf_4x_r60	4x r60
mig-21_mf_hungary	mig_21_mf_s24	4x s24
mig-21_mf_hungary	mig_21_mf_4x_ub16	4x ub16
mig-21_mf_hungary	mig_21_mf_2x_ub32	2x ub32
mig-21_mf_hungary	mig_21_mf_4x_ofab250_bombs	4x fab250
mig-21_mf_hungary	mig_21_mf_ltc	ltc slot3
mig-21_pfm	mig-21_pfm_default	gsh 23l common
mig-21_pfm	mig-21_pfm_ptb	2x r3s; ptb
mig-21_pfm	mig-21_pfm_2x_r3s	2x r3s; gsh 23l common
mig-21_pfm	mig-21_pfm_2x_ub16	2x ub16; gsh 23l common
mig-21_pfm	mig-21_pfm_2x_s24	2x s24; gsh 23l common
mig-21_pfm	mig-21_pfm_2x_kh66	2x kh66; gsh 23l common
mig-21_pfm	mig-21_pfm_2x_ofab250_bombs	2x fab250; gsh 23l common
mig-21_pfm	mig-21_pfm_2x_ofab500_bombs	2x fab500; gsh 23l common
mig-21_pfm	mig_21_pfm_zb_360	2x zb360
mig-21_s	mig_21_s_default	2x r3s; 2x r3r; gsh 23l common
mig-21_s	mig_21_s_ptb	ptb slot1; 2x r3s default; ptb slot3; ptb slot5
mig-21_s	mig_21_s_default_2x_r3s	2x r3s default; gsh 23l common
mig-21_s	mig_21_s_4x_r3s	2x r3s; 2x r3s default
mig-21_s	mig_21_s_4x_r3r	4x r3r
mig-21_s	mig_21_s_4x_ub16	4x ub16; gsh 23l common
mig-21_s	mig_21_s_s24	2x s24; gsh 23l common
mig-21_s	mig_21_s_4x_ofab250_bombs	2x fab250; gsh 23l common
mig-21_s	mig_21_s_2x_ofab500_bombs	2x r3s; 2x fab500; gsh 23l common
mig-21_s	mig_21_zb_500	2x r3s; 2x zb500; gsh 23l common
mig-21_smt	mig_21_smt_default	ptb 490 slot1; ptb 490 slot3; ptb 490 slot5
mig-21_smt	mig_21_smt_default_2x_r3s	2x r3s default; ltc slot3
mig-21_smt	mig_21_smt_default_2x_r3r	2x r3r default; ltc slot3
mig-21_smt	mig_21_smt_4x_r3s	2x r3s; 2x r3s default
mig-21_smt	mig_21_smt_4x_r3r	2x r3r; 2x r3r default
mig-21_smt	mig_21_smt_4x_r60	4x r60
mig-21_smt	mig_21_smt_4x_ub16	4x ub16
mig-21_smt	mig_21_smt_2x_ub32	2x ub32
mig-21_smt	mig_21_smt_s24	4x s24
mig-21_smt	mig_21_smt_4x_ofab250_bombs	4x fab250
mig-21_smt	mig_21_smt_2x_ofab500_bombs	2x fab500
mig-21_smt	mig_21_smt_2x_zb_500	2x zb500
mig-21_sps_k	mig-21_sps_k_default	gsh 23l
mig-21_sps_k	mig-21_sps_k_ptb	2x r60; ptb
mig-21_sps_k	mig-21_sps_k_4x_r3s	2x r3s x2
mig-21_sps_k	mig-21_sps_k_4x_r3r	2x r3r x2
mig-21_sps_k	mig-21_sps_k_2x_r3s_2x_r3r	2x r3r x2 r3s x2
mig-21_sps_k	mig_21_sps_k_2x_r13m	2x r13m1; ltc
mig-21_sps_k	mig_21_sps_k_2x_r60	2x r60; ltc
mig-21_sps_k	mig-21_sps_k_2x_ub32	2x ub32
mig-21_sps_k	mig-21_sps_k_2x_s24	2x s24
mig-21_sps_k	mig-21_sps_k_2x_ofab250_bombs	2x fab250
mig-21_sps_k	mig-21_sps_k_2x_ofab500_bombs	2x fab500
mig-21_sps_k	mig-mig_21_sps_k_2x_r60_ghs_23l	2x r60; gsh 23l
mig-21_sps_k	mig_21_sps_k_2x_r3s_2x_r3r_gsh_23l	2x r3r x2 r3s x2; gsh 23l
mig-9	mig_9_default	no suspended armament
mig-9_china	mig_9_default	no suspended armament
mig-9_late_china	mig_9_ussr_default	no suspended armament
mig-9_ussr	mig_9_ussr_default	no suspended armament
mirage_2000_5ei	mirage_2000_5ei_default	ptb
mirage_2000_5ei	mirage_2000_5ei_r_550_magic_2_default	2x r550 magic 2 default; 2x mica em default
mirage_2000_5ei	mirage_2000_5ei_r_550_magic_2	2x r550 magic 2 default; 2x r550 magic 2
mirage_2000_5ei	mirage_2000_5ei_6x_mica_em	4x mica em; 2x mica em default
mirage_2000_5f	mirage_2000_5f_default	ptb
mirage_2000_5f	mirage_2000_5f_r_550_magic_2_default	2x r550 magic 2 default; 2x mica em default
mirage_2000_5f	mirage_2000_5f_r_550_magic_2	2x r550 magic 2 default; 2x r550 magic 2
mirage_2000_5f	mirage_2000_5f_matra_super_530f	2x matra super 530f
mirage_2000_5f	mirage_2000_5f_matra_super_530d	2x matra super 530d
mirage_2000_5f	mirage_2000_5f_6x_mica_em	4x mica em; 2x mica em default
mirage_2000_5f	mirage_2000_5f_matra_super_250_samp_type_25	9x bomb 250
mirage_2000_5f	mirage_2000_5f_mk82	8x us 500lb mk 82 ldgp; us 500lb mk 82 ldgp x2
mirage_2000_5f	mirage_2000_5f_matra_super_250_samp_type_25_200	9x bomb 250 200
mirage_2000_5f	mirage_2000_5f_mk82_snakeye	8x us 500lb mk 82 ldgp snakeye; us 500lb mk 82 ldgp x2 snakeye
mirage_2000_5f	mirage_2000_5f_matra_lr_f4	4x lr f4
mirage_2000_5f	mirage_2000_5f_gbu_12	3x us gbu 12; us gbu 12 x2; damocles
mirage_2000_5f	mirage_2000_5f_gbu_16	us gbu 16; damocles
mirage_2000_5f	mirage_2000_5f_gbu_24	us gbu 24; damocles
mirage_2000_5f	mirage_2000_5f_bgl_1000	fr bgl1000; damocles
mirage_2000_5f	mirage_2000_5f_pgm_500_laser	2x pgm 500 laser; pgm 500 laser centr; damocles
mirage_2000_5f	mirage_2000_5f_pgm_2000_laser	pgm 2000 laser; damocles
mirage_2000_5f	mirage_2000_5f_pgm_500	2x pgm 500; pgm 500 centr
mirage_2000_5f	mirage_2000_5f_pgm_2000	pgm 2000
mirage_2000_5f	mirage_2000_5f_as_30l	2x as 30l; damocles
mirage_2000_5f	mirage_2000_5f_cc_630_gunpod	cc 630 gunpod
mirage_2000_5f	mirage_2000_5f_as_37	2x as 37
mirage_2000_5f_missile_test	mirage_2000_5f_4x_mica_em_2x_r_550_magic_2_default	2x r550 magic 2 default; 2x mica em default; 2x mica em
mirage_2000c_s4	mirage_2000c_s4_default	ptb
mirage_2000c_s4	mirage_2000c_s4_r_550_magic	2x r550 magic 1; 2x matra super 530f
mirage_2000c_s4	mirage_2000c_s4_r_550_magic_2	2x r550 magic 2
mirage_2000c_s4	mirage_2000c_s4_matra_lr_f4	4x lr f4
mirage_2000c_s4	mirage_2000c_s4_matra_super_530f	2x matra super 530f
mirage_2000c_s4	mirage_2000c_s4_matra_super_530d	2x matra super 530d
mirage_2000c_s4	mirage_2000c_s4_matra_super_250_samp_type_25	7x bomb 250
mirage_2000c_s4	mirage_2000c_s4_matra_super_250_samp_type_25_200	7x bomb 250 200
mirage_2000c_s4	mirage_2000c_s4_as_37	2x as 37
mirage_2000c_s5	mirage_2000c_s5_default	ptb
mirage_2000c_s5	mirage_2000c_s5_r_550_magic	2x r550 magic 1; 2x matra super 530f
mirage_2000c_s5	mirage_2000c_s5_r_550_magic_2	2x r550 magic 2
mirage_2000c_s5	mirage_2000c_s5_matra_lr_f4	4x lr f4
mirage_2000c_s5	mirage_2000c_s5_matra_super_530f	2x matra super 530f
mirage_2000c_s5	mirage_2000c_s5_matra_super_530d	2x matra super 530d
mirage_2000c_s5	mirage_2000c_s5_matra_super_250_samp_type_25	7x bomb 250
mirage_2000c_s5	mirage_2000c_s5_matra_super_250_samp_type_25_200	7x bomb 250 200
mirage_2000c_s5	mirage_2000c_s5_as_37	2x as 37
mirage_2000d_r1	mirage_2000d_r1_default	ptb
mirage_2000d_r1	mirage_2000d_r1_cc_630_gunpod	cc 630 gunpod
mirage_2000d_r1	mirage_2000d_r1_matra_super_250_samp_type_25_default	5x bomb 250 default
mirage_2000d_r1	mirage_2000d_r1_r_550_magic_2	2x r550 magic 2
mirage_2000d_r1	mirage_2000d_r1_matra_lr_f4	4x lr f4
mirage_2000d_r1	mirage_2000d_r1_matra_super_250_samp_type_25	5x bomb 250 default; 4x bomb 250
mirage_2000d_r1	mirage_2000d_r1_mk82	8x us 500lb mk 82 ldgp; us 500lb mk 82 ldgp x2
mirage_2000d_r1	mirage_2000d_r1_matra_super_250_samp_type_25_200	9x bomb 250 200
mirage_2000d_r1	mirage_2000d_r1_mk82_snakeye	8x us 500lb mk 82 ldgp snakeye; us 500lb mk 82 ldgp x2 snakeye
mirage_2000d_r1	mirage_2000d_r1_gbu_12	us gbu 12 x2; pdlct s
mirage_2000d_r1	mirage_2000d_r1_gbu_16	us gbu 16; pdlct s
mirage_2000d_r1	mirage_2000d_r1_gbu_24	us gbu 24; pdlct s
mirage_2000d_r1	mirage_2000d_r1_bgl_1000	fr bgl1000; pdlct s
mirage_2000d_r1	mirage_2000d_r1_bgl_400	2x bgl 400; pdlct s
mirage_2000d_r1	mirage_2000d_r1_as_30l	2x as 30l; pdlct s
mirage_2000d_r1	mirage_2000d_r1_as_37	2x as 37
mirage_2000d_rmv	mirage_2000d_rmv_default	2x r550 magic 2; cc 422 gunpod; ptb
mirage_2000d_rmv	mirage_2000d_rmv_r_550_magic_2	2x r550 magic 2
mirage_2000d_rmv	mirage_2000d_rmv_cc_422_gunpod	cc 422 gunpod
mirage_2000d_rmv	mirage_2000d_rmv_matra_lr_f4	4x lr f4
mirage_2000d_rmv	mirage_2000d_rmv_matra_super_250_samp_type_25	fr 250 slot1; fr 250 slot2; fr 250 slot3; fr 250 slot4; fr 250 slot5; fr 250 slot6; fr 250 slot7; fr 250 slot8; fr 250 slot9
mirage_2000d_rmv	mirage_2000d_rmv_mk82	mk82 slot1; mk82 slot2; mk82 slot3; mk82 slot4; mk82 x2 slot5; mk82 slot6; mk82 slot7; mk82 slot8; mk82 slot9
mirage_2000d_rmv	mirage_2000d_rmv_matra_super_250_samp_type_25_200	fr 250 drag slot1; fr 250 drag slot2; fr 250 drag slot3; fr 250 drag slot4; fr 250 drag slot5; fr 250 drag slot6; fr 250 drag slot7; fr 250 drag slot8; fr 250 drag slot9
mirage_2000d_rmv	mirage_2000d_rmv_mk82_snakeye	mk82 snakeye slot1; mk82 snakeye slot2; mk82 snakeye slot3; mk82 snakeye slot4; mk82 snakeye x2 slot5; mk82 snakeye slot6; mk82 snakeye slot7; mk82 snakeye slot8; mk82 snakeye slot9
mirage_2000d_rmv	mirage_2000d_rmv_gbu_12	gbu 12 slot2; gbu 12 slot4; gbu 12 x2 slot5; damocles; gbu 12 slot8
mirage_2000d_rmv	mirage_2000d_rmv_gbu_49	gbu 49 slot2; gbu 49 slot4; gbu 49 x2 slot5; damocles; gbu 49 slot8
mirage_2000d_rmv	mirage_2000d_rmv_gbu_48	gbu 48 slot5; damocles
mirage_2000d_rmv	mirage_2000d_rmv_gbu_50	gbu 50 slot5; damocles
mirage_2000d_rmv	mirage_2000d_rmv_gbu_24	gbu 24 slot5; damocles
mirage_2000d_rmv	mirage_2000d_rmv_bgl_1000	fr bgl1000 slot5; damocles
mirage_2000d_rmv	mirage_2000d_rmv_bgl_400	bgl 400 slot2; damocles; bgl 400 slot8
mirage_2000d_rmv	mirage_2000d_rmv_pgm_500_laser	pgm 500 laser slot2; pgm 500 laser slot4; damocles; pgm 500 laser slot8
mirage_2000d_rmv	mirage_2000d_rmv_pgm_2000_laser	pgm 2000 laser slot2; pgm 2000 laser slot5; damocles; pgm 2000 laser slot8
mirage_2000d_rmv	mirage_2000d_rmv_pgm_500	pgm 500 slot2; pgm 500 slot4; pgm 500 slot6; pgm 500 slot8
mirage_2000d_rmv	mirage_2000d_rmv_pgm_2000	pgm 2000 slot2; pgm 2000 slot5; pgm 2000 slot8
mirage_2000d_rmv	mirage_2000d_rmv_as_30l	as 30l slot2; damocles; as 30l slot8
mirage_2000d_rmv	mirage_2000d_rmv_aasm_250_sbu_38	aasm 250 sbu 38 slot2; aasm 250 sbu 38 slot3; aasm 250 sbu 38 slot4; aasm 250 sbu 38 x2 slot5; aasm 250 sbu 38 slot6; aasm 250 sbu 38 slot7; aasm 250 sbu 38 slot8
mirage_2000d_rmv	mirage_2000d_rmv_aasm_250_sbu_64	aasm 250 sbu 64 slot2; aasm 250 sbu 64 slot3; aasm 250 sbu 64 slot4; aasm 250 sbu 64 x2 slot5; aasm 250 sbu 64 slot6; aasm 250 sbu 64 slot7; aasm 250 sbu 64 slot8
mirage_2000d_rmv	mirage_2000d_rmv_aasm_250_sbu_54	aasm 250 sbu 54 slot2; aasm 250 sbu 54 slot3; aasm 250 sbu 54 slot4; aasm 250 sbu 54 x2 slot5; damocles; aasm 250 sbu 54 slot7; aasm 250 sbu 54 slot8
mirage_2000d_rmv	mirage_2000d_rmv_as_37	as 37 slot2; as 37 slot8
mirage_3c	mirage_3c_default	ptb 1300 slot2; defa; ptb 1300 slot6
mirage_3c	mirage_3c_sepr_841	booster tank; booster
mirage_3c	mirage_3c_2xaim9b	2x aim 9b
mirage_3c	mirage_3c_2xr550_magic	2x r 550 magic
mirage_3c	mirage_3c_1xr530	r 530 matra radar
mirage_3c	mirage_3c_r511	r 511
mirage_3c	mirage_3c_1xr530e	r 530 matra ir
mirage_3c	mirage_3c_2x250kg	pm3 fr 250
mirage_3c	mirage_3c_2x400kg	pm3 fr 400
mirage_3c	mirage_3c_2x250kg_200	pm3 fr 250 200
mirage_3c	mirage_3c_2x400kg_200	pm3 fr 400 200
mirage_3c	mirage_3c_lau_32	2x lau 32 fz
mirage_3c	mirage_3c_jl100r	2x jl 100r
mirage_3c	mirage_3c_as30	as 30
mirage_3cj	mirage_3cj_default	ptb 880
mirage_3cj	mirage_3cj_2xshafrir2	2x shafrir 2
mirage_3cj	mirage_3cj_2xaim9d	2x aim9d
mirage_3cj	mirage_3cj_r530	r 530 matra radar
mirage_3cj	mirage_3cj_r530e	r 530 matra ir
mirage_3cj	mirage_3cj_2x250kg	pm3 fr 250
mirage_3cj	mirage_3cj_2x400kg	pm3 fr 400
mirage_3cj	mirage_3cj_2x250kg_200	pm3 fr 250 200
mirage_3cj	mirage_3cj_2x400kg_200	pm3 fr 400 200
mirage_3e	mirage_3e_default	ptb 1700 slot2; defa; ptb 1700 slot6
mirage_3e	mirage_3e_sepr_841	booster tank; booster
mirage_3e	mirage_3e_2xaim9b	2x aim 9b
mirage_3e	mirage_3e_2xr550_magic	2x r 550 magic
mirage_3e	mirage_3e_1xr530	r 530 matra radar
mirage_3e	mirage_3e_1xr530e	r 530 matra ir
mirage_3e	mirage_3e_2x250kg	pm3 fr 250
mirage_3e	mirage_3e_2x400kg	pm3 fr 400
mirage_3e	mirage_3e_2x250kg_200	pm3 fr 250 200
mirage_3e	mirage_3e_2x400kg_200	pm3 fr 400 200
mirage_3e	mirage_3e_lau_32	2x lau 32 fz
mirage_3e	mirage_3e_jl100r	2x jl 100r
mirage_3e	mirage_3e_as30	as 30
mirage_3s_c70_switzerland	mirage_3s_c70_switzerland_default	defa
mirage_3s_c70_switzerland	mirage_3s_c70_switzerland_sepr_841	defa; booster
mirage_3s_c70_switzerland	mirage_3s_c70_switzerland_2x_falcon	2x sws flz lwf ll 64
mirage_3s_c70_switzerland	mirage_3s_c70_switzerland_2xaim9e	2x sws flz lwf 63 75; ptb 880 slot5
mirage_3s_c70_switzerland	mirage_3s_c70_switzerland_2x400kg	pm3 sws 400
mirage_4000	mirage_4000_default	ptb 1; ptb 2
mirage_4000	mirage_4000_r_550_magic_2_default	2x r550 magic 2 default; 2x matra super 530d default
mirage_4000	mirage_4000_r_550_magic_2	2x r550 magic 2 default; 4x r550 magic 2
mirage_4000	mirage_4000_r_550_magic_2_x8	2x r550 magic 2 default; 2x r550 magic 2; r550 magic 2 x2 left wing; r550 magic 2 x2 right wing
mirage_4000	mirage_4000_r_550_magic_2_x8_ptb	2x r550 magic 2 default; 2x r550 magic 2; ptb 2 matra550 left wing; ptb 2 matra550 right wing
mirage_4000	mirage_4000_matra_lr_f4	4x lr f4
mirage_4000	mirage_4000_as30l	4x as 30l; atlis2
mirage_4000	mirage_4000_matra_super_530f	4x matra super 530f
mirage_4000	mirage_4000_matra_super_530d	2x matra super 530d default; 2x matra super 530d
mirage_4000	mirage_4000_250_samp_type_25	8x bomb 250; bomb 250 x9
mirage_4000	mirage_4000_250_samp_type_25_200	8x bomb 250 200; bomb 250 200 x9
mirage_4000	mirage_4000_mk83	4x mk83; mk83 x2
mirage_4000	mirage_4000_mk84	4x mk84; mk84 x2
mirage_4000	mirage_4000_bgl1000	atlis2; fr bgl1000 x2
mirage_4000	mirage_4000_ltc	2x ltc
mirage_4000	mirage_4000_as37	4x as 37
mirage_5ba	mirage_5ba_default	ptb 1; ptb 2
mirage_5ba	mirage_5ba_2xaim9b	2x aim 9b
mirage_5ba	mirage_5ba_2xaim9j	2x aim 9j
mirage_5ba	mirage_5ba_10x250kg	rpk10 fr 250 samp type 25 x4 left wing; pm3 fr 250; rpk10 fr 250 samp type 25 x4 right wing
mirage_5ba	mirage_5ba_2x400kg	pm3 fr 400
mirage_5ba	mirage_5ba_2x250kg_200	pm3 fr 250 200
mirage_5ba	mirage_5ba_2x400kg_200	pm3 fr 400 200
mirage_5ba	mirage_5ba_lau_32	2x lau 32 fz
mirage_5ba	mirage_5ba_jl100r	2x jl 100r
mirage_5f	mirage_5f_default	ptb 1700 slot2; ptb 1700 slot6
mirage_5f	mirage_5f_2xr550_magic	2x r 550 magic
mirage_5f	mirage_5f_2xaim_9b	2x aim 9b
mirage_5f	mirage_5f_as30	as 30
mirage_5f	mirage_5f_120kg	2x fr 120kg
mirage_5f	mirage_5f_250kg	rpk10 fr 250 samp type 25 x4 left wing; 2x fr 250kg type 25c; pm3 fr 250; rpk10 fr 250 samp type 25 x4 right wing
mirage_5f	mirage_5f_400kg	rpk10 fr 400 samp type 21 x2 left wing; 2x fr 400kg type 21b; pm3 fr 400; rpk10 fr 400 samp type 21 x2 right wing
mirage_5f	mirage_5f_250kg_200	2x fr 250kg type 25c 200; pm3 fr 250 200
mirage_5f	mirage_5f_400kg_200	2x fr 400kg type 21b 200; pm3 fr 400 200
mirage_5f	mirage_5f_sneb	2x jl 100r
mirage_5f	mirage_5f_sneb_36	2x jl 100r 36
mirage_5f	mirage_5f_ffar	2x lau 32 fz
mirage_f1c	mirage_f1c_default	wing left rocket r550 magic 2; ptb rp35 slot3; ptb rp35 slot4; ptb rp35 slot5; wing right rocket r550 magic 2
mirage_f1c	mirage_f1c_matra_lr_f1	4x containers matra lr f1
mirage_f1c	mirage_f1c_matra_lr_f4	4x containers matra lr f4
mirage_f1c	mirage_f1c_gunpods	wing left middle cc420; wing right middle cc420
mirage_f1c	mirage_f1c_5x_250_samp_type_25	wing left rocket r550 magic 2; wing left 1 bomb 250 samp; wing right 1 bomb 250 samp; wing left middle bomb 250 samp; wing right middle bomb 250 samp; fuse bomb 250 samp; wing right rocket r550 magic 2
mirage_f1c	mirage_f1c_5x_400_samp_type_21	wing left rocket r550 magic 2; wing left 1 bomb 400 samp; wing right 1 bomb 400 samp; wing left middle bomb 400 samp; wing right middle bomb 400 samp; fuse bomb 400 samp; wing right rocket r550 magic 2
mirage_f1c	mirage_f1c_5x_250_samp_type_25_200	wing left rocket r550 magic 2; wing left 1 bomb 250 samp 200; wing right 1 bomb 250 samp 200; wing left middle bomb 250 samp 200; wing right middle bomb 250 samp 200; fuse bomb 250 samp 200; wing right rocket r550 magic 2
mirage_f1c	mirage_f1c_5x_400_samp_type_21_200	wing left rocket r550 magic 2; wing left 1 bomb 400 samp 200; wing right 1 bomb 400 samp 200; wing left middle bomb 400 samp 200; wing right middle bomb 400 samp 200; fuse bomb 400 samp 200; wing right rocket r550 magic 2
mirage_f1c	mirage_f1c_3x_1000kg_mk84	wing left rocket r550 magic 2; wing left middle bomb 1000kg samp mk84; wing right middle bomb 1000kg samp mk84; fuse bomb 1000kg samp mk84; wing right rocket r550 magic 2
mirage_f1c	mirage_f1c_fr_r_550_magic	wing left rocket r550 magic 1; wing right rocket r550 magic 1
mirage_f1c	mirage_f1c_fr_r_550_magic2	wing left rocket r550 magic 2; wing right rocket r550 magic 2
mirage_f1c	mirage_f1c_3x_matra_530	wing left middle rocket r530 matra ir; wing right middle rocket r530 matra ir; fuse rocket r530 matra radar
mirage_f1c	mirage_f1c_2x530	2x wing right 2 rocket matra super 530f
mirage_f1c	mirage_f1c_2x_550_2x_530f_1x_530r	wing left rocket r550 magic 1; wing right rocket r550 magic 1; 2x wing right 2 rocket matra super 530f; fuse rocket r530 matra radar
mirage_f1c	mirage_f1c_gunpods_r550_r530e	wing left rocket r550 magic 1; wing right rocket r550 magic 1; wing left middle cc420; wing right middle cc420; fuse rocket r530 matra ir
mirage_f1c	mirage_f1c_2x_550_magic2_2x_530f_1x_530r	wing left rocket r550 magic 2; wing right rocket r550 magic 2; 2x wing right 2 rocket matra super 530f; fuse rocket r530 matra radar
mirage_f1c	mirage_f1c_gunpods_r550_magic2_r530e	wing left rocket r550 magic 2; wing right rocket r550 magic 2; wing left middle cc420; wing right middle cc420; fuse rocket r530 matra ir
mirage_f1c	mirage_f1c_530_ir_center	fuse rocket r530 matra ir
mirage_f1c	mirage_f1c_530_radar_center	fuse rocket r530 matra radar
mirage_f1c	mirage_f1c_2xmagic_2x530	wing left rocket r550 magic 1; wing right rocket r550 magic 1; 2x wing right 2 rocket matra super 530f
mirage_f1c	mirage_f1c_2x_magic_5x_400	wing left rocket r550 magic 1; wing right rocket r550 magic 1; wing left 1 bomb 400 samp; wing right 1 bomb 400 samp; wing left middle bomb 400 samp; wing right middle bomb 400 samp; fuse bomb 400 samp
mirage_f1c	mirage_f1c_2x_magic_4x_ir_f1	wing left rocket r550 magic 1; wing right rocket r550 magic 1; 4x containers matra lr f1
mirage_f1c	mirage_f1c_1000kg_mk84_sneb23_r550	wing left rocket r550 magic 1; wing right rocket r550 magic 1; 2x containers matra lr f1; fuse bomb 1000kg samp mk84
mirage_f1c	mirage_f1c_fr_400_samp_r550_gunpod_sneb	wing left rocket r550 magic 1; wing right rocket r550 magic 1; fuse bomb 400 samp; wing left middle cc420; wing right middle cc420; 2x containers matra lr f4
mirage_f1c	mirage_f1c_2xmagic2_2x530	wing left rocket r550 magic 2; wing right rocket r550 magic 2; 2x wing right 2 rocket matra super 530f
mirage_f1c	mirage_f1c_2xmagic2_5x_400	wing left rocket r550 magic 2; wing right rocket r550 magic 2; wing left 1 bomb 400 samp; wing right 1 bomb 400 samp; wing left middle bomb 400 samp; wing right middle bomb 400 samp; fuse bomb 400 samp
mirage_f1c	mirage_f1c_2x_magic2_4x_ir_f1	wing left rocket r550 magic 2; wing right rocket r550 magic 2; 4x containers matra lr f1
mirage_f1c	mirage_f1c_1000kg_mk84_sneb23_r550_magic2	wing left rocket r550 magic 2; wing right rocket r550 magic 2; 2x containers matra lr f1; fuse bomb 1000kg samp mk84
mirage_f1c	mirage_f1c_fr_400_samp_r550_magic2_gunpod_sneb	wing left rocket r550 magic 2; wing right rocket r550 magic 2; fuse bomb 400 samp; wing left middle cc420; wing right middle cc420; 2x containers matra lr f4
mirage_f1c	mirage_f1c_5x_500kg	wing left 1 bomb 500kg samp mk83; wing left middle bomb 500kg samp mk83; fuse bomb 500kg samp mk83; wing right middle bomb 500kg samp mk83; wing right 1 bomb 500kg samp mk83
mirage_f1c	mirage_f1c_phimat	chaff right
mirage_f1c_200	mirage_f1c_default	wing left rocket r550 magic 2; ptb rp35 slot3; ptb rp35 slot4; ptb rp35 slot5; wing right rocket r550 magic 2
mirage_f1c_200	mirage_f1c_matra_lr_f1	4x containers matra lr f1
mirage_f1c_200	mirage_f1c_matra_lr_f4	4x containers matra lr f4
mirage_f1c_200	mirage_f1c_gunpods	wing left middle cc420; wing right middle cc420
mirage_f1c_200	mirage_f1c_5x_250_samp_type_25	wing left rocket r550 magic 2; wing left 1 bomb 250 samp; wing right 1 bomb 250 samp; wing left middle bomb 250 samp; wing right middle bomb 250 samp; fuse bomb 250 samp; wing right rocket r550 magic 2
mirage_f1c_200	mirage_f1c_5x_400_samp_type_21	wing left rocket r550 magic 2; wing left 1 bomb 400 samp; wing right 1 bomb 400 samp; wing left middle bomb 400 samp; wing right middle bomb 400 samp; fuse bomb 400 samp; wing right rocket r550 magic 2
mirage_f1c_200	mirage_f1c_5x_250_samp_type_25_200	wing left rocket r550 magic 2; wing left 1 bomb 250 samp 200; wing right 1 bomb 250 samp 200; wing left middle bomb 250 samp 200; wing right middle bomb 250 samp 200; fuse bomb 250 samp 200; wing right rocket r550 magic 2
mirage_f1c_200	mirage_f1c_5x_400_samp_type_21_200	wing left rocket r550 magic 2; wing left 1 bomb 400 samp 200; wing right 1 bomb 400 samp 200; wing left middle bomb 400 samp 200; wing right middle bomb 400 samp 200; fuse bomb 400 samp 200; wing right rocket r550 magic 2
mirage_f1c_200	mirage_f1c_3x_1000kg_mk84	wing left rocket r550 magic 2; wing left middle bomb 1000kg samp mk84; wing right middle bomb 1000kg samp mk84; fuse bomb 1000kg samp mk84; wing right rocket r550 magic 2
mirage_f1c_200	mirage_f1c_fr_r_550_magic	wing left rocket r550 magic 1; wing right rocket r550 magic 1
mirage_f1c_200	mirage_f1c_fr_r_550_magic2	wing left rocket r550 magic 2; wing right rocket r550 magic 2
mirage_f1c_200	mirage_f1c_3x_matra_530	wing left middle rocket r530 matra ir; wing right middle rocket r530 matra ir; fuse rocket r530 matra radar
mirage_f1c_200	mirage_f1c_2x530	2x wing right 2 rocket matra super 530f
mirage_f1c_200	mirage_f1c_2x_550_2x_530f_1x_530r	wing left rocket r550 magic 1; wing right rocket r550 magic 1; 2x wing right 2 rocket matra super 530f; fuse rocket r530 matra radar
mirage_f1c_200	mirage_f1c_gunpods_r550_r530e	wing left rocket r550 magic 1; wing right rocket r550 magic 1; wing left middle cc420; wing right middle cc420; fuse rocket r530 matra ir
mirage_f1c_200	mirage_f1c_2x_550_magic2_2x_530f_1x_530r	wing left rocket r550 magic 2; wing right rocket r550 magic 2; 2x wing right 2 rocket matra super 530f; fuse rocket r530 matra radar
mirage_f1c_200	mirage_f1c_gunpods_r550_magic2_r530e	wing left rocket r550 magic 2; wing right rocket r550 magic 2; wing left middle cc420; wing right middle cc420; fuse rocket r530 matra ir
mirage_f1c_200	mirage_f1c_530_ir_center	fuse rocket r530 matra ir
mirage_f1c_200	mirage_f1c_530_radar_center	fuse rocket r530 matra radar
mirage_f1c_200	mirage_f1c_2xmagic_2x530	wing left rocket r550 magic 1; wing right rocket r550 magic 1; 2x wing right 2 rocket matra super 530f
mirage_f1c_200	mirage_f1c_2x_magic_5x_400	wing left rocket r550 magic 1; wing right rocket r550 magic 1; wing left 1 bomb 400 samp; wing right 1 bomb 400 samp; wing left middle bomb 400 samp; wing right middle bomb 400 samp; fuse bomb 400 samp
mirage_f1c_200	mirage_f1c_2x_magic_4x_ir_f1	wing left rocket r550 magic 1; wing right rocket r550 magic 1; 4x containers matra lr f1
mirage_f1c_200	mirage_f1c_1000kg_mk84_sneb23_r550	wing left rocket r550 magic 1; wing right rocket r550 magic 1; 2x containers matra lr f1; fuse bomb 1000kg samp mk84
mirage_f1c_200	mirage_f1c_fr_400_samp_r550_gunpod_sneb	wing left rocket r550 magic 1; wing right rocket r550 magic 1; fuse bomb 400 samp; wing left middle cc420; wing right middle cc420; 2x containers matra lr f4
mirage_f1c_200	mirage_f1c_2xmagic2_2x530	wing left rocket r550 magic 2; wing right rocket r550 magic 2; 2x wing right 2 rocket matra super 530f
mirage_f1c_200	mirage_f1c_2x_magic2_4x_ir_f1	wing left rocket r550 magic 2; wing right rocket r550 magic 2; 4x containers matra lr f1
mirage_f1c_200	mirage_f1c_1000kg_mk84_sneb23_r550_magic2	wing left rocket r550 magic 2; wing right rocket r550 magic 2; 2x containers matra lr f1; fuse bomb 1000kg samp mk84
mirage_f1c_200	mirage_f1c_fr_400_samp_r550_magic2_gunpod_sneb	wing left rocket r550 magic 2; wing right rocket r550 magic 2; fuse bomb 400 samp; wing left middle cc420; wing right middle cc420; 2x containers matra lr f4
mirage_f1c_200	mirage_f1c_5x_500kg	wing left 1 bomb 500kg samp mk83; wing left middle bomb 500kg samp mk83; fuse bomb 500kg samp mk83; wing right middle bomb 500kg samp mk83; wing right 1 bomb 500kg samp mk83
mirage_f1c_200	mirage_f1c_phimat	chaff right
mirage_f1ct	mirage_f1ct_default	ptb rp35 slot3; ptb rp35 slot4; ptb rp35 slot5
mirage_f1ct	mirage_f1ct_matra_lr_f1	4x containers matra lr f1
mirage_f1ct	mirage_f1ct_matra_lr_f4	4x containers matra lr f4
mirage_f1ct	mirage_f1ct_fr_250_samp_type_25	wing left 1 bomb 250kg samp mk82; wing left middle bomb 250kg samp mk82 x2; clb 4 mk82 x4; wing right middle bomb 250kg samp mk82 x2; wing right 1 bomb 250kg samp mk82
mirage_f1ct	mirage_f1ct_5x_400_samp_type_21	wing left 1 bomb 400 samp; wing left middle bomb 400 samp; clb 4 type 21 400kg x4; wing right middle bomb 400 samp; wing right 1 bomb 400 samp
mirage_f1ct	mirage_f1ct_fr_250_samp_type_25_200	5x bomb 250 200
mirage_f1ct	mirage_f1ct_5x_400_samp_type_21_200	wing left 1 bomb 400 samp 200; wing left middle bomb 400 samp 200; clb 4 type 21 400kg x4 200; wing right middle bomb 400 samp 200; wing right 1 bomb 400 samp 200
mirage_f1ct	mirage_f1ct_fr_1000lb_mk83	wing left 1 bomb 500kg samp mk83; wing left middle bomb 500kg samp mk83; clb 4 mk83 x2; wing right middle bomb 500kg samp mk83; wing right 1 bomb 500kg samp mk83
mirage_f1ct	mirage_f1ct_3x_1000kg_mk84	wing left middle bomb 1000kg samp mk84; fuse bomb 1000kg samp mk84; wing right middle bomb 1000kg samp mk84
mirage_f1ct	mirage_f1c_fr_r_550_magic2	wing left rocket r550 magic 2; wing right rocket r550 magic 2
mirage_f1ct	mirage_f1ct_fr_r_530_matra_ir	wing left middle rocket r530 matra ir; wing right middle rocket r530 matra ir
mirage_f1ct	mirage_f1ct_fr_r_530_matra_radar	wing left middle rocket r530 matra radar; wing right middle rocket r530 matra radar
mirage_f1ct	mirage_f1ct_fr_r_530f	2x wing right 2 rocket matra super 530f
mirage_f1ct	mirage_f1c_phimat	chaff right
mirage_milan	mirage_milan_default	no suspended armament
mirage_milan	mirage_milan_aim_9b	2x aim 9b
mirage_milan	mirage_milan_sneb_jl_100r	2x aim 9b; 2x jl 100r
mirage_milan	mirage_milan_sneb_jl_100_36	2x aim 9b; 2x jl 100r 36
mirage_milan	mirage_milan_fr_mk82	2x aim 9b; rpk10 fr mk82 left wing; pm3 fr mk82; rpk10 fr mk82 right wing
mirage_milan	mirage_milan_fr_250	2x aim 9b; rpk10 fr 250 left wing; pm3 fr 250; rpk10 fr 250 right wing
mirage_milan	mirage_milan_fr_400	2x aim 9b; rpk10 fr 400 left wing; pm3 fr 400; rpk10 fr 400 right wing
mirage_milan	mirage_milan_fr_250_200	2x aim 9b; rpk10 fr 250 left wing 200; pm3 fr 250 200; rpk10 fr 250 right wing 200
mirage_milan	mirage_milan_fr_400_200	2x aim 9b; rpk10 fr 400 left wing 200; pm3 fr 400 200; rpk10 fr 400 right wing 200
mirage_milan	mirage_milan_fr_mk83	2x aim 9b; rpk10 fr mk83 left wing; pm3 fr mk83; rpk10 fr mk83 right wing
mirage_milan	mirage_milan_as_30	as 30
mirage_milan	mirage_milan_4xmk83_as30_2xaim_9b	2x aim 9b; rpk10 fr mk83 left wing; as 30; rpk10 fr mk83 right wing
mirage_milan	mirage_milan_sneb_fr_250_2x_250kg_aim_9b	2x aim 9b; 2x jl 100r 36; pm3 fr 250
morko_morane	morko_morane_default	no suspended armament
mosquito_b_mk16	mosquito_b_mk16_default	250lb slot1; 250lb slot2; 250lb slot3
mosquito_b_mk16	mosquito_b_mk16_500lbs	500lb slot1; 500lb slot2; 500lb slot3
mosquito_b_mk16	mosquito_b_mk16_500lbs_sap	500lb sap slot1; 500lb sap slot2; 500lb sap slot3
mosquito_b_mk16	mosquito_b_mk16_4000lbs	4000lb slot2
mosquito_b_mk16	mosquito_b_mk16_rockets	rp3 slot1; rp3 slot3
mosquito_b_mk16	mosquito_b_mk16_uncle_tom	uncle tom slot1; uncle tom slot3
mosquito_f_mk2_norway	mosquito_f_mk2_default	no suspended armament
mosquito_fb_mk18	mosquito_fb_mk6_default	no suspended armament
mosquito_fb_mk26_china	mosquito_fb_mk6_default	no suspended armament
mosquito_fb_mk26_china	mosquito_fb_mk6_2x250lbs	no suspended armament
mosquito_fb_mk26_china	mosquito_fb_mk6_2x500lbs	no suspended armament
mosquito_fb_mk26_china	mosquito_fb_mk6_rockets	no suspended armament
mosquito_fb_mk6	mosquito_fb_mk6_default	no suspended armament
mosquito_fb_mk6	mosquito_fb_mk6_2x250lbs	no suspended armament
mosquito_fb_mk6	mosquito_fb_mk6_2x500lbs	no suspended armament
mosquito_fb_mk6	mosquito_fb_mk6_2x500lbs_sap	no suspended armament
mosquito_fb_mk6	mosquito_fb_mk6_rockets	no suspended armament
mosquito_fb_mk6	mosquito_fb_mk6_uncle_tom	no suspended armament
mosquito_fb_mk6_ash_norway	mosquito_fb_mk6_default	no suspended armament
mosquito_fb_mk6_ash_norway	mosquito_fb_mk6_2x250lbs	no suspended armament
mosquito_fb_mk6_ash_norway	mosquito_fb_mk6_2x500lbs	no suspended armament
mosquito_fb_mk6_ash_norway	mosquito_fb_mk6_2x500lbs_sap	no suspended armament
mosquito_fb_mk6_ash_norway	mosquito_fb_mk6_rockets	no suspended armament
mosquito_fb_mk6_ash_norway	mosquito_fb_mk6_uncle_tom	no suspended armament
mosquito_fb_mk6_norway	mosquito_fb_mk6_default	no suspended armament
mosquito_fb_mk6_norway	mosquito_fb_mk6_2x250lbs	no suspended armament
mosquito_fb_mk6_norway	mosquito_fb_mk6_2x500lbs	no suspended armament
mosquito_fb_mk6_norway	mosquito_fb_mk6_2x500lbs_sap	no suspended armament
mosquito_fb_mk6_norway	mosquito_fb_mk6_rockets	no suspended armament
mosquito_fb_mk6_norway	mosquito_fb_mk6_uncle_tom	no suspended armament
mosquito_j30_sweden	mosquito_j30_sweden_default	no suspended armament
mosquito_nf_mk2	mosquito_nf_mk2_default	no suspended armament
mosquito_tr_mk33	mosquito_fb_mk6_default	no suspended armament
mosquito_tr_mk33	mosquito_fb_mk6_2x250lbs	no suspended armament
mosquito_tr_mk33	mosquito_fb_mk6_2x500lbs	no suspended armament
mosquito_tr_mk33	mosquito_fb_mk6_2x500lbs_sap	no suspended armament
mosquito_tr_mk33	mosquito_fb_mk6_rockets	no suspended armament
mosquito_tr_mk33	mosquito_fb_mk6_uncle_tom	no suspended armament
mosquito_tr_mk33	mosquito_tr_mk33_torpedo	no suspended armament
ms_405c1	ms_405_default	no suspended armament
ms_406c1	ms_406c1_default	no suspended armament
ms_410c1	ms_410c1_default	no suspended armament
n1k1_ja	n1k1_ja_default	no suspended armament
n1k1_ja	n1k1_ja_type97mod6x2	no suspended armament
n1k1_kyuofu	n1k1_kyuofu_default	no suspended armament
n1k1_kyuofu	n1k1_kyuofu_mod5_2bombs	no suspended armament
n1k2_j	n1k2_j_default	no suspended armament
n1k2_j	n1k2_j_t97bombs	no suspended armament
n1k2_j	n1k2_j_t98_2_250kg_bombs	no suspended armament
n1k2_j	n1k2_j_rockets	no suspended armament
n1k2_j	a7m_13kg_rockets	no suspended armament
n1k2_j	a7m_66kg_rockets	no suspended armament
n1k2_j	a7m_84kg_rockets	no suspended armament
n1k2_jko	n1k2_jko_default	no suspended armament
n1k2_jko	n1k2_j_t97bombs	no suspended armament
n1k2_jko	n1k2_j_t98_2_250kg_bombs	no suspended armament
n1k2_jko	n1k2_j_rockets	no suspended armament
n1k2_jko	a7m_13kg_rockets	no suspended armament
n1k2_jko	a7m_66kg_rockets	no suspended armament
n1k2_jko	a7m_84kg_rockets	no suspended armament
nc_223_3	f_223_50kg_gammn	no suspended armament
nc_223_3	f_223_100kg_200kg	no suspended armament
nc_223_3	f_223_4200kg	no suspended armament
nesher	nesher_default	ptb 880
nesher	nesher_default_shafrir2	2x shafrir 2 default
nesher	nesher_aim9d	2x aim9d default
nesher	nesher_aim9g	2x aim9g
nesher	nesher_mk82	2x mdnp us 500lb mk 82 ldgp; 2x pylon c2 f5 us 500lb mk 82 ldgp; napgach us 500lb mk 82 ldgp x5
nesher	nesher_mk82_snakeye	2x ter mk82 snakeye; 2x pylon c2 f5 fr samp mk 82 250 ldgp snakeye; napgach fr samp mk 82 250 ldgp snakeye x5
nesher	nesher_mk83	ter us 1000lb mk 83 x2 left wing; 2x pylon c2 f5 us 1000lb mk 83 ldgp; ter us 1000lb mk 83 x2 right wing
nesher	nesher_mk117	2x mdnp us 750lb m117 cone 45; 2x pylon c2 f5 us 750lb m117 cone 45
nesher	nesher_mk84	2x 2000lb mk 84 ldgp
nesher	nesher_suu_23	2x suu 23a
nesher	nesher_lau10	lau 10a zuni wafar mk32 x2 left wing; lau 10a zuni wafar mk32 x2 right wing
nesher	nesher_lau3a	lau 3a ffar mighty mouse x2 left wing; lau 3a ffar mighty mouse x2 right wing
nf_5a_netherlands	nf_5a_netherlands_default	ptb slot1; ptb slot3; ptb slot4; ptb slot5; ptb slot7
nf_5a_netherlands	nf_5a_netherlands_lau_3a_aim9n	2x aim 9n; 4x aero 7a
nf_5a_netherlands	nf_5a_netherlands_lau_10_aim9n	2x aim 9n; 2x lau 10a
nf_5a_netherlands	nf_5a_netherlands_mk_81_aim9n	2x aim 9n; 3x mer mk81 x6
nf_5a_netherlands	nf_5a_netherlands_mk_82_aim9n	2x aim 9n; 5x mk82
nf_5a_netherlands	nf_5a_netherlands_n117_aim9n	2x aim 9n; 5x m117
nf_5a_netherlands	nf_5a_netherlands_mk83_aim9n	2x aim 9n; 3x mk83
nf_5a_netherlands	nf_5a_netherlands_mk84_aim9n	2x aim 9n; mk84
nf_5a_netherlands	nf_5a_netherlands_mk_82sn_aim9n	2x aim 9n; 5x mk82 snakeye
nf_5a_netherlands	nf_5a_netherlands_blu_1_aim9n	2x aim 9n; 5x blu1
nf_5a_netherlands	nf_5a_netherlands_lau_3a_lau_10_aim9n	2x aim 9n; 2x lau 10a; 2x aero 7a; mk83
nf_5a_netherlands	nf_5a_netherlands_lau_3a_mk83_aim9n	2x aim 9n; 2x lau 10a; 3x mk83
nf_5a_netherlands	nf_5a_netherlands_mk83_mk84_aim9n	2x aim 9n; 2x lau 10a; 2x mk83; mk84
nf_5a_netherlands	nf_5a_netherlands_mk81_mk117_aim9n	2x aim 9n; 2x m117; 3x mer mk81 x6
nf_5a_netherlands	nf_5a_netherlands_ptb_aim9n	2x aim 9n; ptb slot3; ptb slot5
nf_5a_netherlands	nf_5a_netherlands_ptb_aim9j	2x aim 9j; ptb slot3; ptb slot5
nf_5a_netherlands	nf_5a_netherlands_aim9n	2x aim 9n
nimrod_mk1	nimrod_default	no suspended armament
nimrod_mk2	nimrod_default	no suspended armament
nt_a_10a_early	nt_a_10a_default	us aim9l sidewinder lm default; 2x us hydra 70 m247; 4x us hydra 70 m247 x3; 2x us 2000lb mk 84 ldgp; us aim9l sidewinder rm default
nt_a_10a_early	nt_a_10a_early_3x_500lb_mk_82_aim_9l	us aim9l sidewinder lm default; 4x us 500lb mk 82 ldgp; 4x us 500lb mk 82 x3 ter9a 1; us aim9l sidewinder rm default
nt_a_10a_early	nt_a_10a_early_2000lb_mk_84_aim_9l	us aim9l sidewinder lm default; 6x us 2000lb mk 84 ldgp; us aim9l sidewinder rm default
nt_a_10a_early	nt_a_10a_early_2000lb_gbu_8_aim_9l	us aim9l sidewinder lm default; 4x us 2000lb gbu 8 hobos; us aim9l sidewinder rm default
nt_a_10a_early	nt_a_10a_early_3x_agm_65b_aim_9l	us aim9l sidewinder lm default; 2x us agm 65a x 3; 2x us 2000lb gbu 8 hobos; us aim9l sidewinder rm default
nt_a_6e_tram	nt_a_6e_tram_default	2x us aim 9l; 2x us gbu 10; mer mk82
nt_a_6e_tram	nt_a_6e_tram_aim_9l	4x us aim 9l
nt_a_6e_tram	nt_a_6e_tram_lau_1a_zuni	2x lau 10a; lau 10a left x2; lau 10a right x2
nt_a_6e_tram	nt_a_6e_tram_ffar	ffar slot1; ffar slot2; ffar slot4; ffar slot5
nt_a_6e_tram	nt_a_6e_tram_gbu_12	us gbu 12 slot1; us gbu 12 slot2; us gbu 12 slot3; us gbu 12 slot4; us gbu 12 slot5
nt_a_6e_tram	nt_a_6e_tram_gbu_16	5x us gbu 16
nt_a_6e_tram	nt_a_6e_tram_gbu_10	5x us gbu 10
nt_a_6e_tram	nt_a_6e_tram_agm_123	4x us agm 123
nt_a_6e_tram	nt_a_6e_tram_mk82	3x mer mk82; mer mk82 x5 left; mer mk82 x5 right
nt_a_6e_tram	nt_a_6e_tram_mk83	3x mer mk83 2 1; 2x mer mk83 1 2
nt_a_6e_tram	nt_a_6e_tram_mk84	5x mk84
nt_a_6e_tram	nt_a_6e_tram_agm_88	4x us agm 88a
nt_a_6e_tram	nt_a_6e_tram_agm_88_aim9	2x us aim 9l; 2x us agm 88a
nt_a_7e	nt_a_7e_default	2x aim 9l
nt_a_7e	nt_a_7e_rockets_lau18	lau 3a slot1; lau 3a slot2; lau 3a slot3; 2x aim 9l; lau 3a slot6; lau 3a slot7; lau 3a slot8
nt_a_7e	nt_a_7e_rockets_zuni	lau 10a slot1; lau 10a slot2; lau 10a slot3; 2x aim 9l; lau 10a slot6; lau 10a slot7; lau 10a slot8
nt_a_7e	nt_a_7e_bomb_mk82	4x mer mk82 x6; mer mk82 x4 left wing; 2x aim 9l; mer mk82 x4 right wing
nt_a_7e	nt_a_7e_bomb_mk83	4x ter mk83; ter mk83 x2 left wing; 2x aim 9l; ter mk83 x2 right wing
nt_a_7e	nt_a_7e_bomb_mk84	6x us mk84; 2x aim 9l
nt_a_7e	nt_a_7e_rocket_agm_62	6x agm 62a; 2x aim 9l
nt_a_7e	nt_a_7e_rocket_agm_88	4x agm 88; 2x agm 62a; 2x aim 9l
nt_a_7e	nt_a_7e_b61_30kt	b61 30kt; 2x aim 9l
nt_b_52h	nt_b_52h_default	no suspended armament
nt_f_4e	nt_f_4e_default	2x aim 9l; 4x aim 7e2
nt_f_4e	nt_f_4e_bomb_mk82	3x mer mk82 x6; 2x ter mk82; 4x aim 7e2
nt_f_4e	nt_f_4e_bomb_mk83	2x mer mk83 x2; 2x ter mk83; 4x aim 7e2; mer mk83 x3
nt_f_4e	nt_f_4e_rockets_zuni	3x mer lau 10a; 2x ter lau 10a; 4x aim 7e2
nt_f_4e	nt_f_4e_agm_65b	2x agm 65b x3; 4x aim 7e2
nt_f_4e	nt_f_4e_gbu_8	4x us 2000lb gbu 8; 4x aim 7e2
nt_f_4e	nt_f_4e_gbu_15	2x us 2000lb gbu 15v1; 4x aim 7e2
nt_f_4e	nt_f_4e_b61	2x aim 9l; 4x aim 7e2; b61
nt_f_4e	nt_f_4e_b61_30kt	2x aim 9l; 4x aim 7e2; b61 30kt
nt_mig_23mld	nt_mig_23mld_default	2x r 60m; r 60m x2 l; ptb; r 60m x2 r
nt_mig_23mld	nt_mig_23mld_rocket_r24r	2x r 24r; r 60m x2 l; ptb; r 60m x2 r
nt_mig_23mld	nt_mig_23mld_rocket_r24t	2x r 24t; r 60m x2 l; ptb; r 60m x2 r
nt_mig_23mld	nt_mig_23mld_rocket_r24t_r24r	r 24r; r 60m x2 l; ptb; r 60m x2 r; r 24t
nt_mig_23mld	nt_mig_23mld_rn_28	2x r 60m; r 60m x2 l; rn 28
nt_mig_23mld	nt_mig_23mld_rocket_b8m	2x b8m1 s 8ko; r 60m x2 l; ptb; r 60m x2 r
nt_mig_23mld	nt_mig_23mld_rocket_s24	4x s24
nt_mig_23mld	nt_mig_23mld_rocket_kh23	2x x23m; r 60m x2 l; delta ng
nt_mig_23mld	nt_mig_23mld_bomb_ofab100_120	2x ofab100 120; ofab100 120 slot2; ofab100 120 slot4
nt_mig_23mld	nt_mig_23mld_bomb_fab250m_62	4x fab 250m 62; ptb
nt_mig_23mld	nt_mig_23mld_bomb_fab500m_62	2x fab 500m 62t; r 60m x2 l; ptb; r 60m x2 r
nt_su_24m	nt_su_24m_default	wing middle left rocket r 60 x2; ptb left; ptb fuse; ptb right; wing middle right rocket r 60 x2
nt_su_24m	nt_su_24m_bomb_ofab250	wing left out fab 250 x2; wing2 left in containers ofab250; fuse left containers fab 250; fuse containers fab 250; fuse right containers fab 250; wing2 right in containers ofab250; wing right out fab 250 x2
nt_su_24m	nt_su_24m_bomb_fab500m_62	wing middle left rocket r 60 x2; wing2 left out fab 500 x2; fuse left single fab 500; fuse single fab 500; fuse beck single fab 500; fuse right single fab 500; wing2 right out fab 500 x2; wing middle right rocket r 60 x2
nt_su_24m	nt_su_24m_bomb_fab1500	wing middle left rocket r 60 x2; wing2 left in single fab 1500; fuse single fab 1500; wing2 right in single fab 1500; wing middle right rocket r 60 x2
nt_su_24m	nt_su_24m_bomb_kab500kr	wing left kab 500kr; left wing kab 500kr; fuse left kab 500kr; fuse right kab 500kr; right wing kab 500kr; wing right kab 500kr
nt_su_24m	nt_su_24m_bomb_kab500l	wing middle left rocket r 60 x2; left wing kab 500l; fuse left kab 500l; fuse kab 500l; fuse right kab 500l; right wing kab 500l; wing middle right rocket r 60 x2
nt_su_24m	nt_su_24m_rocket_b8m	wing left in single s8ko; wing2 left in s8ko x2; wing2 right in s8ko x2; wing right in single s8ko
nt_su_24m	nt_su_24m_rocket_s25o	wing left in single s 25o; wing2 left in single s 25o x2; wing2 right in single s 25o x2; wing right in single s 25o
nt_su_24m	nt_su_24m_rocket_s13	wing left in single s13; wing2 left in s13 x2; wing2 right in s13 x2; wing right in single s13
nt_su_24m	nt_su_24m_rocket_kh25	wing left rocket kh25 ml; wing2 left rocket kh25 ml; fuse kh 29l; wing2 right rocket kh25 ml; wing right rocket kh25 ml
nt_su_24m	nt_su_24m_rocket_kh29l	wing middle left rocket r 60 x2; left wing kh 29l; fuse kh 29l; right wing kh 29l; wing middle right rocket r 60 x2
nt_su_24m	nt_su_24m_rocket_kh29t	wing middle left rocket r 60 x2; left wing kh 29t; fuse kh 29t; right wing kh 29t; wing middle right rocket r 60 x2
nt_su_24m	nt_su_24m_rocket_kh59	wing middle left rocket r 60 x2; left wing kh 59; apk 9; right wing kh 59; wing right in single s8ko
nt_su_24m	nt_su_24m_rn_40	wing middle left rocket r 60 x2; ptb left; rn 40; ptb right; wing middle right rocket r 60 x2
nt_su_24m	nt_su_24m_rocket_kh58u_phantasmagoria_a	wing middle left rocket r 60 x2; left wing kh 58u a; phantasmagoria a; right wing kh 58u a; wing middle right rocket r 60 x2
nt_su_25t	nt_su_25t_default	2x r 60m; 2x r 73; 4x kh 25mpu
nt_su_25t	nt_su_25t_fab_500	2x r 60m; fab 500 slot2; fab 500 slot3; 4x fab 500; fab 500 slot9; fab 500 slot10
nt_su_25t	nt_su_25t_kab_500kr	2x r 60m; 2x r 73; 4x kh 25mpu; 2x kab 500kr
nt_su_25t	nt_su_25t_b8m	2x r 60m; s 8ko slot2; s 8ko slot3; s 8ko slot4; s 8ko slot5; s 8ko slot7; s 8ko slot8; s 8ko slot9; s 8ko slot10
nt_su_25t	nt_su_25t_c13	2x r 60m; c13 slot2; c13 slot3; c13 slot4; c13 slot5; c13 slot7; c13 slot8; c13 slot9; c13 slot10
nt_su_25t	nt_su_25t_s_25o	2x r 60m; s 25o 1 slot2; s 25o 2 slot3; s 25o 3 slot4; s 25o 4 slot5; s 25o 5 slot7; s 25o 6 slot8; s 25o 7 slot9; s 25o 8 slot10
nt_su_25t	nt_su_25t_kh_25ml	2x r 60m; 2x r 73; 4x kh 25ml; kh 29l left; kh 29l right
nt_su_25t	nt_su_25t_kh_29t	2x r 60m; 2x r 73; 4x kh 25ml; kh 29t left; kh 29t right
nt_su_25t	nt_su_25t_9k127	2x r 60m; 2x r 73; 2x kh 25mpu; 9k127 x8 left; 9k127 x8 right
nt_tu_95m	nt_tu_95m_default	no suspended armament
o3u_1	o3u_1_default	no suspended armament
oh_58d	oh_58d_default	2x hydra 70 m247 x7
oh_58d	oh_58d_gau19	gau 19
oh_58d	oh_58d_m134	m134
oh_58d	oh_58d_lr30	lr30
oh_58d	oh_58d_hellfire_defult	2x hellfire default
oh_58d	oh_58d_apkws_m151	2x apkws m151
oh_58d	oh_58d_apkws_m282	2x apkws m282
oh_58d	oh_58d_hellfire	2x hellfire
oh_58d	oh_58d_atas	2x aim92
oh_58d_china	oh_58d_default	2x hydra 70 m247 x7
oh_58d_china	oh_58d_gau19	gau 19
oh_58d_china	oh_58d_hellfire_defult	2x hellfire default
oh_58d_china	oh_58d_apkws_m151	2x apkws m151
oh_58d_china	oh_58d_apkws_m282	2x apkws m282
oh_58d_china	oh_58d_hellfire	2x hellfire
oh_58d_china	oh_58d_atas	2x aim92
os2u_1	os2u_default	no suspended armament
os2u_1	os2u_bombs	no suspended armament
os2u_1_naval	os2u_naval_default	no suspended armament
os2u_3	os2u_default	no suspended armament
os2u_3	os2u_bombs	no suspended armament
osprey_mk4	osprey_mk4_default	no suspended armament
p_108a_serie2	default	no suspended armament
p_108b_serie1	p_108b_34x50kg_t	no suspended armament
p_108b_serie1	p_108b_34x100kg_t	no suspended armament
p_108b_serie1	p_108b_2xtorpedo	no suspended armament
p_108b_serie1	p_108b_3xtorpedo	no suspended armament
p_108b_serie1	p_108b_7x250kg_gp	no suspended armament
p_108b_serie1	p_108b_7x500kg_gp	no suspended armament
p_108b_serie2	p_108b_34x50kg_t	no suspended armament
p_108b_serie2	p_108b_34x100kg_t	no suspended armament
p_108b_serie2	p_108b_2xtorpedo	no suspended armament
p_108b_serie2	p_108b_3xtorpedo	no suspended armament
p_108b_serie2	p_108b_7x250kg_gp	no suspended armament
p_108b_serie2	p_108b_7x500kg_gp	no suspended armament
p1y1_mod11	P1Y1_default	no suspended armament
p1y1_mod11	P1Y1_torpedo	no suspended armament
p1y1_mod11	P1Y1_2x500kg_bomb	no suspended armament
p1y1_mod11	P1Y1_800kg_bomb	no suspended armament
p1y1_mod11	p1y1_type99mod80_ap	no suspended armament
p1y1_mod11_china	P1Y1_default	no suspended armament
p1y1_mod11_china	P1Y1_torpedo	no suspended armament
p1y1_mod11_china	P1Y1_2x500kg_bomb	no suspended armament
p1y1_mod11_china	P1Y1_800kg_bomb	no suspended armament
p1y1_mod11_china	p1y1_type99mod80_ap	no suspended armament
p-26a_33	P-26A_1933_default	no suspended armament
p-26a_33	P-26A_1933_2x100lbs	no suspended armament
p-26a_34	P-26A_1934_default	no suspended armament
p-26a_34	P-26A_1934_2x100lbs	no suspended armament
p-26a_34_m2	P-26A_1934_default	no suspended armament
p-26a_34_m2	P-26A_1934_2x100lbs	no suspended armament
p-26a_35	P-26A_1935_default	no suspended armament
p-26a_35	P-26A_1935_2x100lbs	no suspended armament
p-26b_35	P-26B_1935_default	no suspended armament
p-26b_35	P-26B_1935_2x100lbs	no suspended armament
p-36a	p_40e_default	no suspended armament
p-36a_brown	p_40e_default	no suspended armament
p-36a_rasmussen	p_40e_default	no suspended armament
p-36c	p_40e_default	no suspended armament
p-36c_rb	p_40e_default	no suspended armament
p-36g	p_40e_default	no suspended armament
p-38e	p-38e_default	no suspended armament
p-38g	p-38g_default	no suspended armament
p-38g	p-38g_6xbazooka	no suspended armament
p-38g_metal	p-38g_default	no suspended armament
p-38g_metal	p-38g_6xbazooka	no suspended armament
p-38j	p-38j_default	no suspended armament
p-38j	p-38j_2x500lbs	no suspended armament
p-38j	p-38j_6xbazooka	no suspended armament
p-38j_marge	p-38j_default	no suspended armament
p-38j_marge	p-38j_2x500lbs	no suspended armament
p-38j_marge	p-38j_6xbazooka	no suspended armament
p-38k	p-38k_default	no suspended armament
p-38l	p-38l_default	no suspended armament
p-38l	p-38l_2x500lbs	no suspended armament
p-38l	p-38l_rockets	no suspended armament
p-38l	p-38l_dgp_1	no suspended armament
p-38l_1_china_rocaf	p-38l_default	no suspended armament
p-38l_1_china_rocaf	p-38l_2x500lbs	no suspended armament
p-38l_1_china_rocaf	p-38l_rockets	no suspended armament
p-38l_1_china_rocaf	p-38l_dgp_1	no suspended armament
p-39k_1	p_39_n_default	no suspended armament
p-39k_1	p-39k_1_250fab	no suspended armament
p-39n	p_39_n_default	no suspended armament
p-39n	p-39_6xbazooka	no suspended armament
p-39n	p-39n_500lbs	no suspended armament
p-39n_su	p_39_n_su_default	no suspended armament
p-39q_15	p_39_q_default	no suspended armament
p-39q_15	p-39_q15_250fab	no suspended armament
p-39q_25_france	p_39_q_default	no suspended armament
p-39q_25_france	p_39_q_500lb_anm64a1	no suspended armament
p-39q_5	p_39_q_default	no suspended armament
p-39q_5	p-39_6xbazooka	no suspended armament
p-39q_5	p-39q_5_500lbs	no suspended armament
p-400	p_400_default	no suspended armament
p-400	p_400_bomb	no suspended armament
p-40c	p_40e_default	no suspended armament
p-40c	p_40e_1x_500	no suspended armament
p-40c_china	p_40e_default	no suspended armament
p-40c_china	p_40e_1x_500	no suspended armament
p-40e	p_40e_default	no suspended armament
p-40e	p_40e_2x_100	no suspended armament
p-40e	p_40e_1x_500	no suspended armament
p-40e	p_40e_bombs	no suspended armament
p-40e_china	p_40e_default	no suspended armament
p-40e_china	p_40e_2x_100	no suspended armament
p-40e_china	p_40e_1x_500	no suspended armament
p-40e_china	p_40e_bombs	no suspended armament
p-40e_td	p_40e_default	no suspended armament
p-40e_td	p_40e_2x_100	no suspended armament
p-40e_td	p_40e_1x_500	no suspended armament
p-40e_td	p_40e_bombs	no suspended armament
p-40e_ussr	p_40e_ussr_default	no suspended armament
p-40e_ussr	p_40e_ussr_1x500fab	no suspended armament
p-40e_ussr	p_40e_ussr_1x250fab_2x100fab	no suspended armament
p-40e_ussr	p_40e_ussr_1x250fab_2x50fab	no suspended armament
p-40e_ussr	p_40e_ussr_2x100fab	no suspended armament
p-40f_10	p_40f_default	no suspended armament
p-40f_10	p_40f_2x_100	no suspended armament
p-40f_10	p_40f_1x_500	no suspended armament
p-40f_10	p_40f_bombs	no suspended armament
p-40f-5_france_ep	p_40f_default	no suspended armament
p-40f-5_france_ep	p_40f_2x_100	no suspended armament
p-40f-5_france_ep	p_40f_1x_500	no suspended armament
p-40f-5_france_ep	p_40f_bombs	no suspended armament
p-43a-1	p_43a_1_default	no suspended armament
p-43a-1_china	p_43a_1_default	no suspended armament
p-47d	p-47d_25_default	no suspended armament
p-47d	p-47d_25_hvar	10x hvar
p-47d	p-47d_25_250lbs	3x 250lbs
p-47d	p-47d_25_500lbs	3x 500lbs
p-47d	p-47d_25_1000lbs	2x 1000lbs
p-47d_16_re_germany	P_47D_default	no suspended armament
p-47d_22_re	p-47d_22_re_default	no suspended armament
p-47d_22_re	p-47d_22_re_6xbazooka	m8 slot2; m8 slot4
p-47d_22_re	p-47d_22_re_250lbs	3x 250lbs
p-47d_22_re	p-47d_22_re_500lbs	3x 500lbs
p-47d_22_re	p-47d_22_re_1000lbs	2x 1000lbs
p-47d_22_re_france	P_47D_default	no suspended armament
p-47d_22_re_france	P_47D_1x_500	no suspended armament
p-47d_22_re_france	P_47D_2x_1000	no suspended armament
p-47d_22_re_france	P_47D_bombs	no suspended armament
p-47d_23_ra_china_rocaf	P_47D_default	no suspended armament
p-47d_23_ra_china_rocaf	P_47D_1x_500	no suspended armament
p-47d_23_ra_china_rocaf	P_47D_2x_1000	no suspended armament
p-47d_23_ra_china_rocaf	P_47D_bombs	no suspended armament
p-47d_23_re	P_47D_default	no suspended armament
p-47d_23_re	P_47D_1x_500	no suspended armament
p-47d_23_re	P_47D_2x_1000	no suspended armament
p-47d_23_re	P_47D_bombs	no suspended armament
p-47d_23_re	P_47D_rockets	no suspended armament
p-47d_23_re	P_47D_rockets_1x_500	no suspended armament
p-47d_23_re	P_47D_rockets_2x_1000	no suspended armament
p-47d_23_re	P_47D_bombs_rockets	no suspended armament
p-47d_30_china	p-47d_25_default	no suspended armament
p-47d_30_china	p-47d_25_hvar	10x hvar
p-47d_30_china	p-47d_25_250lbs	3x 250lbs
p-47d_30_china	p-47d_25_500lbs	3x 500lbs
p-47d_30_china	p-47d_25_1000lbs	2x 1000lbs
p-47d_30_italy	p-47m-1-re_default	no suspended armament
p-47d_30_italy	p-47m-1-re_hvar	10x hvar
p-47d_30_italy	p-47m-1-re_250lbs	3x 250lbs
p-47d_30_italy	p-47m-1-re_500lbs	3x 500lbs
p-47d_30_italy	p-47m-1-re_1000lbs	2x 1000lbs
p-47d_luftwaffe	P_47D_default	no suspended armament
p-47d_ussr	P_47D_default	no suspended armament
p-47d_ussr	P_47D_1x_500	no suspended armament
p-47d_ussr	P_47D_2x_1000	no suspended armament
p-47d_ussr	P_47D_bombs	no suspended armament
p-47d-28	p-47d-28_default	no suspended armament
p-47d-28	p-47d-28_bazooka	m8 slot5; m8 slot9
p-47d-28	p-47d-28_hvar	10x hvar
p-47d-28	p-47d-28_250lbs	3x 250lbs
p-47d-28	p-47d-28_500lbs	3x 500lbs
p-47d-28	p-47d-28_1000lbs	2x 1000lbs
p-47m-1-re	p-47m-1-re_default	no suspended armament
p-47m-1-re	p-47m-1-re_hvar	10x hvar
p-47m-1-re	p-47m-1-re_250lbs	3x 250lbs
p-47m-1-re	p-47m-1-re_500lbs	3x 500lbs
p-47m-1-re	p-47m-1-re_1000lbs	2x 1000lbs
p-47m-1-re_boxted	p-47m-1-re_default	no suspended armament
p-47m-1-re_boxted	p-47m-1-re_hvar	10x hvar
p-47m-1-re_boxted	p-47m-1-re_250lbs	3x 250lbs
p-47m-1-re_boxted	p-47m-1-re_500lbs	3x 500lbs
p-47m-1-re_boxted	p-47m-1-re_1000lbs	2x 1000lbs
p-47n-15	p-47n-15_default	no suspended armament
p-47n-15	p-47n-15_hvar_rockets	10x hvar
p-47n-15	p-47n-15_500lbs_bombs	500lbs
p-47n-15	p-47n-15_1000lbs_bomb	2x 1000lbs; 1000lbs slot7
p-51_a-36	a-36_default	no suspended armament
p-51_a-36	a-36_100lbs	no suspended armament
p-51_a-36	a-36_250lbs	no suspended armament
p-51_a-36	a-36_500lbs	no suspended armament
p-51_a-36	a-36_dgp_1	no suspended armament
p-51_mk1	P_51B_default	no suspended armament
p-51_mk1a_usaaf	P_51B_default	no suspended armament
p-51a_tl	p-51a_tl_default	no suspended armament
p-51a_tl	p-51a_tl_100lbs	no suspended armament
p-51a_tl	p-51a_tl_250lbs	no suspended armament
p-51a_tl	p-51a_tl_300lbs	no suspended armament
p-51a_tl	p-51a_tl_500lbs	no suspended armament
p-51b	P_51B_default	no suspended armament
p-51b_7_sweden	p_51b_7_sweden_default	no suspended armament
p-51b_7_sweden	p_51b_7_100lbs	no suspended armament
p-51b_7_sweden	p_51b_7_250lbs	no suspended armament
p-51b_7_sweden	p_51b_7_500lbs	no suspended armament
p-51c-10_france	p_51c_default	no suspended armament
p-51c-10-nt	p_51c_default	no suspended armament
p-51c-10-nt	p_51c_100lbs	no suspended armament
p-51c-10-nt	p_51c_250lbs	no suspended armament
p-51c-10-nt	p_51c_500lbs	no suspended armament
p-51c-11-nt_china	p-51c-11-nt_china_default	no suspended armament
p-51c-11-nt_china	p-51c-11-nt_china_2x100lbs	2x 100lb
p-51c-11-nt_china	p-51c-11-nt_china_2x250lbst	2x 250lb
p-51c-11-nt_china	p-51c-11-nt_china_2x500lbs	2x 500lb
p-51c-11-nt_japan	p_51c_default	no suspended armament
p-51d-10	p_51d_5_default	no suspended armament
p-51d-10	p_51d_5_rockets	2x hvar x3; 2x hvar x2
p-51d-10	p-51d-5_6xbazooka	2x m8
p-51d-10	p-51d-5_2x100lbs	2x 100lb
p-51d-10	p-51d-5_2x250lbs	2x 250lb
p-51d-10	p-51d-5_2x500lbs	2x 500lb
p-51d-10	p_51d_5_bombs	2x 1000lb
p-51d-20_china	p-51d-20_default	no suspended armament
p-51d-20_china	p-51d-20_6xbazooka	2x m8
p-51d-20_china	p-51d-20_rockets	2x hvar x3; 2x hvar x2
p-51d-20_china	p-51d-20_100lb_bombs	2x 100lb
p-51d-20_china	p-51d-20_250lb_bombs	2x 250lb
p-51d-20_china	p-51d-20_500lb_bombs	2x 500lb
p-51d-20_china	p-51d-20_bombs	2x 1000lb
p-51d-20-na	p-51d-20_default	no suspended armament
p-51d-20-na	p-51d-20_6xbazooka	2x m8
p-51d-20-na	p-51d-20_rockets	2x hvar x3; 2x hvar x2
p-51d-20-na	p-51d-20_100lb_bombs	2x 100lb
p-51d-20-na	p-51d-20_250lb_bombs	2x 250lb
p-51d-20-na	p-51d-20_500lb_bombs	2x 500lb
p-51d-20-na	p-51d-20_bombs	2x 1000lb
p-51d-20-na_iaf	p-51d-20-na_iaf_default	no suspended armament
p-51d-20-na_iaf	p-51d-20-na_iaf_hvar_rockets	8x hvar
p-51d-20-na_iaf	p-51d-20-na_iaf_2x250lbs	2x 250lb
p-51d-20-na_iaf	p-51d-20-na_iaf_2x500lbs	2x 500lb
p-51d-20-na_iaf	p-51d-20-na_iaf_1000_bombs	2x 1000lb
p-51d-20-na_j26	j26_default	no suspended armament
p-51d-20-na_j26	j26_2x50kg_bombs	no suspended armament
p-51d-30_usaaf_korea	p-51d-30_default	no suspended armament
p-51d-30_usaaf_korea	p-51d-30_6xbazooka	2x m8
p-51d-30_usaaf_korea	p-51d-30_rockets	2x hvar x3; 2x hvar x2
p-51d-30_usaaf_korea	p-51d-30_100lb_bombs	2x 100lb
p-51d-30_usaaf_korea	p-51d-30_250lb_bombs	2x 250lb
p-51d-30_usaaf_korea	p-51d-30_500lb_bombs	2x 500lb
p-51d-30_usaaf_korea	p-51d-30_bombs	2x 1000lb
p-51d-30_usaaf_korea	p-51d-30_mk78_mod2	2x mk78
p-51d-5	p_51d_5_default	no suspended armament
p-51d-5	p_51d_5_rockets	2x hvar x3; 2x hvar x2
p-51d-5	p-51d-5_6xbazooka	2x m8
p-51d-5	p-51d-5_2x100lbs	2x 100lb
p-51d-5	p-51d-5_2x250lbs	2x 250lb
p-51d-5	p-51d-5_2x500lbs	2x 500lb
p-51d-5	p_51d_5_bombs	2x 1000lb
p-51h-5_na	p_51h_5_default	no suspended armament
p-51h-5_na	p-51h-5_6xbazooka	2x m8
p-51h-5_na	p_51h_5_rockets	hvar x3 slot1; hvar x2 slot2; hvar x2 slot3; hvar x3 slot4
p-51h-5_na	p-51h-5_2x100lbs	2x 100lb
p-51h-5_na	p-51h-5_2x250lbs	2x 250lb
p-51h-5_na	p-51h-5_2x500lbs	2x 500lb
p-51h-5_na	p_51h_5_2x1000lbs	2x 1000lb
p-51h-5_na	p-51h-5_2x_mk78_mod2	2x mk78
p-51k	p-51d-20_default	no suspended armament
p-51k	p-51d-20_6xbazooka	2x m8
p-51k	p-51d-20_rockets	2x hvar x3; 2x hvar x2
p-51k	p-51d-20_100lb_bombs	2x 100lb
p-51k	p-51d-20_250lb_bombs	2x 250lb
p-51k	p-51d-20_500lb_bombs	2x 500lb
p-51k	p-51d-20_bombs	2x 1000lb
p-59a	p_59a_default	no suspended armament
p-61a_1	default	no suspended armament
p-61a_1	p-61a_11_2_500lbs	no suspended armament
p-61a_1	p-61c_11_2_1000lbs	no suspended armament
p-61a_1	p_61a_11_bomb_2_1600lbs	no suspended armament
p-61c_1	default	no suspended armament
p-61c_1	p-61c-1_4_500lbs	4x 500lb
p-61c_1	p-61c-1_4_1000lbs	4x 1000lb
p-61c_1	p_61c_1_bomb_4_1600lbs	4x 1600lb ap
p-63a-10	p_63a_10_default	no suspended armament
p-63a-10	p_63a_10_1xbomb	no suspended armament
p-63a-10	p_63a_10_2xbomb	no suspended armament
p-63a-10	p_63a_10_bomb	no suspended armament
p-63a-10	p_63a_10_m8_bazooka	no suspended armament
p-63a-10	p_63a_10_1xbomb_m8_bazooka	no suspended armament
p-63a-10_ussr	p_63a_10_default	no suspended armament
p-63a-10_ussr	p_63a_10_ussr_1xbomb	no suspended armament
p-63a-10_ussr	p_63a_10_ussr_2xbomb	no suspended armament
p-63a-10_ussr	p_63a_10_bomb	no suspended armament
p-63a-5	p_63a_5_default	no suspended armament
p-63a-5	p_63a_5_bomb	no suspended armament
p-63a-5_ussr	p_63a_5_default	no suspended armament
p-63a-5_ussr	p_63a_5_bomb	no suspended armament
p-63c-5	p_63c_5_default	no suspended armament
p-63c-5	p_63c_5_1x_bomb	no suspended armament
p-63c-5	p_63c_5_2x_bomb	no suspended armament
p-63c-5	p_63c_5_bomb	no suspended armament
p-63c-5	p_63c_5_1xbomb_m8_bazooka	no suspended armament
p-63c-5	p_63c_5_bomb_m8_bazooka	no suspended armament
p-63c-5_france	p_63a_10_default	no suspended armament
p-63c-5_france	p_63a_10_bomb	no suspended armament
p-63c-5_france	p_63a_10_mk78_mod2	no suspended armament
p-63c-5_france	p_63c_5_m8_rockets	no suspended armament
p-63c-5_france	p_63c_5_bomb_m8_rockets	no suspended armament
p-63c-5_france	p_63c_5_fire_bomb_m8_rockets	no suspended armament
p-63c-5_kingcobra_animal_version	p_63c_5_default	no suspended armament
p-63c-5_kingcobra_animal_version	p_63c_5_1x_bomb	no suspended armament
p-63c-5_kingcobra_animal_version	p_63c_5_2x_bomb	no suspended armament
p-63c-5_kingcobra_animal_version	p_63c_5_bomb	no suspended armament
p-63c-5_kingcobra_animal_version	p_63c_5_1xbomb_m8_bazooka	no suspended armament
p-63c-5_kingcobra_animal_version	p_63c_5_bomb_m8_bazooka	no suspended armament
p-63c-5_ussr	p_63c_5_default	no suspended armament
p-63c-5_ussr	p_63c_5_bomb	no suspended armament
p-66	p_66_default	no suspended armament
pb4y-2	pb4y-2_20x100lbs_bombs	no suspended armament
pb4y-2	pb4y-2_8x500lbs_bombs	no suspended armament
pb4y-2	pb4y-2_4x1000lbs_bombs	no suspended armament
pb4y-2	pb4y-2_8x1000lbs_bombs	no suspended armament
pb4y-2	pb4y-2_8x1000lbs_mines	no suspended armament
pb4y-2	pb4y-2_4x1000lbs_mines	no suspended armament
pb4y-2	pb4y-2_2x2000lbs_bombs	no suspended armament
pb4y-2_china	pb4y-2_20x100lbs_bombs	no suspended armament
pb4y-2_china	pb4y-2_8x500lbs_bombs	no suspended armament
pb4y-2_china	pb4y-2_4x1000lbs_bombs	no suspended armament
pb4y-2_china	pb4y-2_8x1000lbs_bombs	no suspended armament
pb4y-2_china	pb4y-2_2x2000lbs_bombs	no suspended armament
pb4y-2_china	pb4y-2_8x1000lbs_mines	no suspended armament
pb4y-2_china	pb4y-2_4x1000lbs_mines	no suspended armament
pb4y-2_france	pb4y-2_20x100lbs_bombs	no suspended armament
pb4y-2_france	pb4y-2_8x500lbs_bombs	no suspended armament
pb4y-2_france	pb4y-2_4x1000lbs_bombs	no suspended armament
pb4y-2_france	pb4y-2_8x1000lbs_bombs	no suspended armament
pb4y-2_france	pb4y-2_2x2000lbs_bombs	no suspended armament
pb4y-2_france	pb4y-2_8x1000lbs_mines	no suspended armament
pb4y-2_france	pb4y-2_4x1000lbs_mines	no suspended armament
pbj_1h	default	no suspended armament
pbj_1h	b_25j_20_12x100lb	no suspended armament
pbj_1h	b_25j_20_8x250lb	no suspended armament
pbj_1h	pbj_1h_4x500lb	no suspended armament
pbj_1h	pbj_1_3x1000	no suspended armament
pbj_1h	pbj_1_2x1600	no suspended armament
pbj_1h	pbj_1_1x2000	no suspended armament
pbj_1j	default	no suspended armament
pbj_1j	b_25j_20_12x100lb	no suspended armament
pbj_1j	b_25j_20_8x250lb	no suspended armament
pbj_1j	pbj_1h_4x500lb	no suspended armament
pbj_1j	pbj_1_3x1000	no suspended armament
pbj_1j	pbj_1_2x1600	no suspended armament
pbj_1j	pbj_1_1x2000	no suspended armament
pbj_1j_1	b_25j_20_12x100lb	no suspended armament
pbj_1j_1	b_25j_20_4x250lb	no suspended armament
pbj_1j_1	b_25j_20_4x250lb_6x100lb	no suspended armament
pbj_1j_1	b_25j_20_8x250lb	no suspended armament
pbj_1j_1	b_25j_20_2x500lb_6x100lb	no suspended armament
pbj_1j_1	b_25j_20_4x500lb	no suspended armament
pbj_1j_1	b_25j_20_1x1000lb_10x100lb	no suspended armament
pbj_1j_1	b_25j_20_3x1000lb	no suspended armament
pbj_1j_1	b_25j_20_default	no suspended armament
pbm_1	PBM-1_default	no suspended armament
pbm_1	PBM-1_6x250lbs	no suspended armament
pbm_1	PBM-1_6x500lbs	no suspended armament
pbm_1	PBM-1_2x1000lbs_4x500lbs	no suspended armament
pbm_1	PBM-1_6x1000lbs	no suspended armament
pbm_1	pbm_1_4x1600lbs	no suspended armament
pbm_3	PBM-3_default	no suspended armament
pbm_3	PBM-3_8x500lbs	no suspended armament
pbm_3	PBM-3_8x1000lbs	no suspended armament
pbm_3	pbm_8x1600lbs	no suspended armament
pbm_3	PBM-3_8x_mine_mk13_mod0	no suspended armament
pbm_5a	pbm_5a_default	100lb left; 100lb right
pbm_5a	pbm_5a_8x500lbs	500lbs left; 500lbs right
pbm_5a	pbm_5a_8x1000lbs	1000lbs left; 1000lbs right
pbm_5a	pbm_5a_8x1600lbs	1600lbs left; 1600lbs right
pbm_5a	pbm_5a_2x1600lbs	1600lb fuse left; 1600lb fuse right
pbm_5a	pbm_5a_torpedoes	mk13 torpedo left; mk13 torpedo right
pbm_5a	pbm_5a_8x_mine_mk13_mod0	mine mk13 left; mine mk13 right
pby-5	pby_5_default	no suspended armament
pby-5	pby_5_16x100lbs	2x us 100lb; us 100lb left; us 100lb x6 left; us 100lb x6 right; us 100lb right
pby-5	pby_5_4x500lbs	2x us 500lb; us 500lb left; us 500lb right
pby-5	pby_5_4x1000lbs	2x us 1000lb; us 1000lb left; us 1000lb right
pby-5	pby_5_4x_mine_mk13_mod0	2x us mine mk13; us mine mk13 left; us mine mk13 right
pby-5	pby_5_2xmk13	2x us mk13 torpedo no case
pby-5	pby_5_2xmk13_case	2x us mk13 torpedo
pby-5a	pby_5_16x100lbs	2x us 100lb; us 100lb left; us 100lb x6 left; us 100lb x6 right; us 100lb right
pby-5a	pby_5_4x500lbs	2x us 500lb; us 500lb left; us 500lb right
pby-5a	pby_5_4x1000lbs	2x us 1000lb; us 1000lb left; us 1000lb right
pby-5a	pby_5_4x_mine_mk13_mod0	2x us mine mk13; us mine mk13 left; us mine mk13 right
pby-5a	pby_5_2xmk13	2x us mk13 torpedo no case
pby-5a	pby_5_2xmk13_case	2x us mk13 torpedo
pby-5a_late_france	pby_5a_late_france_16x100lbs	2x us 100lb; us 100lb left; us 100lb x6 left; us 100lb x6 right; us 100lb right
pby-5a_late_france	pby_5a_late_france_4x500lbs	2x us 500lb; us 500lb left; us 500lb right
pby-5a_late_france	pby_5a_late_france_4x1000lbs	2x us 1000lb; us 1000lb left; us 1000lb right
pby-5a_late_france	pby_5a_late_france_4x_mine_mk13_mod0	2x us mine mk13; us mine mk13 left; us mine mk13 right
pby-5a_late_france	pby_5a_late_france_2xmk13	2x us mk13 torpedo no case
pby-5a_late_france	pby_5a_late_france_2xmk13_case	2x us mk13 torpedo
pby-5a_raf	pby_5_16x100lbs	2x us 100lb; us 100lb left; us 100lb x6 left; us 100lb x6 right; us 100lb right
pby-5a_raf	pby_5_4x500lbs	2x us 500lb; us 500lb left; us 500lb right
pby-5a_raf	pby_5_4x1000lbs	2x us 1000lb; us 1000lb left; us 1000lb right
pby-5a_raf	pby_5_4x_mine_mk13_mod0	2x us mine mk13; us mine mk13 left; us mine mk13 right
pby-5a_raf	pby_5_2xmk13	2x us mk13 torpedo no case
pby-5a_raf	pby_5_2xmk13_case	2x us mk13 torpedo
pby-5a_ussr	pby_5_16x100lbs	2x us 100lb; us 100lb left; us 100lb x6 left; us 100lb x6 right; us 100lb right
pby-5a_ussr	pby_5_4x500lbs	2x us 500lb; us 500lb left; us 500lb right
pby-5a_ussr	pby_5_4x1000lbs	2x us 1000lb; us 1000lb left; us 1000lb right
pby-5a_ussr	pby_5_4x_mine_mk13_mod0	2x us mine mk13; us mine mk13 left; us mine mk13 right
pby-5a_ussr	pby_5_2xmk13	2x us mk13 torpedo no case
pby-5a_ussr	pby_5_2xmk13_case	2x us mk13 torpedo
pe-2-1	pe_2_1_default	no suspended armament
pe-2-1	pe_2_1_6xfab100	fab 100x slot1; fab 100 slot2; fab 100 slot3; fab 100 slot5; fab 100 slot6; fab 100x slot7
pe-2-1	pe_2_1_10xfab100	fab 100x slot1; fab 100 slot2; fab 100 slot3; fab 100 x4; fab 100 slot5; fab 100 slot6; fab 100x slot7
pe-2-1	pe_2_1_4xfab250	fab 250 slot2; fab 250 slot3; fab 250 slot5; fab 250 slot6
pe-2-1	pe_2_1_2xfab500	fab 500 slot3; fab 500 slot5
pe-2-1	pe_2_1_4xbrab220	brab 220 slot2; brab 220 slot3; brab 220 slot5; brab 220 slot6
pe-2-1	pe_2_1_2xbrab500	brab 500 slot3; brab 500 slot5
pe-2-110	pe_2_31_default	no suspended armament
pe-2-110	pe_2_31_6xfab100	fab 100x slot2; fab 100 slot3; fab 100 slot4; fab 100 slot6; fab 100 slot7; fab 100x slot8
pe-2-110	pe_2_31_10xfab100	fab 100x slot2; fab 100 slot3; fab 100 slot4; fab 100 x4; fab 100 slot6; fab 100 slot7; fab 100x slot8
pe-2-110	pe_2_31_4xfab250	fab 250 slot3; fab 250 slot4; fab 250 slot6; fab 250 slot7
pe-2-110	pe_2_31_4xbrab250	brab 250 slot3; brab 250 slot4; brab 250 slot6; brab 250 slot7
pe-2-110	pe_2_31_2xfab500	fab 500 slot4; fab 500 slot6
pe-2-110	pe_2_31_2xbrab500	brab 500 slot4; brab 500 slot6
pe-2-110	pe_2_31_10xrs132	ro132 slot1; ro132 slot9
pe-2-110	pe_2_31_10xrbs132	rbs132 slot1; rbs132 slot9
pe-2-205	pe_2_31_default	no suspended armament
pe-2-205	pe_2_31_6xfab100	fab 100x slot2; fab 100 slot3; fab 100 slot4; fab 100 slot6; fab 100 slot7; fab 100x slot8
pe-2-205	pe_2_31_10xfab100	fab 100x slot2; fab 100 slot3; fab 100 slot4; fab 100 x4; fab 100 slot6; fab 100 slot7; fab 100x slot8
pe-2-205	pe_2_31_4xfab250	fab 250 slot3; fab 250 slot4; fab 250 slot6; fab 250 slot7
pe-2-205	pe_2_31_4xbrab250	brab 250 slot3; brab 250 slot4; brab 250 slot6; brab 250 slot7
pe-2-205	pe_2_31_2xfab500	fab 500 slot4; fab 500 slot6
pe-2-205	pe_2_31_2xbrab500	brab 500 slot4; brab 500 slot6
pe-2-205	pe_2_31_10xrs132	ro132 slot1; ro132 slot9
pe-2-205	pe_2_31_10xrbs132	rbs132 slot1; rbs132 slot9
pe-2-31	pe_2_31_default	no suspended armament
pe-2-31	pe_2_31_6xfab100	fab 100x slot2; fab 100 slot3; fab 100 slot4; fab 100 slot6; fab 100 slot7; fab 100x slot8
pe-2-31	pe_2_31_10xfab100	fab 100x slot2; fab 100 slot3; fab 100 slot4; fab 100 x4; fab 100 slot6; fab 100 slot7; fab 100x slot8
pe-2-31	pe_2_31_4xfab250	fab 250 slot3; fab 250 slot4; fab 250 slot6; fab 250 slot7
pe-2-31	pe_2_31_2xfab500	fab 500 slot4; fab 500 slot6
pe-2-31	pe_2_31_10xrs132	ro132 slot1; ro132 slot9
pe-2-31	pe_2_31_10xrbs132	rbs132 slot1; rbs132 slot9
pe-2-31	pe_2_31_4xbrab220	brab 220 slot3; brab 220 slot4; brab 220 slot6; brab 220 slot7
pe-2-31	pe_2_31_2xbrab500	brab 500 slot4; brab 500 slot6
pe-2-359	pe_2_31_default	no suspended armament
pe-2-359	pe_2_31_6xfab100	fab 100x slot2; fab 100 slot3; fab 100 slot4; fab 100 slot6; fab 100 slot7; fab 100x slot8
pe-2-359	pe_2_31_10xfab100	fab 100x slot2; fab 100 slot3; fab 100 slot4; fab 100 x4; fab 100 slot6; fab 100 slot7; fab 100x slot8
pe-2-359	pe_2_31_4xfab250	fab 250 slot3; fab 250 slot4; fab 250 slot6; fab 250 slot7
pe-2-359	pe_2_31_4xbrab250	brab 250 slot3; brab 250 slot4; brab 250 slot6; brab 250 slot7
pe-2-359	pe_2_31_2xfab500	fab 500 slot4; fab 500 slot6
pe-2-359	pe_2_31_2xbrab500	brab 500 slot4; brab 500 slot6
pe-2-359	pe_2_31_10xrs132	ro132 slot1; ro132 slot9
pe-2-359	pe_2_31_10xrbs132	rbs132 slot1; rbs132 slot9
pe-2-359_china	pe_2_31_default	no suspended armament
pe-2-359_china	pe_2_31_6xfab100	fab 100x slot2; fab 100 slot3; fab 100 slot4; fab 100 slot6; fab 100 slot7; fab 100x slot8
pe-2-359_china	pe_2_31_10xfab100	fab 100x slot2; fab 100 slot3; fab 100 slot4; fab 100 x4; fab 100 slot6; fab 100 slot7; fab 100x slot8
pe-2-359_china	pe_2_31_4xfab250	fab 250 slot3; fab 250 slot4; fab 250 slot6; fab 250 slot7
pe-2-359_china	pe_2_31_4xbrab250	brab 250 slot3; brab 250 slot4; brab 250 slot6; brab 250 slot7
pe-2-359_china	pe_2_31_2xfab500	fab 500 slot4; fab 500 slot6
pe-2-359_china	pe_2_31_2xbrab500	brab 500 slot4; brab 500 slot6
pe-2-359_china	pe_2_31_10xrs132	ro132 slot1; ro132 slot9
pe-2-359_china	pe_2_31_10xrbs132	rbs132 slot1; rbs132 slot9
pe-2-83	pe_2_31_default	no suspended armament
pe-2-83	pe_2_31_6xfab100	fab 100x slot2; fab 100 slot3; fab 100 slot4; fab 100 slot6; fab 100 slot7; fab 100x slot8
pe-2-83	pe_2_31_10xfab100	fab 100x slot2; fab 100 slot3; fab 100 slot4; fab 100 x4; fab 100 slot6; fab 100 slot7; fab 100x slot8
pe-2-83	pe_2_31_4xfab250	fab 250 slot3; fab 250 slot4; fab 250 slot6; fab 250 slot7
pe-2-83	pe_2_31_2xfab500	fab 500 slot4; fab 500 slot6
pe-2-83	pe_2_31_10xrs132	ro132 slot1; ro132 slot9
pe-2-83	pe_2_31_10xrbs132	rbs132 slot1; rbs132 slot9
pe-2-83	pe_2_31_4xbrab220	brab 220 slot3; brab 220 slot4; brab 220 slot6; brab 220 slot7
pe-2-83	pe_2_31_2xbrab500	brab 500 slot4; brab 500 slot6
pe-3	pe_3_default	no suspended armament
pe-3	pe_3_4xfab100	2x fab 100; fab 100 slot3; fab 100 slot4
pe-3	pe_3_2xfab250	2x fab 250
pe-3	pe_3_6xrs132	ro132 slot1; ro132 slot6
pe-3	pe_3_6xrbs132	rbs132 slot1; rbs132 slot6
pe-3_bis	pe_3_default	no suspended armament
pe-3_bis	pe_3_4xfab100	2x fab 100; fab 100 slot3; fab 100 slot4
pe-3_bis	pe_3_2xfab250	2x fab 250
pe-3_bis	pe_3_6xrs132	ro132 slot1; ro132 slot6
pe-3_bis	pe_3_6xrbs132	rbs132 slot1; rbs132 slot6
pe-3_early	pe_3_default	no suspended armament
pe-3_early	pe_3_4xfab100	2x fab 100; fab 100 slot3; fab 100 slot4
pe-3_early	pe_3_2xfab250	2x fab 250
pe-3_early	pe_3_6xrs132	ro132 slot1; ro132 slot6
pe-3_early	pe_3_6xrbs132	rbs132 slot1; rbs132 slot6
pe-8_m82	Pe-8_default	no suspended armament
pe-8_m82	pe-8_32xfab100	no suspended armament
pe-8_m82	pe-8_12xfab250	no suspended armament
pe-8_m82	pe-8_6xfab500	no suspended armament
pe-8_m82	pe-8_4xfab1000	no suspended armament
pe-8_m82	pe-8_fab5000	no suspended armament
po_2op_event	po_2op_event_default	no suspended armament
po-2	Po2_default	4x fab 50; fab 50 x2
po-2	Po2_fab100	2x fab 100
po-2	Po2_fab50_fab100	2x fab 100; fab 50 x2
po-2	Po2_rs_82	ros82 slot1; ros82 slot7
po-2	Po2_rbs_82	rbs82 slot1; rbs82 slot7
po-2	Po2_ros_132	ros132 slot1; ros132 slot7
po-2_nw	Po-2_default	no suspended armament
po-2m	po-2m_default	4x fab 50
po-2m	po-2m_fab100	2x fab 100
po-2m	po-2m_zab50	4x zab 50
po-2m	po-2m_rs_82	ros82 slot1; ros82 slot6
po-2m	po-2m_rbs_82	rbs82 slot1; rbs82 slot6
po-2m	po-2m_ros_132	ros132 slot1; ros132 slot6
potez_630	potez_630_default	no suspended armament
potez_631	potez_631_default	no suspended armament
potez_631	potez_631_bombs_100kg	no suspended armament
potez_633	potez_633_bombs_50kg_default	no suspended armament
potez_633	potez_633_bombs_100kg	no suspended armament
potez_633	potez_633_bombs_200kg	no suspended armament
pv_2d	pv_2d_bombs	250lbs
pv_2d	pv_2d_rockets	hvar slot1; hvar slot5
pv_2d	pv_2d_tiny_tim	tiny
pv_2d	pv_2d_500lbs_bombs	500lbs
pv_2d	pv_2d_1000lbs_bombs	1000lbs slot2; 1000lbs; 1000lbs slot4
pv_2d	pv_2d_mine_mk13_mod0	mine slot2; mine; mine slot4
pv_2d	pv_2d_1x_torp	torp
pv_2d	pv_2_dgp_1	gun pod slot2; gun pod slot4
pyorremyrsky	pyorremyrsky_default	no suspended armament
pyorremyrsky	pyorremyrsky_4x50kg	no suspended armament
pyorremyrsky	pyorremyrsky_4x100kg	no suspended armament
q_5_early	q_5_early_default	no suspended armament
q_5_early	q_5_early_4x100kg_bombs	2x 100 2; 100 2 x2
q_5_early	q_5_early_4x250kg_bombs	2x gp250; gp250 x2
q_5_early	q_5_early_type90_rockets	2x hf7
q_5_early	q_5_early_4x250kg_incendiary_bombs	2x gp250 inc; gp250 x2 inc
q_5a	q_5a_default	no suspended armament
q_5a	q_5a_4x250kg_bombs	gp250 x4
q_5a	q_5a_4x250kg_3_bombs	gp250 3 x4
q_5a	q_5a_4x250kg_4_bombs	gp250 4 x4
q_5a	q_5a_type90_rockets	4x hf7
q_5a	q_5a_type130ap	4x hf14
q_5a	q_5a_4x250kg_incendiary_bombs	gp250 4 x4 inc
q_5l	q_5l_default	no suspended armament
q_5l	q_5l_hf6_rockets	4x hf6
q_5l	q_5l_hf14_rockets	4x hf14
q_5l	q_5l_ts_250	2x ts250; k pzs 01
q_5l	q_5l_ls_500j	2x ls500; k pzs 01
q_5l	q_5l_250kg_bombs	4x gp250; gp250 x4
q_5l	q_5l_500kg_bombs	2x gp500
q_5l	q_5l_250kg_4_bombs	4x gp250 4; gp250 4 x4
q_5l	q_5l_500kg_4_bombs	2x gp500 4
q_5l	q_5l_250kg_incendiary_bombs	4x gp250 4 inc; gp250 4 x4 inc
quing_6	quing_6_fab250	8x fab250
quing_6	quing_6_fab250_incendiary	8x fab250 incendiary
quing_6	quing_6_fab500	8x fab500
quing_6	quing_6_fab1500	2x fab1500
quing_6	quing_6_torpedo	2x 45 36m
r2y2_kai	r2y2_default	no suspended armament
r2y2_kai	mod80mark1_bomb	no suspended armament
r2y2_kai	type99mod80_bomb	no suspended armament
r2y2_v1	r2y2_default	no suspended armament
r2y2_v1	mod80mark1_bomb	no suspended armament
r2y2_v1	type99mod80_bomb	no suspended armament
r2y2_v2	r2y2_default	no suspended armament
r2y2_v2	mod80mark1_bomb	no suspended armament
r2y2_v2	type99mod80_bomb	no suspended armament
rafale_c_f3	rafale_c_f3_default	r550 magic 2 slot1 default; mica em slot2 default; ptb 1; ptb 2; ptb 3; mica em slot11 default; r550 magic 2 slot12 default
rafale_c_f3	rafale_c_f3_mica_em	mica em slot1; mica em slot2 default; mica em slot3; mica em slot5; mica em slot8; mica em slot10; mica em slot11 default; mica em slot12
rafale_c_f3	rafale_c_f3_r550	r550 magic 2 slot1 default; r550 magic 2 slot12 default
rafale_c_f3	rafale_c_f3_samp_mk82	250kg type 25c x3 slot3; 250kg type 25c x3 slot10
rafale_c_f3	rafale_c_f3_gbu_12	us gbu 12 x3 slot3; damocles; us gbu 12 x3 slot10
rafale_c_f3	rafale_c_f3_gbu_22	us gbu 22 x3 slot3; damocles; us gbu 22 x3 slot10
rafale_c_f3	rafale_c_f3_gbu_49	us gbu 49 x3 slot3; damocles; us gbu 49 x3 slot10
rafale_c_f3	rafale_c_f3_gbu_16	us gbu 16 slot3; damocles; us gbu 16 slot10
rafale_c_f3	rafale_c_f3_gbu_24	us gbu 24 slot3; damocles; us gbu 24 slot7; us gbu 24 slot10
rafale_c_f3	rafale_c_f3_aasm_250_sbu_38	aasm 250 sbu 38 x3 slot3; damocles; aasm 250 sbu 38 x3 slot10
rafale_c_f3	rafale_c_f3_aasm_250_sbu_64	aasm 250 sbu 64 x3 slot3; damocles; aasm 250 sbu 64 x3 slot10
rafale_c_f3	rafale_c_f3_aasm_250_sbu_54	aasm 250 sbu 54 x3 slot3; damocles; aasm 250 sbu 54 x3 slot10
rafale_m_f3r	rafale_c_f3_default	r550 magic 2 slot1 default; mica em slot2 default; ptb 1; ptb 2; ptb 3; mica em slot11 default; r550 magic 2 slot12 default
rafale_m_f3r	rafale_c_f3_mica_em	mica em slot1; mica em slot2 default; mica em slot3; mica em slot5; mica em slot8; mica em slot10; mica em slot11 default; mica em slot12
rafale_m_f3r	rafale_c_f3_r550	r550 magic 2 slot1 default; r550 magic 2 slot12 default
rafale_m_f3r	rafale_c_f3_samp_mk82	250kg type 25c x3 slot3; 250kg type 25c x3 slot10
rafale_m_f3r	rafale_c_f3_gbu_12	us gbu 12 x3 slot3; damocles; us gbu 12 x3 slot10
rafale_m_f3r	rafale_c_f3_gbu_22	us gbu 22 x3 slot3; damocles; us gbu 22 x3 slot10
rafale_m_f3r	rafale_c_f3_gbu_49	us gbu 49 x3 slot3; damocles; us gbu 49 x3 slot10
rafale_m_f3r	rafale_c_f3_gbu_16	us gbu 16 slot3; damocles; us gbu 16 slot10
rafale_m_f3r	rafale_c_f3_gbu_24	us gbu 24 slot3; damocles; us gbu 24 slot7; us gbu 24 slot10
rafale_m_f3r	rafale_c_f3_aasm_250_sbu_38	aasm 250 sbu 38 x3 slot3; damocles; aasm 250 sbu 38 x3 slot10
rafale_m_f3r	rafale_c_f3_aasm_250_sbu_64	aasm 250 sbu 64 x3 slot3; damocles; aasm 250 sbu 64 x3 slot10
rafale_m_f3r	rafale_c_f3_aasm_250_sbu_54	aasm 250 sbu 54 x3 slot3; damocles; aasm 250 sbu 54 x3 slot10
rah_66	rah_66_default	6x hellfire
rah_66	rah_66_hydra_70	hydra 70 x4 wing left; 6x hydra 70; hydra 70 x4 wing right
rah_66	rah_66_6_hellfire	114b x4 wing left; 6x hellfire; 114b x4 wing right
rah_66	rah_66_atam	stinger wing left; 6x stinger; stinger wing right
re_2000_ga	re_2000_ga_default	no suspended armament
re_2000_ga	re_2000_ga_2x50kg_t	no suspended armament
re_2000_ga	re_2000_ga_2x100kg_t	no suspended armament
re_2000_ga	re_2000_ga_2x100kg_m	no suspended armament
re_2000_ga	re_2000_ga_2x160kg_ap	no suspended armament
re_2000_ga_ep	re_2000_ga_default	no suspended armament
re_2000_ga_ep	re_2000_ga_2x50kg_t	no suspended armament
re_2000_ga_ep	re_2000_ga_2x100kg_t	no suspended armament
re_2000_ga_ep	re_2000_ga_2x100kg_m	no suspended armament
re_2000_ga_ep	re_2000_ga_2x160kg_ap	no suspended armament
re_2000_heja_1	re_2000_heja_1_default	no suspended armament
re_2000_heja_2	re_2000_ga_default	no suspended armament
re_2000_int	re_2000_int_default	no suspended armament
re_2000_j20	re_2000_int_default	no suspended armament
re_2001_cb	re_2001_serie1_default	no suspended armament
re_2001_cb	re_2001_2x_50kg	2x 50kg
re_2001_cb	re_2001_2x_100kg	2x 100kg
re_2001_cb	re_2001_cb_250kg	250kg
re_2001_cb	re_2001_cb_500kg	500kg
re_2001_cb	re_2001_1x_630kg_ap	630kg
re_2001_cb	re_2001_2x_160kg_ap	2x 160kg ap
re_2001_cn	re_2001_cn_default	no suspended armament
re_2001_cn	re_2001_250kg	no suspended armament
re_2001_serie1	re_2001_serie1_default	no suspended armament
re_2001_serie1_ep	re_2001_serie1_default	no suspended armament
re_2002_early	re_2002_early_default	no suspended armament
re_2002_early	re_2002_50kg	2x 50kg
re_2002_early	re_2002_100kg	2x 100kg
re_2002_early	re_2002_160kg_ap	2x 160kg ap
re_2002_early	re_2002_250kg	250kg
re_2002_early	re_2002_500kg	500kg
re_2002_early	re_2002_630kg_ap	630kg ap
re_2005_serie0	re_2005_serie0_default	no suspended armament
re_2005_serie0	re_2005_2x50kg_t	2x 50kg
re_2005_serie0	re_2005_2x100kg_t	2x 100kg; 100kg centr
re_2005_serie0	re_2005_250kg	250kg
re_2005_serie0	re_2005_500kg	500kg
re_2005_serie0	re_2005_2x160kg_ap	2x 160kg; 160kg centr
re_2005_serie0	re_2005_630kg_ap	630kg
re_2005_vdm	re_2005_vdm_default	no suspended armament
re_2005_vdm	re_2005_vdm_2x50kg_t_500kg	2x 50kg; 500kg
re_2005_vdm	re_2005_vdm_2x100kg_t_250kg	2x 100kg; 250kg
re_2005_vdm	re_2005_vdm_2x160kg_ap_250kg	2x 160kg; 250kg
re_2005_vdm	re_2005_vdm_630kg_ap	630kg
ro_43	ro_43_default	no suspended armament
ro_44	ro_44_gefault	no suspended armament
ro_57_quadriarma	ro_57_quadriarma_default	no suspended armament
ro_57_quadriarma	ro_57_2x50kg_t	2x 50kg
ro_57_quadriarma	ro_57_2x100kg_m	2x 100kg m
ro_57_quadriarma	ro_57_2x100kg_t	2x 100kg t
ro_57_quadriarma	ro_57_2x160kg_ap	2x 160kg
ro_57_quadriarma	ro_57_250kg_gp	250kg
ro_57_quadriarma	ro_57_500kg	500kg
ro_57_quadriarma	ro_57_800kg	800kg
ro_57_quadriarma	ro_57_630kg	630kg
s_199	s-199_default	no suspended armament
s_199	s-199_4x_sd70_bombs	no suspended armament
s_199	s-199_4x_sd50_bombs	no suspended armament
s_199	s_199_4x_sc50_bombs	no suspended armament
s_199	s_199_4x_250_bomb	no suspended armament
s_81_ar125	s_81_28x50kg_t	no suspended armament
s_81_ar125	s_81_16x100kg_t	no suspended armament
s_81_ar125	s_81_4x250kg_gp	no suspended armament
s_81_ar125	s_81_4x500kg_gp	no suspended armament
sa_313b	sa_313b_default	no suspended armament
sa_313b_france	sa_313b_default	no suspended armament
sa_316b	sa_316b_default	no suspended armament
sa_341f	sa_341f_default	ffar slot2; giat
sa_341f	sa_341f_rocket_atam_mistral	mistral slot2; giat
sa_341f	sa_341f_hot	hot slot1; hot slot2
sa_341f	sa_341f_hot_2	hot2 slot1; hot2 slot2
sa_342l_china	sa_342l_china_default	2x hf25
sa_342l_china	sa_342l_china_hf_27	2x hf27
sa_342l_china	sa_342l_china_hj_8	hj8 left default; hj8 right
sa_342l_china	sa_342l_china_hj_8e	hj8 e left; hj8 e right
sa_342l_china	sa_342l_china_hot	hot left; hot right
sa_342l_china	sa_342l_china_gun_pod	2x gun pod
sa_342m	sa_342m_default	ffar slot2; ffar slot3
sa_342m	sa_342m_rocket_atam_mistral	mistral slot2; mistral slot3
sa_342m	sa_342m_hot	hot default slot1; hot default slot2; hot slot3; hot slot4
sa_342m	sa_342m_hot_2	hot2 slot1; hot2 slot2; hot2 slot3; hot2 slot4
saab_105g	saab_105g_default	2x akan m55
saab_105g	saab_105g_rb24	2x rb24
saab_105g	saab_105g_75mm_srak_m55	srak m55 slot1; srak m55 slot2; srak m55 slot3; srak m55 slot4; srak m55 slot5; srak m55 slot6
saab_105g	saab_105g_135mm_srak_m56d	srak m56d slot1; srak m56d slot2; srak m56d slot3; srak m56d slot4; srak m56d slot5; srak m56d slot6
saab_105g	saab_105g_145mm_psrak_m49_56	6x psrak m49 56
saab_105g	saab_105g_bomb_mk82	6x mk82
saab_105g	saab_105g_bomb_mk82_snakeye	6x mk82 snakeye
saab_105g	saab_105g_bomb_m117	4x mk117
saab_105g	saab_105g_bomb_mk83	4x mk83
saab_105oe	saab_105oe_default	2x akan m55
saab_105oe	saab_105oe_rb24	2x rb24
saab_105oe	saab_105oe_75mm_srak_m55	srak m55 slot1; srak m55 slot2; srak m55 slot3; srak m55 slot4; srak m55 slot5; srak m55 slot6
saab_105oe	saab_105oe_135mm_srak_m56d	srak m56d slot1; srak m56d slot2; srak m56d slot3; srak m56d slot4; srak m56d slot5; srak m56d slot6
saab_105oe	saab_105oe_145mm_psrak_m49_56	6x psrak m49 56
saab_105oe	saab_105oe_rb_05a	2x rb 05a
saab_105oe	saab_105oe_rb24_rb_05a	2x rb24; 2x rb 05a
saab_105oe	saab_105oe_rb24_akankapsel_30	2x rb24; 2x akan m55
saab_a21a_3	saab_a21a_3_default	ptb slot1; ptb slot13
saab_a21a_3	saab_a21a_3_8x145mm_psrak	m49 psrak slot2; m49 psrak slot3; m49 psrak slot4; m49 psrak slot5; m49 psrak slot9; m49 psrak slot10; m49 psrak slot11; m49 psrak slot12
saab_a21a_3	saab_a21a_3_8x150mm_srak_m51	m51 srak slot2; m51 srak slot3; m51 srak slot4; m51 srak slot5; m51 srak slot9; m51 srak slot10; m51 srak slot11; m51 srak slot12
saab_a21a_3	saab_a21a_3_2x180mm_hpsrak	m49 hpsrak slot4; m49 hpsrak slot10
saab_a21a_3	saab_a21a_3_4x50kg_sb_m47	m47 slot6; m47 slot8
saab_a21a_3	saab_a21a_3_250kg_minb_m40	minb m40
saab_a21a_3	saab_a21a_3_500kg_minb_m41	minb m41
saab_a21a_3	saab_a21a_3_600kg_minb_m50	minb m50
saab_a21rb	saab_a21rb_default	ptb slot1; ptb slot3
saab_a21rb	saab_a21rb_10x145mm_psrak	psrak
saab_a21rb	saab_a21rb_10x150mm_srak_m51	srak
saab_a21rb	saab_a21rb_5x180mm_hpsrak	hpsrak
saab_a21rb	saab_a21rb_8mm_ksp_pod	ksp 22
saab_a32a	saab_a32a_default	no suspended armament
saab_a32a	saab_a32a_145mm_psrak_m49a	12x psrak m49a
saab_a32a	saab_a32a_150mm_srak_m51	12x psrak m51
saab_a32a	saab_a32a_180mm_hpsrak_m49	12x hpsrak m49
saab_a32a	saab_a32a_120kg_m61	12x 120kg m61
saab_a32a	saab_a32a_250kg_m50	5x 250kg m50
saab_a32a	saab_a32a_500kg_m56a	3x 500kg m56a
saab_a32a	saab_a32a_600kg_m50	3x 600kg m50
saab_a32a	saab_a32a_brandbomb_m58	3x brandbomb m58
saab_a32a	saab_a32a_chaff	chaff
saab_a32a_red_adam	saab_a32a_red_adam_default	no suspended armament
saab_a32a_red_adam	saab_a32a_145mm_psrak_m49a	12x psrak m49a
saab_a32a_red_adam	saab_a32a_150mm_srak_m51	12x psrak m51
saab_a32a_red_adam	saab_a32a_180mm_hpsrak_m49	12x hpsrak m49
saab_a32a_red_adam	saab_a32a_120kg_m61	12x 120kg m61
saab_a32a_red_adam	saab_a32a_250kg_m50	5x 250kg m50
saab_a32a_red_adam	saab_a32a_red_adam_500kg_m56	3x 500kg m56a; chaff
saab_a32a_red_adam	saab_a32a_red_adam_600kg_m50	3x 600kg m50; chaff
saab_a32a_red_adam	saab_a32a_red_adam_brandbomb_m58	3x brandbomb m58; chaff
saab_aj37	saab_aj37_default	2x akankapsel 30; ptb
saab_aj37	saab_aj37_rockets_rb_24j	2x rb24j
saab_aj37	saab_aj37_rockets_rb_24	2x rb24
saab_aj37	saab_aj37_rocket_135mm_psrak_m70	4x m70b
saab_aj37	saab_aj37_rockets_rb_05a	2x rb05
saab_aj37	saab_aj37_rockets_rb_75	2x rb75
saab_aj37	saab_aj37_rockets_rb_75t	2x rb75t
saab_aj37	saab_aj37_120kg_m71	4x m71
saab_aj37	saab_aj37_120kg_m71_retarded	4x m71 retarded
saab_aj37	saab_aj37_ltc	ltc left; ltc right
saab_ajs37	saab_ajs37_default	2x rb24j default; 2x akankapsel 30; ptb
saab_ajs37	saab_ajs37_rockets_rb_24j	2x rb24j default; 4x rb24j
saab_ajs37	saab_ajs37_rockets_rb_74	4x rb74
saab_ajs37	saab_ajs37_rocket_135mm_psrak_m70	4x m70b
saab_ajs37	saab_ajs37_rockets_rb_05a	2x rb05
saab_ajs37	saab_ajs37_rockets_rb_75	4x rb75
saab_ajs37	saab_ajs37_rockets_rb_75t	4x rb75t
saab_ajs37	saab_ajs37_120kg_m71	4x m71
saab_ajs37	saab_ajs37_120kg_sb_m71_retarded	4x m71 retarded
saab_ajs37	saab_ajs37_ltc	ltc left; ltc right
saab_ajs37_early	saab_ajs37_default	2x rb24j default; 2x akankapsel 30; ptb
saab_ajs37_early	saab_ajs37_rockets_rb_24j	2x rb24j default; 4x rb24j
saab_ajs37_early	saab_ajs37_early_rockets_rb_74	2x rb24j default; 4x rb74
saab_ajs37_early	saab_ajs37_rocket_135mm_psrak_m70	4x m70b
saab_ajs37_early	saab_ajs37_rockets_rb_05a	2x rb05
saab_ajs37_early	saab_ajs37_rockets_rb_75	4x rb75
saab_ajs37_early	saab_ajs37_rockets_rb_75t	4x rb75t
saab_ajs37_early	saab_ajs37_120kg_m71	4x m71
saab_ajs37_early	saab_ajs37_120kg_sb_m71_retarded	4x m71 retarded
saab_ajs37_early	saab_ajs37_ltc	ltc left; ltc right
saab_ajs37_early	saab_ajs37_rockets_rb_74	4x rb74
saab_b17a	saab_b17a_default	2x 50kg x2; 50kg x5
saab_b17a	saab_b17a_250kg_minb_m40	250kg
saab_b17a	saab_b17a_500kg_minb_m41	500kg
saab_b17b	saab_b17b_default	2x 50kg x2; 50kg x5
saab_b17b	saab_b17b_250kg_minb_m40	250kg
saab_b17bs	saab_b17bs_default	no suspended armament
saab_b18a	saab_b18a_default	sb m42 slot1; sb m42 slot2; sb m42 slot3
saab_b18a	saab_b18a_250kg_minb_m40	minb m40
saab_b18a	saab_b18a_500kg_minb_m41	minb m41
saab_b18b	saab_b18b_default	sb m42 slot2; sb m42 central; sb m42 slot5
saab_b18b	saab_b18b_145mm_psrak_m49a	2x psrak m49a; psrak m49a central
saab_b18b	saab_b18b_150mm_srak_m51	2x srak m51; srak m51 central
saab_b18b	saab_b18b_180mm_hpsrak_m49	hpsrak m49 central
saab_b18b	saab_b18b_250kg_minb_m40	minb m40 central
saab_b18b	saab_b18b_500kg_minb_m41	minb m41 central
saab_b18b	saab_b18b_600kg_minb_m50	minb m50 central
saab_b3c	saab_b3c_default	no suspended armament
saab_b3c	saab_b3c_torp_m41	no suspended armament
saab_b3c	saab_b3c_250kg_minb_m40	no suspended armament
saab_f35_wdns	saab_f35_wdns_default	2x aim 9n; ptb slot4; ptb slot6
saab_f35_wdns	saab_f35_wdns_aim_9b	2x aim 9b
saab_f35_wdns	saab_f35_wdns_lau3a	8x lau3a
saab_f35_wdns	saab_f35_wdns_lau_5003a	8x lau 5003b
saab_f35_wdns	saab_f35_wdns_mk82	8x mk82; mk82 center
saab_f35_wdns	saab_f35_wdns_mk83	8x mk83; mk83 center
saab_f35_wdns	saab_f35_wdns_mk82sn	8x mk82sn; mk82sn center
saab_j21a_1	saab_j21a_1_default	no suspended armament
saab_j21a_2	saab_j21a_2_default	no suspended armament
saab_j21ra	saab_j21ra_default	no suspended armament
saab_j29a	saab_j29_default	no suspended armament
saab_j29b	saab_j29d_default	no suspended armament
saab_j29b	saab_j29d_75mm_x24_rockets	swd 75mm frida slot1; swd 75mm frida slot2; swd 75mm frida slot3; swd 75mm frida slot6; swd 75mm frida slot7; swd 75mm frida slot8
saab_j29b	saab_j29d_145mm_x8_rockets	psrak m49a slot1; psrak m49a slot2; psrak m49a slot3; psrak m49a slot4; psrak m49a slot5; psrak m49a slot6; psrak m49a slot7; psrak m49a slot8
saab_j29b	saab_j29d_145mm_x14_rockets	psrak m49a x2 slot1; psrak m49a x2 slot2; psrak m49a x2 slot3; psrak m49a x2 slot6; psrak m49a x2 slot7; psrak m49a x2 slot8
saab_j29b	saab_j29d_150mm_x8_rockets	srak m51 slot1; srak m51 slot2; srak m51 slot3; srak m51 slot4; srak m51 slot5; srak m51 slot6; srak m51 slot7; srak m51 slot8
saab_j29b	saab_j29d_150mm_x14_rockets	srak m51 x2 slot1; srak m51 x2 slot2; srak m51 x2 slot3; srak m51 x2 slot6; srak m51 x2 slot7; srak m51 x2 slot8
saab_j29b	saab_j29d_180mm_x4_rockets	hpsrak m49 slot1; hpsrak m49 slot3; hpsrak m49 slot6; hpsrak m49 slot8
saab_j29d	saab_j29d_default	no suspended armament
saab_j29d	saab_j29d_75mm_x24_rockets	swd 75mm frida slot1; swd 75mm frida slot2; swd 75mm frida slot3; swd 75mm frida slot6; swd 75mm frida slot7; swd 75mm frida slot8
saab_j29d	saab_j29d_145mm_x8_rockets	psrak m49a slot1; psrak m49a slot2; psrak m49a slot3; psrak m49a slot4; psrak m49a slot5; psrak m49a slot6; psrak m49a slot7; psrak m49a slot8
saab_j29d	saab_j29d_145mm_x14_rockets	psrak m49a x2 slot1; psrak m49a x2 slot2; psrak m49a x2 slot3; psrak m49a x2 slot6; psrak m49a x2 slot7; psrak m49a x2 slot8
saab_j29d	saab_j29d_150mm_x8_rockets	srak m51 slot1; srak m51 slot2; srak m51 slot3; srak m51 slot4; srak m51 slot5; srak m51 slot6; srak m51 slot7; srak m51 slot8
saab_j29d	saab_j29d_150mm_x14_rockets	srak m51 x2 slot1; srak m51 x2 slot2; srak m51 x2 slot3; srak m51 x2 slot6; srak m51 x2 slot7; srak m51 x2 slot8
saab_j29d	saab_j29d_180mm_x4_rockets	hpsrak m49 slot1; hpsrak m49 slot3; hpsrak m49 slot6; hpsrak m49 slot8
saab_j29f	saab_j29f_default	no suspended armament
saab_j29f	saab_j29f_75mm_x24_rockets	swd 75mm frida slot1; swd 75mm frida slot2; swd 75mm frida slot3; swd 75mm frida slot6; swd 75mm frida slot7; swd 75mm frida slot8
saab_j29f	saab_j29f_145mm_x8_rockets	psrak m49a slot1; psrak m49a slot2; psrak m49a slot3; psrak m49a slot4; psrak m49a slot5; psrak m49a slot6; psrak m49a slot7; psrak m49a slot8
saab_j29f	saab_j29f_145mm_x14_rockets	psrak m49a x2 slot1; psrak m49a x2 slot2; psrak m49a x2 slot3; psrak m49a x2 slot6; psrak m49a x2 slot7; psrak m49a x2 slot8
saab_j29f	saab_j29f_150mm_x8_rockets	srak m51 slot1; srak m51 slot2; srak m51 slot3; srak m51 slot4; srak m51 slot5; srak m51 slot6; srak m51 slot7; srak m51 slot8
saab_j29f	saab_j29f_150mm_x14_rockets	srak m51 x2 slot1; srak m51 x2 slot2; srak m51 x2 slot3; srak m51 x2 slot6; srak m51 x2 slot7; srak m51 x2 slot8
saab_j29f	saab_j29_2xaim9	rb24 slot2; rb24 slot7
saab_j32b	saab_j32b_default	no suspended armament
saab_j32b	saab_j32b_default_rb24_missiles	2x rb24 default
saab_j32b	saab_j32b_rb24_missiles	2x rb24 default; 2x rb24
saab_j32b	saab_j32b_75mm_srak_m57b	2x swe m57b
saab_j35a	saab_j35a_default	2x swe rb24; ptb
saab_j35a	saab_j35a_135mm_rockets	m56d slot1; swe rb24 x2; m56d slot3
saab_j35a	saab_j35a_rb24x4_missiles	2x swe rb24; swe rb24 x2
saab_j35d	saab_j35d_default	ptb slot2; ptb slot3
saab_j35d	saab_j35d_default_rb24jx2_missiles	2x swe rb24j default
saab_j35d	saab_j35d_rb24x4_missiles	4x swe rb24
saab_j35d	saab_j35d_rb24jx4_missiles	2x swe rb24j default; 2x swe rb24j
saab_j35d	saab_j35d_135mm_rockets	m56d slot1; m56d slot4
saab_j35d	saab_j35d_75mm_srak_m57b	2x m57b
saab_j35xs	saab_j35xs_default	4x rb24j; ptb slot4; ptb slot5
saab_j35xs	saab_j35xs_rb24jx6	6x rb24j
saab_j35xs	saab_j35xs_135mm_rockets	2x m56d x6
saab_j35xs	saab_j35xs_75mm_srak_m57b	2x m57b; 2x m57b fuse
saab_j35xs	saab_j35xs_75mm_srak_m57b_rb24j	4x rb24j; 2x m57b; 2x m57b fuse
saab_j35xs	saab_j35xs_135mm_rockets_rb24j	2x m56d x6; 4x rb24j
saab_j35xs	saab_j35xs_75mm_srak_m57b_135mm_rockets_rb24j	2x m56d x4; 2x m57b; 2x rb24j; 2x m57b fuse
saab_ja37	saab_ja37_default	ptb
saab_ja37	saab_ja37_rockets_rb24j_default	2x default rb24j
saab_ja37	saab_ja37_rockets_rb24	6x rb24
saab_ja37	saab_ja37_rockets_rb24j	2x default rb24j; 4x rb24j
saab_ja37	saab_ja37_rockets_rb71	2x rb71
saab_ja37	saab_ja37_rocket_135mm_psrak_m70	4x m70b
saab_ja37d	saab_ja37d_default	ptb
saab_ja37d	saab_ja37d_rockets_rb24j_default	2x default rb24j; 2x rb71
saab_ja37d	saab_ja37d_rockets_rb24j	2x default rb24j; 4x rb24j
saab_ja37d	saab_ja37d_rockets_rb74	6x rb74
saab_ja37d	saab_ja37d_rockets_rb71	2x rb71
saab_ja37d	saab_ja37d_rocket_135mm_psrak_m70	4x m70b
saab_ja37di	saab_ja37di_default	2x rb74 default; rb99 slot2; ptb; rb99 slot6
saab_ja37di	saab_ja37di_rockets_rb74	2x rb74 default; 4x rb74
saab_ja37di	saab_ja37di_rockets_rb99	rb99 slot2; rb99 slot3; rb99 slot5; rb99 slot6
saab_ja37di	saab_ja37di_rocket_135mm_psrak_m70	4x m70b
saab_ja37di_f21	saab_ja37di_f21_default	2x rb74 default; rb99 slot2; rb99 slot3; ptb; rb99 slot5; rb99 slot6
saab_ja37di_f21	saab_ja37di_rockets_rb74	2x rb74 default; 4x rb74
saab_ja37di_f21	saab_ja37di_rockets_rb99	rb99 slot2; rb99 slot3; rb99 slot5; rb99 slot6
saab_ja37di_f21	saab_ja37di_rocket_135mm_psrak_m70_rb99	2x rb74 default; 4x m70b
saab_jas39a	saab_jas39a_default	ptb 1; ptb 2; ptb 3
saab_jas39a	saab_jas39a_rockets_rb_74_default	2x rb74 default; 2x rb71 default
saab_jas39a	saab_jas39a_rockets_rb_74	2x rb74 default; 4x rb74
saab_jas39a	saab_jas39a_rockets_rb_74_bol	2x rb74 default; 4x rb74 bol
saab_jas39a	saab_jas39a_rockets_rb_74m	2x rb74m wing; 4x rb74m
saab_jas39a	saab_jas39a_rockets_rb_74m_bol	2x rb74m wing; 4x rb74m bol
saab_jas39a	saab_jas39a_rockets_rb_71	2x rb71 default; 2x rb71
saab_jas39a	saab_jas39a_bol	4x bol pod
saab_jas39a	saab_jas39a_rocket_135mm_psrak_m70	4x m70b
saab_jas39a	saab_jas39a_rockets_rb_75	4x rb75
saab_jas39a	saab_jas39a_rockets_rb_75t	4x rb75t
saab_jas39a	saab_jas39a_120kg_m71	4x m71
saab_jas39a	saab_jas39a_mk82	4x mk 82 x2
saab_jas39a	saab_jas39a_120kg_sb_m71_retarded	4x m71 retarded
saab_jas39a	saab_jas39a_mk82_snakeye	4x mk 82 snakeye x2
saab_jas39a	saab_jas39a_gbu_12	4x gbu 12; litening pod
saab_jas39a	saab_jas39a_gbu_16	4x gbu 16; litening pod
saab_jas39a	saab_jas39a_gbu_24	2x gbu 24; litening pod
saab_jas39c	saab_jas39c_default	ptb 1; ptb 2; ptb 3
saab_jas39c	saab_jas39c_rockets_rb_74m_default	2x rb74m default; 2x rb99 default
saab_jas39c	saab_jas39c_rockets_rb_74	2x rb74 default; 4x rb74
saab_jas39c	saab_jas39c_rockets_rb_74_bol	2x rb74 default; 4x rb74 bol
saab_jas39c	saab_jas39c_rockets_rb_74m	2x rb74m default; 4x rb74m
saab_jas39c	saab_jas39c_rockets_rb_74m_bol	2x rb74m default; 4x rb74m bol
saab_jas39c	saab_jas39c_rockets_rb_99	2x rb99 default; 2x rb99
saab_jas39c	saab_jas39c_rockets_rb_99_bol	2x rb99 default bol; 2x rb99 bol
saab_jas39c	saab_jas39c_bol	4x bol pod
saab_jas39c	saab_jas39c_rocket_135mm_psrak_m70	4x m70b
saab_jas39c	saab_jas39c_rockets_rb_75	4x rb75
saab_jas39c	saab_jas39c_rockets_rb_75t	4x rb75t
saab_jas39c	saab_jas39c_rockets_agm_65g	4x us agm 65g
saab_jas39c	saab_jas39c_120kg_m71	4x m71
saab_jas39c	saab_jas39c_mk82	4x mk 82 x2; mk 82 x2 slot4
saab_jas39c	saab_jas39c_mk83	4x mk 83; mk 83 slot4
saab_jas39c	saab_jas39c_120kg_sb_m71_retarded	4x m71 retarded
saab_jas39c	saab_jas39c_mk82_snakeye	4x mk 82 snakeye x2; mk 82 snakeye x2 slot4
saab_jas39c	saab_jas39c_gbu_38	4x us gbu 38; us gbu 38 slot4
saab_jas39c	saab_jas39c_gbu_31	2x us gbu 31; us gbu 31 slot4
saab_jas39c	saab_jas39c_gbu_12	4x gbu 12; gbu 12 slot4; litening pod
saab_jas39c	saab_jas39c_gbu_49	4x gbu 49; gbu 49 slot4; litening pod
saab_jas39c	saab_jas39c_gbu_16	4x gbu 16; gbu 16 slot4; litening pod
saab_jas39c	saab_jas39c_gbu_10	2x gbu 10; gbu 10 slot4; litening pod
saab_jas39c	saab_jas39c_gbu_24	2x gbu 24; gbu 24 slot4; litening pod
saab_jas39c	saab_jas39c_gbu_39	us gbu 39 slot2; us gbu 39 slot3; us gbu 39 slot6; us gbu 39 slot7
saab_jas39c	saab_jas39c_gbu_62	4x us gbu 62; us gbu 62 slot4
saab_jas39c	saab_jas39c_gbu_64	2x us gbu 64; us gbu 64 slot4
saab_jas39c_hungary	saab_jas39c_south_africa_default	ptb 1; ptb 2; ptb 3
saab_jas39c_hungary	saab_jas39c_hungary_rockets_aim_9m_default	2x aim 9m default; 2x aim 120 default
saab_jas39c_hungary	saab_jas39c_south_africa_rockets_aim_9l	2x aim 9l default; 4x aim 9l
saab_jas39c_hungary	saab_jas39c_south_africa_rockets_aim_9l_bol	2x aim 9l default; 4x aim 9l bol
saab_jas39c_hungary	saab_jas39c_south_africa_rockets_aim_9m	2x aim 9m default; 4x aim 9m
saab_jas39c_hungary	saab_jas39c_south_africa_rockets_aim_9m_bol	2x aim 9m default; 4x aim 9m bol
saab_jas39c_hungary	saab_jas39c_south_africa_rockets_aim_120	2x aim 120 default; 2x aim 120
saab_jas39c_hungary	saab_jas39c_south_africa_rockets_aim_120_bol	2x aim 120 bol default; 2x aim 120 bol
saab_jas39c_hungary	saab_jas39c_south_africa_bol	4x bol pod
saab_jas39c_hungary	saab_jas39c_mk82	4x mk 82 x2; mk 82 x2 slot4
saab_jas39c_hungary	saab_jas39c_mk82_snakeye	4x mk 82 snakeye x2; mk 82 snakeye x2 slot4
saab_jas39c_hungary	saab_jas39c_mk83	4x mk 83; mk 83 slot4
saab_jas39c_hungary	saab_jas39c_hungary_rockets_agm_65g	4x us agm 65g
saab_jas39c_hungary	saab_jas39c_hungary_rockets_agm_65h	4x us agm 65h
saab_jas39c_hungary	saab_jas39c_south_africa_gbu_12	4x gbu 12; gbu 12 slot4; litening pod
saab_jas39c_hungary	saab_jas39c_south_africa_gbu_49	4x gbu 49; gbu 49 slot4; litening pod
saab_jas39c_hungary	saab_jas39c_south_africa_gbu_16	4x gbu 16; gbu 16 slot4; litening pod
saab_jas39c_hungary	saab_jas39c_south_africa_gbu_10	2x gbu 10; gbu 10 slot4; litening pod
saab_jas39c_hungary	saab_jas39c_south_africa_gbu_24	2x gbu 24; gbu 24 slot4; litening pod
saab_jas39c_hungary	saab_jas39c_south_africa_gbu_31	2x us gbu 31; us gbu 31 slot4; litening pod
saab_jas39c_hungary	saab_jas39c_south_africa_gbu_38	4x us gbu 38; us gbu 38 slot4; litening pod
saab_jas39c_hungary	saab_jas39c_south_africa_gbu_62	4x us gbu 62; us gbu 62 slot4; litening pod
saab_jas39c_hungary	saab_jas39c_south_africa_gbu_64	2x us gbu 64; us gbu 64 slot4; litening pod
saab_jas39c_hungary	saab_jas39c_south_africa_gbu_39	us gbu 39 slot2; us gbu 39 slot3; us gbu 39 slot6; us gbu 39 slot7
saab_jas39c_south_africa	saab_jas39c_south_africa_default	ptb 1; ptb 2; ptb 3
saab_jas39c_south_africa	saab_jas39c_south_africa_rockets_aim_9m_default	2x aim 9m default; 2x r darter default
saab_jas39c_south_africa	saab_jas39c_south_africa_rockets_aim_9l	2x aim 9l default; 4x aim 9l
saab_jas39c_south_africa	saab_jas39c_south_africa_rockets_aim_9l_bol	2x aim 9l default; 4x aim 9l bol
saab_jas39c_south_africa	saab_jas39c_south_africa_rockets_aim_9m	2x aim 9m default; 4x aim 9m
saab_jas39c_south_africa	saab_jas39c_south_africa_rockets_aim_9m_bol	2x aim 9m default; 4x aim 9m bol
saab_jas39c_south_africa	saab_jas39c_south_africa_rockets_r_darter	2x r darter default; 2x r darter
saab_jas39c_south_africa	saab_jas39c_south_africa_rockets_r_darter_bol	2x r darter bol default; 2x r darter bol
saab_jas39c_south_africa	saab_jas39c_south_africa_bol	4x bol pod
saab_jas39c_south_africa	saab_jas39c_mk82	4x mk 82 x2; mk 82 x2 slot4
saab_jas39c_south_africa	saab_jas39c_mk82_snakeye	4x mk 82 snakeye x2; mk 82 snakeye x2 slot4
saab_jas39c_south_africa	saab_jas39c_mk83	4x mk 83; mk 83 slot4
saab_jas39c_south_africa	saab_jas39c_south_africa_rockets_agm_65	4x us agm 65b
saab_jas39c_south_africa	saab_jas39c_south_africa_rockets_agm_65g	4x us agm 65g
saab_jas39c_south_africa	saab_jas39c_south_africa_gbu_12	4x gbu 12; gbu 12 slot4; litening pod
saab_jas39c_south_africa	saab_jas39c_south_africa_gbu_49	4x gbu 49; gbu 49 slot4; litening pod
saab_jas39c_south_africa	saab_jas39c_south_africa_gbu_16	4x gbu 16; gbu 16 slot4; litening pod
saab_jas39c_south_africa	saab_jas39c_south_africa_gbu_10	2x gbu 10; gbu 10 slot4; litening pod
saab_jas39c_south_africa	saab_jas39c_south_africa_gbu_24	2x gbu 24; gbu 24 slot4; litening pod
saab_jas39c_south_africa	saab_jas39c_south_africa_gbu_31	2x us gbu 31; us gbu 31 slot4; litening pod
saab_jas39c_south_africa	saab_jas39c_south_africa_gbu_38	4x us gbu 38; us gbu 38 slot4; litening pod
saab_jas39c_south_africa	saab_jas39c_south_africa_gbu_62	4x us gbu 62; us gbu 62 slot4; litening pod
saab_jas39c_south_africa	saab_jas39c_south_africa_gbu_64	2x us gbu 64; us gbu 64 slot4; litening pod
saab_jas39c_south_africa	saab_jas39c_south_africa_gbu_39	us gbu 39 slot2; us gbu 39 slot3; us gbu 39 slot6; us gbu 39 slot7
saab_jas39c_south_africa_missile_test	saab_jas39c_south_africa_rockets_aim_9m_r_darter_default	2x aim 9m wing; 4x r darter
saab_jas39c_thailand	saab_jas39c_south_africa_default	ptb 1; ptb 2; ptb 3
saab_jas39c_thailand	saab_jas39c_hungary_rockets_aim_9m_default	2x aim 9m default; 2x aim 120 default
saab_jas39c_thailand	saab_jas39c_south_africa_rockets_aim_9l	2x aim 9l default; 4x aim 9l
saab_jas39c_thailand	saab_jas39c_south_africa_rockets_aim_9l_bol	2x aim 9l default; 4x aim 9l bol
saab_jas39c_thailand	saab_jas39c_south_africa_rockets_aim_9m	2x aim 9m default; 4x aim 9m
saab_jas39c_thailand	saab_jas39c_south_africa_rockets_aim_9m_bol	2x aim 9m default; 4x aim 9m bol
saab_jas39c_thailand	saab_jas39c_south_africa_rockets_aim_120	2x aim 120 default; 2x aim 120
saab_jas39c_thailand	saab_jas39c_south_africa_rockets_aim_120_bol	2x aim 120 bol default; 2x aim 120 bol
saab_jas39c_thailand	saab_jas39c_south_africa_bol	4x bol pod
saab_jas39c_thailand	saab_jas39c_mk82	4x mk 82 x2; mk 82 x2 slot4
saab_jas39c_thailand	saab_jas39c_mk82_snakeye	4x mk 82 snakeye x2; mk 82 snakeye x2 slot4
saab_jas39c_thailand	saab_jas39c_mk83	4x mk 83; mk 83 slot4
saab_jas39c_thailand	saab_jas39c_hungary_rockets_agm_65g	4x us agm 65g
saab_jas39c_thailand	saab_jas39c_hungary_rockets_agm_65h	4x us agm 65h
saab_jas39c_thailand	saab_jas39c_south_africa_gbu_12	4x gbu 12; gbu 12 slot4; litening pod
saab_jas39c_thailand	saab_jas39c_south_africa_gbu_49	4x gbu 49; gbu 49 slot4; litening pod
saab_jas39c_thailand	saab_jas39c_south_africa_gbu_16	4x gbu 16; gbu 16 slot4; litening pod
saab_jas39c_thailand	saab_jas39c_south_africa_gbu_10	2x gbu 10; gbu 10 slot4; litening pod
saab_jas39c_thailand	saab_jas39c_south_africa_gbu_24	2x gbu 24; gbu 24 slot4; litening pod
saab_jas39c_thailand	saab_jas39c_south_africa_gbu_31	2x us gbu 31; us gbu 31 slot4; litening pod
saab_jas39c_thailand	saab_jas39c_south_africa_gbu_38	4x us gbu 38; us gbu 38 slot4; litening pod
saab_jas39c_thailand	saab_jas39c_south_africa_gbu_62	4x us gbu 62; us gbu 62 slot4; litening pod
saab_jas39c_thailand	saab_jas39c_south_africa_gbu_64	2x us gbu 64; us gbu 64 slot4; litening pod
saab_jas39c_thailand	saab_jas39c_south_africa_gbu_39	us gbu 39 slot2; us gbu 39 slot3; us gbu 39 slot6; us gbu 39 slot7
saab_jas39d	saab_jas39d_default	ptb 1; ptb 2; ptb 3
saab_jas39d	saab_jas39d_rockets_rb_74m_default	2x rb74m default; 2x rb99 default
saab_jas39d	saab_jas39d_rockets_rb_74	2x rb74 default; 4x rb74
saab_jas39d	saab_jas39d_rockets_rb_74_bol	2x rb74 default; 4x rb74 bol
saab_jas39d	saab_jas39d_rockets_rb_74m	2x rb74m default; 4x rb74m
saab_jas39d	saab_jas39d_rockets_rb_74m_bol	2x rb74m default; 4x rb74m bol
saab_jas39d	saab_jas39d_rockets_rb_99	2x rb99 default; 2x rb99
saab_jas39d	saab_jas39d_rockets_rb_99_bol	2x rb99 default bol; 2x rb99 bol
saab_jas39d	saab_jas39d_bol	4x bol pod
saab_jas39d	saab_jas39d_rocket_135mm_psrak_m70	4x m70b
saab_jas39d	saab_jas39d_rockets_rb_75	4x rb75
saab_jas39d	saab_jas39d_rockets_rb_75t	4x rb75t
saab_jas39d	saab_jas39d_rockets_agm_65g	4x us agm 65g
saab_jas39d	saab_jas39d_120kg_m71	4x m71
saab_jas39d	saab_jas39d_mk82	4x mk 82 x2; mk 82 x2 slot4
saab_jas39d	saab_jas39d_mk83	4x mk 83; mk 83 slot4
saab_jas39d	saab_jas39d_120kg_sb_m71_retarded	4x m71 retarded
saab_jas39d	saab_jas39d_mk82_snakeye	4x mk 82 snakeye x2; mk 82 snakeye x2 slot4
saab_jas39d	saab_jas39d_gbu_38	4x us gbu 38; us gbu 38 slot4
saab_jas39d	saab_jas39d_gbu_31	2x us gbu 31; us gbu 31 slot4
saab_jas39d	saab_jas39d_gbu_12	4x gbu 12; gbu 12 slot4; litening pod
saab_jas39d	saab_jas39d_gbu_49	4x gbu 49; gbu 49 slot4; litening pod
saab_jas39d	saab_jas39d_gbu_16	4x gbu 16; gbu 16 slot4; litening pod
saab_jas39d	saab_jas39d_gbu_10	2x gbu 10; gbu 10 slot4; litening pod
saab_jas39d	saab_jas39d_gbu_24	2x gbu 24; gbu 24 slot4; litening pod
saab_jas39d	saab_jas39d_gbu_39	us gbu 39 slot2; us gbu 39 slot3; us gbu 39 slot6; us gbu 39 slot7
saab_jas39d	saab_jas39d_gbu_62	4x us gbu 62; us gbu 62 slot4
saab_jas39d	saab_jas39d_gbu_64	2x us gbu 64; us gbu 64 slot4
saab_jas39e	saab_jas39e_default	ptb 1; ptb 2; ptb 3
saab_jas39e	saab_jas39e_rockets_rb_74m_default	2x rb74m default; aim120c x2 default slot4
saab_jas39e	saab_jas39e_rockets_rb_74m	2x rb74m default; 4x rb74m
saab_jas39e	saab_jas39e_rockets_rb_74m_bol	2x rb74m default; 4x rb74m bol
saab_jas39e	saab_jas39e_rockets_rb_99	4x rb99; rb99 slot4
saab_jas39e	saab_jas39e_rockets_rb_99_bol	4x rb99 bol
saab_jas39e	saab_jas39e_rockets_aim_120c	4x aim120c; aim120c slot4
saab_jas39e	saab_jas39e_rockets_aim_120c_bol	4x aim120c bol
saab_jas39e	saab_jas39e_bol	4x bol pod
saab_jas39e	saab_jas39e_rocket_135mm_psrak_m70	4x m70b
saab_jas39e	saab_jas39e_rockets_rb_75	4x rb75
saab_jas39e	saab_jas39e_rockets_rb_75t	4x rb75t
saab_jas39e	saab_jas39e_rockets_agm_65g	4x us agm 65g
saab_jas39e	saab_jas39e_brimstone	brimstone dm slot2; brimstone dm slot3; litening pod; brimstone dm slot6; brimstone dm slot7
saab_jas39e	saab_jas39e_120kg_m71	4x m71
saab_jas39e	saab_jas39e_mk82	4x mk 82 x2
saab_jas39e	saab_jas39e_mk83	4x mk 83
saab_jas39e	saab_jas39e_120kg_sb_m71_retarded	4x m71 retarded
saab_jas39e	saab_jas39e_mk82_snakeye	4x mk 82 snakeye x2
saab_jas39e	saab_jas39e_gbu_38	4x us gbu 38
saab_jas39e	saab_jas39e_gbu_31	4x us gbu 31
saab_jas39e	saab_jas39e_gbu_12	4x gbu 12; litening pod
saab_jas39e	saab_jas39e_gbu_49	4x gbu 49; gbu 49 x3; litening pod
saab_jas39e	saab_jas39e_gbu_16	4x gbu 16; litening pod
saab_jas39e	saab_jas39e_gbu_24	2x gbu 24; litening pod
saab_jas39e	saab_jas39e_gbu_39	us gbu 39 slot2; us gbu 39 slot3; us gbu 39 slot6; us gbu 39 slot7
saab_jas39e	saab_jas39e_spice250	il spice 250 slot3; il spice 250 slot4; il spice 250 slot6
saab_jas39e	saab_jas39e_spice_1000	4x il spice 1000
saab_jas39e	saab_jas39e_gbu_62	4x us gbu 62
saab_jas39e	saab_jas39e_gbu_64	4x us gbu 64
saab_sk60b	saab_sk60b_default	2x akan m55
saab_sk60b	saab_sk60b_145mm_psrak_m49_56	6x psrak m49 56
saab_sk60b	saab_sk60b_135mm_srak_m56d	srak m56d slot1; srak m56d slot2; srak m56d slot3; srak m56d slot4; srak m56d slot5; srak m56d slot6
saab_sk60b	saab_sk60b_rb_05a	2x rb 05a
saab_t18b_1	saab_t18b_1_default	sb m42 slot2; sb m42 central; sb m42 slot4
saab_t18b_1	saab_t18b_1_145mm_psrak_m49a	2x psrak m49a
saab_t18b_1	saab_t18b_1_150mm_srak_m51	2x srak m51
saab_t18b_1	saab_t18b_1_250kg_minb_m40	minb m40 central
saab_t18b_1	saab_t18b_1_500kg_minb_m41	minb m41 central
saab_t18b_1	saab_t18b_1_600kg_minb_m50	minb m50 central
saab_t18b_1	saab_t18b_1_torp	swd m38
saab_t18b_2	saab_t18b_2_default	sb m42 slot2; sb m42 slot3
saab_t18b_2	saab_t18b_2_145mm_psrak_m49a	2x psrak m49a
saab_t18b_2	saab_t18b_2_150mm_srak_m51	2x srak m51
saab_t18b_2	saab_tb18b_2_180mm_hpsrak_m49	2x hpsrak m49
sagittario_2	sagittario_2_default	no suspended armament
sb_25j_netherlands	sb_25j_netherlands_12x100lb	no suspended armament
sb_25j_netherlands	sb_25j_netherlands_4x250lb	no suspended armament
sb_25j_netherlands	sb_25j_netherlands_4x250lb_6x100lb	no suspended armament
sb_25j_netherlands	sb_25j_netherlands_8x250lb	no suspended armament
sb_25j_netherlands	sb_25j_netherlands_2x500lb_6x100lb	no suspended armament
sb_25j_netherlands	sb_25j_netherlands_4x500lb	no suspended armament
sb_25j_netherlands	sb_25j_netherlands_1x1000lb_10x100lb	no suspended armament
sb_25j_netherlands	sb_25j_netherlands_3x1000lb	no suspended armament
sb_25j_netherlands	sb_25j_netherlands_default	no suspended armament
sb_2m_100	sb_2m_100_6xfab100	no suspended armament
sb_2m_100	sb_2m_100_2xfab250	no suspended armament
sb_2m_100	sb_2m_100_1xfab500	no suspended armament
sb_2m_100	sb_2m_100_2xbrab250	no suspended armament
sb_2m_100	sb_2m_100_1xbrab500	no suspended armament
sb_2m_100a	sb_2m_100_6xfab100	no suspended armament
sb_2m_100a	sb_2m_100_2xfab250	no suspended armament
sb_2m_100a	sb_2m_100_1xfab500	no suspended armament
sb_2m_100a	sb_2m_100_2xbrab250	no suspended armament
sb_2m_100a	sb_2m_100_1xbrab500	no suspended armament
sb_2m_100a_spain	sb_2m_100_6xfab100	no suspended armament
sb_2m_100a_spain	sb_2m_100_2xfab250	no suspended armament
sb_2m_100a_spain	sb_2m_100_1xfab500	no suspended armament
sb_2m_100a_spain	sb_2m_100_2xbrab250	no suspended armament
sb_2m_100a_spain	sb_2m_100_1xbrab500	no suspended armament
sb_2m_103_mv3	sb_2m_103c_default	fab 100 slot2
sb_2m_103_mv3	sb_2m_103c_fab_250	fab 250 slot1; fab 250 slot2; fab 250 slot3
sb_2m_103_mv3	sb_2m_103c_fab_500	fab 500 slot1; fab 500 slot2; fab 500 slot3
sb_2m_103_mv3	sb_2m_103c_barb_220	brab 220 slot1; brab 220 slot2; brab 220 slot3
sb_2m_103_mv3	sb_2m_103c_brab_500	brab 500 slot1; brab 500 slot2; brab 500 slot3
sb_2m_103c	sb_2m_103c_default	fab 100 slot2
sb_2m_103c	sb_2m_103c_fab_250	fab 250 slot1; fab 250 slot2; fab 250 slot3
sb_2m_103c	sb_2m_103c_fab_500	fab 500 slot1; fab 500 slot2; fab 500 slot3
sb_2m_103c	sb_2m_103c_barb_220	brab 220 slot1; brab 220 slot2; brab 220 slot3
sb_2m_103c	sb_2m_103c_brab_500	brab 500 slot1; brab 500 slot2; brab 500 slot3
sb_2m_103u	sb_2m_103c_default	fab 100 slot2
sb_2m_103u	sb_2m_103c_fab_250	fab 250 slot1; fab 250 slot2; fab 250 slot3
sb_2m_103u	sb_2m_103c_fab_500	fab 500 slot1; fab 500 slot2; fab 500 slot3
sb_2m_103u	sb_2m_103c_barb_220	brab 220 slot1; brab 220 slot2; brab 220 slot3
sb_2m_103u	sb_2m_103c_brab_500	brab 500 slot1; brab 500 slot2; brab 500 slot3
sb_2m_103u_china	sb_2m_103c_default	fab 100 slot2
sb_2m_103u_china	sb_2m_103c_fab_250	fab 250 slot1; fab 250 slot2; fab 250 slot3
sb_2m_103u_china	sb_2m_103c_fab_500	fab 500 slot1; fab 500 slot2; fab 500 slot3
sb_2m_103u_china	sb_2m_103c_barb_220	brab 220 slot1; brab 220 slot2; brab 220 slot3
sb_2m_103u_china	sb_2m_103c_brab_500	brab 500 slot1; brab 500 slot2; brab 500 slot3
sb_2m_103u_mv3	sb_2m_103c_default	fab 100 slot2
sb_2m_103u_mv3	sb_2m_103c_fab_250	fab 250 slot1; fab 250 slot2; fab 250 slot3
sb_2m_103u_mv3	sb_2m_103c_fab_500	fab 500 slot1; fab 500 slot2; fab 500 slot3
sb_2m_103u_mv3	sb_2m_103c_barb_220	brab 220 slot1; brab 220 slot2; brab 220 slot3
sb_2m_103u_mv3	sb_2m_103c_brab_500	brab 500 slot1; brab 500 slot2; brab 500 slot3
sb_2m_105	sb_2m_105_default	fab 100 slot1; fab 100 slot2; fab 100 slot3
sb_2m_105	sb_2m_103c_fab_250	fab 250 slot1; fab 250 slot2; fab 250 slot3
sb_2m_105	sb_2m_103c_fab_500	fab 500 slot1; fab 500 slot2; fab 500 slot3
sb2c_1c	sb2c_1c_default	no suspended armament
sb2c_1c	sb2c_1c_2x250lbs	no suspended armament
sb2c_1c	sb2c_1c_torpedo	no suspended armament
sb2c_1c	sb2c_1c_torpedo_case	no suspended armament
sb2c_1c	sb2c_1c_2x500lbs	no suspended armament
sb2c_1c	sb2c_1c_1x1000lbs	no suspended armament
sb2c_1c	sb2c_1c_2x1000lbs_ap	no suspended armament
sb2c_1c	sb2c_1c_1x1600lbs	no suspended armament
sb2c_1c	sb2c_1c_1x_mine_mk13_mod0	no suspended armament
sb2c_4	sb2c_4_5in_rockets	2x hvar
sb2c_4	sb2c_4_250lbs_bombs	2x 250lbs; 250lbs x2
sb2c_4	sb2c_4_500lbs_bombs	2x 500lbs; 500lbs x2
sb2c_4	sb2c_4_1000lbs_bombs	1000lbs
sb2c_4	sb2c_4_1000lbs_bombs_ap	1000lbs ap x2
sb2c_4	sb2c_4_1600lbs_bombs	1600lbs
sb2c_4	sb2c_4_torpedo	torpedo
sb2c_4	sb2c_4_torpedo_case	torpedo case
sb2c_4	sb2c_4_mk13_mine	mine
sb2c_4	sb2c_4_dgp_1	2x gun pod
sb2c_5_france	sb2c_5_5in_rockets	hvar slot1; hvar slot5
sb2c_5_france	sb2c_5_250lbs_bombs	2x 250lbs; 250lbs x2
sb2c_5_france	sb2c_5_500lbs_bombs	2x 500lbs; 500lbs x2
sb2c_5_france	sb2c_5_1000lbs_bombs	1000lbs
sb2c_5_france	sb2c_5_1000lbs_bombs_external	2x 1000lbs external
sb2c_5_france	sb2c_5_2x_1000lbs_ap	1000lbs ap x2
sb2c_5_france	sb2c_5_1600lbs_bombs	1600lbs
sb2c_5_france	sb2c_5_1x2000lbs	2000lbs
sb2c_5_france	sb2c_5_torpedo	torpedo
sb2c_5_france	sb2c_5_torpedo_case	torpedo case
sb2c_5_france	sb2c_5_dgp_1	2x gun pod
sb2c_5_thailand	sb2c_5_5in_rockets	hvar slot1; hvar slot5
sb2c_5_thailand	sb2c_5_250lbs_bombs	2x 250lbs; 250lbs x2
sb2c_5_thailand	sb2c_5_500lbs_bombs	2x 500lbs; 500lbs x2
sb2c_5_thailand	sb2c_5_1000lbs_bombs	1000lbs
sb2c_5_thailand	sb2c_5_1000lbs_bombs_external	2x 1000lbs external
sb2c_5_thailand	sb2c_5_2x_1000lbs_ap	1000lbs ap x2
sb2c_5_thailand	sb2c_5_1600lbs_bombs	1600lbs
sb2c_5_thailand	sb2c_5_1x2000lbs	2000lbs
sb2c_5_thailand	sb2c_5_torpedo	torpedo
sb2c_5_thailand	sb2c_5_torpedo_case	torpedo case
sb2c_5_thailand	sb2c_5_dgp_1	2x gun pod
sb2u-2	sb2u_2_default	2x 100lbs; 500lbs
sb2u-2	sb2u_2_100lbs	2x 100lbs
sb2u-2	sb2u_2_250lbs	2x 250lbs
sb2u-2	sb2u_2_500lbs	500lbs
sb2u-2	sb2u_2_1000lbs	1000lbs
sb2u-2	sb2u_2_1600lbs_bomb	1600lbs ap
sb2u-2	sb2u_2_mine_mk13_mod0	mine mk13
sb2u-3	sb2u_3_default	2x 100lbs; 500lbs
sb2u-3	sb2u_3_100lbs	2x 100lbs
sb2u-3	sb2u_3_250lbs	2x 250lbs
sb2u-3	sb2u_3_500lbs	500lbs
sb2u-3	sb2u_3_1000lbs	1000lbs
sb2u-3	sb2u_3_1600lbs_bomb	1600lbs ap
sb2u-3	sb2u_3_mine_mk13_mod0	mine mk13
sbd-3	sbd_3_default	2x 100lbs; 500lbs
sbd-3	sbd_3_no_bombs	no suspended armament
sbd-3	sbd_3_2x_100lbs	2x 100lbs
sbd-3	sbd_3_1x_500lbs	500lbs
sbd-3	sbd_3_1x_1000lbs	1000lbs
sbd-3	sbd_3_1x_1000lbs_ap	1000lbs ap
sbd-3	sbd_3_1x_1600lbs	1600lbs ap
sbd-3	sbd_3_mine_mk13_mod0	mine
sbd-3	sbd_3_dgp_1	gun pod slot1; gun pod slot3
sc_1	sc_1_default	no suspended armament
scimitar_f1	scimitar_f1_default	no suspended armament
scimitar_f1	scimitar_default_aim9x2_rockets	2x aim9b default
scimitar_f1	scimitar_aim9x4_rockets	2x aim9b default; 2x aim9b
scimitar_f1	scimitar_rp3_24x25lb_rockets	4x 25lb
scimitar_f1	scimitar_agm12x4_rockets	4x agm12
scimitar_f1	scimitar_4x1000lb_mc_bombs	4x 1000lbs
scout_ah_mk1	scout_ah_mk1_default	no suspended armament
sea_fury_fb11	default	no suspended armament
sea_fury_fb11	sea_fury_rockets	rp3 slot1; rp3 slot2; rp3 slot3; rp3 slot4; rp3 slot5; rp3 slot6
sea_fury_fb11	sea_fury_rockets_x12	rp3 x2 slot1; rp3 x2 slot2; rp3 x2 slot3; rp3 x2 slot4; rp3 x2 slot5; rp3 x2 slot6
sea_fury_fb11	sea_fury_triplex_rockets	4x triplex
sea_fury_fb11	sea_fury_250lbs_mc_bombs	2x 250lb mc
sea_fury_fb11	sea_fury_250lbs_bombs	2x 250lb
sea_fury_fb11	sea_fury_500lbs_bombs	2x 500lb
sea_fury_fb11	sea_fury_500lbs_mc_bombs	2x 500lb mc
sea_fury_fb11	sea_fury_1000lbs_bombs	2x 1000lb
sea_fury_fb11	sea_fury_500lbs_sap_bombs	2x 500lb ap
sea_fury_fb51	default	no suspended armament
sea_fury_fb51	sea_fury_rockets	rp3 slot1; rp3 slot2; rp3 slot3; rp3 slot4; rp3 slot5; rp3 slot6
sea_fury_fb51	sea_fury_rockets_x12	rp3 x2 slot1; rp3 x2 slot2; rp3 x2 slot3; rp3 x2 slot4; rp3 x2 slot5; rp3 x2 slot6
sea_fury_fb51	sea_fury_triplex_rockets	4x triplex
sea_fury_fb51	sea_fury_250lbs_mc_bombs	2x 250lb mc
sea_fury_fb51	sea_fury_250lbs_bombs	2x 250lb
sea_fury_fb51	sea_fury_500lbs_bombs	2x 500lb
sea_fury_fb51	sea_fury_500lbs_mc_bombs	2x 500lb mc
sea_fury_fb51	sea_fury_1000lbs_bombs	2x 1000lb
sea_fury_fb51	sea_fury_500lbs_sap_bombs	2x 500lb ap
sea_harrier_fa2	sea_harrier_fa2_default	aden slot3; aden slot5
sea_harrier_fa2	sea_harrier_fa2_rocket_aim_9l_default	2x aim 9l default; 2x aim 120b fuse default
sea_harrier_fa2	sea_harrier_fa2_bol	2x bol pod
sea_harrier_fa2	sea_harrier_fa2_rocket_aim_9l_x2_bol	2x aim9l default bol
sea_harrier_fa2	sea_harrier_fa2_rocket_aim_9m_x2_bol	2x aim9m bol
sea_harrier_fa2	sea_harrier_fa2_rocket_aim_9l_x4	aim9l x2 left wing; aim9l x2 right wing
sea_harrier_fa2	sea_harrier_fa2_rocket_aim_9m_x4	aim9m x2 left wing; aim9m x2 right wing
sea_harrier_fa2	sea_harrier_fa2_rocket_aim_120b	2x aim 120b; 2x aim 120b fuse default
sea_harrier_fa2	sea_harrier_fa2_rocket_aim_120b_bol	2x aim 120b bol
sea_harrier_fa2	sea_harrier_fa2_matra_sneb_dlt	matra sneb slot1; matra sneb left slot2; matra sneb right slot6; matra sneb slot7
sea_harrier_fa2	sea_harrier_fa2_matra_sneb	matra sneb slot1; matra sneb slot2; matra sneb slot6; matra sneb slot7
sea_harrier_fa2	sea_harrier_fa2_matra7	2 inch rp slot1; 2 inch rp slot2; 2 inch rp slot6; 2 inch rp slot7
sea_harrier_fa2	sea_harrier_fa2_matra7_dlt	2 inch rp slot1; 2 inch rp left slot2; 2 inch rp right slot6; 2 inch rp slot7
sea_harrier_fa2	sea_harrier_fa2_bomb_540lbs	540lbs slot1; 540lbs slot2; 540lbs slot4; 540lbs slot6; 540lbs slot7
sea_harrier_fa2	sea_harrier_fa2_bomb_1000lbs	1000lbs slot1; 1000lbs slot2; 1000lbs slot4; 1000lbs slot6; 1000lbs slot7
sea_harrier_fa2	sea_harrier_fa2_bomb_1000lbs_n117	1000lbs n117 slot1; 1000lbs n117 slot2; 1000lbs n117 slot4; 1000lbs n117 slot6; 1000lbs n117 slot7
sea_harrier_fa2	sea_harrier_fa2_bomb_540lbs_dlt	500lbs x2 left slot2; 500lbs x2 right slot6
sea_harrier_fa2	sea_harrier_fa2_bomb_1000lbs_dlt	1000lbs x2 left wing slot2; 1000lbs x2 right wing slot6
sea_harrier_fa2	sea_harrier_fa2_bomb_1000lbs_n117_dlt	1000lbs x2 left wing n117 slot2; 1000lbs x2 right wing n117 slot6
sea_hawk_fga50_netherlands	sea_hawk_default	no suspended armament
sea_hawk_fga50_netherlands	sea_hawk_2xAim9	2x aim9
sea_hawk_fga50_netherlands	sea_hawk_30x25lb_mk2_rockets	25lb x3 slot1; 25lb x3 slot2; 25lb x3 slot3; 25lb x3 slot4; 25lb x3 slot5; 25lb x3 slot8; 25lb x3 slot9; 25lb x3 slot10; 25lb x3 slot11; 25lb x3 slot12
sea_hawk_fga50_netherlands	sea_hawk_hvar_rockets	hvar slot1; hvar slot3; hvar slot5; hvar slot8; hvar slot10; hvar slot12
sea_hawk_fga50_netherlands	sea_hawk_16x60lb_sap_rockets	60lb x2 slot1; 60lb x2 slot2; 60lb x2 slot3; 60lb x2 slot4; 60lb x2 slot5; 60lb x2 slot8; 60lb x2 slot9; 60lb x2 slot10; 60lb x2 slot11; 60lb x2 slot12
sea_hawk_fga50_netherlands	sea_hawk_20x_t10_151_rockets	matra t 10 151 x2 slot1; matra t 10 151 x2 slot2; matra t 10 151 x2 slot3; matra t 10 151 x2 slot4; matra t 10 151 x2 slot5; matra t 10 151 x2 slot8; matra t 10 151 x2 slot9; matra t 10 151 x2 slot10; matra t 10 151 x2 slot11; matra t 10 151 x2 slot12
sea_hawk_fga50_netherlands	sea_hawk_20x_t10_140_rockets	matra t 10 140 x2 slot1; matra t 10 140 x2 slot2; matra t 10 140 x2 slot3; matra t 10 140 x2 slot4; matra t 10 140 x2 slot5; matra t 10 140 x2 slot8; matra t 10 140 x2 slot9; matra t 10 140 x2 slot10; matra t 10 140 x2 slot11; matra t 10 140 x2 slot12
sea_hawk_fga50_netherlands	sea_hawk_2x500lb_bombs	2x 500lb
sea_hawk_fga50_netherlands	sea_hawk_2x500lb_bombs_2xaim9	2x aim9; 2x 500lb
sea_hawk_fga50_netherlands	sea_hawk_4x500lb_bombs	2x 500lb extra; 2x 500lb
sea_hawk_fga50_netherlands	sea_hawk_2x750b_m117_bombs	2x 750lb m117
sea_hawk_fga50_netherlands	sea_hawk_2x1000lb_bombs	2x 1000lb
sea_hawk_fga50_netherlands	sea_hawk_2x1000lb_bombs_2xaim9	2x aim9; 2x 1000lb
sea_hawk_fga6	sea_hawk_default	no suspended armament
sea_hawk_fga6	sea_hawk_30x25lb_mk2_rockets	25lb x3 slot1; 25lb x3 slot2; 25lb x3 slot3; 25lb x3 slot4; 25lb x3 slot5; 25lb x3 slot8; 25lb x3 slot9; 25lb x3 slot10; 25lb x3 slot11; 25lb x3 slot12
sea_hawk_fga6	sea_hawk_hvar_rockets	hvar slot1; hvar slot3; hvar slot5; hvar slot8; hvar slot10; hvar slot12
sea_hawk_fga6	sea_hawk_16x60lb_sap_rockets	60lb x2 slot1; 60lb x2 slot2; 60lb x2 slot3; 60lb x2 slot4; 60lb x2 slot5; 60lb x2 slot8; 60lb x2 slot9; 60lb x2 slot10; 60lb x2 slot11; 60lb x2 slot12
sea_hawk_fga6	sea_hawk_20x_t10_151_rockets	matra t 10 151 x2 slot1; matra t 10 151 x2 slot2; matra t 10 151 x2 slot3; matra t 10 151 x2 slot4; matra t 10 151 x2 slot5; matra t 10 151 x2 slot8; matra t 10 151 x2 slot9; matra t 10 151 x2 slot10; matra t 10 151 x2 slot11; matra t 10 151 x2 slot12
sea_hawk_fga6	sea_hawk_20x_t10_140_rockets	matra t 10 140 x2 slot1; matra t 10 140 x2 slot2; matra t 10 140 x2 slot3; matra t 10 140 x2 slot4; matra t 10 140 x2 slot5; matra t 10 140 x2 slot8; matra t 10 140 x2 slot9; matra t 10 140 x2 slot10; matra t 10 140 x2 slot11; matra t 10 140 x2 slot12
sea_hawk_fga6	sea_hawk_2x500lb_bombs	2x 500lb
sea_hawk_fga6	sea_hawk_4x500lb_bombs	2x 500lb extra; 2x 500lb
sea_hawk_fga6	sea_hawk_2x750b_m117_bombs	2x 750lb m117
sea_hawk_fga6	sea_hawk_2x1000lb_bombs	2x 1000lb
sea_hawk_mk100	sea_hawk_mk100_default	no suspended armament
sea_hawk_mk100	sea_hawk_2xAim9	2x aim9
sea_hawk_mk100	sea_hawk_30x25lb_mk2_rockets	25lb x3 slot1; 25lb x3 slot2; 25lb x3 slot3; 25lb x3 slot4; 25lb x3 slot5; 25lb x3 slot8; 25lb x3 slot9; 25lb x3 slot10; 25lb x3 slot11; 25lb x3 slot12
sea_hawk_mk100	sea_hawk_hvar_rockets	hvar slot1; hvar slot3; hvar slot5; hvar slot8; hvar slot10; hvar slot12
sea_hawk_mk100	sea_hawk_16x60lb_sap_rockets	60lb x2 slot1; 60lb x2 slot2; 60lb x2 slot3; 60lb x2 slot4; 60lb x2 slot5; 60lb x2 slot8; 60lb x2 slot9; 60lb x2 slot10; 60lb x2 slot11; 60lb x2 slot12
sea_hawk_mk100	sea_hawk_20x_t10_151_rockets	matra t 10 151 x2 slot1; matra t 10 151 x2 slot2; matra t 10 151 x2 slot3; matra t 10 151 x2 slot4; matra t 10 151 x2 slot5; matra t 10 151 x2 slot8; matra t 10 151 x2 slot9; matra t 10 151 x2 slot10; matra t 10 151 x2 slot11; matra t 10 151 x2 slot12
sea_hawk_mk100	sea_hawk_20x_t10_140_rockets	matra t 10 140 x2 slot1; matra t 10 140 x2 slot2; matra t 10 140 x2 slot3; matra t 10 140 x2 slot4; matra t 10 140 x2 slot5; matra t 10 140 x2 slot8; matra t 10 140 x2 slot9; matra t 10 140 x2 slot10; matra t 10 140 x2 slot11; matra t 10 140 x2 slot12
sea_hawk_mk100	sea_hawk_2x500lb_bombs	2x 500lb
sea_hawk_mk100	sea_hawk_2x500lb_bombs_2xaim9	2x aim9; 2x 500lb
sea_hawk_mk100	sea_hawk_4x500lb_bombs	2x 500lb extra; 2x 500lb
sea_hawk_mk100	sea_hawk_2x750b_m117_bombs	2x 750lb m117
sea_hawk_mk100	sea_hawk_2x1000lb_bombs	2x 1000lb
sea_hawk_mk100	sea_hawk_2x1000lb_bombs_2xaim9	2x aim9; 2x 1000lb
sea_venom_faw20	sea_venom_faw20_default	no suspended armament
seafire_fr47	default	no suspended armament
seafire_fr47	seafire_fr47_2x250lbs	no suspended armament
seafire_fr47	seafire_fr47_2x500lbs	no suspended armament
seafire_fr47	4_rockets	no suspended armament
seafire_fr47	8_rockets	no suspended armament
seafire_mk17	default	no suspended armament
seafire_mk17	seafire_fr47_2x250lbs	no suspended armament
seafire_mk17	seafire_mk17_3x250lbs	no suspended armament
seafire_mk17	500lbs_2x250lbs	no suspended armament
seafire_mk3	seafire_mk3_default	no suspended armament
seafire_mk3	seafire_mk3_250lb	no suspended armament
seafire_mk3	seafire_mk3_500lb	no suspended armament
seafire_mk3_france	seafire_mk3_default	no suspended armament
shackleton_mr_mk_2	shackleton_mr_mk_2_default	no suspended armament
shackleton_mr_mk_2	shackleton_mr_mk_2_500lbs	no suspended armament
shackleton_mr_mk_2	shackleton_mr_mk_2_1000lbs	no suspended armament
shackleton_mr_mk_2	shackleton_mr_mk_2_rockets	no suspended armament
shackleton_mr_mk_2	shackleton_mr_mk_2_250lbs_rockets	no suspended armament
shackleton_mr_mk_2	shackleton_mr_mk_2_500lbs_rockets	no suspended armament
shackleton_mr_mk_2	shackleton_mr_mk_2_1000lbs_rockets	no suspended armament
sm_79_1936	12_100lb_bombs	no suspended armament
sm_79_1936	12_100kg_bombs	no suspended armament
sm_79_1936	5_500lb_bombs	no suspended armament
sm_79_1936_italy	12_100lb_bombs	no suspended armament
sm_79_1936_italy	12_100kg_bombs	no suspended armament
sm_79_1936_italy	5_500lb_bombs	no suspended armament
sm_79_1937	12_100lb_bombs	no suspended armament
sm_79_1937	12_100kg_bombs	no suspended armament
sm_79_1937	5_500lb_bombs	no suspended armament
sm_79_1937_italy	12_100lb_bombs	no suspended armament
sm_79_1937_italy	12_100kg_bombs	no suspended armament
sm_79_1937_italy	5_500lb_bombs	no suspended armament
sm_79_1939	12_100lb_bombs	no suspended armament
sm_79_1939	12_100kg_bombs	no suspended armament
sm_79_1939	5_500lb_bombs	no suspended armament
sm_79_1939_italy	12_100lb_bombs	no suspended armament
sm_79_1939_italy	12_100kg_bombs	no suspended armament
sm_79_1939_italy	5_500lb_bombs	no suspended armament
sm_79_1941	12_100lb_bombs	no suspended armament
sm_79_1941	12_100kg_bombs	no suspended armament
sm_79_1941	5_500lb_bombs	no suspended armament
sm_79_1941	torpedo	no suspended armament
sm_79_1941	2_1000lb_bombs	no suspended armament
sm_79_1941_italy	12_100lb_bombs	no suspended armament
sm_79_1941_italy	12_100kg_bombs	no suspended armament
sm_79_1941_italy	5_500lb_bombs	no suspended armament
sm_79_1941_italy	torpedo	no suspended armament
sm_79_1941_italy	2_1000lb_bombs	no suspended armament
sm_79_1942	12_100lb_bombs	no suspended armament
sm_79_1942	12_100kg_bombs	no suspended armament
sm_79_1942	5_500lb_bombs	no suspended armament
sm_79_1942	torpedo	no suspended armament
sm_79_1942	2_1000lb_bombs	no suspended armament
sm_79_1942_italy	12_100lb_bombs	no suspended armament
sm_79_1942_italy	12_100kg_bombs	no suspended armament
sm_79_1942_italy	5_500lb_bombs	no suspended armament
sm_79_1942_italy	torpedo	no suspended armament
sm_79_1942_italy	2_1000lb_bombs	no suspended armament
sm_79_1943	12_100lb_bombs	no suspended armament
sm_79_1943	12_100kg_bombs	no suspended armament
sm_79_1943	5_500lb_bombs	no suspended armament
sm_79_1943	torpedo	no suspended armament
sm_79_1943	2_1000lb_bombs	no suspended armament
sm_79_1943_italy	12_100lb_bombs	no suspended armament
sm_79_1943_italy	12_100kg_bombs	no suspended armament
sm_79_1943_italy	5_500lb_bombs	no suspended armament
sm_79_1943_italy	torpedo	no suspended armament
sm_79_1943_italy	2_1000lb_bombs	no suspended armament
sm_79_iar	12_100lb_bombs	no suspended armament
sm_79_iar	12_100kg_bombs	no suspended armament
sm_79_iar	5_500lb_bombs	no suspended armament
sm_79_iar_italy	12_100lb_bombs	no suspended armament
sm_79_iar_italy	12_100kg_bombs	no suspended armament
sm_79_iar_italy	5_500lb_bombs	no suspended armament
sm_91	sm_91_default	no suspended armament
sm_91	sm_91_6x50kg_t	no suspended armament
sm_91	sm_91_6x100kg_t	no suspended armament
sm_92	sm_92_default	no suspended armament
sm_92	sm_91_6x50kg_t	6x 50kg
sm_92	sm_91_6x100kg_t	6x 100kg
sm_92	sm_92_6x160kg_t	6x 160kg
sm_92	sm_91_2x250kg_gp	2x 250kg
sm_92	sm_91_2x500kg_gp	2x 500kg
so_4050_vautour_2a	so_4050_vautour_2a_default	4x 250lbs; 250lbs internal
so_4050_vautour_2a	so_4050_vautour_2a_sneb	4x matra116
so_4050_vautour_2a	so_4050_vautour_2a_rockets	4x t10 140
so_4050_vautour_2a	so_4050_vautour_2a_rockets_t10_150	4x t10 151
so_4050_vautour_2a	so_4050_vautour_2a_bombs_500	4x 500lbs; 500lbs internal
so_4050_vautour_2a	so_4050_vautour_2a_bombs_750	4x 750lbs; 750lbs internal
so_4050_vautour_2a	so_4050_vautour_2a_bombs_1000	4x 1000lbs; 1000lbs internal
so_4050_vautour_2a_iaf	so_4050_vautour_2a_iaf_default	4x 100kg; 100kg internal
so_4050_vautour_2a_iaf	so_4050_vautour_2a_shafrir1	4x sfafrir1
so_4050_vautour_2a_iaf	so_4050_vautour_2a_sneb	4x matra116
so_4050_vautour_2a_iaf	so_4050_vautour_2a_rockets	4x t10 140
so_4050_vautour_2a_iaf	so_4050_vautour_2a_rockets_t10_150	4x t10 151
so_4050_vautour_2a_iaf	so_4050_vautour_2a_iaf_bombs_250gp	4x 250kg; 250kg internal
so_4050_vautour_2a_iaf	so_4050_vautour_2a_iaf_bombs_360gp	4x 360kg; 360kg internal
so_4050_vautour_2a_iaf	so_4050_vautour_2a_iaf_bombs_500gp	4x 500kg; 500kg internal
so_4050_vautour_2a_israel_iaf	so_4050_vautour_2a_iaf_default	4x 100kg; 100kg internal
so_4050_vautour_2a_israel_iaf	so_4050_vautour_2a_shafrir1	4x sfafrir1
so_4050_vautour_2a_israel_iaf	so_4050_vautour_2a_sneb	4x matra116
so_4050_vautour_2a_israel_iaf	so_4050_vautour_2a_rockets	4x t10 140
so_4050_vautour_2a_israel_iaf	so_4050_vautour_2a_rockets_t10_150	4x t10 151
so_4050_vautour_2a_israel_iaf	so_4050_vautour_2a_iaf_bombs_250gp	4x 250kg; 250kg internal
so_4050_vautour_2a_israel_iaf	so_4050_vautour_2a_iaf_bombs_360gp	4x 360kg; 360kg internal
so_4050_vautour_2a_israel_iaf	so_4050_vautour_2a_iaf_bombs_500gp	4x 500kg; 500kg internal
so_4050_vautour_2b	so_4050_vautour_2b_default	4x 250lbs; 250lbs internal
so_4050_vautour_2b	so_4050_vautour_2b_bombs_500	4x 500lbs; 500lbs internal
so_4050_vautour_2b	so_4050_vautour_2b_bombs_750	4x 750lbs; 750lbs internal
so_4050_vautour_2b	so_4050_vautour_2b_bombs_1000	4x 1000lbs; 1000lbs internal
so_4050_vautour_2n	so_4050_vautour_2n_fr_default	no suspended armament
so_4050_vautour_2n	so_4050_vautour_2n_fr_rockets_aa_20	4x aa20
so_4050_vautour_2n	so_4050_vautour_2n_fr_rockets_matra_t10	4x t10 140
so_4050_vautour_2n	so_4050_vautour_2n_rockets_151	4x t10 151
so_4050_vautour_2n	so_4050_vautour_2n_fr_rockets_matra116	4x fr matra type116
so_4050_vautour_2n	so_4050_vautour_2n_fr_rockets_t104	104 inter
so_4050_vautour_2n	so_4050_vautour_2n_fr_rockets_as_20	4x as20
so_4050_vautour_2n	so_4050_vautour_2n_fr_rockets_as_30	2x as30
so_4050_vautour_2n	so_4050_vautour_2n_fr_bombs_250kg	4x fr 250kg type 25c; fr 250kg type 25c internal
so_4050_vautour_2n	so_4050_vautour_2n_fr_bombs_750lb	4x fr 750lb m117; fr 750lb m117 internal
so_4050_vautour_2n	so_4050_vautour_2n_fr_bombs_400kg	4x fr 400kg type 21b; fr 400kg type 21b internal
so_4050_vautour_2n_iaf	so_4050_vautour_2n_iaf_default	no suspended armament
so_4050_vautour_2n_iaf	so_4050_vautour_2n_rockets_shafrir1	4x sfafrir1
so_4050_vautour_2n_iaf	so_4050_vautour_2n_rockets_matra_t10	4x t10 140
so_4050_vautour_2n_iaf	so_4050_vautour_2n_rockets_151	4x t10 151
so_4050_vautour_2n_iaf	so_4050_vautour_2n_rockets_matra116	4x fr matra type116
so_4050_vautour_2n_iaf	so_4050_vautour_2n_rockets_matra104	104 inter
so_4050_vautour_2n_iaf	so_4050_vautour_2n_bombs_100kg	4x 100kg; 100kg internal
so_4050_vautour_2n_iaf	so_4050_vautour_2n_bombs_250kg	4x 250kg; 250kg internal
so_4050_vautour_2n_iaf	so_4050_vautour_2n_bombs_360kg	4x 360kg; 360kg internal
so_4050_vautour_2n_iaf	so_4050_vautour_2n_bombs_500kg	4x 500kg; 500kg internal
so_4050_vautour_2n_late	so_4050_vautour_2n_late_default	no suspended armament
so_4050_vautour_2n_late	so_4050_vautour_2n_late_aa20	4x aa 20
so_4050_vautour_2n_late	so_4050_vautour_2n_late_r511	4x r 511
so_8000_narval	so_8000_narval_default	no suspended armament
so_8000_narval	so_8000_narval_bombs_1000	no suspended armament
so_8000_narval	so_8000_narval_rockets	no suspended armament
so_8000_narval	so_8000_narval_rockets_150	no suspended armament
soc_1	soc_1_default	no suspended armament
spad_13	spad_13_default	no suspended armament
spitfire_f22	default	no suspended armament
spitfire_f22	6_rockets	6x rp3
spitfire_f22	spitfire_f22_triplex	2x triplex
spitfire_f22	spitfire_f22_1x250lbs	250lb additional
spitfire_f22	spitfire_f22_2x250lbs	2x 250lb
spitfire_f22	spitfire_f22_3x250lbs	2x 250lb; 250lb additional
spitfire_f22	spitfire_f22_3x250lbs_mc	2x 250lb mc; 250lb additional mc
spitfire_f22	spitfire_f22_1x500lbs	500lb additional
spitfire_f22	spitfire_f22_2x500lbs	2x 500lb
spitfire_f22	spitfire_f22_3x500lbs	2x 500lb; 500lb additional
spitfire_f22	spitfire_f22_3x500lbs_mc	2x 500lb mc; 500lb additional mc
spitfire_f24	default	no suspended armament
spitfire_f24	spitfire_f22_rockets	6x rp3
spitfire_f24	spitfire_f24_rockets	4x rp3 x2
spitfire_f24	spitfire_f22_triplex	2x triplex
spitfire_f24	spitfire_f22_1x250lbs	250lb additional
spitfire_f24	spitfire_f22_2x250lbs	2x 250lb
spitfire_f24	spitfire_f22_3x250lbs	2x 250lb; 250lb additional
spitfire_f24	spitfire_f22_3x250lbs_mc	2x 250lb mc; 250lb additional mc
spitfire_f24	spitfire_f22_1x500lbs	500lb additional
spitfire_f24	spitfire_f22_2x500lbs	2x 500lb
spitfire_f24	spitfire_f22_3x500lbs	2x 500lb; 500lb additional
spitfire_f24	spitfire_f22_3x500lbs_mc	2x 500lb mc; 500lb additional mc
spitfire_fr_mk14e	default	no suspended armament
spitfire_fr_mk14e	500lbs	no suspended armament
spitfire_fr_mk14e	spitfire_mk18e_500lbs_mc	no suspended armament
spitfire_fr_mk14e_belgium	default	no suspended armament
spitfire_fr_mk14e_belgium	500lbs	no suspended armament
spitfire_fr_mk14e_belgium	spitfire_mk18e_500lbs_mc	no suspended armament
spitfire_ix	SpitfireIX_default	no suspended armament
spitfire_ix	spitfire_ix_bombs_250lb_anm57_wing	250lb anm57 slot1; 250lb anm57 slot3
spitfire_ix	spitfire_ix_bombs_250lb_gp_wing	250lb gp slot1; 250lb gp slot3
spitfire_ix	spitfire_ix_bombs_250lb_anm57	250lb anm57 slot2
spitfire_ix	spitfire_ix_bombs_250lb_gp	250lb gp slot2
spitfire_ix	spitfire_ix_bombs_500lb_anm64a1	500lb anm64a1 slot2
spitfire_ix	spitfire_ix_bombs_500lb_gp	500lb gp slot2
spitfire_ix	spitfire_ix_bombs_500lb_sap	500lb sap slot2
spitfire_ix_early	SpitfireIX_default	no suspended armament
spitfire_ix_early	spitfire_ix_bombs_250lb_anm57_wing	250lb anm57 slot1; 250lb anm57 slot3
spitfire_ix_early	spitfire_ix_bombs_250lb_gp_wing	250lb gp slot1; 250lb gp slot3
spitfire_ix_early	spitfire_ix_bombs_250lb_anm57	250lb anm57 slot2
spitfire_ix_early	spitfire_ix_bombs_250lb_gp	250lb gp slot2
spitfire_ix_early	spitfire_ix_bombs_500lb_anm64a1	500lb anm64a1 slot2
spitfire_ix_early	spitfire_ix_bombs_500lb_gp	500lb gp slot2
spitfire_ix_early	spitfire_ix_bombs_500lb_sap	500lb sap slot2
spitfire_ix_plagis	SpitfireIX_default	no suspended armament
spitfire_ix_plagis	spitfire_ix_bombs_250lb_anm57_wing	250lb anm57 slot1; 250lb anm57 slot3
spitfire_ix_plagis	spitfire_ix_bombs_250lb_gp_wing	250lb gp slot1; 250lb gp slot3
spitfire_ix_plagis	spitfire_ix_bombs_250lb_anm57	250lb anm57 slot2
spitfire_ix_plagis	spitfire_ix_bombs_250lb_gp	250lb gp slot2
spitfire_ix_plagis	spitfire_ix_bombs_500lb_anm64a1	500lb anm64a1 slot2
spitfire_ix_plagis	spitfire_ix_bombs_500lb_gp	500lb gp slot2
spitfire_ix_plagis	spitfire_ix_bombs_500lb_sap	500lb sap slot2
spitfire_ix_tutorial	SpitfireIX_default	no suspended armament
spitfire_ix_tutorial	spitfire_ix_bombs_250lb_anm57_wing	250lb anm57 slot1; 250lb anm57 slot3
spitfire_ix_tutorial	spitfire_ix_bombs_250lb_gp_wing	250lb gp slot1; 250lb gp slot3
spitfire_ix_tutorial	spitfire_ix_bombs_250lb_anm57	250lb anm57 slot2
spitfire_ix_tutorial	spitfire_ix_bombs_250lb_gp	250lb gp slot2
spitfire_ix_tutorial	spitfire_ix_bombs_500lb_anm64a1	500lb anm64a1 slot2
spitfire_ix_tutorial	spitfire_ix_bombs_500lb_gp	500lb gp slot2
spitfire_ix_tutorial	spitfire_ix_bombs_500lb_sap	500lb sap slot2
spitfire_ix_usa	SpitfireIX_default	no suspended armament
spitfire_ix_usa	spitfire_ix_bombs_250lb_anm57_wing	250lb anm57 slot1; 250lb anm57 slot3
spitfire_ix_usa	spitfire_ix_bombs_250lb_gp_wing	250lb gp slot1; 250lb gp slot3
spitfire_ix_usa	spitfire_ix_bombs_250lb_anm57	250lb anm57 slot2
spitfire_ix_usa	spitfire_ix_bombs_250lb_gp	250lb gp slot2
spitfire_ix_usa	spitfire_ix_bombs_500lb_anm64a1	500lb anm64a1 slot2
spitfire_ix_usa	spitfire_ix_bombs_500lb_gp	500lb gp slot2
spitfire_ix_usa	spitfire_ix_bombs_500lb_sap	500lb sap slot2
spitfire_ix_ussr	SpitfireIX_default	no suspended armament
spitfire_ix_ussr	spitfire_ix_ussr_bombs	no suspended armament
spitfire_lf_mk9c_cw_greece	SpitfireIX_default	no suspended armament
spitfire_lf_mk9c_cw_greece	spitfire_ix_bombs_250lb_anm57_wing	250lb anm57 slot1; 250lb anm57 slot3
spitfire_lf_mk9c_cw_greece	spitfire_ix_bombs_250lb_gp_wing	250lb gp slot1; 250lb gp slot3
spitfire_lf_mk9c_cw_greece	spitfire_ix_bombs_250lb_anm57	250lb anm57 slot2
spitfire_lf_mk9c_cw_greece	spitfire_ix_bombs_250lb_gp	250lb gp slot2
spitfire_lf_mk9c_cw_greece	spitfire_ix_bombs_500lb_anm64a1	500lb anm64a1 slot2
spitfire_lf_mk9c_cw_greece	spitfire_ix_bombs_500lb_gp	500lb gp slot2
spitfire_lf_mk9c_cw_greece	spitfire_ix_bombs_500lb_sap	500lb sap slot2
spitfire_lf_mk9e_iaf	SpitfireIX_default	no suspended armament
spitfire_lf_mk9e_iaf	iaf_16x8cm_rockets	no suspended armament
spitfire_lf_mk9e_iaf	iaf_2x250lbs_bombs	no suspended armament
spitfire_lf_mk9e_iaf	iaf_2x250lbs_16x8cm_rockets	no suspended armament
spitfire_lf_mk9e_weisman	SpitfireIX_default	no suspended armament
spitfire_lf_mk9e_weisman	iaf_16x8cm_rockets	no suspended armament
spitfire_lf_mk9e_weisman	iaf_2x250lbs_bombs	no suspended armament
spitfire_lf_mk9e_weisman	iaf_2x250lbs_16x8cm_rockets	no suspended armament
spitfire_mk1	spitfire_mk1_default	no suspended armament
spitfire_mk14c	default	no suspended armament
spitfire_mk14c	500lbs	no suspended armament
spitfire_mk14e	default	no suspended armament
spitfire_mk14e	500lbs	no suspended armament
spitfire_mk14e	spitfire_mk18e_500lbs_mc	no suspended armament
spitfire_mk18e	default	no suspended armament
spitfire_mk18e	2x250lbs	no suspended armament
spitfire_mk18e	3x250lbs	no suspended armament
spitfire_mk18e	500lbs	no suspended armament
spitfire_mk18e	500lbs_2x250lbs	no suspended armament
spitfire_mk18e	rockets	no suspended armament
spitfire_mk5b	Spitfire_mk5b_default	no suspended armament
spitfire_mk5b_float	Spitfire_mk5b_default	no suspended armament
spitfire_mk5b_italy	Spitfire_mk5b_default	no suspended armament
spitfire_mk5b_notrop	Spitfire_mk5b_default	no suspended armament
spitfire_mk5c	Spitfire_mk5c_default	no suspended armament
spitfire_mk5c_notrop	Spitfire_mk5c_default	no suspended armament
spitfire_mk9b	SpitfireIX_default	no suspended armament
spitfire_mk9b	spitfire_ix_bombs_250lb_anm57_wing	250lb anm57 slot1; 250lb anm57 slot3
spitfire_mk9b	spitfire_ix_bombs_250lb_gp_wing	250lb gp slot1; 250lb gp slot3
spitfire_mk9b	spitfire_ix_bombs_250lb_anm57	250lb anm57 slot2
spitfire_mk9b	spitfire_ix_bombs_250lb_gp	250lb gp slot2
spitfire_mk9b	spitfire_ix_bombs_500lb_anm64a1	500lb anm64a1 slot2
spitfire_mk9b	spitfire_ix_bombs_500lb_gp	500lb gp slot2
spitfire_mk9b	spitfire_ix_bombs_500lb_sap	500lb sap slot2
spitfire_mk9c_4cannons	spitfire_ix_default	no suspended armament
spitfire_mk9c_4cannons	spitfire_ix_bombs_250lb_anm57_wing	250lb anm57 slot1; 250lb anm57 slot3
spitfire_mk9c_4cannons	spitfire_ix_bombs_250lb_gp_wing	250lb gp slot1; 250lb gp slot3
spitfire_mk9c_4cannons	spitfire_ix_bombs_250lb_anm57	250lb anm57 slot2
spitfire_mk9c_4cannons	spitfire_ix_bombs_250lb_gp	250lb gp slot2
spitfire_mk9c_4cannons	spitfire_ix_bombs_500lb_anm64a1	500lb anm64a1 slot2
spitfire_mk9c_4cannons	spitfire_ix_bombs_500lb_gp	500lb gp slot2
spitfire_mk9c_4cannons	spitfire_ix_bombs_500lb_sap	500lb sap slot2
spitfire_mk9c_iaf	SpitfireIX_default	no suspended armament
spitfire_mk9c_iaf	SpitfireIX_bombs	no suspended armament
spitfire_mk9c_iaf	iaf_2x250lbs_16x8cm_rockets	no suspended armament
spitfire_mk9c_iaf	iaf_16x8cm_rockets	no suspended armament
spitfire_xvi	spitfire_xvi_default	no suspended armament
spitfire_xvi	spitfire_xvi_bombs	no suspended armament
spitfiremkii	SpitfireMkII_default	no suspended armament
spitfiremkiia	spitfire_mk1_default	no suspended armament
spitfiremkiia_ep	spitfire_mk1_default	no suspended armament
stirling_mk1	stirling_mk1_27x250lbs	no suspended armament
stirling_mk1	stirling_mk1_27x500lbs	no suspended armament
stirling_mk1	stirling_mk1_9x1000lbs	no suspended armament
stirling_mk3	stirling_mk3_27x250lbs	no suspended armament
stirling_mk3	stirling_mk3_27x500lbs	no suspended armament
stirling_mk3	stirling_mk3_9x1000lbs	no suspended armament
strikemaster_mk88	strikemaster_mk88_default	no suspended armament
strikemaster_mk88	strikemaster_mk88_sura_heat	8x sura heat
strikemaster_mk88	strikemaster_mk88_sura_he	8x sura he
strikemaster_mk88	strikemaster_mk88_lau_68	4x lau 68
strikemaster_mk88	strikemaster_mk88_matra_155	4x matra 155
strikemaster_mk88	strikemaster_mk88_matra_7	4x matra 7
strikemaster_mk88	strikemaster_mk88_mk82	4x mk82
strikemaster_mk88	strikemaster_mk88_mk82sn	4x mk82sn
strikemaster_mk88	strikemaster_mk88_mk_n1_540lbs	4x uk 540lbs
strikemaster_mk88	strikemaster_mk88_mk77	4x mk77
strikemaster_mk88	strikemaster_mk88_mag_pod	4x mgp
su_17m2	su_17m2_default	ptb left1; ptb left; ptb right; ptb right1
su_17m2	su_17m2_default_rocket_r60	wing middle left rocket r 60; wing middle right rocket r 60
su_17m2	su_17m2_rocket_r60	wing middle left rocket r 60 x2; wing middle right rocket r 60 x2
su_17m2	su_17m2_rocket_ub32	4x container ub 32
su_17m2	su_17m2_rocket_b8m	4x container s8ko
su_17m2	su_17m2_rocket_s24	wing left rocket s24; wing middle left rocket s 24; fuse left rocket s 24; fuse right rocket s 24; wing middle right rocket s 24; wing right rocket s24
su_17m2	su_17m2_rocket_kh23	wing left rocket kh23 m; delta ng; wing right rocket kh23 m
su_17m2	su_17m2_rocket_kh25	wing left rocket kh25 ml; projector; wing right rocket kh25 ml
su_17m2	su_17m2_rocket_kh29l	fuse left rocket kh29 l; projector
su_17m2	su_17m2_bomb_ofab100_120	wing left containers ofab 100 120; wing left middle ofab 100 120 x1; fuse containers left ofab 100 120 x4; fuse containers right ofab 100 120 x4; wing right middle ofab 100 120 x1; wing right containers ofab 100 120
su_17m2	su_17m2_bomb_ofab250	wing left fab 250; wing left middle fab 250 x1; fuse containers left fab 250 x3; fuse containers right fab 250 x3; wing right middle fab 250 x1; wing right fab 250
su_17m2	su_17m2_bomb_fab500m_62	wing left fab 500; wing left middle fab 500 x1; fuse left fab 500 x2; fuse right fab 500 x2; wing right middle fab 500 x1; wing right fab 500
su_17m2	su_17m2_bomb_ofab250sh	2x wing left fab 250sh; fuse containers left fab 250sh x3; fuse containers right fab 250sh x3; 2x wing right middle fab 250sh x1
su_17m2	su_17m2_bomb_fab500sh	2x wing left fab 500sh; fuse left fab 500sh x2; fuse right fab 500sh x2; 2x wing right middle fab 500sh x1
su_17m2	su_17m2_bomb_zb500	4x zb500
su_17m2	su_17m2_sppu_22	2x sppu 22
su_17m2	su_17m2_rocket_s3k	4x container s3k
su_17m4	su_17m4_default	ptb left1; ptb left; ptb right; ptb right1
su_17m4	su_17m4_rocket_r60_default	wing left single r 60; wing right single r 60
su_17m4	su_17m4_rocket_r60	wing left single r 60; wing middle left rocket r 60 x2; wing middle right rocket r 60 x2; wing right single r 60
su_17m4	su_17m4_rocket_s3k	4x container s3k
su_17m4	su_17m4_rocket_ub32	6x container ub 32
su_17m4	su_17m4_rocket_s24	wing left rocket s24; wing middle left rocket s 24; fuse left rocket s 24; fuse right rocket s 24; wing middle right rocket s 24; wing right rocket s24
su_17m4	su_17m4_rocket_b8m	4x container s8ko
su_17m4	su_17m4_rocket_b13l	4x container s13of
su_17m4	su_17m4_rocket_s25o	wing left rocket s25o; wing right rocket s25o
su_17m4	su_17m4_bomb_ofab100_120	wing left containers ofab 100 120; wing left middle ofab 100 120 x1; fuse containers left ofab 100 120 x4; fuse containers right ofab 100 120 x4; wing right middle ofab 100 120 x1; wing right containers ofab 100 120
su_17m4	su_17m4_bomb_ofab250	wing left fab 250; wing left middle fab 250 x1; fuse containers left fab 250 x3; fuse containers right fab 250 x3; wing right middle fab 250 x1; wing right fab 250
su_17m4	su_17m4_bomb_fab500m_62	wing left fab 500; wing left middle fab 500 x1; fuse left fab 500 x2; fuse right fab 500 x2; wing right middle fab 500 x1; wing right fab 500
su_17m4	su_17m4_bomb_ofab250sh	2x wing left fab 250sh; fuse containers left fab 250sh x3; fuse containers right fab 250sh x3; 2x wing right middle fab 250sh x1
su_17m4	su_17m4_bomb_fab500sh	2x wing left fab 500sh; fuse left fab 500sh x2; fuse right fab 500sh x2; 2x wing right middle fab 500sh x1
su_17m4	su_17m4_zb500	4x zb500
su_17m4	su_17m4_rocket_s25l	wing left rocket s25l; wing right rocket s25l
su_17m4	su_17m4_rocket_kh25	wing left rocket kh25 ml; fuse left rocket kh25 ml; fuse right rocket kh25 ml; wing right rocket kh25 ml
su_17m4	su_17m4_rocket_kh29l	fuse left rocket kh29 l; fuse right rocket kh29 l
su_17m4	su_17m4_rocket_kh29t	fuse left rocket kh29 t; fuse right rocket kh29 t
su_17m4	su_17m4_kh_27ps	kh 27ps slot4; l 086 viuga 17 slot5; kh 27ps slot6
su_17m4	su_17m4_kh_58u_a	kh 58u a slot4; l 086 viuga 17 slot5; kh 58u a slot6
su_17m4	su_17m4_kh_58u_b	kh 58u b slot4; l 086 viuga 17 slot5; kh 58u b slot6
su_17m4	su_17m4_kh_58u_c	kh 58u c slot4; l 086 viuga 17 slot5; kh 58u c slot6
su_17m4	su_17m4_sppu_22	4x sppu 22
su_22m3	su_22m3_default	ptb left1; ptb left; ptb right; ptb right1
su_22m3	su_22m3_default_r60	wing left single r 60; wing right single r 60
su_22m3	su_22m3_rocket_r60	wing left single r 60; wing middle left rocket r 60 x2; wing middle right rocket r 60 x2; wing right single r 60
su_22m3	su_22m3_rocket_r60m	wing left single r 60m; wing middle left rocket r 60m x2; wing middle right rocket r 60m x2; wing right single r 60m
su_22m3	su_22m3_rocket_s3k	4x container s3k
su_22m3	su_22m3_rocket_s5k	6x container ub 32
su_22m3	su_22m3_rocket_b8m	4x container s8ko
su_22m3	su_22m3_rocket_s24	wing left rocket s24; wing middle left rocket s 24; fuse left rocket s 24; fuse right rocket s 24; wing middle right rocket s 24; wing right rocket s24
su_22m3	su_22m3_rocket_s25o	wing left rocket s25o; wing right rocket s25o
su_22m3	su_22m3_rocket_s25l	wing left rocket s25l; wing right rocket s25l
su_22m3	su_22m3_rocket_kh23	wing left rocket kh23 m; delta ng; wing right rocket kh23 m
su_22m3	su_22m3_rocket_kh25	wing left rocket kh25 ml; fuse left rocket kh25 ml; fuse right rocket kh25 ml; wing right rocket kh25 ml
su_22m3	su_22m3_rocket_kh29l	fuse left rocket kh29 l; fuse right rocket kh29 l
su_22m3	su_22m3_kh_27ps	kh 27ps slot4; l 086 viuga 17 slot5; kh 27ps slot6
su_22m3	su_22m3_bomb_ofab100_120	wing left containers ofab 100 120; wing left middle ofab 100 120 x1; fuse containers left ofab 100 120 x4; fuse containers right ofab 100 120 x4; wing right middle ofab 100 120 x1; wing right containers ofab 100 120
su_22m3	su_22m3_bomb_ofab250	wing left fab 250; wing left middle fab 250 x1; fuse containers left fab 250 x3; fuse containers right fab 250 x3; wing right middle fab 250 x1; wing right fab 250
su_22m3	su_22m3_bomb_fab500m_62	wing left fab 500; wing left middle fab 500 x1; fuse left fab 500 x2; fuse right fab 500 x2; wing right middle fab 500 x1; wing right fab 500
su_22m3	su_22m3_bomb_ofab250sh	2x wing left fab 250sh; fuse containers left fab 250sh x3; fuse containers right fab 250sh x3; 2x wing right middle fab 250sh x1
su_22m3	su_22m3_bomb_fab500sh	2x wing left fab 500sh; fuse left fab 500sh x2; fuse right fab 500sh x2; 2x wing right middle fab 500sh x1
su_22m3	su_22m3_bomb_zb500_62	4x zb500
su_22m3	su_22m3_sppu_22	wing middle left sppu 22; wing middle right sppu 22
su_22m3_hungary	su_22m3_default	ptb left1; ptb left; ptb right; ptb right1
su_22m3_hungary	su_22m3_default_r60	wing left single r 60; wing right single r 60
su_22m3_hungary	su_22m3_rocket_r60	wing left single r 60; wing middle left rocket r 60 x2; wing middle right rocket r 60 x2; wing right single r 60
su_22m3_hungary	su_22m3_rocket_r60m	wing left single r 60m; wing middle left rocket r 60m x2; wing middle right rocket r 60m x2; wing right single r 60m
su_22m3_hungary	su_22m3_rocket_s3k	4x container s3k
su_22m3_hungary	su_22m3_rocket_s5k	6x container ub 32
su_22m3_hungary	su_22m3_rocket_b8m	4x container s8ko
su_22m3_hungary	su_22m3_rocket_s24	wing left rocket s24; wing middle left rocket s 24; fuse left rocket s 24; fuse right rocket s 24; wing middle right rocket s 24; wing right rocket s24
su_22m3_hungary	su_22m3_rocket_s25o	wing left rocket s25o; wing right rocket s25o
su_22m3_hungary	su_22m3_rocket_s25l	wing left rocket s25l; wing right rocket s25l
su_22m3_hungary	su_22m3_rocket_kh23	wing left rocket kh23 m; delta ng; wing right rocket kh23 m
su_22m3_hungary	su_22m3_rocket_kh25	wing left rocket kh25 ml; fuse left rocket kh25 ml; fuse right rocket kh25 ml; wing right rocket kh25 ml
su_22m3_hungary	su_22m3_rocket_kh29l	fuse left rocket kh29 l; fuse right rocket kh29 l
su_22m3_hungary	su_22m3_kh_27ps	kh 27ps slot4; l 086 viuga 17 slot5; kh 27ps slot6
su_22m3_hungary	su_22m3_bomb_ofab100_120	wing left containers ofab 100 120; wing left middle ofab 100 120 x1; fuse containers left ofab 100 120 x4; fuse containers right ofab 100 120 x4; wing right middle ofab 100 120 x1; wing right containers ofab 100 120
su_22m3_hungary	su_22m3_bomb_ofab250	wing left fab 250; wing left middle fab 250 x1; fuse containers left fab 250 x3; fuse containers right fab 250 x3; wing right middle fab 250 x1; wing right fab 250
su_22m3_hungary	su_22m3_bomb_fab500m_62	wing left fab 500; wing left middle fab 500 x1; fuse left fab 500 x2; fuse right fab 500 x2; wing right middle fab 500 x1; wing right fab 500
su_22m3_hungary	su_22m3_bomb_ofab250sh	2x wing left fab 250sh; fuse containers left fab 250sh x3; fuse containers right fab 250sh x3; 2x wing right middle fab 250sh x1
su_22m3_hungary	su_22m3_bomb_fab500sh	2x wing left fab 500sh; fuse left fab 500sh x2; fuse right fab 500sh x2; 2x wing right middle fab 500sh x1
su_22m3_hungary	su_22m3_bomb_zb500_62	4x zb500
su_22m3_hungary	su_22m3_sppu_22	wing middle left sppu 22; wing middle right sppu 22
su_22m4	su_22m4_default	ptb left1; ptb left; ptb right; ptb right1
su_22m4	su_22m4_rocket_r60mk_default	wing left single r 60mk; wing right single r 60mk
su_22m4	su_22m4_rocket_r60mk	wing left single r 60mk; wing middle left rocket r 60mk x2; wing middle right rocket r 60mk x2; wing right single r 60mk
su_22m4	su_22m4_rocket_s3k	4x container s3k
su_22m4	su_22m4_rocket_ub32	6x container ub 32
su_22m4	su_22m4_rocket_s24	wing left rocket s24; wing middle left rocket s 24; fuse left rocket s 24; fuse right rocket s 24; wing middle right rocket s 24; wing right rocket s24
su_22m4	su_22m4_rocket_b8m	4x container s8ko
su_22m4	su_22m4_rocket_b13l	4x container s13of
su_22m4	su_22m4_rocket_s25o	wing left rocket s25o; wing right rocket s25o
su_22m4	su_22m4_bomb_ofab100_120	wing left containers ofab 100 120; wing left middle ofab 100 120 x1; fuse containers left ofab 100 120 x4; fuse containers right ofab 100 120 x4; wing right middle ofab 100 120 x1; wing right containers ofab 100 120
su_22m4	su_22m4_bomb_ofab250	wing left fab 250; wing left middle fab 250 x1; fuse containers left fab 250 x3; fuse containers right fab 250 x3; wing right middle fab 250 x1; wing right fab 250
su_22m4	su_22m4_bomb_fab500m_62	wing left fab 500; wing left middle fab 500 x1; fuse left fab 500 x2; fuse right fab 500 x2; wing right middle fab 500 x1; wing right fab 500
su_22m4	su_22m4_bomb_ofab250sh	2x wing left fab 250sh; fuse containers left fab 250sh x3; fuse containers right fab 250sh x3; 2x wing right middle fab 250sh x1
su_22m4	su_22m4_bomb_fab500sh	2x wing left fab 500sh; fuse left fab 500sh x2; fuse right fab 500sh x2; 2x wing right middle fab 500sh x1
su_22m4	su_22m4_zb500	4x zb500
su_22m4	su_22m4_rocket_s25l	wing left rocket s25l; wing right rocket s25l
su_22m4	su_22m4_rocket_kh25	wing left rocket kh25 ml; fuse left rocket kh25 ml; fuse right rocket kh25 ml; wing right rocket kh25 ml
su_22m4	su_22m4_rocket_kh29l	fuse left rocket kh29 l; fuse right rocket kh29 l
su_22m4	su_22m4_rocket_kh29t	fuse left rocket kh29 t; fuse right rocket kh29 t
su_22m4	su_22m4_kh_27ps	kh 27ps slot4; l 086 viuga 17 slot5; kh 27ps slot6
su_22m4	su_22m4_kh_58u_a	kh 58u a slot4; l 086 viuga 17 slot5; kh 58u a slot6
su_22m4	su_22m4_kh_58u_b	kh 58u b slot4; l 086 viuga 17 slot5; kh 58u b slot6
su_22m4	su_22m4_kh_58u_c	kh 58u c slot4; l 086 viuga 17 slot5; kh 58u c slot6
su_22m4	su_22m4_sppu_22	4x sppu 22
su_22m4_de_wtd61	su_22m4_de_wtd61_default	ptb left1; wing left single r 60mk; wing middle left rocket r 60mk x2; ptb left; ptb right; wing middle right rocket r 60mk x2; wing right single r 60mk; ptb right1
su_22m4_de_wtd61	su_22m4_de_wtd61_rocket_r60mk	wing left single r 60mk; wing middle left rocket r 60mk x2; wing middle right rocket r 60mk x2; wing right single r 60mk
su_22m4_de_wtd61	su_22m4_de_wtd61_rocket_s3k_r60mk	4x container s3k; wing left single r 60mk; wing middle left rocket r 60mk x2; wing middle right rocket r 60mk x2; wing right single r 60mk
su_22m4_de_wtd61	su_22m4_de_wtd61_rocket_ub32_r60mk	6x container ub 32; wing left single r 60mk; wing right single r 60mk
su_22m4_de_wtd61	su_22m4_de_wtd61_rocket_s24_r60mk	wing left rocket s24; wing left single r 60mk; wing middle left rocket s 24; fuse left rocket s 24; fuse right rocket s 24; wing middle right rocket s 24; wing right single r 60mk; wing right rocket s24
su_22m4_de_wtd61	su_22m4_de_wtd61_rocket_b8m_r60mk	4x container s8ko; wing left single r 60mk; wing right single r 60mk
su_22m4_de_wtd61	su_22m4_de_wtd61_rocket_b13l_r60mk	4x container s13of; wing left single r 60mk; wing right single r 60mk
su_22m4_de_wtd61	su_22m4_de_wtd61_rocket_s25o_r60mk	wing left rocket s25o; wing left single r 60mk; wing middle left rocket r 60mk x2; wing middle right rocket r 60mk x2; wing right single r 60mk; wing right rocket s25o
su_22m4_de_wtd61	su_22m4_de_wtd61_bomb_ofab100_120	wing left containers ofab 100 120; wing left single r 60mk; wing left middle ofab 100 120 x1; fuse containers left ofab 100 120 x4; fuse containers right ofab 100 120 x4; wing right middle ofab 100 120 x1; wing right single r 60mk; wing right containers ofab 100 120
su_22m4_de_wtd61	su_22m4_de_wtd61_bomb_ofab250	wing left fab 250; wing left single r 60mk; wing left middle fab 250 x1; fuse containers left fab 250 x3; fuse containers right fab 250 x3; wing right middle fab 250 x1; wing right single r 60mk; wing right fab 250
su_22m4_de_wtd61	su_22m4_de_wtd61_bomb_fab500m_62	wing left fab 500; wing left single r 60mk; wing left middle fab 500 x1; fuse left fab 500 x2; fuse right fab 500 x2; wing right middle fab 500 x1; wing right single r 60mk; wing right fab 500
su_22m4_de_wtd61	su_22m4_de_wtd61_bomb_ofab250sh	2x wing left fab 250sh; wing left single r 60mk; fuse containers left fab 250sh x3; fuse containers right fab 250sh x3; 2x wing right middle fab 250sh x1; wing right single r 60mk
su_22m4_de_wtd61	su_22m4_de_wtd61_bomb_fab500sh	2x wing left fab 500sh; wing left single r 60mk; fuse left fab 500sh x2; fuse right fab 500sh x2; 2x wing right middle fab 500sh x1; wing right single r 60mk
su_22m4_de_wtd61	su_22m4_de_wtd61_zb500	4x zb500; wing left single r 60mk; wing middle left rocket r 60mk x2; wing middle right rocket r 60mk x2; wing right single r 60mk
su_22m4_de_wtd61	su_22m4_de_wtd61_rocket_s25l	wing left rocket s25l; wing right rocket s25l
su_22m4_de_wtd61	su_22m4_de_wtd61_rocket_s25l_r60mk	wing left rocket s25l; wing left single r 60mk; wing middle left rocket r 60mk x2; wing middle right rocket r 60mk x2; wing right single r 60mk; wing right rocket s25l
su_22m4_de_wtd61	su_22m4_de_wtd61_rocket_kh25	wing left rocket kh25 ml; fuse left rocket kh25 ml; fuse right rocket kh25 ml; wing right rocket kh25 ml
su_22m4_de_wtd61	su_22m4_de_wtd61_rocket_kh25_r60mk	wing left rocket kh25 ml; wing left single r 60mk; wing middle left rocket r 60mk x2; fuse left rocket kh25 ml; fuse right rocket kh25 ml; wing middle right rocket r 60mk x2; wing right single r 60mk; wing right rocket kh25 ml
su_22m4_de_wtd61	su_22m4_de_wtd61_rocket_kh29l	fuse left rocket kh29 l; fuse right rocket kh29 l
su_22m4_de_wtd61	su_22m4_de_wtd61_rocket_kh29l_r60mk	wing left single r 60mk; wing middle left rocket r 60mk x2; fuse left rocket kh29 l; fuse right rocket kh29 l; wing middle right rocket r 60mk x2; wing right single r 60mk
su_22m4_de_wtd61	su_22m4_de_wtd61_rocket_kh29t	fuse left rocket kh29 t; fuse right rocket kh29 t
su_22m4_de_wtd61	su_22m4_de_wtd61_rocket_kh29t_r60mk	wing left single r 60mk; wing middle left rocket r 60mk x2; fuse left rocket kh29 t; fuse right rocket kh29 t; wing middle right rocket r 60mk x2; wing right single r 60mk
su_22m4_de_wtd61	su_22m4_de_wtd61_kh_27ps	wing left single r 60mk; wing middle left rocket r 60mk x2; kh 27ps slot4; l 086 viuga 17 slot5; kh 27ps slot6; wing middle right rocket r 60mk x2; wing right single r 60mk
su_22m4_de_wtd61	su_22m4_de_wtd61_kh_27ps_r60mk	kh 27ps slot4; l 086 viuga 17 slot5; kh 27ps slot6
su_22m4_de_wtd61	su_22m4_de_wtd61_kh_58u_a	kh 58u a slot4; l 086 viuga 17 slot5; kh 58u a slot6
su_22m4_de_wtd61	su_22m4_de_wtd61_kh_58u_a_r60mk	wing left single r 60mk; wing middle left rocket r 60mk x2; kh 58u a slot4; l 086 viuga 17 slot5; kh 58u a slot6; wing middle right rocket r 60mk x2; wing right single r 60mk
su_22m4_de_wtd61	su_22m4_de_wtd61_kh_58u_b	kh 58u b slot4; l 086 viuga 17 slot5; kh 58u b slot6
su_22m4_de_wtd61	su_22m4_de_wtd61_kh_58u_b_r60mk	wing left single r 60mk; wing middle left rocket r 60mk x2; kh 58u b slot4; l 086 viuga 17 slot5; kh 58u b slot6; wing middle right rocket r 60mk x2; wing right single r 60mk
su_22m4_de_wtd61	su_22m4_de_wtd61_kh_58u_c	kh 58u c slot4; l 086 viuga 17 slot5; kh 58u c slot6
su_22m4_de_wtd61	su_22m4_de_wtd61_kh_58u_c_r60mk	wing left single r 60mk; wing middle left rocket r 60mk x2; kh 58u c slot4; l 086 viuga 17 slot5; kh 58u c slot6; wing middle right rocket r 60mk x2; wing right single r 60mk
su_22m4_de_wtd61	su_22m4_de_wtd61_sppu_22	4x sppu 22; wing left single r 60mk; wing right single r 60mk
su_22um3k	su_22um3k_default	ptb left1; ptb left; ptb right; ptb right1
su_22um3k	su_22um3k_rocket_r60_default	wing left single r 60; wing right single r 60
su_22um3k	su_22um3k_rocket_r60m	wing left single r 60m; wing middle left rocket r 60m x2; wing middle right rocket r 60m x2; wing right single r 60m
su_22um3k	su_22um3k_bomb_ofab100_120	wing left containers ofab 100 120; wing right containers ofab 100 120; wing left middle ofab 100 120 x1; wing right middle ofab 100 120 x1; fuse containers left ofab 100 120 x4; fuse containers right ofab 100 120 x4
su_22um3k	su_22um3k_bomb_ofab250	wing left fab 250; wing right fab 250; wing left middle fab 250 x1; wing right middle fab 250 x1; fuse containers left fab 250 x3; fuse containers right fab 250 x3
su_22um3k	su_22um3k_bomb_fab500m_62	wing left fab 500; fuse left fab 500 x2; fuse right fab 500 x2; wing right fab 500
su_22um3k	su_22um3k_bomb_ofab250sh	2x wing left fab 250sh; fuse containers left fab 250sh x3; fuse containers right fab 250sh x3; 2x wing right middle fab 250sh x1
su_22um3k	su_22um3k_bomb_fab500sh	wing left fab 500sh; fuse left fab 500sh x2; fuse right fab 500sh x2; wing right middle fab 500sh x1
su_22um3k	su_22um3k_rocket_s3k	4x container s3k
su_22um3k	su_22um3k_rocket_ub32	4x container ub 32
su_22um3k	su_22um3k_rocket_s24	wing left rocket s24; wing right rocket s24; wing middle left rocket s 24; wing middle right rocket s 24; fuse left rocket s 24; fuse right rocket s 24
su_22um3k	su_22um3k_rocket_s25o	wing left rocket s25o; wing right rocket s25o
su_22um3k	su_22um3k_rocket_b8m	4x container s8ko
su_22um3k	su_22um3k_rocket_kh23	wing left rocket kh23 m; delta ng; wing right rocket kh23 m
su_22um3k	su_22um3k_rocket_kh25	wing left rocket kh25 ml; wing right rocket kh25 ml; fuse left rocket kh25 ml; fuse right rocket kh25 ml
su_22um3k	su_22um3k_rocket_kh29l	fuse left rocket kh29 l; fuse right rocket kh29 l
su_22um3k	su_22um3k_rocket_s25l	wing left rocket s25l; wing right rocket s25l
su_22um3k	su_22um3k_rocket_r60	wing left single r 60; wing right single r 60; wing middle left rocket r 60 x2; wing middle right rocket r 60 x2
su_22um3k	su_22um3k_sppu_22	wing middle left sppu 22; wing middle right sppu 22
su_22um3k	su_22um3k_bomb_zab_500	4x zb500
su_24m	su_24m_default	wing left single r 60; ptb left; ptb fuse; ptb right; wing right single r 60
su_24m	su_24m_rocket_r60m	wing middle left rocket r 60 x2; wing middle right rocket r 60 x2
su_24m	su_24m_bomb_ofab100_120	wing left in containers ofab 100 120; wing2 left in containers ofab 100 120; fuse left containers ofab 100 120; fuse containers ofab 100 120; fuse right containers ofab 100 120; wing2 right in containers ofab 100 120; wing right in containers ofab 100 120
su_24m	su_24m_bomb_ofab250	wing left out fab 250 x2; wing2 left in containers ofab250; fuse left containers fab 250; fuse containers fab 250; fuse right containers fab 250; wing2 right in containers ofab250; wing right out fab 250 x2
su_24m	su_24m_bomb_fab250m_62	wing left out fab 250m 62 x2; wing2 left in containers fab250m 62 x3; fuse left containers fab250m 62 x2; fuse single fab 250m 62; fuse right containers fab250m 62 x3; wing2 right in containers fab250m 62 x3; wing right out fab 250m 62 x2
su_24m	su_24m_bomb_fab500m_62	wing left in single fab 500; wing2 left out fab 500 x2; fuse left single fab 500; fuse single fab 500; fuse beck single fab 500; fuse right single fab 500; wing2 right out fab 500 x2; wing right in single fab 500
su_24m	su_24m_bomb_ofab250sh	wing left out fab 250sh x2; wing2 left in containers fab250sh x3; fuse left containers fab250sh x2; fuse single fab 250sh; fuse right containers fab250sh x3; wing2 right in containers fab250sh x3; wing right out fab 250sh x2
su_24m	su_24m_bomb_fab500sh	wing left in single fab 500sh; wing2 left out fab 500sh x2; fuse left single fab 500sh; fuse single fab 500sh; fuse right single fab 500sh; wing2 right out fab 500sh x2; wing right in single fab 500sh
su_24m	su_24m_bomb_fab1500	wing2 left in single fab 1500; fuse single fab 1500; wing2 right in single fab 1500
su_24m	su_24m_bomb_kab500kr	wing left kab 500kr; left wing kab 500kr; fuse left kab 500kr; fuse right kab 500kr; right wing kab 500kr; wing right kab 500kr
su_24m	su_24m_bomb_kab500l	wing left kab 500l; left wing kab 500l; fuse left kab 500l; fuse kab 500l; fuse right kab 500l; right wing kab 500l; wing right kab 500l
su_24m	su_24m_bomb_kab500s	wing left kab 500s; left wing kab 500s; fuse left kab 500s; fuse kab 500s; fuse right kab 500s; right wing kab 500s; wing right kab 500s
su_24m	su_24m_bomb_umpk500	wing left umpk 500; left wing umpk 500; right wing umpk 500; wing right umpk 500
su_24m	su_24m_bomb_kab500s_x3	left wing kab 500s; fuse kab 500s; right wing kab 500s
su_24m	su_24m_bomb_kab1500kr	left wing kab 1500kr; fuse kab 1500kr; right wing kab 1500kr
su_24m	su_24m_bomb_kab1500kr_single	fuse kab 1500kr
su_24m	su_24m_bomb_kab1500l	left wing kab 1500l; fuse kab 1500l; right wing kab 1500l
su_24m	su_24m_rocket_ub32	wing left in single ub 32; wing2 left in ub 32 x2; wing2 right in ub 32 x2; wing right in single ub 32
su_24m	su_24m_rocket_b8m	wing left in single s8ko; wing2 left in s8ko x2; wing2 right in s8ko x2; wing right in single s8ko
su_24m	su_24m_rocket_s24	wing left in rocket s24; wing2 left in rocket s24; wing2 right in rocket s24; wing right in rocket s24
su_24m	su_24m_rocket_s25o	wing left in single s 25o; wing2 left in single s 25o x2; wing2 right in single s 25o x2; wing right in single s 25o
su_24m	su_24m_rocket_s13	wing left in single s13; wing2 left in s13 x2; wing2 right in s13 x2; wing right in single s13
su_24m	su_24m_rocket_kh23	wing left rocket kh23 m; wing2 left rocket kh23 m; wing2 right rocket kh23 m; wing right rocket kh23 m
su_24m	su_24m_rocket_kh25	wing left rocket kh25 ml; wing2 left rocket kh25 ml; wing2 right rocket kh25 ml; wing right rocket kh25 ml
su_24m	su_24m_rocket_kh29l	left wing kh 29l; fuse kh 29l; right wing kh 29l
su_24m	su_24m_rocket_kh29te	left wing kh 29te; fuse kh 29te; right wing kh 29te
su_24m	su_24m_rocket_s25l_x4	wing left in single s 25l; wing2 left in single s 25l; wing2 right in single s 25l; wing right in single s 25l
su_24m	su_24m_rocket_s25l	wing left in single s 25l; wing2 left in single s 25l x2; wing2 right in single s 25l x2; wing right in single s 25l
su_24m	su_24m_rocket_kh59m	left wing kh 59m; apk 9; right wing kh 59m
su_24m	su_24m_kh_58u_a	kh 58u a slot2; l 080 a slot4; kh 58u a slot7
su_24m	su_24m_kh_58u_b	kh 58u b slot2; l 081 b slot4; kh 58u b slot7
su_24m	su_24m_kh_58u_c	kh 58u c slot2; l 081 c slot4; kh 58u c slot7
su_24m	su_24m_sppu_6_23	sppu 6 left wing; sppu 6 fuse; sppu 6 right wing
su_24m	su_24m_bomb_zab_500	wing left in single zb500; wing2 left in single zb500; fuse left single zb500; fuse single zb500; fuse right single zb500; wing2 right in single zb500; wing right in single zb500
su_24m_china_killstreak	su_24m_default	no suspended armament
su_24m_china_killstreak	su_24m_rn_28	rn 28
su_24m_china_killstreak	nt_su_24m_rn_28_nt	wing middle left rocket r 60 x2; ptb left; rn 28 nt; ptb right; wing middle right rocket r 60 x2
su_24m_china_killstreak	nt_su_24m_rn_40	wing middle left rocket r 60 x2; ptb left; rn 40; ptb right; wing middle right rocket r 60 x2
su_24m_killstreak	su_24m_default	no suspended armament
su_24m_killstreak	su_24m_rn_28	rn 28
su_24m_killstreak	nt_su_24m_rn_28_nt	wing middle left rocket r 60 x2; ptb left; rn 28 nt; ptb right; wing middle right rocket r 60 x2
su_24m_killstreak	nt_su_24m_rn_40	wing middle left rocket r 60 x2; ptb left; rn 40; ptb right; wing middle right rocket r 60 x2
su_25	su_25_default	ptb left1; ptb left; ptb right; ptb right1
su_25	su_25_r_60	2x r 60
su_25	su_25_r_60m	2x r 60m
su_25	su_25_fab_100	fab 100 slot2; fab 100 slot3; 4x fab 100; fab 100 slot8; fab 100 slot9
su_25	su_25_fab_250	fab 250 slot2; fab 250 slot3; 4x fab 250; fab 250 slot8; fab 250 slot9
su_25	su_25_fab_500	fab 500 slot2; fab 500 slot3; 4x fab 500; fab 500 slot8; fab 500 slot9
su_25	su_25_fab_250sh	fab 250sh slot2; fab 250sh slot3; 4x fab 250sh; fab 250sh slot8; fab 250sh slot9
su_25	su_25_fab_500sh	fab 500sh slot2; fab 500sh slot3; 4x fab 500sh; fab 500sh slot8; fab 500sh slot9
su_25	su_25_zb_500	zb 500 slot2; zb 500 slot3; 4x zb 500; zb 500 slot8; zb 500 slot9
su_25	su_25_ub_32	ub 32 slot2; ub 32 slot3; ub 32 slot4; ub 32 slot5; ub 32 slot6; ub 32 slot7; ub 32 slot8; ub 32 slot9
su_25	su_25_b8m	s 8ko slot2; s 8ko slot3; s 8ko slot4; s 8ko slot5; s 8ko slot6; s 8ko slot7; s 8ko slot8; s 8ko slot9
su_25	su_25_c13	c13 slot2; c13 slot3; c13 slot4; c13 slot5; c13 slot6; c13 slot7; c13 slot8; c13 slot9
su_25	su_25_s_24b	s 24b slot2; s 24b slot3; s 24b slot4; s 24b slot5; s 24b slot6; s 24b slot7; s 24b slot8; s 24b slot9
su_25	su_25_s_25o	s 25o 1 slot2; s 25o 2 slot3; s 25o 3 slot4; s 25o 4 slot5; s 25o 5 slot6; s 25o 6 slot7; s 25o 7 slot8; s 25o 8 slot9
su_25	su_25_kh_25ml	4x kh 25ml
su_25	su_25_kf_29l	2x kh 29l
su_25	su_25_sppu_22	4x sppu 22
su_25_558arz	su_25_558arz_default	ptb left1; ptb left; ptb right; ptb right1
su_25_558arz	su_25_558arz_r_60m	2x r 60m
su_25_558arz	su_25_558arz_r_r73	2x r 73
su_25_558arz	su_25_558arz_fab_100	fab 100 slot2; fab 100 slot3; 4x fab 100; fab 100 slot8; fab 100 slot9
su_25_558arz	su_25_558arz_fab_250	fab 250 slot2; fab 250 slot3; 4x fab 250; fab 250 slot8; fab 250 slot9
su_25_558arz	su_25_558arz_fab_500	fab 500 slot2; fab 500 slot3; 4x fab 500; fab 500 slot8; fab 500 slot9
su_25_558arz	su_25_558arz_fab_250sh	fab 250sh slot2; fab 250sh slot3; 4x fab 250sh; fab 250sh slot8; fab 250sh slot9
su_25_558arz	su_25_558arz_fab_500sh	fab 500sh slot2; fab 500sh slot3; 4x fab 500sh; fab 500sh slot8; fab 500sh slot9
su_25_558arz	su_25_558arz_zb_500	zb 500 slot2; zb 500 slot3; 4x zb 500; zb 500 slot8; zb 500 slot9
su_25_558arz	su_25_558arz_kab_500kr	4x kab 500kr
su_25_558arz	su_25_558arz_ub_32	ub 32 slot2; ub 32 slot3; ub 32 slot4; ub 32 slot5; ub 32 slot6; ub 32 slot7; ub 32 slot8; ub 32 slot9
su_25_558arz	su_25_558arz_b8m	s 8ko slot2; s 8ko slot3; s 8ko slot4; s 8ko slot5; s 8ko slot6; s 8ko slot7; s 8ko slot8; s 8ko slot9
su_25_558arz	su_25_558arz_c13	c13 slot2; c13 slot3; c13 slot4; c13 slot5; c13 slot6; c13 slot7; c13 slot8; c13 slot9
su_25_558arz	su_25_558arz_s_24b	s 24b slot2; s 24b slot3; s 24b slot4; s 24b slot5; s 24b slot6; s 24b slot7; s 24b slot8; s 24b slot9
su_25_558arz	su_25_558arz_s_25o	s 25o 1 slot2; s 25o 2 slot3; s 25o 3 slot4; s 25o 4 slot5; s 25o 5 slot6; s 25o 6 slot7; s 25o 7 slot8; s 25o 8 slot9
su_25_558arz	su_25_558arz_s_25l	s25l 1 slot3; s25l 2 slot4; s25l 3 slot7; s25l 4 slot8
su_25_558arz	su_25_558arz_kh_25ml	4x kh 25ml
su_25_558arz	su_25_558arz_kf_29l	2x kh 29l
su_25_558arz	su_25_558arz_kf_29te	2x kh 29te
su_25_558arz	su_25_558arz_sppu_22	4x sppu 22
su_25k	su_25k_default	2x r 60m; ptb left1; ptb left; ptb right; ptb right1
su_25k	su_25k_fab_100_r_60m	2x r 60m; fab 100 slot2; fab 100 slot3; 4x fab 100; fab 100 slot8; fab 100 slot9
su_25k	su_25k_fab_250_r_60m	2x r 60m; fab 250 slot2; fab 250 slot3; 4x fab 250; fab 250 slot8; fab 250 slot9
su_25k	su_25k_fab_500_r_60m	2x r 60m; fab 500 slot2; fab 500 slot3; 4x fab 500; fab 500 slot8; fab 500 slot9
su_25k	su_25k_fab_250sh_r_60m	2x r 60m; fab 250sh slot2; fab 250sh slot3; 4x fab 250sh; fab 250sh slot8; fab 250sh slot9
su_25k	su_25k_fab_500sh_r_60m	2x r 60m; fab 500sh slot2; fab 500sh slot3; 4x fab 500sh; fab 500sh slot8; fab 500sh slot9
su_25k	su_25k_zb_500_r_60m	2x r 60m; zb 500 slot2; zb 500 slot3; 4x zb 500; zb 500 slot8; zb 500 slot9
su_25k	su_25k_ub_32_r_60m	2x r 60m; ub 32 slot2; ub 32 slot3; ub 32 slot4; ub 32 slot5; ub 32 slot6; ub 32 slot7; ub 32 slot8; ub 32 slot9
su_25k	su_25k_b8m_r_60m	2x r 60m; s 8ko slot2; s 8ko slot3; s 8ko slot4; s 8ko slot5; s 8ko slot6; s 8ko slot7; s 8ko slot8; s 8ko slot9
su_25k	su_25k_c13_r_60m	2x r 60m; c13 slot2; c13 slot3; c13 slot4; c13 slot5; c13 slot6; c13 slot7; c13 slot8; c13 slot9
su_25k	su_25k_s_24b_r_60m	2x r 60m; s 24b slot2; s 24b slot3; s 24b slot4; s 24b slot5; s 24b slot6; s 24b slot7; s 24b slot8; s 24b slot9
su_25k	su_25k_s_25o_r_60m	2x r 60m; s 25o 1 slot2; s 25o 2 slot3; s 25o 3 slot4; s 25o 4 slot5; s 25o 5 slot6; s 25o 6 slot7; s 25o 7 slot8; s 25o 8 slot9
su_25k	su_25k_kh_25ml_r_60m	2x r 60m; 4x kh 25ml
su_25k	su_25k_kf_29l_r_60m	2x r 60m; 2x kh 29l
su_25k	su_25k_sppu_22_r_60m	2x r 60m; 4x sppu 22
su_25k	su_25k_sppu_22_b8m_r_60m	2x r 60m; s 8ko slot2; s 8ko slot3; s 8ko slot4; 2x sppu 22; s 8ko slot7; s 8ko slot8; s 8ko slot9
su_25k	su_25k_fab_500_s_25o_r_60m	2x r 60m; s 25o 1 slot2; s 25o 2 slot3; 4x fab 500; s 25o 7 slot8; s 25o 8 slot9
su_25k	su_25k_kh_25ml	4x kh 25ml
su_25k	su_25k_kh_29l	2x kh 29l
su_25sm3	su_25sm3_default	ptb left1; ptb left; ptb right; ptb right1
su_25sm3	su_25sm3_r_r73	2x r 73
su_25sm3	su_25sm3_fab_100	fab 100 slot2; fab 100 slot3; 4x fab 100; fab 100 slot8; fab 100 slot9
su_25sm3	su_25sm3_fab_250	fab 250 slot2; fab 250 slot3; 4x fab 250; fab 250 slot8; fab 250 slot9
su_25sm3	su_25sm3_fab_500	fab 500 slot2; fab 500 slot3; 4x fab 500; fab 500 slot8; fab 500 slot9
su_25sm3	su_25sm3_fab_250sh	fab 250sh slot2; fab 250sh slot3; 4x fab 250sh; fab 250sh slot8; fab 250sh slot9
su_25sm3	su_25sm3_fab_500sh	fab 500sh slot2; fab 500sh slot3; 4x fab 500sh; fab 500sh slot8; fab 500sh slot9
su_25sm3	su_25sm3_zb_500	zb 500 slot2; zb 500 slot3; 4x zb 500; zb 500 slot8; zb 500 slot9
su_25sm3	su_25sm3_kab_500kr	4x kab 500kr
su_25sm3	su_25sm3_kab_500s	4x kab 500s
su_25sm3	su_25sm3_b8m	s 8ko slot2; s 8ko slot3; s 8ko slot4; s 8ko slot5; s 8ko slot6; s 8ko slot7; s 8ko slot8; s 8ko slot9
su_25sm3	su_25sm3_s_24b	s 24b slot2; s 24b slot3; s 24b slot4; s 24b slot5; s 24b slot6; s 24b slot7; s 24b slot8; s 24b slot9
su_25sm3	su_25sm3_c13	c13 slot2; c13 slot3; c13 slot4; c13 slot5; c13 slot6; c13 slot7; c13 slot8; c13 slot9
su_25sm3	su_25sm3_s_25o	s 25o 1 slot2; s 25o 2 slot3; s 25o 3 slot4; s 25o 4 slot5; s 25o 5 slot6; s 25o 6 slot7; s 25o 7 slot8; s 25o 8 slot9
su_25sm3	su_25sm3_s_25l	s25l 1 slot3; s25l 2 slot4; s25l 3 slot7; s25l 4 slot8
su_25sm3	su_25sm3_kh_25ml	4x kh 25ml
su_25sm3	su_25sm3_kf_29l	2x kh 29l
su_25sm3	su_25sm3_kf_29te	2x kh 29te
su_25sm3	su_25sm3_kf_58ush	kh 58ush slot5; kh 58ush slot6
su_25sm3	su_25sm3_sppu_22	4x sppu 22
su_25sm3	su_25sm3_kh_38ml	4x kh 38ml
su_25sm3	su_25sm3_kh_38mt	4x kh 38mt
su_25t	su_25t_default	ptb left1; ptb left; ptb right; ptb right1
su_25t	su_25t_r_60m	2x r 60m
su_25t	su_25t_r_73	2x r 73
su_25t	su_25t_fab_100	fab 100 slot2; fab 100 slot3; 4x fab 100; fab 100 slot9; fab 100 slot10
su_25t	su_25t_fab_250	fab 250 slot2; fab 250 slot3; 4x fab 250; fab 250 slot9; fab 250 slot10
su_25t	su_25t_fab_500	fab 500 slot2; fab 500 slot3; 4x fab 500; fab 500 slot9; fab 500 slot10
su_25t	su_25t_fab_250sh	fab 250sh slot2; fab 250sh slot3; 4x fab 250sh; fab 250sh slot9; fab 250sh slot10
su_25t	su_25t_fab_500sh	fab 500sh slot2; fab 500sh slot3; 4x fab 500sh; fab 500sh slot9; fab 500sh slot10
su_25t	su_25t_kab_500kr	2x kab 500kr
su_25t	su_25t_zb_500	zb 500 slot2; zb 500 slot3; 4x zb 500; zb 500 slot9; zb 500 slot10
su_25t	su_25t_b8m	s 8ko slot2; s 8ko slot3; s 8ko slot4; s 8ko slot5; s 8ko slot7; s 8ko slot8; s 8ko slot9; s 8ko slot10
su_25t	su_25t_c13	c13 slot2; c13 slot3; c13 slot4; c13 slot5; c13 slot7; c13 slot8; c13 slot9; c13 slot10
su_25t	su_25t_s_24b	s 24b slot2; s 24b slot3; s 24b slot4; s 24b slot5; s 24b slot7; s 24b slot8; s 24b slot9; s 24b slot10
su_25t	su_25t_s_25o	s 25o 1 slot2; s 25o 2 slot3; s 25o 3 slot4; s 25o 4 slot5; s 25o 5 slot7; s 25o 6 slot8; s 25o 7 slot9; s 25o 8 slot10
su_25t	su_25t_s_25l	s25l 1 slot3; s25l 2 slot4; s25l 3 slot8; s25l 4 slot9
su_25t	su_25t_kh_25ml	4x kh 25ml
su_25t	su_25t_kh_29l	kh 29l left; kh 29l right
su_25t	su_25t_kh_29t	kh 29t left; kh 29t right
su_25t	su_25t_kh_58u_a	kh 58u a slot5; kh 58u a slot7
su_25t	su_25t_kh_58u_b	kh 58u b slot5; kh 58u b slot7
su_25t	su_25t_kh_58u_c	kh 58u c slot5; kh 58u c slot7
su_25t	su_25t_9k127	9k127 x8 left; 9k127 x8 right
su_25t	su_25t_sppu_22	4x sppu 22
su_25t	su_25t_mercury	mercury
su_25tm	su_25tm_default	2x r 60m; 2x r 73; ptb left1; ptb left; kopio 25; ptb right; ptb right1
su_25tm	su_25tm_r_60m_rls	2x r 60m; kopio 25
su_25tm	su_25tm_r_73_rls	2x r 73; kopio 25
su_25tm	su_25tm_fab_100_r60m	2x r 60m; fab 100 slot2; fab 100 slot3; 4x fab 100; mercury; fab 100 slot9; fab 100 slot10
su_25tm	su_25tm_fab_250_r60m	2x r 60m; fab 250 slot2; fab 250 slot3; 4x fab 250; mercury; fab 250 slot9; fab 250 slot10
su_25tm	su_25tm_fab_500_r60m	2x r 60m; fab 500 slot2; fab 500 slot3; 4x fab 500; mercury; fab 500 slot9; fab 500 slot10
su_25tm	su_25tm_fab_250sh_r60m	2x r 60m; fab 250sh slot2; fab 250sh slot3; 4x fab 250sh; mercury; fab 250sh slot9; fab 250sh slot10
su_25tm	su_25tm_fab_500sh_r60m	2x r 60m; fab 500sh slot2; fab 500sh slot3; 4x fab 500sh; mercury; fab 500sh slot9; fab 500sh slot10
su_25tm	su_25tm_zb_500_r60m	2x r 60m; zb 500 slot2; zb 500 slot3; 4x zb 500; mercury; zb 500 slot9; zb 500 slot10
su_25tm	su_25tm_b8m_r60m	2x r 60m; s 8ko slot2; s 8ko slot3; s 8ko slot4; s 8ko slot5; mercury; s 8ko slot7; s 8ko slot8; s 8ko slot9; s 8ko slot10
su_25tm	su_25tm_c13_r60m	2x r 60m; c13 slot2; c13 slot3; c13 slot4; c13 slot5; mercury; c13 slot7; c13 slot8; c13 slot9; c13 slot10
su_25tm	su_25tm_s_24b_r60m	2x r 60m; s 24b slot2; s 24b slot3; s 24b slot4; s 24b slot5; mercury; s 24b slot7; s 24b slot8; s 24b slot9; s 24b slot10
su_25tm	su_25tm_s_25o_r60m	2x r 60m; s 25o 1 slot2; s 25o 2 slot3; s 25o 3 slot4; s 25o 4 slot5; mercury; s 25o 5 slot7; s 25o 6 slot8; s 25o 7 slot9; s 25o 8 slot10
su_25tm	su_25tm_s_25l_r60m	2x r 60m; 2x r 73; s25l 1 slot3; s25l 2 slot4; mercury; s25l 3 slot8; s25l 4 slot9
su_25tm	su_25tm_kh_25ml_r60m	2x r 60m; 2x r 73; 4x kh 25ml; mercury
su_25tm	su_25tm_kh_29l_r60m	2x r 60m; 2x r 73; kh 29l left; mercury; kh 29l right
su_25tm	su_25tm_kh_29te_r60m	2x r 60m; 2x r 73; kh 29te left; mercury; kh 29te right
su_25tm	su_25tm_9k127_r60m	2x r 60m; 2x r 73; 9k127 x8 left; mercury; 9k127 x8 right
su_25tm	su_25tm_sppu_22_r60m	2x r 60m; 2x r 73; 4x sppu 22; kopio 25
su_25tm	su_25tm_kab500kr_r60m	2x r 60m; 2x r 73; 2x kab 500kr; mercury
su_25tm	su_25tm_s_25l	s25l 1 slot3; s25l 2 slot4; mercury; s25l 3 slot8; s25l 4 slot9
su_25tm	su_25tm_kh_25ml	4x kh 25ml; mercury
su_25tm	su_25tm_kh_25mpu	kh 25mpu slot3; kh 25mpu slot4; kh 25mpu slot8; kh 25mpu slot9
su_25tm	su_25tm_kh_29l	kh 29l left; mercury; kh 29l right
su_25tm	su_25tm_kh_29te	kh 29te left; mercury; kh 29te right
su_25tm	su_25tm_kh_58u_a	kh 58u a slot5; kh 58u a slot7
su_25tm	su_25tm_kh_58u_b	kh 58u b slot5; kh 58u b slot7
su_25tm	su_25tm_kh_58u_c	kh 58u c slot5; kh 58u c slot7
su_25tm	su_25tm_kh_31p_111	kh 31p 111 slot5; kh 31p 111 slot7
su_25tm	su_25tm_kh_31p_112	kh 31p 112 slot5; kh 31p 112 slot7
su_25tm	su_25tm_kh_31p_113	kh 31p 113 slot5; kh 31p 113 slot7
su_25tm	su_25tm_kh_31a	kh 31a slot5; kopio 25; kh 31a slot7
su_25tm	su_25tm_kab500kr	2x kab 500kr; mercury
su_27	su_27_default	no suspended armament
su_27	su_27_r73_default	2x r73 default; r27r slot4; r27r slot7
su_27	su_27_r73	2x r73 default; 4x r73
su_27	su_27_r27t	r27t slot3; r27t slot8
su_27	su_27_r27r	r27r slot3; r27r slot4; r27r fuse slot5; r27r fuse slot6; r27r slot7; r27r slot8
su_27	su_27_r27et	r27et slot3; r27et slot8
su_27	su_27_r27er	r27er slot3; r27er slot4; r27er fuse slot5; r27er fuse slot6; r27er slot7; r27er slot8
su_27	su_27_b8m1	s 8ko slot3 x2; s 8ko slot8 x2
su_27	su_27_c13	c13 slot3 x2; c13 slot8 x2
su_27	su_27_c25o	s 25o 1 slot3 x2; s 25o 2 slot8 x2
su_27	su_27_fab_100_120	fab 100 slot2; ofab 100 x6 slot3; ofab 100 x6 slot4; ofab 100 x6 slot5; ofab 100 x6 slot6; ofab 100 x6 slot7; ofab 100 x6 slot8; fab 100 slot9
su_27	su_27_fab_250_270	fab 250 270 slot2; fab 250 270 x6 slot3; fab 250 270 x5 slot4; fab 250 270 x2 slot5; fab 250 270 x5 front fuse slot6; fab 250 270 x5 slot7; fab 250 270 x6 slot8; fab 250 270 slot9
su_27	su_27_fab_250m_62	fab 250m 62 slot3 x2; fab 250m 62 slot4; fab 250m 62 slot5; fab 250m 62 slot6; fab 250m 62 slot7; fab 250m 62 slot8 x2
su_27	su_27_ofab_250sh	fab 250sh slot3 x2; fab 250sh slot4; fab 250sh slot5; fab 250sh slot6; fab 250sh slot7; fab 250sh slot8 x2
su_27	su_27_fab_500m_62	fab 500m 62 slot3 x2; fab 500m 62 slot4; fab 500m 62 slot5; fab 500m 62 slot6; fab 500m 62 slot7; fab 500m 62 slot8 x2
su_27	su_27_fab_500sh	fab 500sh slot3 x2; fab 500sh slot4; fab 500sh slot5; fab 500sh slot6; fab 500sh slot7; fab 500sh slot8 x2
su_27	su_27_zb500	zb 500 slot3 x2; zb 500 slot4; zb 500 slot5; zb 500 slot6; zb 500 slot7; zb 500 slot8 x2
su_27sm	su_27sm_default	no suspended armament
su_27sm	su_27sm_r73_default	2x r73 default; r77 slot4; r77 slot7
su_27sm	su_27sm_r73	2x r73 default; 4x r73
su_27sm	su_27sm_r27t	r27t slot3; r27t slot8
su_27sm	su_27sm_r27r	r27r slot3; r27r slot4; r27r fuse slot5; r27r fuse slot6; r27r slot7; r27r slot8
su_27sm	su_27sm_r27et	r27et slot3; r27et slot8
su_27sm	su_27sm_r27er	r27er slot3; r27er slot4; r27er fuse slot5; r27er fuse slot6; r27er slot7; r27er slot8
su_27sm	su_27sm_r77	r77 slot3; r77 slot4; r77 fuse x2 slot5; r77 fuse x2 slot6; r77 slot7; r77 slot8
su_27sm	su_27sm_b8m1	s 8ko slot3 x2; s 8ko slot8 x2
su_27sm	su_27sm_c13	c13 slot3 x2; c13 slot8 x2
su_27sm	su_27sm_c25o	s 25o 1 slot3 x2; s 25o 2 slot8 x2
su_27sm	su_27sm_kh_29te	kh 29te slot3; kh 29te slot4; kh 29te slot7; kh 29te slot8
su_27sm	su_27sm_kh_31pd	kh 31pd slot3; kh 31pd slot4; kh 31pd slot7; kh 31pd slot8
su_27sm	su_27sm_kh_31ad	kh 31ad slot3; kh 31ad slot4; kh 31ad slot7; kh 31ad slot8
su_27sm	su_27sm_fab_100_120	fab 100 slot2; ofab 100 x6 slot3; ofab 100 x6 slot4; ofab 100 x6 slot5; ofab 100 x6 slot6; ofab 100 x6 slot7; ofab 100 x6 slot8; fab 100 slot9
su_27sm	su_27sm_fab_250_270	fab 250 270 slot2; fab 250 270 x6 slot3; fab 250 270 x5 slot4; fab 250 270 x2 slot5; fab 250 270 x5 front fuse slot6; fab 250 270 x5 slot7; fab 250 270 x6 slot8; fab 250 270 slot9
su_27sm	su_27sm_fab_250m_62	fab 250m 62 slot3 x2; fab 250m 62 slot4; fab 250m 62 slot5; fab 250m 62 slot6; fab 250m 62 slot7; fab 250m 62 slot8 x2
su_27sm	su_27sm_ofab_250sh	fab 250sh slot3 x2; fab 250sh slot4; fab 250sh slot5; fab 250sh slot6; fab 250sh slot7; fab 250sh slot8 x2
su_27sm	su_27sm_fab_500m_62	fab 500m 62 slot3 x2; fab 500m 62 slot4; fab 500m 62 slot5; fab 500m 62 slot6; fab 500m 62 slot7; fab 500m 62 slot8 x2
su_27sm	su_27sm_fab_500sh	fab 500sh slot3 x2; fab 500sh slot4; fab 500sh slot5; fab 500sh slot6; fab 500sh slot7; fab 500sh slot8 x2
su_27sm	su_27sm_kab_500kr	kab 500kr slot3; kab 500kr slot4; kab 500kr slot7; kab 500kr slot8
su_27sm	su_27sm_kab_1500kr	kab 1500kr slot6
su_27sm	su_27sm_zb500	zb 500 slot3 x2; zb 500 slot4; zb 500 slot5; zb 500 slot6; zb 500 slot7; zb 500 slot8 x2
su_30mk2v_venezuela	su_30mk2v_venezuela_default	r73 slot1 default; r73 slot2; r77 slot3; r77 slot5; r77 slot6; r77 slot7; r77 slot8; r77 slot10; r73 slot11; r73 slot12 default
su_30mk2v_venezuela	su_30mk2v_venezuela_r73	r73 slot1 default; r73 slot2; r73 slot3; r73 slot10; r73 slot11; r73 slot12 default
su_30mk2v_venezuela	su_30mk2v_venezuela_r77	r77 slot3; r77 slot5; r77 slot6; r77 slot7; r77 slot8; r77 slot10
su_30mk2v_venezuela	su_30mk2v_venezuela_r27et	r27et slot3; r27et slot10
su_30mk2v_venezuela	su_30mk2v_venezuela_r27er	r27er slot3; r27er slot5; r27er slot6; r27er slot7; r27er slot8; r27er slot10
su_30mk2v_venezuela	su_30mk2v_venezuela_b8m1	r73 slot1 default; r73 slot2; s 8ko slot3 x2; r77 slot5; r77 slot6; r77 slot7; r77 slot8; s 8ko slot10 x2; r73 slot11; r73 slot12 default
su_30mk2v_venezuela	su_30mk2v_venezuela_c13	r73 slot1 default; r73 slot2; s13 slot3 x2; r77 slot5; r77 slot6; r77 slot7; r77 slot8; s13 slot10 x2; r73 slot11; r73 slot12 default
su_30mk2v_venezuela	su_30mk2v_venezuela_s_25o	r73 slot1 default; r73 slot2; s 25o 1 slot3 x2; r77 slot5; r77 slot6; r77 slot7; r77 slot8; s 25o 2 slot10 x2; r73 slot11; r73 slot12 default
su_30mk2v_venezuela	su_30mk2v_venezuela_kh_29l	kh 29l slot3; kh 29l slot4; kh 29l slot5; kh 29l slot8; kh 29l slot9; kh 29l slot10
su_30mk2v_venezuela	su_30mk2v_venezuela_kh_29t	kh 29te slot3; kh 29te slot4; kh 29te slot5; kh 29te slot8; kh 29te slot9; kh 29te slot10
su_30mk2v_venezuela	su_30mk2v_venezuela_kh_31p_111	kh 31p l 111 slot3; kh 31p l 111 slot4; kh 31p l 111 slot5; kh 31p l 111 slot8; kh 31p l 111 slot9; kh 31p l 111 slot10
su_30mk2v_venezuela	su_30mk2v_venezuela_kh_31p_112	kh 31p l 112 slot3; kh 31p l 112 slot4; kh 31p l 112 slot5; kh 31p l 112 slot8; kh 31p l 112 slot9; kh 31p l 112 slot10
su_30mk2v_venezuela	su_30mk2v_venezuela_kh_31p_113	kh 31p l 113 slot3; kh 31p l 113 slot4; kh 31p l 113 slot5; kh 31p l 113 slot8; kh 31p l 113 slot9; kh 31p l 113 slot10
su_30mk2v_venezuela	su_30mk2v_venezuela_kh_31a	kh 31a slot3; kh 31a slot4; kh 31a slot5; kh 31a slot8; kh 31a slot9; kh 31a slot10
su_30mk2v_venezuela	su_30mk2v_venezuela_kh_29l_r73	r73 slot1 default; r73 slot2; kh 29l slot3; kh 29l slot4; kh 29l slot5; r77 slot6; r77 slot7; kh 29l slot8; kh 29l slot9; kh 29l slot10; r73 slot11; r73 slot12 default
su_30mk2v_venezuela	su_30mk2v_venezuela_kh_29t_r73	r73 slot1 default; r73 slot2; kh 29te slot3; kh 29te slot4; kh 29te slot5; r77 slot6; r77 slot7; kh 29te slot8; kh 29te slot9; kh 29te slot10; r73 slot11; r73 slot12 default
su_30mk2v_venezuela	su_30mk2v_venezuela_kh_59m	kh 59m slot4; apk 9; kh 59m slot9
su_30mk2v_venezuela	su_30mk2v_venezuela_kh_59m_r73	r73 slot1 default; r73 slot2; r77 slot3; kh 59m slot4; apk 9; r77 slot6; r77 slot7; r77 slot8; kh 59m slot9; r77 slot10; r73 slot11; r73 slot12 default
su_30mk2v_venezuela	su_30mk2v_venezuela_kh_59mke	kh 59mke slot3; kh 59mke slot4; kh 59mke slot9; kh 59mke slot10
su_30mk2v_venezuela	su_30mk2v_venezuela_ofab_100_120	r73 slot1 default; r73 slot2; ofab 100 x6 slot3; ofab 100 x6 slot5; ofab 100 x6 slot6; ofab 100 x3 slot7; ofab 100 x6 slot8; ofab 100 x5 slot10; r73 slot11; r73 slot12 default
su_30mk2v_venezuela	su_30mk2v_venezuela_fab_250_270	r73 slot1 default; r73 slot2; fab 250 270 slot3 x2; fab 250 270 x3 slot5; fab 250 270 x3 slot6; fab 250 270 x3 slot7; fab 250 270 x3 slot8; fab 250 270 slot10 x2; r73 slot11; r73 slot12 default
su_30mk2v_venezuela	su_30mk2v_venezuela_fab_250m_62	r73 slot1 default; r73 slot2; fab 250m 62 slot3 x2; fab 250m 62 slot5; fab 250m 62 slot6; fab 250m 62 slot7; fab 250m 62 slot8; fab 250m 62 slot10 x2; r73 slot11; r73 slot12 default
su_30mk2v_venezuela	su_30mk2v_venezuela_fab_250sh	r73 slot1 default; r73 slot2; ofab 250sh slot3 x2; ofab 250sh x3 slot5; ofab 250sh x3 slot6; ofab 250sh x3 slot7; ofab 250sh x3 slot8; ofab 250sh slot10 x2; r73 slot11; r73 slot12 default
su_30mk2v_venezuela	su_30mk2v_venezuela_fab_500m_62	r73 slot1 default; r73 slot2; fab 500m 62 slot3 x2; fab 500m 62 slot5; fab 500m 62 slot6; fab 500m 62 slot7; fab 500m 62 slot8; fab 500m 62 slot10 x2; r73 slot11; r73 slot12 default
su_30mk2v_venezuela	su_30mk2v_venezuela_fab_500sh	r73 slot1 default; r73 slot2; fab 500sh slot3 x2; fab 500sh slot5; fab 500sh slot6; fab 500sh slot7; fab 500sh slot8; fab 500sh slot10 x2; r73 slot11; r73 slot12 default
su_30mk2v_venezuela	su_30mk2v_venezuela_fab_1500	r73 slot1 default; r73 slot2; fab 1500 slot4; r77 slot5; r77 slot6; fab 1500 slot7; r77 slot8; fab 1500 slot9; r73 slot11; r73 slot12 default
su_30mk2v_venezuela	su_30mk2v_venezuela_kab_500kr	kab 500kr slot3; kab 500kr slot4; kab 500kr slot5; kab 500kr slot8; kab 500kr slot9; kab 500kr slot10
su_30mk2v_venezuela	su_30mk2v_venezuela_kab_1500kr	kab 1500kr slot4; kab 1500kr slot7; kab 1500kr slot9
su_30mk2v_venezuela	su_30mk2v_venezuela_kab_500kr_r73	r73 slot1 default; r73 slot2; kab 500kr slot3; kab 500kr slot4; kab 500kr slot5; kab 500kr slot8; kab 500kr slot9; kab 500kr slot10; r73 slot11; r73 slot12 default
su_30mk2v_venezuela	su_30mk2v_venezuela_kab_1500kr_r73	r73 slot1 default; r73 slot2; kab 1500kr slot4; r77 slot5; r77 slot6; kab 1500kr slot7; r77 slot8; kab 1500kr slot9; r73 slot11; r73 slot12 default
su_30mk2v_venezuela	su_30mk2v_venezuela_zb_500	r73 slot1 default; r73 slot2; zb 500 slot3 x2; zb 500 slot5; zb 500 slot6; zb 500 slot7; zb 500 slot8; zb 500 slot10 x2; r73 slot11; r73 slot12 default
su_30mkk	su_30mkk_default	r73 slot1 default; r73 slot2; r77 slot3; r77 slot5; r77 slot6; r77 slot7; r77 slot8; r77 slot10; r73 slot11; r73 slot12 default
su_30mkk	su_30mkk_r73	r73 slot1 default; r73 slot2; r73 slot3; r73 slot10; r73 slot11; r73 slot12 default
su_30mkk	su_30mkk_r77	r77 slot3; r77 slot5; r77 slot6; r77 slot7; r77 slot8; r77 slot10
su_30mkk	su_30mkk_pl8	pl8 slot1 default; pl8 slot2; pl8 slot3; pl8 slot10; pl8 slot11; pl8 slot12 default
su_30mkk	su_30mkk_pl12	pl12 slot3; pl12 slot5; pl12 slot6; pl12 slot7; pl12 slot8; pl12 slot10
su_30mkk	su_30mkk_ld10	ld10 slot3; ld10 slot5; ld10 slot6; ld10 slot7; ld10 slot8; ld10 slot10
su_30mkk	su_30mkk_r27et	r27et slot3; r27et slot10
su_30mkk	su_30mkk_r27er	r27er slot3; r27er slot5; r27er slot6; r27er slot7; r27er slot8; r27er slot10
su_30mkk	su_30mkk_b8m1	r73 slot1 default; r73 slot2; s 8ko slot3 x2; r77 slot5; r77 slot6; r77 slot7; r77 slot8; s 8ko slot10 x2; r73 slot11; r73 slot12 default
su_30mkk	su_30mkk_c13	r73 slot1 default; r73 slot2; s13 slot3 x2; r77 slot5; r77 slot6; r77 slot7; r77 slot8; s13 slot10 x2; r73 slot11; r73 slot12 default
su_30mkk	su_30mkk_s_25o	r73 slot1 default; r73 slot2; s 25o 1 slot3 x2; r77 slot5; r77 slot6; r77 slot7; r77 slot8; s 25o 2 slot10 x2; r73 slot11; r73 slot12 default
su_30mkk	su_30mkk_kh_29l	kh 29l slot3; kh 29l slot4; kh 29l slot5; kh 29l slot8; kh 29l slot9; kh 29l slot10
su_30mkk	su_30mkk_kh_29t	kh 29te slot3; kh 29te slot4; kh 29te slot5; kh 29te slot8; kh 29te slot9; kh 29te slot10
su_30mkk	su_30mkk_yj91as	yj91as slot3; yj91as slot4; yj91as slot5; yj91as slot8; yj91as slot9; yj91as slot10
su_30mkk	su_30mkk_yj91_111	yj91 111 slot3; yj91 111 slot4; yj91 111 slot5; yj91 111 slot8; yj91 111 slot9; yj91 111 slot10
su_30mkk	su_30mkk_yj91_112	yj91 112 slot3; yj91 112 slot4; yj91 112 slot5; yj91 112 slot8; yj91 112 slot9; yj91 112 slot10
su_30mkk	su_30mkk_yj91_113	yj91 113 slot3; yj91 113 slot4; yj91 113 slot5; yj91 113 slot8; yj91 113 slot9; yj91 113 slot10
su_30mkk	su_30mkk_kh_29l_r73	r73 slot1 default; r73 slot2; kh 29l slot3; kh 29l slot4; kh 29l slot5; r77 slot6; r77 slot7; kh 29l slot8; kh 29l slot9; kh 29l slot10; r73 slot11; r73 slot12 default
su_30mkk	su_30mkk_kh_29t_r73	r73 slot1 default; r73 slot2; kh 29te slot3; kh 29te slot4; kh 29te slot5; r77 slot6; r77 slot7; kh 29te slot8; kh 29te slot9; kh 29te slot10; r73 slot11; r73 slot12 default
su_30mkk	su_30mkk_kh_59m	kh 59m slot4; apk 9; kh 59m slot9
su_30mkk	su_30mkk_kh_59m_r73	r73 slot1 default; r73 slot2; r77 slot3; kh 59m slot4; apk 9; r77 slot6; r77 slot7; r77 slot8; kh 59m slot9; r77 slot10; r73 slot11; r73 slot12 default
su_30mkk	su_30mkk_ofab_100_120	r73 slot1 default; r73 slot2; ofab 100 x6 slot3; ofab 100 x6 slot5; ofab 100 x6 slot6; ofab 100 x3 slot7; ofab 100 x6 slot8; ofab 100 x5 slot10; r73 slot11; r73 slot12 default
su_30mkk	su_30mkk_fab_250_270	r73 slot1 default; r73 slot2; fab 250 270 slot3 x2; fab 250 270 x3 slot5; fab 250 270 x3 slot6; fab 250 270 x3 slot7; fab 250 270 x3 slot8; fab 250 270 slot10 x2; r73 slot11; r73 slot12 default
su_30mkk	su_30mkk_fab_250m_62	r73 slot1 default; r73 slot2; fab 250m 62 slot3 x2; fab 250m 62 slot5; fab 250m 62 slot6; fab 250m 62 slot7; fab 250m 62 slot8; fab 250m 62 slot10 x2; r73 slot11; r73 slot12 default
su_30mkk	su_30mkk_fab_250sh	r73 slot1 default; r73 slot2; ofab 250sh slot3 x2; ofab 250sh x3 slot5; ofab 250sh x3 slot6; ofab 250sh x3 slot7; ofab 250sh x3 slot8; ofab 250sh slot10 x2; r73 slot11; r73 slot12 default
su_30mkk	su_30mkk_fab_500m_62	r73 slot1 default; r73 slot2; fab 500m 62 slot3 x2; fab 500m 62 slot5; fab 500m 62 slot6; fab 500m 62 slot7; fab 500m 62 slot8; fab 500m 62 slot10 x2; r73 slot11; r73 slot12 default
su_30mkk	su_30mkk_fab_500sh	r73 slot1 default; r73 slot2; fab 500sh slot3 x2; fab 500sh slot5; fab 500sh slot6; fab 500sh slot7; fab 500sh slot8; fab 500sh slot10 x2; r73 slot11; r73 slot12 default
su_30mkk	su_30mkk_fab_1500	r73 slot1 default; r73 slot2; fab 1500 slot4; r77 slot5; r77 slot6; fab 1500 slot7; r77 slot8; fab 1500 slot9; r73 slot11; r73 slot12 default
su_30mkk	su_30mkk_kab_500kr	kab 500kr slot3; kab 500kr slot4; kab 500kr slot5; kab 500kr slot8; kab 500kr slot9; kab 500kr slot10
su_30mkk	su_30mkk_kab_1500kr	kab 1500kr slot4; kab 1500kr slot7; kab 1500kr slot9
su_30mkk	su_30mkk_kab_500kr_r73	r73 slot1 default; r73 slot2; kab 500kr slot3; kab 500kr slot4; kab 500kr slot5; kab 500kr slot8; kab 500kr slot9; kab 500kr slot10; r73 slot11; r73 slot12 default
su_30mkk	su_30mkk_kab_1500kr_r73	r73 slot1 default; r73 slot2; kab 1500kr slot4; r77 slot5; r77 slot6; kab 1500kr slot7; r77 slot8; kab 1500kr slot9; r73 slot11; r73 slot12 default
su_30mkk	su_30mkk_zb_500	r73 slot1 default; r73 slot2; zb 500 slot3 x2; zb 500 slot5; zb 500 slot6; zb 500 slot7; zb 500 slot8; zb 500 slot10 x2; r73 slot11; r73 slot12 default
su_30mkm	su_30mkm_default	r73 slot1 default; r77 slot2 default; r77 slot11 default; r73 slot12 default
su_30mkm	su_30mkm_r73	r73 slot1 default; r73 slot2; r73 slot3; r73 slot10; r73 slot11; r73 slot12 default
su_30mkm	su_30mkm_r27et	r27et slot3; r27et slot10
su_30mkm	su_30mkm_r27er	r27er slot2; r27er slot3; r27er slot4; r27er slot5; r27er slot6; r27er slot7; r27er slot8; r27er slot9; r27er slot10; r27er slot11
su_30mkm	su_30mkm_r77	r77 slot2 default; r77 slot3; r77 slot4; r77 slot5; r77 fuse x2 slot6; r77 fuse x2 slot7; r77 slot8; r77 slot9; r77 slot10; r77 slot11 default
su_30mkm	su_30mkm_b8m1	s 8ko slot3 x2; s 8ko slot10 x2
su_30mkm	su_30mkm_c13	s13 slot3 x2; s13 slot10 x2
su_30mkm	su_30mkm_s_25o	s 25o 1 slot3 x2; s 25o 2 slot10 x2
su_30mkm	su_30mkm_kh_29l	kh 29l slot3; kh 29l slot4; kh 29l slot5; damocles; kh 29l slot9; kh 29l slot10
su_30mkm	su_30mkm_kh_29t	kh 29te slot3; kh 29te slot4; kh 29te slot5; kh 29te slot8; kh 29te slot9; kh 29te slot10
su_30mkm	su_30mkm_kh_59m	kh 59m slot4; apk 9; kh 59m slot9
su_30mkm	su_30mkm_kh_59mke	kh 59mke slot3; kh 59mke slot4; kh 59mke slot9; kh 59mke slot10
su_30mkm	su_30mkm_kh_31pd	kh 31pd slot3; kh 31pd slot4; kh 31pd slot5; kh 31pd slot8; kh 31pd slot9; kh 31pd slot10
su_30mkm	su_30mkm_kh_31a	kh 31a slot3; kh 31a slot4; kh 31a slot5; kh 31a slot8; kh 31a slot9; kh 31a slot10
su_30mkm	su_30mkm_kh_38l	kh 38 slot3; kh 38 slot4; kh 38 slot5; damocles; kh 38 slot9; kh 38 slot10
su_30mkm	su_30mkm_kh_38mt	kh 38mt slot3; kh 38mt slot4; kh 38mt slot5; kh 38mt slot8; kh 38mt slot9; kh 38mt slot10
su_30mkm	su_30mkm_grom_2	grom2 slot3; grom2 slot4; grom2 slot5; grom2 slot7; grom2 slot8; grom2 slot9; grom2 slot10
su_30mkm	su_30mkm_ofab_100_120	ofab 100 x6 slot3; ofab 100 x6 slot5; ofab 100 x6 slot6; ofab 100 x3 slot7; ofab 100 x6 slot8; ofab 100 x5 slot10
su_30mkm	su_30mkm_fab_250_270	fab 250 270 slot3 x2; fab 250 270 x3 slot5; fab 250 270 x3 slot6; fab 250 270 x3 slot7; fab 250 270 x3 slot8; fab 250 270 slot10 x2
su_30mkm	su_30mkm_fab_250m_62	fab 250m 62 slot3 x2; fab 250m 62 slot5; fab 250m 62 slot6; fab 250m 62 slot7; fab 250m 62 slot8; fab 250m 62 slot10 x2
su_30mkm	su_30mkm_fab_250sh	ofab 250sh slot3 x2; ofab 250sh x3 slot5; ofab 250sh x3 slot6; ofab 250sh x3 slot7; ofab 250sh x3 slot8; ofab 250sh slot10 x2
su_30mkm	su_30mkm_fab_500m_62	fab 500m 62 slot3 x2; fab 500m 62 slot5; fab 500m 62 slot6; fab 500m 62 slot7; fab 500m 62 slot8; fab 500m 62 slot10 x2
su_30mkm	su_30mkm_fab_500sh	fab 500sh slot3 x2; fab 500sh slot5; fab 500sh slot6; fab 500sh slot7; fab 500sh slot8; fab 500sh slot10 x2
su_30mkm	su_30mkm_fab_1500	fab 1500 slot4; fab 1500 slot7; fab 1500 slot9
su_30mkm	su_30mkm_kab_250lg	kab 250lg slot3 x2; kab 250lg slot5; kab 250lg slot6; kab 250lg slot7; damocles; kab 250lg slot10 x2
su_30mkm	su_30mkm_kab_500kr	kab 500kr slot3; kab 500kr slot4; kab 500kr slot5; kab 500kr slot8; kab 500kr slot9; kab 500kr slot10
su_30mkm	su_30mkm_kab_500lg	kab 500lg slot3; kab 500lg slot4; kab 500lg slot5; damocles; kab 500lg slot9; kab 500lg slot10
su_30mkm	su_30mkm_gbu_12	gbu 12 slot3; gbu 12 slot4; damocles; gbu 12 slot9; gbu 12 slot10
su_30mkm	su_30mkm_upab_500	upab 500b slot3 x2; upab 500b slot5; upab 500b slot6; upab 500b slot7; upab 500b slot8; upab 500b slot10 x2
su_30mkm	su_30mkm_kab_1500kr	kab 1500kr slot4; kab 1500kr slot7; kab 1500kr slot9
su_30mkm	su_30mkm_kab_1500lg	kab 1500lg slot4; kab 1500lg slot7; damocles; kab 1500lg slot9
su_30mkm	su_30mkm_upab_1500	upab 1500 slot4; upab 1500 slot7; upab 1500 slot9
su_30mkm	su_30mkm_zb_500	zb 500 slot3 x2; zb 500 slot5; zb 500 slot6; zb 500 slot7; zb 500 slot8; zb 500 slot10 x2
su_30sm	su_30sm_default	r73 slot1 default; r77 slot4 default; r77 slot9 default; r73 slot12 default
su_30sm	su_30sm_r73	r73 slot1 default; r73 slot2; r73 slot3; r73 slot10; r73 slot11; r73 slot12 default
su_30sm	su_30sm_r27et	r27et slot3; r27et slot10
su_30sm	su_30sm_r27er	r27er slot2; r27er slot3; r27er slot4; r27er slot5; r27er slot6; r27er slot7; r27er slot8; r27er slot9; r27er slot10; r27er slot11
su_30sm	su_30sm_r77	r77 slot2; r77 slot3; r77 slot4 default; r77 slot5; r77 fuse x2 slot6; r77 fuse x2 slot7; r77 slot8; r77 slot9 default; r77 slot10; r77 slot11
su_30sm	su_30sm_b8m1	s 8ko slot3 x2; s 8ko slot10 x2
su_30sm	su_30sm_c13	s13 slot3 x2; s13 slot10 x2
su_30sm	su_30sm_s_25o	s 25o 1 slot3 x2; s 25o 2 slot10 x2
su_30sm	su_30sm_kh_29l	kh 29l slot3; kh 29l slot4; kh 29l slot5; t220; kh 29l slot9; kh 29l slot10
su_30sm	su_30sm_kh_29t	kh 29te slot3; kh 29te slot4; kh 29te slot5; kh 29te slot8; kh 29te slot9; kh 29te slot10
su_30sm	su_30sm_kh_59m	kh 59m slot4; apk 9; kh 59m slot9
su_30sm	su_30sm_kh_59mk	kh 59mk slot3; kh 59mk slot4; kh 59mk slot9; kh 59mk slot10
su_30sm	su_30sm_kh_31pd	kh 31pd slot3; kh 31pd slot4; kh 31pd slot5; kh 31pd slot8; kh 31pd slot9; kh 31pd slot10
su_30sm	su_30sm_kh_31a	kh 31a slot3; kh 31a slot4; kh 31a slot5; kh 31a slot8; kh 31a slot9; kh 31a slot10
su_30sm	su_30sm_kh_38l	kh 38 slot3; kh 38 slot4; kh 38 slot5; t220; kh 38 slot9; kh 38 slot10
su_30sm	su_30sm_kh_38mt	kh 38mt slot3; kh 38mt slot4; kh 38mt slot5; kh 38mt slot8; kh 38mt slot9; kh 38mt slot10
su_30sm	su_30sm_grom_2	grom2 slot3; grom2 slot4; grom2 slot5; grom2 slot7; grom2 slot8; grom2 slot9; grom2 slot10
su_30sm	su_30sm_ofab_100_120	ofab 100 x6 slot3; ofab 100 x6 slot5; ofab 100 x6 slot6; ofab 100 x3 slot7; ofab 100 x6 slot8; ofab 100 x5 slot10
su_30sm	su_30sm_fab_250_270	fab 250 270 slot3 x2; fab 250 270 x3 slot5; fab 250 270 x3 slot6; fab 250 270 x3 slot7; fab 250 270 x3 slot8; fab 250 270 slot10 x2
su_30sm	su_30sm_fab_250m_62	fab 250m 62 slot3 x2; fab 250m 62 slot5; fab 250m 62 slot6; fab 250m 62 slot7; fab 250m 62 slot8; fab 250m 62 slot10 x2
su_30sm	su_30sm_fab_250sh	ofab 250sh slot3 x2; ofab 250sh x3 slot5; ofab 250sh x3 slot6; ofab 250sh x3 slot7; ofab 250sh x3 slot8; ofab 250sh slot10 x2
su_30sm	su_30sm_fab_500m_62	fab 500m 62 slot3 x2; fab 500m 62 slot5; fab 500m 62 slot6; fab 500m 62 slot7; fab 500m 62 slot8; fab 500m 62 slot10 x2
su_30sm	su_30sm_fab_500sh	fab 500sh slot3 x2; fab 500sh slot5; fab 500sh slot6; fab 500sh slot7; fab 500sh slot8; fab 500sh slot10 x2
su_30sm	su_30sm_fab_1500	fab 1500 slot4; fab 1500 slot7; fab 1500 slot9
su_30sm	su_30sm_kab_250lg	kab 250lg slot3 x2; kab 250lg slot5; kab 250lg slot6; kab 250lg slot7; t220; kab 250lg slot10 x2
su_30sm	su_30sm_kab_500kr	kab 500kr slot3; kab 500kr slot4; kab 500kr slot5; kab 500kr slot8; kab 500kr slot9; kab 500kr slot10
su_30sm	su_30sm_kab_500lg	kab 500lg slot3; kab 500lg slot4; kab 500lg slot5; t220; kab 500lg slot9; kab 500lg slot10
su_30sm	su_30sm_upab_500	upab 500b slot3 x2; upab 500b slot5; upab 500b slot6; upab 500b slot7; upab 500b slot8; upab 500b slot10 x2
su_30sm	su_30sm_kab_1500kr	kab 1500kr slot4; kab 1500kr slot7; kab 1500kr slot9
su_30sm	su_30sm_kab_1500lg	kab 1500lg slot4; kab 1500lg slot7; t220; kab 1500lg slot9
su_30sm	su_30sm_upab_1500	upab 1500 slot4; upab 1500 slot7; upab 1500 slot9
su_30sm	su_30sm_zb_500	zb 500 slot3 x2; zb 500 slot5; zb 500 slot6; zb 500 slot7; zb 500 slot8; zb 500 slot10 x2
su_30sm2	su_30sm2_default	r73 slot1 default; r77 slot4 default; r77 slot9 default; r73 slot12 default
su_30sm2	su_30sm2_r73	r73 slot1 default; r73 slot2; r73 slot3; r73 slot10; r73 slot11; r73 slot12 default
su_30sm2	su_30sm2_r27et	r27et slot3; r27et slot10
su_30sm2	su_30sm2_r27er	r27er slot2; r27er slot3; r27er slot4; r27er slot5; r27er slot6; r27er slot7; r27er slot8; r27er slot9; r27er slot10; r27er slot11
su_30sm2	su_30sm2_r77	r77 slot2; r77 slot3; r77 slot4 default; r77 slot5; r77 fuse x2 slot6; r77 fuse x2 slot7; r77 slot8; r77 slot9 default; r77 slot10; r77 slot11
su_30sm2	su_30sm2_b8m1	s 8ko slot3 x2; s 8ko slot10 x2
su_30sm2	su_30sm2_c13	s13 slot3 x2; s13 slot10 x2
su_30sm2	su_30sm2_s_25o	s 25o 1 slot3 x2; s 25o 2 slot10 x2
su_30sm2	su_30sm2_kh_29l	kh 29l slot3; kh 29l slot4; kh 29l slot5; t220; kh 29l slot9; kh 29l slot10
su_30sm2	su_30sm2_kh_29t	kh 29te slot3; kh 29te slot4; kh 29te slot5; kh 29te slot8; kh 29te slot9; kh 29te slot10
su_30sm2	su_30sm2_kh_59m	kh 59m slot4; apk 9; kh 59m slot9
su_30sm2	su_30sm2_kh_59mk	kh 59mk slot3; kh 59mk slot4; kh 59mk slot9; kh 59mk slot10
su_30sm2	su_30sm2_kh_31pd	kh 31pd slot3; kh 31pd slot4; kh 31pd slot5; kh 31pd slot8; kh 31pd slot9; kh 31pd slot10
su_30sm2	su_30sm2_kh_31a	kh 31a slot3; kh 31a slot4; kh 31a slot5; kh 31a slot8; kh 31a slot9; kh 31a slot10
su_30sm2	su_30sm2_kh_38l	kh 38 slot3; kh 38 slot4; kh 38 slot5; t220; kh 38 slot9; kh 38 slot10
su_30sm2	su_30sm2_kh_38mt	kh 38mt slot3; kh 38mt slot4; kh 38mt slot5; kh 38mt slot8; kh 38mt slot9; kh 38mt slot10
su_30sm2	su_30sm2_grom_2	grom2 slot3; grom2 slot4; grom2 slot5; grom2 slot7; grom2 slot8; grom2 slot9; grom2 slot10
su_30sm2	su_30sm2_ofab_100_120	ofab 100 x6 slot3; ofab 100 x6 slot5; ofab 100 x6 slot6; ofab 100 x3 slot7; ofab 100 x6 slot8; ofab 100 x5 slot10
su_30sm2	su_30sm2_fab_250_270	fab 250 270 slot3 x2; fab 250 270 x3 slot5; fab 250 270 x3 slot6; fab 250 270 x3 slot7; fab 250 270 x3 slot8; fab 250 270 slot10 x2
su_30sm2	su_30sm2_fab_250m_62	fab 250m 62 slot3 x2; fab 250m 62 slot5; fab 250m 62 slot6; fab 250m 62 slot7; fab 250m 62 slot8; fab 250m 62 slot10 x2
su_30sm2	su_30sm2_fab_250sh	ofab 250sh slot3 x2; ofab 250sh x3 slot5; ofab 250sh x3 slot6; ofab 250sh x3 slot7; ofab 250sh x3 slot8; ofab 250sh slot10 x2
su_30sm2	su_30sm2_fab_500m_62	fab 500m 62 slot3 x2; fab 500m 62 slot5; fab 500m 62 slot6; fab 500m 62 slot7; fab 500m 62 slot8; fab 500m 62 slot10 x2
su_30sm2	su_30sm2_fab_500sh	fab 500sh slot3 x2; fab 500sh slot5; fab 500sh slot6; fab 500sh slot7; fab 500sh slot8; fab 500sh slot10 x2
su_30sm2	su_30sm2_fab_1500	fab 1500 slot4; fab 1500 slot7; fab 1500 slot9
su_30sm2	su_30sm2_kab_250lg	kab 250lg slot3 x2; kab 250lg slot5; kab 250lg slot6; kab 250lg slot7; t220; kab 250lg slot10 x2
su_30sm2	su_30sm2_kab_500kr	kab 500kr slot3; kab 500kr slot4; kab 500kr slot5; kab 500kr slot8; kab 500kr slot9; kab 500kr slot10
su_30sm2	su_30sm2_kab_500lg	kab 500lg slot3; kab 500lg slot4; kab 500lg slot5; t220; kab 500lg slot9; kab 500lg slot10
su_30sm2	su_30sm2_upab_500	upab 500b slot3 x2; upab 500b slot5; upab 500b slot6; upab 500b slot7; upab 500b slot8; upab 500b slot10 x2
su_30sm2	su_30sm2_kab_1500kr	kab 1500kr slot4; kab 1500kr slot7; kab 1500kr slot9
su_30sm2	su_30sm2_kab_1500lg	kab 1500lg slot4; kab 1500lg slot7; t220; kab 1500lg slot9
su_30sm2	su_30sm2_upab_1500	upab 1500 slot4; upab 1500 slot7; upab 1500 slot9
su_30sm2	su_30sm2_zb_500	zb 500 slot3 x2; zb 500 slot5; zb 500 slot6; zb 500 slot7; zb 500 slot8; zb 500 slot10 x2
su_33	su_33_default	2x r73 default; r27er slot4; r27er slot9
su_33	su_33_r73	2x r73 default; r73 slot2; r73 slot3; r73 slot10; r73 slot11
su_33	su_33_su_r27er	r27er slot3; r27er slot4; r27er slot5; r27er slot6; r27er slot7; r27er slot8; r27er slot9; r27er slot10
su_33	su_33_su_r27et	r27et slot3; r27et slot10
su_33	su_33_b8m1	s 8ko slot3 x2; s 8ko slot10 x2
su_33	su_33_c13	s13 slot3 x2; s13 slot10 x2
su_33	su_33_c25o	s 25o 1 slot3 x2; s 25o 2 slot10 x2
su_33	su_33_fab_100_120	ofab 100 x6 slot3; ofab 100 x5 slot5; ofab 100 x6 slot6; ofab 100 x3 slot7; ofab 100 x5 slot8; ofab 100 x5 slot10
su_33	su_33_fab_250m_62	fab 250m 62 slot3 x2; fab 250m 62 slot5; fab 250m 62 slot6; fab 250m 62 slot7; fab 250m 62 slot8; fab 250m 62 slot10 x2
su_33	su_33_fab_250_270	fab 250 270 x6 slot3; fab 250 270 x5 slot5; fab 250 270 x3 slot6; fab 250 270 x3 slot7; fab 250 270 x5 slot8; fab 250 270 x6 slot10
su_33	su_33_fab_500m_62	fab 500m 62 slot3 x2; fab 500m 62 slot5; fab 500m 62 slot6; fab 500m 62 slot7; fab 500m 62 slot8; fab 500m 62 slot10 x2
su_33	su_33_ofab_250sh	ofab 250sh slot3 x2; ofab 250sh slot5; ofab 250sh x3 slot6; ofab 250sh x3 slot7; ofab 250sh slot8; ofab 250sh slot10 x2
su_33	su_33_fab_500sh	fab 500sh slot3 x2; fab 500sh slot5; fab 500sh slot6; fab 500sh slot7; fab 500sh slot8; fab 500sh slot10 x2
su_33	su_33_zb500	zb 500 slot3 x2; zb 500 slot5; zb 500 slot6; zb 500 slot7; zb 500 slot8; zb 500 slot10 x2
su_34	su_34_default	2x r73 default; ptb left; r77 slot5 default; ptb fuse; r77 slot8 default; ptb right
su_34	su_34_r73	2x r73 default; r73 slot2; r73 slot3; r73 slot10; r73 slot11
su_34	su_34_r77	r77 slot2; r77 slot3; r77 slot4; r77 slot5 default; r77 slot8 default; r77 slot9; r77 slot10; r77 slot11
su_34	su_34_r27t	r27t slot2; r27t slot3; r27t slot4; r27t slot9; r27t slot10; r27t slot11
su_34	su_34_r27r	r27r slot2; r27r slot3; r27r slot4; r27r slot5; r27r slot8; r27r slot9; r27r slot10; r27r slot11
su_34	su_34_r27et	r27et slot2; r27et slot3; r27et slot4; r27et slot9; r27et slot10; r27et slot11
su_34	su_34_r27er	r27er slot2; r27er slot3; r27er slot4; r27er slot5; r27er slot8; r27er slot9; r27er slot10; r27er slot11
su_34	su_34_rocket_b8m	s 8ko slot3 x2; s 8ko slot4; s 8ko slot9; s 8ko slot10 x2
su_34	su_34_rocket_s13	s13 slot3 x2; s13 slot4; s13 slot9; s13 slot10 x2
su_34	su_34_rocket_s25o	s 25o 1 slot3 x2; s 25o 1 slot4; s 25o 1 slot9; s 25o 1 slot10 x2
su_34	su_34_rocket_s25l	s 25l slot3 x2; s 25l slot4; s 25l slot9; s 25l slot10 x2
su_34	su_34_rocket_kh25ml	kh25 ml slot3; kh25 ml slot4; kh25 ml slot5; kh25 ml slot8; kh25 ml slot9; kh25 ml slot10
su_34	su_34_rocket_kh29te	kh 29te slot3; kh 29te slot4; kh 29te slot5; kh 29te slot8; kh 29te slot9; kh 29te slot10
su_34	su_34_rocket_kh29l	kh 29l slot3; kh 29l slot4; kh 29l slot5; kh 29l slot8; kh 29l slot9; kh 29l slot10
su_34	su_34_kh_59m	kh 59m slot4; apk 9 slot6; kh 59m slot7; kh 59m slot9
su_34	su_34_kh_59mk	kh 59mk slot3; kh 59mk slot4; kh 59mk slot7; kh 59mk slot9; kh 59mk slot10
su_34	su_34_kh_31pd	kh 31pd slot3; kh 31pd slot4; kh 31pd slot5; kh 31pd slot8; kh 31pd slot9; kh 31pd slot10
su_34	su_34_kh_31a	kh 31a slot3; kh 31a slot4; kh 31a slot5; kh 31a slot8; kh 31a slot9; kh 31a slot10
su_34	su_34_rocket_grom_2	grom2 slot3; grom2 slot4; grom2 slot5; grom2 slot7; grom2 slot8; grom2 slot9; grom2 slot10
su_34	su_34_rocket_kh_38	kh 38 slot3; kh 38 slot4; kh 38 slot5; kh 38 slot8; kh 38 slot9; kh 38 slot10
su_34	su_34_rocket_kh_38mt	kh 38mt slot3; kh 38mt slot4; kh 38mt slot5; kh 38mt slot8; kh 38mt slot9; kh 38mt slot10
su_34	su_34_bomb_ofab_100_120	fab 100 slot3 x2; ofab 100 x6 slot5; ofab 100 x3 slot6; ofab 100 x6 slot8; fab 100 slot10 x2
su_34	su_34_bomb_fab_250_270	fab 250 270 slot3 x2; fab 250 270 x3 slot4; fab 250 270 x3 slot5; fab 250 270 x3 slot6; fab 250 270 x3 slot7; fab 250 270 x3 slot8; fab 250 270 x3 slot9; fab 250 270 slot10 x2
su_34	su_34_bomb_fab_250m_62	fab 250m 62 slot3 x2; fab 250m 62 slot4; fab 250m 62 slot5; fab 250m 62 slot6 x2; fab 250m 62 slot7 x2; fab 250m 62 slot8; fab 250m 62 slot9; fab 250m 62 slot10 x2
su_34	su_34_bomb_ofab_250sh	ofab 250sh slot3 x2; ofab 250sh x3 slot4; ofab 250sh x3 slot5; ofab 250sh x3 slot6; ofab 250sh x3 slot7; ofab 250sh x3 slot8; ofab 250sh x3 slot9; ofab 250sh slot10 x2
su_34	su_34_bomb_fab_500m_62	fab 500m 62 slot3 x2; fab 500m 62 slot4; fab 500m 62 slot5; fab 500m 62 slot6 x2; fab 500m 62 slot7 x4; fab 500m 62 slot8; fab 500m 62 slot9; fab 500m 62 slot10 x2
su_34	su_34_bomb_fab_500sh	fab 500sh slot3 x2; fab 500sh slot4; fab 500sh slot5; fab 500sh slot6 x2; fab 500sh slot7 x2; fab 500sh slot8; fab 500sh slot9; fab 500sh slot10 x2
su_34	su_34_bomb_fab_1500	fab 1500 slot4; fab 1500 slot7; fab 1500 slot9
su_34	su_34_bomb_fab_3000	fab 3000 slot7
su_34	su_34_bomb_zab_500	zb 500 slot3 x2; zb 500 slot4; zb 500 slot5; zb 500 slot8; zb 500 slot9; zb 500 slot10 x2
su_34	su_34_bomb_kab_500kr	kab 500kr slot3; kab 500kr slot4; kab 500kr slot5; kab 500kr slot8; kab 500kr slot9; kab 500kr slot10
su_34	su_34_bomb_kab_250lg	kab 250lg slot3; kab 250lg slot4; kab 250lg slot5; kab 250lg slot8; kab 250lg slot9; kab 250lg slot10
su_34	su_34_bomb_kab_500lg	kab 500lg slot3; kab 500lg slot4; kab 500lg slot5; kab 500lg slot7; kab 500lg slot8; kab 500lg slot9; kab 500lg slot10
su_34	su_34_bomb_upab_500b	upab 500b slot3; upab 500b slot4; upab 500b slot5; upab 500b slot7; upab 500b slot8; upab 500b slot9; upab 500b slot10
su_34	su_34_bomb_kab_1500kr	kab 1500kr slot4; kab 1500kr slot7; kab 1500kr slot9
su_34	su_34_bomb_kab_1500lg	kab 1500lg slot4; kab 1500lg slot7; kab 1500lg slot9
su_34	su_34_bomb_upab_1500b	upab 1500b slot4; upab 1500b slot7; upab 1500b slot9
su_34	su_34_bomb_umpk_3000	umpk 3000 slot7
su_6_single	su_6_single_default	no suspended armament
su_6_single	su_6_single_ro82	ros82 slot1; ros82 slot5
su_6_single	su_6_single_rbs82	rbs82 slot1; rbs82 slot5
su_6_single	su_6_single_rs132	ro132 slot1; ro132 slot5
su_6_single	su_6_single_rbs132	rbs132 slot1; rbs132 slot5
su_6_single	su_6_single_16x25m1	ao 25 central
su_6_single	su_6_single_fab50	2x fab 50; fab 50 x4 central
su_6_single	su_6_single_x4_fab100	fab 100 x4 central
su-11	su_11_default	no suspended armament
su-11	su_11_fab250	no suspended armament
su-11	su_11_2x_fab250	no suspended armament
su-11	su_11_fab500	no suspended armament
su-2_m82	su-2_m82_default	no suspended armament
su-2_m82	su-2_m82_rs82	rs 82 slot1; rs 82 slot3
su-2_m82	su-2_m82_rs132	rs 132 slot1; rs 132 slot3
su-2_m82	su-2_m82_fab50_inner	fab50 inner
su-2_m82	su-2_m82_fab100_inner	fab100 inner
su-2_m82	su-2_m82_fab50_x4	fab50 x4 slot1; fab50 x4 slot3
su-2_m82	su-2_m82_fab100_x4	fab100 x4 slot1; fab100 x4 slot3
su-2_m82	su-2_m82_fab250	2x fab250
su-2_m82	su-2_m82_fab500	2x fab500
su-2_m82	su-2_m82_brab220	2x brab220
su-2_mv5	su-2_m82_default	no suspended armament
su-2_mv5	su-2_m82_rs82	rs 82 slot1; rs 82 slot3
su-2_mv5	su-2_m82_rs132	rs 132 slot1; rs 132 slot3
su-2_mv5	su-2_m82_fab50_inner	fab50 inner
su-2_mv5	su-2_m82_fab100_inner	fab100 inner
su-2_mv5	su-2_m82_fab50_x4	fab50 x4 slot1; fab50 x4 slot3
su-2_mv5	su-2_m82_fab100_x4	fab100 x4 slot1; fab100 x4 slot3
su-2_mv5	su-2_m82_fab250	2x fab250
su-2_mv5	su-2_m82_fab500	2x fab500
su-2_mv5	su-2_m82_brab220	2x brab220
su-2_tss1	su-2_m82_default	no suspended armament
su-2_tss1	su-2_m82_rs82	rs 82 slot1; rs 82 slot3
su-2_tss1	su-2_m82_rs132	rs 132 slot1; rs 132 slot3
su-2_tss1	su-2_m82_fab50_inner	fab50 inner
su-2_tss1	su-2_m82_fab100_inner	fab100 inner
su-2_tss1	su-2_m82_fab50_x4	fab50 x4 slot1; fab50 x4 slot3
su-2_tss1	su-2_m82_fab100_x4	fab100 x4 slot1; fab100 x4 slot3
su-2_tss1	su-2_m82_fab250	2x fab250
su-2_tss1	su-2_m82_fab500	2x fab500
su-2_tss1	su-2_m82_brab220	2x brab220
su-6_am42	su_6_am42_default	ns37 left; ns37 right
su-6_am42	su_6_am42_vya23	vya23 left; vya23 right
su-6_am42	su_6_am42_ro82	ros82 slot1; ros82 slot7
su-6_am42	su_6_am42_rbs82	rbs82 slot1; rbs82 slot7
su-6_am42	su_6_am42_rs132	ro132 slot1; ro132 slot7
su-6_am42	su_6_am42_rbs132	rbs132 slot1; rbs132 slot7
su-6_am42	su_6_am42_16x25m1	ao 25 central
su-6_am42	su_6_am42_fab50	2x fab 50; fab 50 x4 central
su-6_am42	su_6_am42_fab100	2x fab 100; fab 100 x4 central
su-6_am42	su_6_am42_fab250	2x fab 250
su-6_m71	su_6_m71_default	no suspended armament
su-6_m71	su_6_m71_ro82	ros82 slot1; ros82 slot5
su-6_m71	su_6_m71_rbs82	rbs82 slot1; rbs82 slot5
su-6_m71	su_6_m71_rs132	ro132 slot1; ro132 slot5
su-6_m71	su_6_m71_rbs132	rbs132 slot1; rbs132 slot5
su-6_m71	su_6_m71_16x25m1	ao 25 central
su-6_m71	su_6_m71_fab50	2x fab 50; fab 50 x4 central
su-6_m71	su_6_m71_fab100	2x fab 100; fab 100 x4 central
su-6_m71	su_6_m71_fab250	2x fab 250
su-7b	su_7b_default	ptb slot2; ptb slot3
su-7b	su_7b_s_3k	4x s3k
su-7b	su_7b_4x_ub16	4x ub16
su-7b	su_7b_s_24	4x s24
su-7b	su_7b_fab250	4x fab250
su-7b	su_7b_fab500	4x fab500
su-7b	su_7b_zb360	4x zb360
su-7bkl	su_7bkl_default	ptb slot1; ptb slot3; ptb slot4; ptb slot6
su-7bkl	su_7bkl_6x_s_3k	6x s3k
su-7bkl	su_7bkl_6x_ub16	6x ub16
su-7bkl	su_7bkl_4x_ub32	4x ub32
su-7bkl	su_7bkl_6x_s_24	6x s24
su-7bkl	su_7bkl_6x_fab250	6x fab250
su-7bkl	su_7bkl_fab500	4x fab500
su-7bkl	su_7bkl_zb500	4x zb360
su-7bkl_china_killstreak	su_7bkl_killstreak_default	no suspended armament
su-7bkl_china_killstreak	su_7bkl_rn24	no suspended armament
su-7bkl_china_killstreak	su_7bkl_rn24_5kt_nt	no suspended armament
su-7bkl_china_killstreak	su_7bkl_rn24_30kt_nt	no suspended armament
su-7bkl_killstreak	su_7bkl_killstreak_default	no suspended armament
su-7bkl_killstreak	su_7bkl_rn24	no suspended armament
su-7bkl_killstreak	su_7bkl_rn24_5kt_nt	no suspended armament
su-7bkl_killstreak	su_7bkl_rn24_30kt_nt	no suspended armament
su-7bmk	su_7bmk_default	ptb slot1; ptb slot3; ptb slot4; ptb slot6
su-7bmk	su_7bmk_6x_s_3k	6x s3k
su-7bmk	su_7bmk_6x_ub16	6x ub16
su-7bmk	su_7bmk_6x_s_24	6x s24
su-7bmk	su_7bmk_6x_fab250	6x fab250
su-7bmk	su_7bmk_fab500	4x fab500
su-7bmk	su_7bmk_zb360	4x zb360
su-8	su-8_default	no suspended armament
su-8	su_8_ro82	ros82 slot1; ros82 slot5
su-8	su_8_rbs82	rbs82 slot1; rbs82 slot5
su-8	su_8_ro132	ro132 slot1; ro132 slot5
su-8	su_8_rbs132	rbs132 slot1; rbs132 slot5
su-8	su_8_fab100	2x fab 100 x3; fab 100 x3 central
su-8	su_8_fab250	fab 250 x3 central
su-8	su_8_fab500	fab 500 x3 central
su-8	su_8_rbs82_fab250	rbs82 slot1; fab 250 x3 central; rbs82 slot5
su-8	su_8_ro132_fab500	ro132 slot1; fab 500 x3 central; ro132 slot5
su-9	su_9_default	no suspended armament
su-9	su_9_fab250	no suspended armament
su-9	su_9_2x_fab250	no suspended armament
su-9	su_9_fab500	no suspended armament
sunderland_mk3a	sunderland_mk3a_250lbs	no suspended armament
sunderland_mk3a	sunderland_mk3a_500lbs	no suspended armament
sunderland_mk3a	sunderland_mk3a_500lbs_sap	no suspended armament
sunderland_mk5	sunderland_mk5_250lbs	no suspended armament
sunderland_mk5	sunderland_mk5_500lbs	no suspended armament
sunderland_mk5	sunderland_mk5_500lbs_sap	no suspended armament
super_etendard_97	super_etendard_97_default	no suspended armament
super_etendard_97	super_etendard_97_ltc	2x ltc pod; phimat counteiner
super_etendard_97	super_etendard_97_r550	2x r 550 magic 1
super_etendard_97	super_etendard_97_matra155	4x matra155
super_etendard_97	super_etendard_97_tba_ecc	4x tba 100 ecc
super_etendard_97	super_etendard_97_tba_multi_dart_100_ab	4x tba 100 multi dart
super_etendard_97	super_etendard_97_as30l	2x as 30l; atlis2
super_etendard_97	super_etendard_97_gbu_12	gbu 12 slot1; 2x gbu 12 x2; atlis2; gbu 12 slot7
super_etendard_97	super_etendard_97_4x250lbs	4x us 250lb; us 250lb x2
super_etendard_97	super_etendard_97_4x250lbs_snakeye	4x us 250lb snakeye; us 250lb snakeye x2
super_etendard_97	super_etendard_97_4x500lbs	4x us 500lb mk 82 ldgp; us 500lb mk 82 ldgp x2
super_etendard_97	super_etendard_97_4x500lbs_snakeye	4x us 500lb mk 82 ldgp snakeye; us 500lb mk 82 ldgp snakeye x2
super_etendard_97	super_etendard_97_4x250kg	4x 250kg; 250kg x2
super_etendard_97	super_etendard_97_4x250kg_200	4x fr 250 samp type 25 200; fr 250 samp type 25 200 x2
super_etendard_97	super_etendard_97_4x400kg	4x fr 400 samp type 21; fr 400 samp type 21 x2
super_etendard_97	super_etendard_97_4x400kg_200	4x fr 400 samp type 21 200; fr 400 samp type 21 200 x2
super_hind_mk3	super_hind_mk3_default	zt 35 ingwe default; 4x b8m1
super_hind_mk3	super_hind_mk3_s_24	4x s24
super_hind_mk3	super_hind_mk3_zt_35_default	zt 35 ingwe default
super_hind_mk3	super_hind_mk3_zt_35	zt 35 ingwe default; zt 35 ingwe
super_hind_mk3	super_hind_mk3_4xfab250	4x fab250
super_hind_mk3	super_hind_mk3_4xmk82	4x mk82
super_hind_mk3	super_hind_mk3_2xfab500	2x fab500
super_hind_mk3	super_hind_mk3_2xzab500	2x zb500
swift_f1	swift_default	no suspended armament
swift_f1	swift_500lb_gp_mk4_bombs	no suspended armament
swift_f1	swift_1000lb_gp_mk1_bombs	no suspended armament
swift_f1	swift_1000lb_mc_mk1_bombs	no suspended armament
swift_f1	swift_16x60lbs_rockets	no suspended armament
swift_f7	swift_default	no suspended armament
swift_f7	swift_fireflash	no suspended armament
swordfish_mk1	swordfish_mk1_4x250lb	4x uk 250lbs default
swordfish_mk1	swordfish_mk1_6x250lb	4x uk 250lbs default; 2x 250lbs
swordfish_mk1	swordfish_mk1_2x500lb	2x 500lbs
swordfish_mk1	swordfish_mk1_2x500lb_sap	2x 500lbs sap
swordfish_mk1	swordfish_mk1_torpedo	torpedo
swordfish_mk2	swordfish_mk1_rockets	25ap slot1; 25ap slot7
swordfish_mk2	swordfish_mk1_rockets_60lb	60ap slot1; 60ap slot7
swordfish_mk2	swordfish_mk1_4x250lb	4x uk 250lbs default
swordfish_mk2	swordfish_mk1_6x250lb	4x uk 250lbs default; 2x 250lbs
swordfish_mk2	swordfish_mk1_2x500lb	2x 500lbs
swordfish_mk2	swordfish_mk1_2x500lb_sap	2x 500lbs sap
swordfish_mk2	swordfish_mk1_torpedo	torpedo
t_129_atak	t_129_atak_default	no suspended armament
t_129_atak	t_129_atak_atas_x2	4x aim92
t_129_atak	t_129_atak_fz207_x19	4x fz207
t_129_atak	t_129_atak_umtas_x4	2x tr umtas x4
t_129_atak	t_129_atak_cirit_x4	4x tr cirit x4
t_129_atak	t_129_atak_cirit_x2_umtas_x2	2x tr umtas x4; 2x tr cirit x4
t_129_atak	t_129_atak_atas_x2_umtas_x4	2x tr umtas x4; 2x aim92
t_129_atak	t_129_atak_atas_umtas_cirit_fz207	tr umtas x4; aim92; tr cirit x4; fz207
t2	t2_default	no suspended armament
t2	t2_2xaim9	2x aim 9b
t2	t2_2xaim9e	2x aim 9e
t2	t2_2xaim9p	2x aim 9p
t2	t2_8x500lbs	5x us 500lb
t2	t2_5x750lbs	5x jp 750lb
t2	t2_2xAero7	4x jlau 3a
t2	t2_zuni	4x rl4 zuni
t2_early	t2_early_default	no suspended armament
t2_early	t2_early_2xaim9p	2x aim 9p
t2_early	t2_early_2xaim9b	2x aim 9b
t2_early	t2_early_2xaim9e	2x aim 9e
t2_early	t2_early5x500lbs	5x us 500lb
t2_early	t2_early_5x750lbs	5x jp 750lb
t2_early	t2_early_2xAero7	4x jlau 3a
t2_early	t2_early_zuni	4x rl4 zuni
t2_early	t2_early5x500lbs_aim9p	2x aim 9p; 5x us 500lb
t2_early	t2_early_5x750lbs_aim9p	2x aim 9p; 5x jp 750lb
t2_early	t2_early_2xAero7_aim9p	2x aim 9p; 4x jlau 3a
t2_early	t2_early_zuni_aim9p	2x aim 9p; 4x rl4 zuni
ta_154a_1	ta_154a_1_default	no suspended armament
ta-152c	Ta_15C_default	no suspended armament
ta-152h-1	Ta_152H1_default	no suspended armament
tandem_mai	tandem_mai_default	no suspended armament
tandem_mai	tandem_mai_2xfab50	no suspended armament
tandem_mai	tandem_mai_2xfab100	no suspended armament
tb_3_m17_32	tb_3_m17_32_default	no suspended armament
tb_3_m17_32	tb_3_m17_32_12xfab250	no suspended armament
tb_3_m17_32	tb_3_m17_32_4xfab500_4xfab250	no suspended armament
tb_3_m17_32	tb_3_m17_32_12xbrab220	no suspended armament
tb_3_m17_32	tb_3_m17_32_4xbrab500_4xbrab220	no suspended armament
tbd-1_1938	tbd_1_12x100lbs	12x 100lb
tbd-1_1938	tbd_1_1938_3x500lbs	500lb
tbd-1_1938	tbd_1_1938_1000lbs	1000lb
tbd-1_1938	tbd_1_1938_mk13_torpedo_weak	mk13 weak
tbd-1_1938	tbd_1_1938_mk13_torpedo	mk13
tbf-1c	tbf_1c_default	no suspended armament
tbf-1c	tbf_1c_hvar	hvar slot1; hvar slot3
tbf-1c	tbf_1c_bombs	500lb
tbf-1c	tbf_1c_1000lb_bomb	1000lb
tbf-1c	tbf_1c_2000lb_bomb	2000lb
tbf-1c	tbf_1c_1000lbs_bombs_ap	anmk33
tbf-1c	tbf_1c_1600lb_bomb	anmk1
tbf-1c	tbf_1c_mk13_torpedo_weak	mk13 no case
tbf-1c	tbf_1c_mk13_torpedo	mk13
tempest_mk2	tempest_mk2_default	no suspended armament
tempest_mk2	rockets	no suspended armament
tempest_mk2	tempest_mkv_250lbs_bombs	no suspended armament
tempest_mk2	tempest_mkv_250lbs_mc_bombs	no suspended armament
tempest_mk2	tempest_mkv_bombs	no suspended armament
tempest_mk2	tempest_mkv_500lbs_mc_bombs	no suspended armament
tempest_mk2	tempest_mkv_anm65_bombs	no suspended armament
tempest_mk2	tempest_mkv_1000lbs_bombs	no suspended armament
tempest_mk2	tempest_mkv_500_sap_bombs	no suspended armament
tempest_mkv	tempest_mkv_default	no suspended armament
tempest_mkv	tempest_mkv_250lbs_bombs	no suspended armament
tempest_mkv	tempest_mkv_bombs	no suspended armament
tempest_mkv	tempest_mkv_500_sap_bombs	no suspended armament
tempest_mkv	tempest_mkv_1000lbs_bombs	no suspended armament
tempest_mkv	rockets	no suspended armament
tempest_mkv_luftwaffe	tempest_mkv_default	no suspended armament
tempest_mkv_vikkers	_tempest_mkv_vikkers_default	no suspended armament
thunderbolt_mk1	p-47d_22_re_default	no suspended armament
thunderbolt_mk1	p-47d_22_re_6xbazooka	m8 slot2; m8 slot4
thunderbolt_mk1	p-47d_22_re_250lbs	3x 250lbs
thunderbolt_mk1	p-47d_22_re_500lbs	3x 500lbs
thunderbolt_mk1	p-47d_22_re_1000lbs	2x 1000lbs
tiger_hac_france	tiger_hac_france_default	2x telson 12; 2x hot3 x4
tiger_hac_france	tiger_hac_france_tel22_tda	2x telson 12; 2x telson 22
tiger_hac_france	tiger_hac_france_hot3	2x hot3 x4
tiger_hac_france	tiger_hac_france_atgw3	2x telson 12; 2x atgw3
tiger_hac_france	tiger_hac_france_stinger	2x atas; 2x hot3 x4
tiger_hac_france	tiger_hac_france_mistral	2x mistral; 2x hot3 x4
tiger_had_block2_france	tiger_had_france_default	no suspended armament
tiger_had_block2_france	tiger_had_france_tel22_tda	2x telson 22
tiger_had_block2_france	tiger_had_france_tel12_tda	2x telson 12
tiger_had_block2_france	tiger_had_france_4_hellfire_default	2x helfire x2
tiger_had_block2_france	tiger_had_france_8_hellfire	2x helfire x4
tiger_had_block2_france	tiger_had_block2_france_4_spike	2x spike x2
tiger_had_block2_france	tiger_had_block2_france_8_spike	2x spike x4
tiger_had_block2_france	tiger_had_france_stinger	2x atas
tiger_had_block2_france	tiger_had_france_mistral	2x mistral
tiger_had_france	tiger_had_france_default	no suspended armament
tiger_had_france	tiger_had_france_tel22_tda	2x telson 22
tiger_had_france	tiger_had_france_tel12_tda	2x telson 12
tiger_had_france	tiger_had_france_hot3_x2_default	2x hot3 x2
tiger_had_france	tiger_had_france_hot3	2x hot3 x4
tiger_had_france	tiger_had_france_4_hellfire	2x helfire x2
tiger_had_france	tiger_had_france_8_hellfire	2x helfire x4
tiger_had_france	tiger_had_france_stinger	2x atas
tiger_had_france	tiger_had_france_mistral	2x mistral
tiger_had_spain	tiger_had_spain_default	2x mistral; 2x helfire x4
tiger_had_spain	tiger_had_spain_tel12_tda	2x mistral; 2x telson 22
tiger_had_spain	tiger_had_spain_8_hellfire	2x telson 12; 2x helfire x4
tiger_had_spain	tiger_had_spain_mistral	2x mistral
tiger_had_spain	tiger_had_spain_hydra_70	2x m247 x7; 2x m247 x19
tiger_hap_france	tiger_hap_france_default	no suspended armament
tiger_hap_france	tiger_hap_france_tel22_tda	2x telson 22
tiger_hap_france	tiger_hap_france_tel12_tda	2x telson 12; 2x telson 22
tiger_hap_france	tiger_hap_france_hot3_default	2x hot3 x2
tiger_hap_france	tiger_hap_france_hot3	2x hot3 x4
tiger_hap_france	tiger_hap_france_stinger	2x atas
tiger_hap_france	tiger_hap_france_mistral	2x mistral
tiger_hap_france	tiger_hap_france_hot3_mistral	2x mistral; 2x hot3 x4
tiger_hap_france	tiger_hap_france_hot3_tel12_tda	2x telson 12; 2x hot3 x4
tiger_hap_france	tiger_hap_france_tel22_tda_stinger	2x atas; 2x telson 22
tiger_uht	tiger_uht_default	2x z225
tiger_uht	tiger_uht_apkws_m151	2x apkws m151
tiger_uht	tiger_uht_apkws_m282	2x apkws m282
tiger_uht	tiger_uht_hot3	2x hot3 x4
tiger_uht	tiger_uht_atgw3	2x atgw3 x2; 2x atgw3
tiger_uht	tiger_uht_gun_fn_m3p	2x hmp 400
tiger_uht	tiger_uht_gun_fn_m3p_rocket	2x rmp lc
tiger_uht	tiger_uht_stinger	2x atas
tis_ma	tis_ma_default	no suspended armament
tis_ma	tis_ma_2xfab100	no suspended armament
tis_ma	tis_ma_2xfab250	no suspended armament
tis_ma	tis_ma_2xfab500	no suspended armament
tis_ma	tis_ma_8xro132	no suspended armament
tis_ma	tis_ma_8xro132_rbs	no suspended armament
tornado_adv	tornado_adv_default	ptb 1; ptb 2
tornado_adv	tornado_adv_aim_9l_default	2x aim 9l default; skyflash default
tornado_adv	tornado_adv_4x_aim_9l	aim 9l x2 bol slot1; aim 9l x2 bol slot5
tornado_adv	tornado_adv_4x_skyflash	skyflash
tornado_adv	tornado_adv_4x_skyflash_super_temp	skyflash temp
tornado_f3	tornado_f3_default	ptb 1; ptb 2
tornado_f3	tornado_f3_aim_9l_default	2x aim 9l default; skyflash deafult
tornado_f3	tornado_f3_4x_aim_9l	aim 9l x2 bol slot1; aim 9l x2 bol slot5
tornado_f3	tornado_f3_4x_skyflash	skyflash
tornado_f3	tornado_f3_4x_skyflash_super_temp	skyflash temp
tornado_f3_late	tornado_f3_late_default	ptb 1; ptb 2
tornado_f3_late	tornado_f3_late_ptb_hindenburg	ptb 3; ptb 4
tornado_f3_late	tornado_f3_late_aim_9l_default	2x aim 9l default; aim 120 default
tornado_f3_late	tornado_f3_late_4x_aim_9l	aim 9l x2 bol slot1; aim 9l x2 bol slot5
tornado_f3_late	tornado_f3_late_4x_aim_9m	aim 9m x2 bol slot1; aim 9m x2 bol slot5
tornado_f3_late	tornado_f3_late_4x_skyflash_super_temp	skyflash temp
tornado_f3_late	tornado_f3_late_4x_aim_120	aim 120
tornado_gr1	tornado_gr1_default	ptb slot3; ptb slot9
tornado_gr1	tornado_gr1_boz	boz slot1; boz slot11
tornado_gr1	tornado_gr1_aim_9l	aim 9l default slot2; aim 9l default slot10
tornado_gr1	tornado_gr1_gbu_12	gbu 12 slot3; tiald slot4; gbu 12 slot6; gbu 12 slot7; gbu 12 slot8; gbu 12 slot9
tornado_gr1	tornado_gr1_fr_mk13	fr mk13 slot3; tiald slot4; fr mk13 slot6; fr mk13 slot8; fr mk13 slot9
tornado_gr1	tornado_gr1_gbu_24	tiald slot4; us 2000lb gbu 24 slot8
tornado_gr1	tornado_gr1_mk82	500lbs mk82 slot3; 500lbs mk82 slot4; 500lbs mk82 slot5; 500lbs mk82 slot6; 500lbs mk82 slot7; 500lbs mk82 slot8; 500lbs mk82 slot9
tornado_gr1	tornado_gr1_mk82_tsc	500lbs mk82 x2 slot3; 500lbs mk82 x2 slot4; 500lbs mk82 x2 slot5; 500lbs mk82 slot6; 500lbs mk82 x2 slot7; 500lbs mk82 x2 slot8; 500lbs mk82 x2 slot9
tornado_gr1	tornado_gr1_mk82_snakeye	500lbs mk82 snakeye slot3; 500lbs mk82 snakeye slot4; 500lbs mk82 snakeye slot5; 500lbs mk82 snakeye slot6; 500lbs mk82 snakeye slot7; 500lbs mk82 snakeye slot8; 500lbs mk82 snakeye slot9
tornado_gr1	tornado_gr1_mk82_snakeye_tsc	500lbs mk82 snakeye x2 slot3; 500lbs mk82 snakeye x2 slot4; 500lbs mk82 snakeye x2 slot5; 500lbs mk82 snakeye slot6; 500lbs mk82 snakeye x2 slot7; 500lbs mk82 snakeye x2 slot8; 500lbs mk82 snakeye x2 slot9
tornado_gr1	tornado_gr1_1000lb_mk13	1000lbs slot3; 1000lbs slot4; 1000lbs slot5; 1000lbs slot6; 1000lbs slot7; 1000lbs slot8; 1000lbs slot9
tornado_gr1	tornado_gr1_1000lb_mk83	1000lbs mk83 slot3; 1000lbs mk83 slot4; 1000lbs mk83 slot5; 1000lbs mk83 slot6; 1000lbs mk83 slot7; 1000lbs mk83 slot8; 1000lbs mk83 slot9
tornado_gr1	tornado_gr1_1000lb_mk13_tsc	1000lbs x2 slot3; 1000lbs x2 slot4; 1000lbs x2 slot5; 1000lbs x2 slot7; 1000lbs x2 slot8; 1000lbs x2 slot9
tornado_gr1	tornado_gr1_1000lb_mk13_tsc_n117	1000lbs x2 n117 slot3; 1000lbs x2 n117 slot4; 1000lbs x2 n117 slot5; 1000lbs x2 n117 slot7; 1000lbs x2 n117 slot8; 1000lbs x2 n117 slot9
tornado_gr1	tornado_gr1_1000lb_mk83_tsc	1000lbs mk83 x2 slot3; 1000lbs mk83 x2 slot4; 1000lbs mk83 x2 slot5; 1000lbs mk83 x2 slot7; 1000lbs mk83 x2 slot8; 1000lbs mk83 x2 slot9
tornado_gr1	tornado_gr1_1000lb_default	1000lbs default slot4; 1000lbs default slot5; 1000lbs default slot7; 1000lbs default slot8
tornado_gr1	tornado_gr1_pgm_500_laser	pgm 500 laser slot3; tiald slot4; pgm 500 laser slot5; pgm 500 laser slot8; pgm 500 laser slot9
tornado_gr1	tornado_gr1_pgm_2000_laser	pgm 2000 laser slot3; tiald slot4; pgm 2000 laser slot8; pgm 2000 laser slot9
tornado_gr1	tornado_gr1_pgm_500	pgm 500 slot3; pgm 500 slot5; pgm 500 slot8; pgm 500 slot9
tornado_gr1	tornado_gr1_pgm_2000	pgm 2000 slot3; pgm 2000 slot4; pgm 2000 slot9
tornado_gr1	tornado_gr1_sea_eagle	sea eagle slot3; sea eagle slot4; sea eagle slot8; sea eagle slot9
tornado_gr1	tornado_gr1_as37_l_band	as37 l band slot3; as37 l band slot4; as37 l band slot8; as37 l band slot9
tornado_gr1	tornado_gr1_as37_s_band	as37 s band slot3; as37 s band slot4; as37 s band slot8; as37 s band slot9
tornado_gr1	tornado_gr1_as37_c_band	as37 c band slot3; as37 c band slot4; as37 c band slot8; as37 c band slot9
tornado_gr4	tornado_gr4_default	boz slot1; ptb slot3; 2x aim 9l default; 1000lbs default slot5; 1000lbs default slot6; 1000lbs default slot8; 1000lbs default slot9; ptb slot11; boz slot13
tornado_gr4	tornado_gr4_boz	boz slot1; boz slot13
tornado_gr4	tornado_gr4_terma_mcp	terma slot1; terma slot13
tornado_gr4	tornado_gr4_brimstone_dm	brimstone dm slot3; litening slot5; brimstone dm slot6; brimstone dm slot8; brimstone dm slot9; brimstone dm slot11
tornado_gr4	tornado_gr4_aim_9l	2x aim 9l default
tornado_gr4	tornado_gr4_aim_9m	aim 9m slot4; aim 9m slot10
tornado_gr4	tornado_gr4_bol	bol pod slot4; bol pod slot10
tornado_gr4	tornado_gr4_aim_9l_bol	aim9l bol slot4; aim9l bol slot10
tornado_gr4	tornado_gr4_aim_9m_bol	aim9m bol slot4; aim9m bol slot10
tornado_gr4	tornado_gr4_paveway_iv	paveway iv slot3; litening slot5; paveway iv slot6; paveway iv slot7; paveway iv slot8; paveway iv slot9; paveway iv slot11
tornado_gr4	tornado_gr4_fr_mk13	fr mk13 slot3; litening slot5; fr mk13 slot6; fr mk13 slot7; fr mk13 slot9; fr mk13 slot11
tornado_gr4	tornado_gr4_uk_1000lb_enhanced_paveway2_mk13	epv2 slot3; litening slot5; epv2 slot6; epv2 slot7; epv2 slot9; epv2 slot11
tornado_gr4	tornado_gr4_gbu_24	litening slot5; us 2000lb gbu 24 slot9
tornado_gr4	tornado_gr4_mk82	500lbs mk82 slot3; 500lbs mk82 slot5; 500lbs mk82 slot6; 500lbs mk82 slot7; 500lbs mk82 slot8; 500lbs mk82 slot9; 500lbs mk82 slot11
tornado_gr4	tornado_gr4_mk82_tsc	500lbs mk82 x2 slot3; 500lbs mk82 x2 slot5; 500lbs mk82 x2 slot6; 500lbs mk82 slot7; 500lbs mk82 x2 slot8; 500lbs mk82 x2 slot9; 500lbs mk82 x2 slot11
tornado_gr4	tornado_gr4_mk82_snakeye	500lbs mk82 snakeye slot3; 500lbs mk82 snakeye slot5; 500lbs mk82 snakeye slot6; 500lbs mk82 snakeye slot7; 500lbs mk82 snakeye slot8; 500lbs mk82 snakeye slot9; 500lbs mk82 snakeye slot11
tornado_gr4	tornado_gr4_mk82_snakeye_tsc	500lbs mk82 snakeye x2 slot3; 500lbs mk82 snakeye x2 slot5; 500lbs mk82 snakeye x2 slot6; 500lbs mk82 snakeye slot7; 500lbs mk82 snakeye x2 slot8; 500lbs mk82 snakeye x2 slot9; 500lbs mk82 snakeye x2 slot11
tornado_gr4	tornado_gr4_1000lb_mk13	1000lbs slot3; 1000lbs slot5; 1000lbs slot6; 1000lbs slot7; 1000lbs slot8; 1000lbs slot9; 1000lbs slot11
tornado_gr4	tornado_gr4_1000lb_mk83	1000lbs mk83 slot3; 1000lbs mk83 slot5; 1000lbs mk83 slot6; 1000lbs mk83 slot7; 1000lbs mk83 slot8; 1000lbs mk83 slot9; 1000lbs mk83 slot11
tornado_gr4	tornado_gr4_1000lb_mk13_tsc	1000lbs x2 slot3; 1000lbs x2 slot5; 1000lbs x2 slot6; 1000lbs x2 slot8; 1000lbs x2 slot9; 1000lbs x2 slot11
tornado_gr4	tornado_gr4_1000lb_mk13_tsc_n117	1000lbs x2 n117 slot3; 1000lbs x2 n117 slot5; 1000lbs x2 n117 slot6; 1000lbs x2 n117 slot8; 1000lbs x2 n117 slot9; 1000lbs x2 n117 slot11
tornado_gr4	tornado_gr4_1000lb_mk83_tsc	1000lbs mk83 x2 slot3; 1000lbs mk83 x2 slot5; 1000lbs mk83 x2 slot6; 1000lbs mk83 x2 slot8; 1000lbs mk83 x2 slot9; 1000lbs mk83 x2 slot11
tornado_gr4	tornado_gr4_1000lb_default	1000lbs default slot5; 1000lbs default slot6; 1000lbs default slot8; 1000lbs default slot9
tornado_gr4	tornado_gr4_pgm_500_laser	pgm 500 laser slot3; litening slot5; pgm 500 laser slot6; pgm 500 laser slot9; pgm 500 laser slot11
tornado_gr4	tornado_gr4_pgm_2000_laser	pgm 2000 laser slot3; litening slot5; pgm 2000 laser slot9; pgm 2000 laser slot11
tornado_gr4	tornado_gr4_pgm_500	pgm 500 slot3; pgm 500 slot6; pgm 500 slot9; pgm 500 slot11
tornado_gr4	tornado_gr4_pgm_2000	pgm 2000 slot3; pgm 2000 slot5; pgm 2000 slot11
tornado_gr4	tornado_gr4_alarm	alarm slot2; alarm slot3; alarm slot4; alarm slot5; alarm slot7; alarm slot8; alarm slot10; alarm slot11; alarm slot12
tornado_ids_de_assta1	tornado_ids_assta1_default	ptb 1; ptb 2
tornado_ids_de_assta1	tornado_ids_assta1_boz	2x boz
tornado_ids_de_assta1	tornado_ids_assta1_aim_9l	2x aim 9l
tornado_ids_de_assta1	tornado_ids_assta1_fr_mk13	2x 1000lbs mk83; 3x 1000lbs mk83 default; 1000lbs mk83 fuse centr; 1000lbs mk83 default slot7
tornado_ids_de_assta1	tornado_ids_assta1_fr_mk13_tsc	5x 1000lbs mk83 x2; 1000lbs mk83 x2 slot7
tornado_ids_de_assta1	tornado_ids_assta1_fr_mk13_air	5x 1000lbs mk83 air; 1000lbs mk83 air fuse centr; 1000lbs mk83 air slot7
tornado_ids_de_assta1	tornado_ids_assta1_fr_mk13_air_tsc	5x 1000lbs mk83 air x2; 1000lbs mk83 air x2 slot7
tornado_ids_de_assta1	tornado_ids_assta1_gbu_16	2x 1000lb gbu 16 wing; litening pod; 1000lb gbu 16 fuse centr; 1000lb gbu 16
tornado_ids_de_assta1	tornado_ids_assta1_gbu_24	litening pod; us 2000lb gbu 24
tornado_ids_de_assta1	tornado_ids_assta1_gbu_54b	500lbs gbu 54b slot3; litening pod; 500lbs gbu 54b slot5; 500lbs gbu 54b slot6; 500lbs gbu 54b slot7; 500lbs gbu 54b slot8; 500lbs gbu 54b slot9
tornado_ids_de_assta1	tornado_ids_assta1_4x_1000_default	3x 1000lbs mk83 default; 1000lbs mk83 default slot7
tornado_ids_de_assta1_britain_killstreak	tornado_ids_assta1_killstreak_default	no suspended armament
tornado_ids_de_assta1_britain_killstreak	tornado_ids_assta1_1xb61	2x boz; b61
tornado_ids_de_assta1_britain_killstreak	tornado_ids_assta1_killstreak_b61_5kt_nt	2x boz; 2x aim 9l; ptb 1; b61 5kt; ptb 2
tornado_ids_de_assta1_britain_killstreak	tornado_ids_assta1_killstreak_b61_30kt_nt	2x boz; 2x aim 9l; ptb 1; b61 30kt; ptb 2
tornado_ids_de_assta1_france_killstreak	tornado_ids_assta1_killstreak_default	no suspended armament
tornado_ids_de_assta1_france_killstreak	tornado_ids_assta1_1xb61	2x boz; b61
tornado_ids_de_assta1_france_killstreak	tornado_ids_assta1_killstreak_b61_5kt_nt	2x boz; 2x aim 9l; ptb 1; b61 5kt; ptb 2
tornado_ids_de_assta1_france_killstreak	tornado_ids_assta1_killstreak_b61_30kt_nt	2x boz; 2x aim 9l; ptb 1; b61 30kt; ptb 2
tornado_ids_de_assta1_italy_killstreak	tornado_ids_assta1_killstreak_default	no suspended armament
tornado_ids_de_assta1_italy_killstreak	tornado_ids_assta1_1xb61	2x boz; b61
tornado_ids_de_assta1_italy_killstreak	tornado_ids_assta1_killstreak_b61_5kt_nt	2x boz; 2x aim 9l; ptb 1; b61 5kt; ptb 2
tornado_ids_de_assta1_italy_killstreak	tornado_ids_assta1_killstreak_b61_30kt_nt	2x boz; 2x aim 9l; ptb 1; b61 30kt; ptb 2
tornado_ids_de_assta1_killstreak	tornado_ids_assta1_killstreak_default	no suspended armament
tornado_ids_de_assta1_killstreak	tornado_ids_assta1_1xb61	2x boz; b61
tornado_ids_de_assta1_killstreak	tornado_ids_assta1_killstreak_b61_5kt_nt	2x boz; 2x aim 9l; ptb 1; b61 5kt; ptb 2
tornado_ids_de_assta1_killstreak	tornado_ids_assta1_killstreak_b61_30kt_nt	2x boz; 2x aim 9l; ptb 1; b61 30kt; ptb 2
tornado_ids_de_assta1_sweden_killstreak	tornado_ids_assta1_killstreak_default	no suspended armament
tornado_ids_de_assta1_sweden_killstreak	tornado_ids_assta1_1xb61	2x boz; b61
tornado_ids_de_assta1_sweden_killstreak	tornado_ids_assta1_killstreak_b61_5kt_nt	2x boz; 2x aim 9l; ptb 1; b61 5kt; ptb 2
tornado_ids_de_assta1_sweden_killstreak	tornado_ids_assta1_killstreak_b61_30kt_nt	2x boz; 2x aim 9l; ptb 1; b61 30kt; ptb 2
tornado_ids_de_assta3_sle	tornado_ids_de_assta3_sle_default	2x aim 9li; ptb 1; ptb 2
tornado_ids_de_assta3_sle	tornado_ids_de_assta3_sle_boz	boz left; boz right
tornado_ids_de_assta3_sle	tornado_ids_de_assta3_sle_boz_102_ec	maw 300 left; maw 300 right
tornado_ids_de_assta3_sle	tornado_ids_de_assta3_sle_brimstone_dm	brimstone dm slot4; brimstone dm slot5; litening pod; brimstone dm slot7
tornado_ids_de_assta3_sle	tornado_ids_de_assta3_sle_1000lb_default	mk83 default slot4; mk83 default slot5; mk83 default slot7; mk83 default slot8
tornado_ids_de_assta3_sle	tornado_ids_de_assta3_sle_1000lb_mk13	mk83 slot3; mk83 default slot4; mk83 default slot5; mk83 slot6; mk83 default slot7; mk83 default slot8; mk83 slot9
tornado_ids_de_assta3_sle	tornado_ids_de_assta3_sle_1000lb_mk13_tsc	mk83 x2 slot3; mk83 x2 slot4; mk83 x2 slot5; mk83 x2 slot7; mk83 x2 slot8; mk83 x2 slot9
tornado_ids_de_assta3_sle	tornado_ids_de_assta3_sle_fr_mk13_air	mk83 air slot3; mk83 air slot4; mk83 air slot5; mk83 air slot6; mk83 air slot7; mk83 air slot8; mk83 air slot9
tornado_ids_de_assta3_sle	tornado_ids_de_assta3_sle_fr_mk13_air_tsc	mk83 air x2 slot3; mk83 air x2 slot4; mk83 air x2 slot5; mk83 air x2 slot7; mk83 air x2 slot8; mk83 air x2 slot9
tornado_ids_de_assta3_sle	tornado_ids_de_assta3_sle_gbu_16	gbu 16 slot3; gbu 16 slot4; gbu 16 slot6; litening pod; gbu 16 slot9
tornado_ids_de_assta3_sle	tornado_ids_de_assta3_sle_gbu_24	litening pod; gbu 24 slot4
tornado_ids_de_assta3_sle	tornado_ids_de_assta3_sle_gbu_54b	gbu 54b slot3; gbu 54b slot4; gbu 54b slot5; gbu 54b slot6; gbu 54b slot7; litening pod; gbu 54b slot9
tornado_ids_de_assta3_sle	tornado_ids_de_assta3_sle_hosbo	hosbo slot4; hosbo slot5; hosbo slot7; hosbo slot8
tornado_ids_de_assta3_sle	tornado_ids_de_assta3_sle_agm_88c	agm 88 slot3; agm 88 slot4; agm 88 slot8; agm 88 slot9
tornado_ids_de_mfg	tornado_ids_de_mfg_default	2x boz; 2x aim 9l; ptb 1; ptb 2
tornado_ids_de_mfg	tornado_ids_de_mfg_boz	2x boz
tornado_ids_de_mfg	tornado_ids_de_mfg_aim_9l	2x aim 9l
tornado_ids_de_mfg	tornado_ids_de_mfg_fr_mk13	2x boz; 2x aim 9l; 6x 1000lbs mk83; 1000lbs mk83 fuse centr
tornado_ids_de_mfg	tornado_ids_de_mfg_fr_mk13_tsc	2x boz; 2x aim 9l; 6x 1000lbs mk83 x2
tornado_ids_de_mfg	tornado_ids_de_mfg_fr_mk13_air	2x boz; 2x aim 9l; 6x 1000lbs mk83 air; 1000lbs mk83 air fuse centr
tornado_ids_de_mfg	tornado_ids_de_mfg_fr_mk13_air_tsc	2x boz; 2x aim 9l; 6x 1000lbs mk83 air x2
tornado_ids_de_mfg	tornado_ids_de_mfg_as_34	2x as 34; 2x as 34 fuse
tornado_ids_de_mfg	tornado_ids_de_mfg_4x_1000_default	2x boz; 2x aim 9l; 4x 1000lbs mk83 default
tornado_ids_de_wtd61	tornado_ids_de_mfg_default	2x boz; 2x aim 9l; ptb 1; ptb 2
tornado_ids_de_wtd61	tornado_ids_de_mfg_boz	2x boz
tornado_ids_de_wtd61	tornado_ids_de_mfg_aim_9l	2x aim 9l
tornado_ids_de_wtd61	tornado_ids_de_mfg_fr_mk13	2x boz; 2x aim 9l; 6x 1000lbs mk83; 1000lbs mk83 fuse centr
tornado_ids_de_wtd61	tornado_ids_de_mfg_fr_mk13_tsc	2x boz; 2x aim 9l; 6x 1000lbs mk83 x2
tornado_ids_de_wtd61	tornado_ids_de_mfg_fr_mk13_air	2x boz; 2x aim 9l; 6x 1000lbs mk83 air; 1000lbs mk83 air fuse centr
tornado_ids_de_wtd61	tornado_ids_de_mfg_fr_mk13_air_tsc	2x boz; 2x aim 9l; 6x 1000lbs mk83 air x2
tornado_ids_de_wtd61	tornado_ids_de_mfg_4x_1000_default	2x boz; 2x aim 9l; 4x 1000lbs mk83 default
tornado_ids_it	tornado_ids_it_mod95_default	ptb 1; ptb 2
tornado_ids_it	tornado_ids_it_mod95_boz	2x boz
tornado_ids_it	tornado_ids_it_mod95_aim_9l	2x aim 9l
tornado_ids_it	tornado_ids_it_mod95_mk82	6x 500lbs mk82; 500lbs mk82 fuse centr
tornado_ids_it	tornado_ids_it_mod95_mk82_tsc	6x 500lbs mk82 x2; 500lbs mk82 fuse centr
tornado_ids_it	tornado_ids_it_mod95_mk82_snakeye	6x 500lbs mk82 snakeye; 500lbs mk82 snakeye fuse centr
tornado_ids_it	tornado_ids_it_mod95_mk82_snakeye_tsc	6x 500lbs mk82 snakeye x2; 500lbs mk82 snakeye fuse centr
tornado_ids_it	tornado_ids_it_mod95_fr_mk13	6x 1000lbs mk83; 1000lbs mk83 fuse centr
tornado_ids_it	tornado_ids_it_mod95_fr_mk13_tsc	6x 1000lbs mk83 x2
tornado_ids_it	tornado_ids_it_mod95_fr_mk13_air	6x 1000lbs mk83 air; 1000lbs mk83 air fuse centr
tornado_ids_it	tornado_ids_it_mod95_fr_mk13_air_tsc	6x 1000lbs mk83 air x2
tornado_ids_it	tornado_ids_it_mod95_4x_1000_default	4x 1000lbs mk83 default
tornado_ids_it_mod95	tornado_ids_it_mod95_default	ptb 1; ptb 2
tornado_ids_it_mod95	tornado_ids_it_mod95_boz	2x boz
tornado_ids_it_mod95	tornado_ids_it_mod95_aim_9l	2x aim 9l
tornado_ids_it_mod95	tornado_ids_it_mod95_mk82	6x 500lbs mk82; 500lbs mk82 fuse centr
tornado_ids_it_mod95	tornado_ids_it_mod95_mk82_tsc	6x 500lbs mk82 x2; 500lbs mk82 fuse centr
tornado_ids_it_mod95	tornado_ids_it_mod95_mk82_snakeye	6x 500lbs mk82 snakeye; 500lbs mk82 snakeye fuse centr
tornado_ids_it_mod95	tornado_ids_it_mod95_mk82_snakeye_tsc	6x 500lbs mk82 snakeye x2; 500lbs mk82 snakeye fuse centr
tornado_ids_it_mod95	tornado_ids_it_mod95_fr_mk13	6x 1000lbs mk83; 1000lbs mk83 fuse centr
tornado_ids_it_mod95	tornado_ids_it_mod95_fr_mk13_tsc	6x 1000lbs mk83 x2
tornado_ids_it_mod95	tornado_ids_it_mod95_fr_mk1_air	6x 1000lbs mk83 air; 1000lbs mk83 air fuse centr
tornado_ids_it_mod95	tornado_ids_it_mod95_fr_mk13_air_tsc	6x 1000lbs mk83 air x2
tornado_ids_it_mod95	tornado_ids_it_mod95_gbu_16	2x 1000lb gbu 16 wing; pdlct s pod; 1000lb gbu 16 fuse centr; 1000lb gbu 16
tornado_ids_it_mod95	tornado_ids_it_mod95_gbu_24	pdlct s pod; us 2000lb gbu 24
tornado_ids_it_mod95	tornado_ids_it_mod95_4x_1000_default	4x 1000lbs mk83 default
tornado_ids_it_mod95_killstreak	tornado_ids_assta1_killstreak_default	no suspended armament
tornado_ids_it_mod95_killstreak	tornado_ids_assta1_1xb61	2x boz; b61
tornado_ids_it_mod95_killstreak	tornado_ids_assta1_killstreak_b61_5kt_nt	2x boz; 2x aim 9l; ptb 1; b61 5kt; ptb 2
tornado_ids_it_mod95_killstreak	tornado_ids_assta1_killstreak_b61_30kt_nt	2x boz; 2x aim 9l; ptb 1; b61 30kt; ptb 2
tornado_ids_it_ret8	tornado_ids_it_ret8_default	ptb 1 slot3; ptb 2 slot9
tornado_ids_it_ret8	tornado_ids_it_ret8_boz	boz slot1; boz slot11
tornado_ids_it_ret8	tornado_ids_it_ret8_boz_102	boz 102 slot1; boz 102 slot11
tornado_ids_it_ret8	tornado_ids_it_ret8_aim_9l	aim 9l slot2; aim 9l slot10
tornado_ids_it_ret8	tornado_ids_it_ret8_mk82	500lbs mk82 slot3; 500lbs mk82 slot4; 500lbs mk82 slot5; 500lbs mk82 slot6; 500lbs mk82 slot7; 500lbs mk82 slot8; 500lbs mk82 slot9
tornado_ids_it_ret8	tornado_ids_it_ret8_mk82_tsc	500lbs mk82 x2 slot3; 500lbs mk82 x2 slot4; 500lbs mk82 x2 slot5; 500lbs mk82 slot6; 500lbs mk82 x2 slot7; 500lbs mk82 x2 slot8; 500lbs mk82 x2 slot9
tornado_ids_it_ret8	tornado_ids_it_ret8_mk82_snakeye	500lbs mk82 snakeye slot3; 500lbs mk82 snakeye slot4; 500lbs mk82 snakeye slot5; 500lbs mk82 snakeye slot6; 500lbs mk82 snakeye slot7; 500lbs mk82 snakeye slot8; 500lbs mk82 snakeye slot9
tornado_ids_it_ret8	tornado_ids_it_ret8_mk82_snakeye_tsc	500lbs mk82 snakeye x2 slot3; 500lbs mk82 snakeye x2 slot4; 500lbs mk82 snakeye x2 slot5; 500lbs mk82 snakeye slot6; 500lbs mk82 snakeye x2 slot7; 500lbs mk82 snakeye x2 slot8; 500lbs mk82 snakeye x2 slot9
tornado_ids_it_ret8	tornado_ids_it_ret8_fr_mk13	1000lbs mk83 slot3; 1000lbs mk83 slot4; 1000lbs mk83 slot5; 1000lbs mk83 slot6; 1000lbs mk83 slot7; 1000lbs mk83 slot8; 1000lbs mk83 slot9
tornado_ids_it_ret8	tornado_ids_it_ret8_fr_mk13_tsc	1000lbs mk83 x2 slot3; 1000lbs mk83 x2 slot4; 1000lbs mk83 x2 slot5; 1000lbs mk83 x2 slot7; 1000lbs mk83 x2 slot8; 1000lbs mk83 x2 slot9
tornado_ids_it_ret8	tornado_ids_it_ret8_fr_mk13_air	1000lbs mk83 air slot3; 1000lbs mk83 air slot4; 1000lbs mk83 air slot5; 1000lbs mk83 air slot6; 1000lbs mk83 air slot7; 1000lbs mk83 air slot8; 1000lbs mk83 air slot9
tornado_ids_it_ret8	tornado_ids_it_ret8_fr_mk13_air_tsc	1000lbs mk83 air x2 slot3; 1000lbs mk83 air x2 slot4; 1000lbs mk83 air x2 slot5; 1000lbs mk83 air x2 slot7; 1000lbs mk83 air x2 slot8; 1000lbs mk83 air x2 slot9
tornado_ids_it_ret8	tornado_ids_it_ret8_2x_gbu_10	us gbu 10 slot4; us gbu 10 slot6; litening pod slot8
tornado_ids_it_ret8	tornado_ids_it_ret8_2x_gbu_12	us gbu 12 slot4; us gbu 12 slot6; litening pod slot8
tornado_ids_it_ret8	tornado_ids_it_ret8_gbu_16	1000lb gbu 16 slot3; 1000lb gbu 16 slot4; 1000lb gbu 16 slot6; litening pod slot8; 1000lb gbu 16 slot9
tornado_ids_it_ret8	tornado_ids_it_ret8_gbu_24	us 2000lb gbu 24 slot4; litening pod slot8
tornado_ids_it_ret8	tornado_ids_it_ret8_3x_gbu_31	us gbu 31 slot4; us gbu 31 slot6; us gbu 31 slot8
tornado_ids_it_ret8	tornado_ids_it_ret8_3x_gbu_32	us gbu 32 slot3; us gbu 32 slot4; us gbu 32 slot6; us gbu 32 slot8; us gbu 32 slot9
tornado_ids_it_ret8	tornado_ids_it_ret8_5x_gbu_38	us gbu 38 slot3; us gbu 38 slot4; us gbu 38 slot5; us gbu 38 slot6; us gbu 38 slot7; us gbu 38 slot8; us gbu 38 slot9
tornado_ids_it_ret8	tornado_ids_it_ret8_8x_gbu_39	us gbu 39 slot4; us gbu 39 slot8
tornado_ids_it_ret8	tornado_ids_it_ret8_5x_gbu_54	500lbs gbu 54b slot3; 500lbs gbu 54b slot4; 500lbs gbu 54b slot5; 500lbs gbu 54b slot6; 500lbs gbu 54b slot7; litening pod slot8; 500lbs gbu 54b slot9
tornado_ids_it_ret8	tornado_ids_it_ret8_agm_88a	agm 88 slot3; agm 88 slot4; agm 88 slot8; agm 88 slot9
tu_14t	tu_14t_fab50	no suspended armament
tu_14t	tu_14t_fab100	no suspended armament
tu_14t	tu_14t_fab250	no suspended armament
tu_14t	tu_14t_fab500	no suspended armament
tu_14t	tu_14t_fab1000	no suspended armament
tu_14t	tu_14t_fab1500	no suspended armament
tu_14t	tu_14t_fab3000	no suspended armament
tu_14t	tu_14t_torpedo	no suspended armament
tu_14t	tu_14t_torpedo_45_54vt	no suspended armament
tu_14t	tu_14t_default	no suspended armament
tu_4	tu-4_default	no suspended armament
tu_4	tu-4_40xfab100	no suspended armament
tu_4	tu-4_40xfab250	no suspended armament
tu_4	tu-4_12xfab500	no suspended armament
tu_4	tu-4_20xfab500	no suspended armament
tu_4	tu-4_8xfab1000	no suspended armament
tu_4	tu-4_8xfab1500	no suspended armament
tu_4	tu-4_4xfab3000	no suspended armament
tu_4_china	tu-4_default	no suspended armament
tu_4_china	tu-4_china_40xfab100	no suspended armament
tu_4_china	tu-4_china_40xfab250	no suspended armament
tu_4_china	tu-4_china_12xfab500	no suspended armament
tu_4_china	tu-4_china_20xfab500	no suspended armament
tu_4_china	tu-4_8xfab1000	no suspended armament
tu_4_china	tu-4_china_8xfab1500	no suspended armament
tu_4_china	tu-4_china_4xfab3000	no suspended armament
tu_4_china	tu-4_china_40xfab250_incedniary	no suspended armament
tu_4_china_killstreak	tu_4_1xrds4	no suspended armament
tu_4_killstreak	tu_4_1xrds4	no suspended armament
tu_95m	tu_95m_nt_default	fab 250 x6
tu_95m	tu_95m_fab_500	fab 500 x4
tu_95m	tu_95m_fab_1500	fab 1500 x4
tu_95m	tu_95m_fab_3000	fab 3000 x4
tu_95m	tu_95m_fab_5000	fab 5000 x2
tu_95m	tu_95m_fab_9000	fab 9000
tu-1	tu-1_default	no suspended armament
tu-1	tu-1_6x_fab250	2x fab250 external; fab250 x2
tu-1	tu-1_3x_fab500	2x fab500 external; fab500 internal
tu-1	tu-1_3x_fab1000	2x fab1000 external; fab1000 internal
tu-1	tu-1_2x_an45_torpedo	2x 45 36nu
tu-1	tu-1_6x_brab250	2x brab250 external; brab250 x2
tu-1	tu-1_3x_brab500	2x brab500 external; brab500 internal
tu-1	tu-1_3x_brab1000	2x brab1000 external; brab1000 internal
tu-2	tu-2_default	no suspended armament
tu-2	tu-2_9xfab100	fab100 internal
tu-2	tu-2_4x_fab250	fab250 x4
tu-2	tu-2_6x_fab250	2x fab250 external; fab250 x4
tu-2	tu-2_6x_brab250	2x brab250 external; brab250 x4
tu-2	tu-2_1x_fab500	fab500 internal
tu-2	tu-2_2x_fab500	2x fab500 external
tu-2	tu-2_3x_fab500	2x fab500 external; fab500 internal
tu-2	tu-2_3x_brab500	2x brab500 external; brab500 internal
tu-2	tu-2_1x_fab1000	fab1000 internal
tu-2	tu-2_2x_fab1000	2x fab1000 external
tu-2	tu-2_3x_fab1000	2x fab1000 external; fab1000 internal
tu-2	tu-2_3x_brab1000	2x brab1000 external; brab1000 internal
tu-2_early	tu-2_default	no suspended armament
tu-2_early	tu-2_early_rbs_132	rbs 132 slot1; rbs 132 slot5
tu-2_early	tu-2_early_rs_132	rs 132 slot1; rs 132 slot5
tu-2_early	tu-2_early_9xfab100	fab100 internal
tu-2_early	tu-2_early_4x_fab250	fab250 x4
tu-2_early	tu-2_early_6x_fab250	2x fab250 external; fab250 x4
tu-2_early	tu-2_early_6x_brab250	2x brab250 external; brab250 x4
tu-2_early	tu-2_early_1x_fab500	fab500 internal
tu-2_early	tu-2_early_2x_fab500	2x fab500 external
tu-2_early	tu-2_early_3x_fab500	2x fab500 external; fab500 internal
tu-2_early	tu-2_early_3x_brab500	2x brab500 external; brab500 internal
tu-2_early	tu-2_early_1x_fab1000	fab1000 internal
tu-2_early	tu-2_early_2x_fab1000	2x fab1000 external
tu-2_early	tu-2_early_3x_fab1000	2x fab1000 external; fab1000 internal
tu-2_early	tu-2_early_3x_brab1000	2x brab1000 external; brab1000 internal
tu-2_postwar	tu-2_default	no suspended armament
tu-2_postwar	tu-2_postwar_9xfab100	fab100 internal
tu-2_postwar	tu-2_postwar_4x_fab250	fab250 x4
tu-2_postwar	tu-2_postwar_6x_fab250	2x fab250 external; fab250 x4
tu-2_postwar	tu-2_postwar_6x_brab250	2x brab250 external; brab250 x4
tu-2_postwar	tu_postwar-2_1x_fab500	fab500 internal
tu-2_postwar	tu-2_postwar_2x_fab500	2x fab500 external
tu-2_postwar	tu-2_postwar_3x_fab500	2x fab500 external; fab500 internal
tu-2_postwar	tu-2_postwar_3x_brab500	2x brab500 external; brab500 internal
tu-2_postwar	tu-2_postwar_1x_fab1000	fab1000 internal
tu-2_postwar	tu-2_postwar_2x_fab1000	2x fab1000 external
tu-2_postwar	tu-2_postwar_3x_fab1000	2x fab1000 external; fab1000 internal
tu-2_postwar	tu-2_postwar_3x_brab1000	2x brab1000 external; brab1000 internal
tu-2_postwar_china	tu-2_default	no suspended armament
tu-2_postwar_china	tu-2_postwar_china_9xfab100	fab100 internal
tu-2_postwar_china	tu-2_postwar_china_4x_fab250	fab250 x4
tu-2_postwar_china	tu-2_postwar_china_6x_fab250	2x fab250 external; fab250 x4
tu-2_postwar_china	tu-2_postwar_6x_brab250	2x brab250 external; brab250 x4
tu-2_postwar_china	tu_postwar-2_1x_fab500	fab500 internal
tu-2_postwar_china	tu-2_postwar_2x_fab500	2x fab500 external
tu-2_postwar_china	tu-2_postwar_3x_fab500	2x fab500 external; fab500 internal
tu-2_postwar_china	tu-2_postwar_3x_brab500	2x brab500 external; brab500 internal
tu-2_postwar_china	tu-2_postwar_1x_fab1000	fab1000 internal
tu-2_postwar_china	tu-2_postwar_2x_fab1000	2x fab1000 external
tu-2_postwar_china	tu-2_postwar_3x_fab1000	2x fab1000 external; fab1000 internal
tu-2_postwar_china	tu-2_postwar_3x_brab1000	2x brab1000 external; brab1000 internal
tu-2_postwar_late	tu-2_default	no suspended armament
tu-2_postwar_late	tu-2_postwar_9xfab100	fab100 internal
tu-2_postwar_late	tu-2_postwar_4x_fab250	fab250 x4
tu-2_postwar_late	tu-2_postwar_6x_fab250	2x fab250 external; fab250 x4
tu-2_postwar_late	tu-2_postwar_6x_brab250	2x brab250 external; brab250 x4
tu-2_postwar_late	tu-2_postwar_1x_fab500	fab500 internal
tu-2_postwar_late	tu-2_postwar_2x_fab500	2x fab500 external
tu-2_postwar_late	tu-2_postwar_3x_fab500	2x fab500 external; fab500 internal
tu-2_postwar_late	tu-2_postwar_3x_brab500	2x brab500 external; brab500 internal
tu-2_postwar_late	tu-2_postwar_1x_fab1000	fab1000 internal
tu-2_postwar_late	tu-2_postwar_2x_fab1000	2x fab1000 external
tu-2_postwar_late	tu-2_postwar_3x_fab1000	2x fab1000 external; fab1000 internal
tu-2_postwar_late	tu-2_postwar_3x_brab1000	2x brab1000 external; brab1000 internal
tu-2_postwar_late_hungary	tu-2_default	no suspended armament
tu-2_postwar_late_hungary	tu-2_postwar_9xfab100	fab100 internal
tu-2_postwar_late_hungary	tu-2_postwar_4x_fab250	fab250 x4
tu-2_postwar_late_hungary	tu-2_postwar_6x_fab250	2x fab250 external; fab250 x4
tu-2_postwar_late_hungary	tu-2_postwar_6x_brab250	2x brab250 external; brab250 x4
tu-2_postwar_late_hungary	tu-2_postwar_1x_fab500	fab500 internal
tu-2_postwar_late_hungary	tu-2_postwar_2x_fab500	2x fab500 external
tu-2_postwar_late_hungary	tu-2_postwar_3x_fab500	2x fab500 external; fab500 internal
tu-2_postwar_late_hungary	tu-2_postwar_3x_brab500	2x brab500 external; brab500 internal
tu-2_postwar_late_hungary	tu-2_postwar_1x_fab1000	fab1000 internal
tu-2_postwar_late_hungary	tu-2_postwar_2x_fab1000	2x fab1000 external
tu-2_postwar_late_hungary	tu-2_postwar_3x_fab1000	2x fab1000 external; fab1000 internal
tu-2_postwar_late_hungary	tu-2_postwar_3x_brab1000	2x brab1000 external; brab1000 internal
typhoon_mk1a	typhoon_mk1a_default	no suspended armament
typhoon_mk1a	typhoon_mk1a_250lbs_bombs	no suspended armament
typhoon_mk1a	typhoon_mk1a_500lbs_bombs	no suspended armament
typhoon_mk1b	typhoon_mk1b_default	no suspended armament
typhoon_mk1b	typhoon_mk1b_250lbs_bombs	no suspended armament
typhoon_mk1b	typhoon_mk1b_500lbs_bombs	no suspended armament
typhoon_mk1b	typhoon_mk1b_500lbs_ap_bombs	no suspended armament
typhoon_mk1b	typhoon_mk1b_1000lbs_bombs	no suspended armament
typhoon_mk1b	typhoon_mk1b_late_rockets	no suspended armament
typhoon_mk1b_late	typhoon_mk1b_late_default	no suspended armament
typhoon_mk1b_late	typhoon_mk1b_late_250lbs_bombs	no suspended armament
typhoon_mk1b_late	typhoon_mk1b_late_500lbs_bombs	no suspended armament
typhoon_mk1b_late	typhoon_mk1b_late_500lbs_ap_bombs	no suspended armament
typhoon_mk1b_late	typhoon_mk1b_late_1000lbs_bombs	no suspended armament
typhoon_mk1b_late	typhoon_mk1b_late_rockets	no suspended armament
uav_quadcopter	ucav_scout_default	no suspended armament
ucav_mq_1_predator	ucav_mq_1_predator_default	no suspended armament
ucav_mq_1_predator_france_killstreak	ucav_mq_1_predator_default	no suspended armament
ucav_mq_1_predator_germany_killstreak	ucav_mq_1_predator_default	no suspended armament
ucav_mq_1_predator_iaf_killstreak	ucav_mq_1_predator_default	no suspended armament
ucav_mq_1_predator_italy_killstreak	ucav_mq_1_predator_default	no suspended armament
ucav_mq_1_predator_japan_killstreak	ucav_mq_1_predator_default	no suspended armament
ucav_mq_1_predator_sweden_killstreak	ucav_mq_1_predator_default	no suspended armament
ucav_mq_1_predator_uk_killstreak	ucav_mq_1_predator_default	no suspended armament
ucav_mq_1_predator_usa_killstreak	ucav_mq_1_predator_default	no suspended armament
ucav_orion	ucav_orion_default	2x kornet
ucav_orion	ucav_orion_kornet_fm3	2x kornet fm3
ucav_orion	ucav_orion_kab_50l	2x kab 50l
ucav_orion	ucav_orion_kab_50tv	2x kab 50tv
ucav_orion_killstreak	ucav_orion_default	2x kornet
ucav_orion_killstreak	ucav_orion_kornet_fm3	2x kornet fm3
ucav_orion_killstreak	ucav_orion_kab_50l	2x kab 50l
ucav_orion_killstreak	ucav_orion_kab_50tv	2x kab 50tv
ucav_recon_micro	ucav_scout_default	no suspended armament
ucav_recon_micro_flir	ucav_scout_default	no suspended armament
ucav_wing_loong_i	ucav_wing_loong_default	2x akd 9
ucav_wing_loong_i	ucav_wing_loong_akd_10	2x akd 10
ucav_wing_loong_i_killstreak	ucav_wing_loong_default	2x akd 9
ucav_wing_loong_i_killstreak	ucav_wing_loong_akd_10	2x akd 10
uh_1b	uh_1b_default	2x ffar
uh_1b	uh_1b_xm159	2x ffar extra; 2x ffar
uh_1b	uh_1b_rocket_ss11_default	agm22 left default; agm22 right default
uh_1b	uh_1b_rocket_ss11	agm22 left; agm22 right
uh_1b	uh_1b_xm18	m134 xm18 left; m134 xm18 right
uh_1b	uh_1b_xm21	m134 xm21 left; m134 xm21 right
uh_1b_japan	uh_1b_japan_default	4x ffar
uh_1c	uh_1c_default	2x ffar
uh_1c	uh_1c_xm159	2x ffar extra; 2x ffar
uh_1c	uh_1c_rocket_ss11_default	agm22 left default; agm22 right default
uh_1c	uh_1c_rocket_ss11	agm22 left; agm22 right
uh_1c	uh_1c_rocket_TOW	2x bgm71
uh_1c	uh_1c_xm18	m134 xm18 left; m134 xm18 right
uh_1c	uh_1c_xm21	m134 xm21 left; m134 xm21 right
uh_1c_xm_30	uh_1c_xm_30_default	xm140 left; xm140 right
uh_1c_xm_30	uh_1c_xm_30_rocket	2x ffar
uh_1c_xm_30	uh_1c_xm_30_xm159	2x ffar extra; 2x ffar
uh_1c_xm_30	uh_1c_xm_30_rocket_TOW	2x bgm71
uh_1c_xm_30	uh_1c_xm_30_xm18	m134 xm18 left; m134 xm18 right
uh_1c_xm_30	uh_1c_xm_30_xm21	m134 xm21 left; m134 xm21 right
uh_1d	uh_1d_default	2x ffar
uh_1d	uh_1d_lr68	2x lr68
uh_1d	uh_1d_rocket_ss11_default	agm22 left default; agm22 right default
uh_1d	uh_1d_rocket_ss11	agm22 left; agm22 right
uh_1d	uh_1d_xm18	m134 xm18 left; m134 xm18 right
v_11g	v_11g_default	no suspended armament
v_11g	v_11g_250lbs	no suspended armament
v_11g	v_11g_500lbs	no suspended armament
v_12d	v_12d_default	no suspended armament
v_12d	v_12d_250lbs	no suspended armament
v_12d	v_12d_500lbs	no suspended armament
v_156_b1	v_156_b1_default	250lb slot2
v_156_b1	v_156_b1_250lb	250lb slot1; 250lb slot2; 250lb slot3
v_156_b1	v_156_b1_500lb	500lb slot1; 500lb slot2; 500lb slot3
v_156_f	v_156_f_default	no suspended armament
v_156_f	v_156_f_2x100kg	no suspended armament
vampire_fb5	vampire_fb5_default	no suspended armament
vampire_fb5	vampire_fb5_500lbs_bombs	no suspended armament
vampire_fb5	vampire_fb5_500lbs_bombs_fb5_8rockets	no suspended armament
vampire_fb5	vampire_fb5_1000lbs_bombs	no suspended armament
vampire_fb5	vampire_fb5_8rockets	no suspended armament
vampire_fb5	vampire_fb5_500lbs_mc_bombs	no suspended armament
vampire_fb5	vampire_fb5_500lbs_mc_bombs_fb5_8rockets	no suspended armament
vampire_fb5_j28b	vampire_fb5_default	no suspended armament
vampire_fb5_j28b	vampire_fb5_j28_145mm_x14_rockets	no suspended armament
vampire_fb5_j28b	vampire_fb5_j28_150mm_x14_rockets	no suspended armament
vampire_fb52_finland	vampire_fb5_default	no suspended armament
vampire_fb52_finland	vampire_fb5_500lbs_bombs	no suspended armament
vampire_fb52_finland	vampire_fb5_500lbs_bombs_fb5_8rockets	no suspended armament
vampire_fb52_finland	vampire_fb5_1000lbs_bombs	no suspended armament
vampire_fb52_finland	vampire_fb5_8rockets	no suspended armament
vampire_fb52_finland	vampire_fb5_500lbs_mc_bombs	no suspended armament
vampire_fb52_finland	vampire_fb5_500lbs_mc_bombs_fb5_8rockets	no suspended armament
vampire_fb52a_italy	vampire_fb5_default	no suspended armament
vampire_fb52a_italy	vampire_fb5_500lbs_bombs	no suspended armament
vampire_fb52a_italy	vampire_fb5_500lbs_bombs_fb5_8rockets	no suspended armament
vampire_fb52a_italy	vampire_fb5_1000lbs_bombs	no suspended armament
vampire_fb52a_italy	vampire_fb5_8rockets	no suspended armament
vampire_fb52a_italy	vampire_fb5_500lbs_mc_bombs	no suspended armament
vampire_fb52a_italy	vampire_fb5_500lbs_mc_bombs_fb5_8rockets	no suspended armament
vb_10_02	vb_10_02_default	no suspended armament
vb_10c1	vb_10c_1_default	no suspended armament
venom_fb4	venom_fb4_default	no suspended armament
venom_fb4	venom_fb4_2x1000lbs_bombs	no suspended armament
venom_fb4	venom_fb4_2x500lbs_bombs	no suspended armament
venom_fb4	venom_fb4_8rockets	no suspended armament
venom_fb4	venom_fb4_8rockets_2x500lbs_bombs	no suspended armament
venom_fb4	venom_fb4_2x500lbs_mc_bombs	no suspended armament
venom_fb4	venom_fb4_8rockets_2x500lbs_mc_bombs	no suspended armament
venom_fb4	venom_fb4_2ptb	no suspended armament
vg_33	vg_33_default	no suspended armament
vl_myrsky_2_late	vl_myrsky_2_late_default	no suspended armament
vl_myrsky_2_late	vl_myrsky_2_late_2x50kg	no suspended armament
vl_myrsky_2_late	vl_myrsky_2_late_2x50kg_germ	no suspended armament
vl_myrsky_2_late	vl_myrsky_2_late_2x100kg	no suspended armament
walrus_mk1	walrus_mk1_default	no suspended armament
washington_b1	B29_default	no suspended armament
washington_b1	B29_12x1000lbs	no suspended armament
washington_b1	B29_40x500lbs	no suspended armament
washington_b1	B29_8x2000lbs	no suspended armament
washington_b1	b-29_4x4000lbs	no suspended armament
wasp_has_mk1	wasp_has_mk1_default	no suspended armament
wasp_has_mk1	wasp_has_mk1_ss12	no suspended armament
welkin_fmk1	welkin_fmk1_default	no suspended armament
wellington_mk10	wellington_10x250lbs	no suspended armament
wellington_mk10	wellington_18x250lbs	no suspended armament
wellington_mk10	wellington_9x500lbs	no suspended armament
wellington_mk10	wellington_2x1000lbs_6x250lbs	no suspended armament
wellington_mk10	wellington_torpedoes	no suspended armament
wellington_mk10	wellington_cookie	no suspended armament
wellington_mk10	wellington_default	no suspended armament
wellington_mk10	wellington_9x500lbs_sap	no suspended armament
wellington_mk10	wellington_2x2000lbs_sap	no suspended armament
wellington_mk1c	wellington_10x250lbs	no suspended armament
wellington_mk1c	wellington_18x250lbs	no suspended armament
wellington_mk1c	wellington_9x500lbs	no suspended armament
wellington_mk1c	wellington_2x1000lbs_6x250lbs	no suspended armament
wellington_mk1c	wellington_torpedoes	no suspended armament
wellington_mk1c	wellington_cookie	no suspended armament
wellington_mk1c	wellington_default	no suspended armament
wellington_mk1c	wellington_9x500lbs_sap	no suspended armament
wellington_mk1c	wellington_2x2000lbs_sap	no suspended armament
wellington_mk1c_late	wellington_10x250lbs	no suspended armament
wellington_mk1c_late	wellington_18x250lbs	no suspended armament
wellington_mk1c_late	wellington_9x500lbs	no suspended armament
wellington_mk1c_late	wellington_2x1000lbs_6x250lbs	no suspended armament
wellington_mk1c_late	wellington_torpedoes	no suspended armament
wellington_mk1c_late	wellington_cookie	no suspended armament
wellington_mk1c_late	wellington_default	no suspended armament
wellington_mk1c_late	wellington_9x500lbs_sap	no suspended armament
wellington_mk1c_late	wellington_2x2000lbs_sap	no suspended armament
wellington_mk1c_luftwaffe	wellington_18x250lbs	no suspended armament
wellington_mk1c_luftwaffe	wellington_9x500lbs	no suspended armament
wellington_mk1c_luftwaffe	wellington_default	no suspended armament
wellington_mk3	wellington_10x250lbs	no suspended armament
wellington_mk3	wellington_18x250lbs	no suspended armament
wellington_mk3	wellington_9x500lbs	no suspended armament
wellington_mk3	wellington_2x1000lbs_6x250lbs	no suspended armament
wellington_mk3	wellington_torpedoes	no suspended armament
wellington_mk3	wellington_cookie	no suspended armament
wellington_mk3	wellington_default	no suspended armament
wellington_mk3	wellington_9x500lbs_sap	no suspended armament
wellington_mk3	wellington_2x2000lbs_sap	no suspended armament
wessex_mk5	wessex_mk5_default	no suspended armament
wessex_mk5	wessex_mk5_ss11	2x ss 11 external; 2x ss 11 internal
wessex_mk5	wessex_mk5_as12	2x as 12
wessex_mk5	wessex_mk5_matra_6_mk_1	2x matra 6 mk 1
whirlwind_mk1	whirlwind_mk1_default	no suspended armament
whirlwind_mk1	whirlwind_mk1_2x250lbs	no suspended armament
whirlwind_mk1	whirlwind_mk1_2x500lbs	no suspended armament
whirlwind_mk1	whirlwind_mk1_2x500lbs_sap	no suspended armament
whirlwind_p9	whirlwind_mk1_default	no suspended armament
wirraway	wirraway_default	no suspended armament
wirraway	wirraway_4x250lbs	4x 250lb
wirraway	wirraway_2x500lbs	2x 500lb
wirraway	wirraway_2x500lbs_sap	2x 500lb sap
wm_21	wm_21_default	no suspended armament
wm_21	wm_21_12x_sd10a	de sd10a slot1
wm_23	wm_23_default	no suspended armament
wyvern_s4	wyvern_s4_default	no suspended armament
wyvern_s4	wyvern_s4_8x25lb_rockets	8x 25lbs 8
wyvern_s4	wyvern_s4_8x60lb_rockets	8x 60lbs 8
wyvern_s4	wyvern_s4_16x25lb_rockets	8x 25lbs 16
wyvern_s4	wyvern_s4_16x60lb_rockets	8x 60lbs 16
wyvern_s4	wyvern_s4_redangel	2x red angel
wyvern_s4	wyvern_s4_3x500lb	500lbs slot5; 500lbs; 500lbs slot7
wyvern_s4	wyvern_s4_3x500lb_sap	500lbs ap slot5; 500lbs ap; 500lbs ap slot7
wyvern_s4	wyvern_s4_3x1000lb	1000lbs slot5; 1000lbs; 1000lbs slot7
wyvern_s4	wyvern_s4_1x2000lb_sap	2000lbs ap
wyvern_s4	wyvern_s4_torpedo_mk15	torpedo
wyvern_s4	wyvern_s4_torpedo_mk15_16x60lb_rockets	8x 60lbs 16; torpedo
xa_38	xa_38_default	no suspended armament
xa_38	xa_38_4x100_lb	4x 100lb
xa_38	xa_38_4x250_lb	4x 250lb
xa_38	xa_38_4x500_lb	4x 500lb
xf5f	xf5f_default	no suspended armament
xf5u_1	xf5u_1_default	no suspended armament
xf5u_1	xf5u_1_bombs	2x 500lb
xf5u_1	xf5u_1_1000lb_bombs	2x 1000lb
xp-50	xp-50_default	no suspended armament
xp-55	xp-55_default	no suspended armament
yah_64	yah_64_default	no suspended armament
yah_64	yah_64_hydra_70_m247	4x m247
yah_64	yah_64d_4_hellfire	2x 114b x2 default
yah_64	yah_64d_8_hellfire	2x 114b x2 default; 2x 114b x2
yah_64	yah_64_16_hellfire	4x 114b x4
yak_1_litvyak	default	no suspended armament
yak_1_litvyak	fab50	no suspended armament
yak_1_litvyak	fab100	no suspended armament
yak_130_early	yak_130_early_default	ptb slot3; ptb slot4
yak_130_early	yak_130_early_b8m1	s 8ko slot2; s 8ko slot3; s 8ko slot4; s 8ko slot5
yak_130_early	yak_130_early_c13	c13 slot2; c13 slot3; c13 slot4; c13 slot5
yak_130_early	yak_130_early_s25ofm	s 25ofm 1 slot2; s 25ofm 1 slot3; s 25ofm 1 slot4; s 25ofm 1 slot5
yak_130_early	yak_130_early_ofab_100_120	ofab 100 120 slot2; ofab 100 120 slot3; ofab 100 120 slot4; ofab 100 120 slot5
yak_130_early	yak_130_early_ofab_250_270	ofab 250 270 slot2; ofab 250 270 slot3; ofab 250 270 slot4; ofab 250 270 slot5
yak_130_early	yak_130_early_fab_250m_54	fab 250m 54 slot2; fab 250m 54 slot3; fab 250m 54 slot4; fab 250m 54 slot5
yak_130_early	yak_130_early_fab_250m_62	fab 250m 62 slot2; fab 250m 62 slot3; fab 250m 62 slot4; fab 250m 62 slot5
yak_130_early	yak_130_early_fab_500m_54	fab 500m 54 slot2; fab 500m 54 slot3; fab 500m 54 slot4; fab 500m 54 slot5
yak_130_early	yak_130_early_fab_500m_62	fab 500m 62 slot2; fab 500m 62 slot3; fab 500m 62 slot4; fab 500m 62 slot5
yak_130_early	yak_130_early_kab_500kr	kab 500kr slot2; kab 500kr slot3; kab 500kr slot4; kab 500kr slot5
yak_130_early	yak_130_early_zb_500	zb 500 slot2; zb 500 slot3; zb 500 slot4; zb 500 slot5
yak_141	yak_141_default	no suspended armament
yak_141	yak_141_2x_r_60m	2x default r60m; 2x r27r default
yak_141	yak_141_4x_r_60m	2x default r60m; 2x r60m
yak_141	yak_141_2x_r_73	4x r73
yak_141	yak_141_4x_r_27r	2x r27r; 2x r27r default
yak_141	yak_141_2x_r_27er	2x r27er
yak_141	yak_141_2x_r_27et	2x r27et
yak_141	yak_141_4x_r_27t	4x r27t
yak_141	yak_141_4x_ub_32	4x ub32
yak_141	yak_141_4x_b8m1	4x b8m1 s 8ko
yak_141	yak_141_4x_s24	4x s24
yak_141	yak_141_4x_b13l	4x c13
yak_141	yak_141_4x_ofab_120_100	4x fab 100 x4
yak_141	yak_141_4x_fab_250	4x fab 250m 62
yak_141	yak_141_4x_fab_500	4x fab 500m 62t
yak_141	yak_141_4x_fab_250sh	4x ofab 250sh
yak_141	yak_141_4x_fab_500sh	4x fab 500sh
yak_141	yak_141_4x_zb_500	4x zb 500
yak_141	yak_141_4x_upk_23_250	4x upk23 gunpod
yak_2_kabb	yak_2_kabb_default	no suspended armament
yak_2_kabb	yak_2_kabb_4x100kg	no suspended armament
yak-1_early	default	no suspended armament
yak-1_early	fab50	no suspended armament
yak-1_early	fab100	no suspended armament
yak-15	yak-15_default	no suspended armament
yak-15_early	yak-15_early_default	no suspended armament
yak-17	yak-17_default	no suspended armament
yak-1b	Yak1b_default	no suspended armament
yak-1b	Yak1b_fab50	no suspended armament
yak-1b_luftwaffe	Yak1b_default	no suspended armament
yak-23	yak-23_default	no suspended armament
yak-28b	yak_28b_default	no suspended armament
yak-28b	yak_28b_6x_fab250m_46	no suspended armament
yak-28b	yak_28b_2x_fab500m_46	no suspended armament
yak-28b	yak_28b_fab1500m_46	no suspended armament
yak-28b	yak_28b_fab3000m_46	no suspended armament
yak-3	Yak3_default	no suspended armament
yak-3_eremin	Yak3_default	no suspended armament
yak-3_france	Yak3_default	no suspended armament
yak-3_vk107	Yak3_default	no suspended armament
yak-30d	yak_30d_default	no suspended armament
yak-38	yak_38_default	gsh23l default left; 2x r60 2; gsh23l default right
yak-38	yak_38_2x_r60	2x r60 default
yak-38	yak_38_4x_r60	2x r60 default; 2x r60 2
yak-38	yak_38_4x_ub16	4x ub16
yak-38	yak_38_2x_ub32	2x ub32; 2x r60 2
yak-38	yak_38_2x_b8m1	2x b8m1; 2x r60 2
yak-38	yak_38_4x_s24	4x s24
yak-38	yak_38_2x_kh23m_delta	2x x23m; delta ng
yak-38	yak_38_10x_ofab100	ofab100 x3 left; 2x ofab100; ofab100 x3 right
yak-38	yak_38_4x_ofab250	4x fab250
yak-38	yak_38_2x_ofab500	2x fab500; 2x r60 2
yak-38	yak_38_2x_zb500	2x zb500; 2x r60 2
yak-38	yak_38_4x_upk23	gsh23l default left; 2x gsh23l; gsh23l default right
yak-38m	yak_38m_default	gsh23l default left; 2x r60 2; gsh23l default right
yak-38m	yak_38m_2x_r60	2x r60 default
yak-38m	yak_38_4x_r60	2x r60 default; 2x r60 2
yak-38m	yak_38m_4x_ub16	4x ub16
yak-38m	yak_38m_2x_ub32	2x ub32; 2x r60 2
yak-38m	yak_38m_2x_b8m1	2x b8m1; 2x r60 2
yak-38m	yak_38m_4x_s24	4x s24
yak-38m	yak_38m_2x_kh23m_delta	2x x23m; delta ng
yak-38m	yak_38m_10x_ofab100	ofab100 x3 left; 2x ofab100; ofab100 x3 right
yak-38m	yak_38m_4x_ofab250	4x fab250
yak-38m	yak_38m_2x_ofab500	2x fab500; 2x r60 2
yak-38m	yak_38m_2x_zb500	2x zb500
yak-38m	yak_38m_4x_upk23	gsh23l default left; 2x gsh23l; gsh23l default right
yak-3p	Yak3p_default	no suspended armament
yak-3t	Yak3_default	no suspended armament
yak-3u	LA9_default	no suspended armament
yak-4	yak-4_default	no suspended armament
yak-7b	Yak7b_default	no suspended armament
yak-7b	Yak7b_fab50	no suspended armament
yak-7b	Yak7b_rockets	no suspended armament
yak-7b	Yak7b_rockets_rbs	no suspended armament
yak-9	Yak9_default	no suspended armament
yak-9b	Yak9b_default	no suspended armament
yak-9b	Yak9b_2xfab100	no suspended armament
yak-9b	Yak9b_3xfab100	no suspended armament
yak-9b	Yak9b_4xfab100	no suspended armament
yak-9k	Yak9_default	no suspended armament
yak-9m	Yak9_default	no suspended armament
yak-9p	Yak9p_default	no suspended armament
yak-9p_hungary	Yak9p_default	no suspended armament
yak-9t	Yak9_default	no suspended armament
yak-9t_france	Yak9_default	no suspended armament
yak-9u	Yak9u_default	no suspended armament
yak-9ut	Yak9u_default	no suspended armament
yp-38	p-38g_default	no suspended armament
z_10	z_10_default	no suspended armament
z_10	z_10_akd_9_default	akd 9 default
z_10	z_10_akd_9	akd 9 default; akd 9
z_10	z_10_akd_10	2x akd 10
z_10	z_10_hf_7d	4x hf27
z_10	z_10_hf_25	2x hf25
z_10	z_10_ty_90	4x ty 90
z_10	z_10_gun_pod	2x gun pod
z_1007_bis_serie3	z_1007_18x50kg	gp50 x3 slot1; gp50 x6 slot2; gp50 x6 slot3; gp50 x3 slot4
z_1007_bis_serie3	z_1007_18x100kg_t	gp100 x3 slot1; gp100 x6 slot2; gp100 x6 slot3; gp100 x3 slot4
z_1007_bis_serie3	z_1007_6x250kg	gp250 x2 slot1; gp250 x2 slot2; gp250 x2 slot4
z_1007_bis_serie3	z_1007_2x500kg	gp500 x1 slot2; gp500 x1 slot3
z_1007_bis_serie3	z_1007_1x800kg	gp800 x1 slot2
z_1007_bis_serie3	z_1007_4x_160kg_ap	ap160 x4 slot2
z_1007_bis_serie3	z_1007_torpedo	torp x1 slot2
z_1007_bis_serie5	z_1007_18x50kg	gp50 x3 slot1; gp50 x6 slot2; gp50 x6 slot3; gp50 x3 slot4
z_1007_bis_serie5	z_1007_18x100kg_t	gp100 x3 slot1; gp100 x6 slot2; gp100 x6 slot3; gp100 x3 slot4
z_1007_bis_serie5	z_1007_6x250kg	gp250 x2 slot1; gp250 x2 slot2; gp250 x2 slot4
z_1007_bis_serie5	z_1007_2x500kg	gp500 x1 slot2; gp500 x1 slot3
z_1007_bis_serie5	z_1007_1x800kg	gp800 x1 slot2
z_1007_bis_serie5	z_1007_4x_160kg_ap	ap160 x4 slot2
z_1007_bis_serie5	z_1007_torpedo	torp x1 slot2
z_10a	z_10_default	no suspended armament
z_10a	z_10_akd_9_default	akd 9 default
z_10a	z_10_akd_9	akd 9 default; akd 9
z_10a	z_10_akd_10	2x akd 10
z_10a	z_10_hf_7d	4x hf27
z_10a	z_10_hf_25	2x hf25
z_10a	z_10_ty_90	4x ty 90
z_10a	z_10_gun_pod	2x gun pod
z_10me	z_10_default	no suspended armament
z_10me	z_10_akd_9_default	akd 9 default
z_10me	z_10_akd_9	akd 9 default; akd 9
z_10me	z_10_akd_10	2x akd 10
z_10me	z_10_cm_502kg	cm 502kg slot1; cm 502kg slot2; cm 502kg slot3; cm 502kg slot4
z_10me	z_10_cm_ba_11	ba 11 slot1; ba 11 slot4
z_10me	z_10_hf_7d	4x hf27
z_10me	z_10_hf_25	2x hf25
z_10me	z_10_ty_90	4x ty 90
z_10me	z_10_gun_pod	2x gun pod
z_11wa	z_11wa_default	2x hf25
z_11wa	z_11wa_hf_27	2x hf27
z_11wa	z_11wa_hj_8	hj8 default left wing; hj8 right wing
z_11wa	z_11wa_hj_8_c	hj8 c left wing; hj8 c right wing
z_11wa	z_11wa_gun_pod	2x gun pod
z_19	z_19_default	4x hf25
z_19	z_19_akd_9_default	akd 9 x4 default
z_19	z_19_hf7d	4x hf7d
z_19	z_19_akd_9	akd 9 x4 default; akd 9 x4
z_19	z_19_ty_90	2x ty 90
z_19	z_19_gunpods	2x gun pod
z_19e	z_19e_default	4x hf25
z_19e	z_19e_hf7d	4x hf7d
z_19e	z_19e_ba_9	2x ba 9 x4
z_19e	z_19e_ty_90	2x ty 90
z_19e	z_19e_gunpods	2x gun pod
z_19e	z_19e_ba_9_ty_90	2x ba 9 x4; 2x ty 90
z_19e	z_19e_ba_9_gunnpod	2x ba 9 x4; 2x gun pod
z_19e	z_19e_ba_9_hf7d	2x ba 9 x4; 2x hf7d
z_9w	z_9w_default	2x hf25
z_9w	z_9w_gun_pod	2x gun pod
z_9w	z_9w_hf_6	2x hf 6 type90 heat
z_9w	z_9w_hj_8	hj8 left wing default; hj8 right wing
z_9w	z_9w_hj_8c	hj8 c left wing; hj8 c right wing
z_9w	z_9w_hj_8e	hj8 e left wing; hj8 e right wing
z_9w	z_9w_ty_90	2x ty 90
z_9w	z_9w_cannon_pod	2x cannon pod
z_9wa	z_9wa_default	2x hf25
z_9wa	z_9wa_gun_pod	2x gun pod
z_9wa	z_9wa_hj_8e_default	hj8 e left wing default
z_9wa	z_9wa_hf_6	2x hf 6 type90 heat
z_9wa	z_9wa_hj_8e	hj8 e left wing default; hj8 e right wing
z_9wa	z_9wa_hj_8h	hj8 h left wing; hj8 h right wing
z_9wa	z_9wa_akd_9	2x akd 9 x4
z_9wa	z_9wa_ty_90	2x ty 90
z_9wa	z_9wa_cannon_pod	2x cannon pod
zeppelin	zeppelin_default	no suspended armament
uav_inf_fpv_strike_drone	uav_inf_fpv_strike_drone_common	Built-in 2.6 kg HEAT warhead
fau-1	fau-1_default	Built-in event warhead
