aam	gameData/Weapons/containers/us_sul_rah_66.blk	1	missile_air_to_air_group_heli	ATAS (AIM-92) missiles x2	Air-to-Air Missiles	20.2	20.2
aam	gameData/Weapons/containers/atas_2x_stinger_left.blk	1	missile_air_to_air_group_heli_vertical	ATAS (AIM-92) missiles x2	Air-to-Air Missiles	20.2	20.2
aam	gameData/Weapons/containers/atas_2x_stinger_right.blk	1	missile_air_to_air_group_heli_vertical	ATAS (AIM-92) missiles x2	Air-to-Air Missiles	20.2	20.2
aam	gameData/Weapons/containers/atas_2x_stinger_atas_tiger.blk	1	missile_air_to_air_group_heli	ATAS (AIM-92) missiles x2	Air-to-Air Missiles	20.2	20.2
aam	gameData/Weapons/containers/atas_2x_stinger.blk	1	missile_air_to_air_group_heli	ATAS (AIM-92) missiles x2	Air-to-Air Missiles	20.2	20.2
aam	gameData/Weapons/containers/amtsh_9m39_2x_igla.blk	1	missile_air_to_air_group	9M39 Igla air-to-air missiles x2	Air-to-Air Missiles	21.2	21.2
aam	gameData/Weapons/containers/9m39_2x_igla.blk	1	missile_air_to_air_group	9M39 Igla air-to-air missiles x2	Air-to-Air Missiles	21.2	21.2
aam	gameData/Weapons/containers/amtsh_9m336_2x_verba.blk	1	missile_air_to_air_group	9M336 Verba air-to-air missiles x2	Air-to-Air Missiles	23.4	23.4
aam	gameData/Weapons/containers/atam_2x_mistral_a129.blk	1	missile_air_to_air_special_heli	Mistral air-to-air missiles x2	Air-to-Air Missiles	37.4	37.4
aam	gameData/Weapons/containers/atam_2x_mistral.blk	1	missile_air_to_air_special_heli	Mistral air-to-air missiles x2	Air-to-Air Missiles	37.4	37.4
aam	gameData/Weapons/containers/atas_2x_stinger_right.blk	2	missile_air_to_air_group_heli_vertical	ATAS (AIM-92) missiles x2	Air-to-Air Missiles	20.2	40.4
aam	gameData/Weapons/containers/atas_2x_stinger_left.blk	2	missile_air_to_air_group_heli_vertical	ATAS (AIM-92) missiles x2	Air-to-Air Missiles	20.2	40.4
aam	gameData/Weapons/containers/amtsh_9m39_4x_igla.blk	1	missile_air_to_air_group_x4	9M39 Igla air-to-air missiles x4	Air-to-Air Missiles	42.4	42.4
aam	gameData/Weapons/containers/9m39_4x_igla.blk	1	missile_air_to_air_group_x4	9M39 Igla air-to-air missiles x4	Air-to-Air Missiles	42.4	42.4
aam	gameData/Weapons/containers/p_62_2_l_r_60.blk	1	missile_type_b_air_to_air	R-60 air-to-air missiles	Air-to-Air Missiles	43.5	43.5
aam	gameData/Weapons/rocketGuns/su_r_60.blk	1	missile_air_to_air	R-60 air-to-air missiles	Air-to-Air Missiles	43.5	43.5
aam	gameData/Weapons/containers/p_62_2_r_r_60.blk	1	missile_type_b_air_to_air	R-60 air-to-air missiles	Air-to-Air Missiles	43.5	43.5
aam	gameData/Weapons/rocketGuns/su_r_60_default.blk	1	missile_air_to_air	R-60 air-to-air missiles	Air-to-Air Missiles	43.5	43.5
aam	gameData/Weapons/rocketGuns/su_r_60m.blk	1	missile_type_b_air_to_air	R-60M air-to-air missiles	Air-to-Air Missiles	44	44
aam	gameData/Weapons/rocketGuns/su_r_60m_default.blk	1	missile_type_b_air_to_air	R-60M air-to-air missiles	Air-to-Air Missiles	44	44
aam	gameData/Weapons/rocketGuns/su_r_60mk_default.blk	1	missile_type_b_air_to_air	R-60MK air-to-air missiles	Air-to-Air Missiles	44	44
aam	gameData/Weapons/rocketGuns/su_r_60mk.blk	1	missile_type_b_air_to_air	R-60MK air-to-air missiles	Air-to-Air Missiles	44	44
aam	gameData/Weapons/containers/amtsh_9m336_4x_verba.blk	1	missile_air_to_air_group_x4	9M336 Verba air-to-air missiles x4	Air-to-Air Missiles	46.8	46.8
aam	gameData/Weapons/containers/starstreak_2x_launcher.blk	2	missile_air_to_air_group_heli_vertical	Starstreak air-to-air missiles x2	Air-to-Air Missiles	28	56
aam	gameData/Weapons/rocketGuns/de_x4_ruhrstahl.blk	1	rockets_he_large	Ruhrstahl X-4 air-to-air missiles	Air-to-Air Missiles	60	60
aam	gameData/Weapons/rocketGuns/il_shafrir_1.blk	1	missile_air_to_air	Shafrir air-to-air missiles	Air-to-Air Missiles	65	65
aam	gameData/Weapons/rocketGuns/us_aim4g_falcon.blk	1	missile_air_to_air_ir_large	AIM-4G Super Falcon air-to-air missiles	Air-to-Air Missiles	66.224	66.224
aam	gameData/Weapons/rocketGuns/us_aim4g_falcon_default.blk	1	missile_air_to_air_ir_large	AIM-4G Super Falcon air-to-air missiles	Air-to-Air Missiles	66.224	66.224
aam	gameData/Weapons/rocketGuns/us_aim4f_falcon.blk	1	missile_air_to_air_midrange	AIM-4F Super Falcon air-to-air missiles	Air-to-Air Missiles	68.919	68.919
aam	gameData/Weapons/rocketGuns/us_aim9b_sidewinder.blk	1	missile_air_to_air	AIM-9B Sidewinder air-to-air missiles	Air-to-Air Missiles	72.57	72.57
aam	gameData/Weapons/containers/aero_3b_aim9b_right_wing_default.blk	1	missile_air_to_air	AIM-9B Sidewinder air-to-air missiles	Air-to-Air Missiles	72.57	72.57
aam	gameData/Weapons/containers/aero_3b_aim9b_left_wing_default.blk	1	missile_air_to_air	AIM-9B Sidewinder air-to-air missiles	Air-to-Air Missiles	72.57	72.57
aam	gameData/Weapons/containers/aero_3b_aim9b_left_wing.blk	1	missile_air_to_air	AIM-9B Sidewinder air-to-air missiles	Air-to-Air Missiles	72.57	72.57
aam	gameData/Weapons/rocketGuns/us_aim9b_sidewinder_default.blk	1	missile_air_to_air	AIM-9B Sidewinder air-to-air missiles	Air-to-Air Missiles	72.57	72.57
aam	gameData/Weapons/containers/aero_3b_aim9b_right_wing.blk	1	missile_air_to_air	AIM-9B Sidewinder air-to-air missiles	Air-to-Air Missiles	72.57	72.57
aam	gameData/Weapons/rocketGuns/sws_flz_lwf_63.blk	1	missile_type_c_air_to_air	Flz Lwf 63 air-to-air missiles	Air-to-Air Missiles	72.57	72.57
aam	gameData/Weapons/rocketGuns/swd_rb24.blk	1	missile_air_to_air	RB24 air-to-air missiles	Air-to-Air Missiles	72.57	72.57
aam	gameData/Weapons/rocketGuns/swd_rb24_default.blk	1	missile_air_to_air	RB24 air-to-air missiles	Air-to-Air Missiles	72.57	72.57
aam	gameData/Weapons/rocketGuns/ro_a91_default.blk	1	missile_air_to_air	A-91 air-to-air missiles	Air-to-Air Missiles	75.3	75.3
aam	gameData/Weapons/rocketGuns/ro_a91.blk	1	missile_air_to_air	A-91 air-to-air missiles	Air-to-Air Missiles	75.3	75.3
aam	gameData/Weapons/rocketGuns/su_pl2.blk	1	missile_air_to_air	PL-2 air-to-air missiles	Air-to-Air Missiles	75.3	75.3
aam	gameData/Weapons/rocketGuns/su_r_3r.blk	1	missile_air_to_air_special	R-3R air-to-air missiles	Air-to-Air Missiles	75.3	75.3
aam	gameData/Weapons/rocketGuns/su_r_3r_default.blk	1	missile_air_to_air_special	R-3R air-to-air missiles	Air-to-Air Missiles	75.3	75.3
aam	gameData/Weapons/rocketGuns/su_r_3s.blk	1	missile_air_to_air	R-3S air-to-air missiles	Air-to-Air Missiles	75.3	75.3
aam	gameData/Weapons/rocketGuns/su_r_3s_default.blk	1	missile_air_to_air	R-3S air-to-air missiles	Air-to-Air Missiles	75.3	75.3
aam	gameData/Weapons/containers/aero_3b_aim9e_right_wing.blk	1	missile_air_to_air	AIM-9E Sidewinder air-to-air missiles	Air-to-Air Missiles	76.43	76.43
aam	gameData/Weapons/rocketGuns/us_aim9e_sidewinder_default.blk	1	missile_type_c_air_to_air	AIM-9E Sidewinder air-to-air missiles	Air-to-Air Missiles	76.43	76.43
aam	gameData/Weapons/containers/lau_7a_aim9e_left_wing_default.blk	1	missile_type_b_air_to_air	AIM-9E Sidewinder air-to-air missiles	Air-to-Air Missiles	76.43	76.43
aam	gameData/Weapons/rocketGuns/us_aim9e_sidewinder.blk	1	missile_type_b_air_to_air	AIM-9E Sidewinder air-to-air missiles	Air-to-Air Missiles	76.43	76.43
aam	gameData/Weapons/containers/lau_7a_aim9e_right_wing_default.blk	1	missile_type_b_air_to_air	AIM-9E Sidewinder air-to-air missiles	Air-to-Air Missiles	76.43	76.43
aam	gameData/Weapons/containers/aero_3b_aim9e_left_wing.blk	1	missile_air_to_air	AIM-9E Sidewinder air-to-air missiles	Air-to-Air Missiles	76.43	76.43
aam	gameData/Weapons/rocketGuns/sws_flz_lwf_63_75.blk	1	missile_type_b_air_to_air	Flz Lwf LL 63/75 SIWA air-to-air missiles	Air-to-Air Missiles	76.43	76.43
aam	gameData/Weapons/rocketGuns/us_aim9j_sidewinder_default.blk	1	missile_type_c_air_to_air	AIM-9J Sidewinder air-to-air missiles	Air-to-Air Missiles	76.93	76.93
aam	gameData/Weapons/rocketGuns/us_aim9j_sidewinder.blk	1	missile_type_c_air_to_air	AIM-9J Sidewinder air-to-air missiles	Air-to-Air Missiles	76.93	76.93
aam	gameData/Weapons/rocketGuns/us_aim9n_sidewinder.blk	1	missile_type_b_air_to_air	AIM-9N Sidewinder air-to-air missiles	Air-to-Air Missiles	76.93	76.93
aam	gameData/Weapons/containers/lau_114_2_aim9p_right_wing.blk	1	missile_air_to_air	AIM-9P Sidewinder air-to-air missiles	Air-to-Air Missiles	76.93	76.93
aam	gameData/Weapons/rocketGuns/us_aim9p_sidewinder_default.blk	1	missile_type_b_air_to_air	AIM-9P Sidewinder air-to-air missiles	Air-to-Air Missiles	76.93	76.93
aam	gameData/Weapons/containers/lau_114_2_aim9p_left_wing.blk	1	missile_air_to_air	AIM-9P Sidewinder air-to-air missiles	Air-to-Air Missiles	76.93	76.93
aam	gameData/Weapons/rocketGuns/us_aim9p_sidewinder.blk	1	missile_type_b_air_to_air	AIM-9P Sidewinder air-to-air missiles	Air-to-Air Missiles	76.93	76.93
aam	gameData/Weapons/rocketGuns/us_aim9p4_sidewinder.blk	1	missile_type_b_air_to_air	AIM-9P-4 Sidewinder air-to-air missiles	Air-to-Air Missiles	76.93	76.93
aam	gameData/Weapons/rocketGuns/us_aim9p4_sidewinder_default.blk	1	missile_type_b_air_to_air	AIM-9P-4 Sidewinder air-to-air missiles	Air-to-Air Missiles	76.93	76.93
aam	gameData/Weapons/rocketGuns/sws_flz_lwf_63_80.blk	1	missile_type_c_air_to_air	Flz Lwf 63/80 air-to-air missiles	Air-to-Air Missiles	76.93	76.93
aam	gameData/Weapons/rocketGuns/swd_rb24j_default.blk	1	missile_type_b_air_to_air	RB24J air-to-air missiles	Air-to-Air Missiles	76.93	76.93
aam	gameData/Weapons/rocketGuns/swd_rb24j.blk	1	missile_type_b_air_to_air	RB24J air-to-air missiles	Air-to-Air Missiles	76.93	76.93
aam	gameData/Weapons/rocketGuns/us_aim9b_fgw_2_sidewinder.blk	1	missile_air_to_air	AIM-9B FGW.2 Sidewinder air-to-air missiles	Air-to-Air Missiles	77.55	77.55
aam	gameData/Weapons/rocketGuns/su_pl5e2.blk	1	missile_type_b_air_to_air	PL-5EII air-to-air missiles	Air-to-Air Missiles	83	83
aam	gameData/Weapons/rocketGuns/su_pl5e2_default.blk	1	missile_type_b_air_to_air	PL-5EII air-to-air missiles	Air-to-Air Missiles	83	83
aam	gameData/Weapons/containers/dra_lau_105a_aim_9l_lm_default.blk	1	missile_type_b_air_to_air	AIM-9L Sidewinder air-to-air missiles	Air-to-Air Missiles	84.46	84.46
aam	gameData/Weapons/containers/dra_lau_105a_aim_9l_rm_default.blk	1	missile_type_b_air_to_air	AIM-9L Sidewinder air-to-air missiles	Air-to-Air Missiles	84.46	84.46
aam	gameData/Weapons/rocketGuns/us_aim9l_sidewinder_default.blk	1	missile_type_b_air_to_air	AIM-9L Sidewinder air-to-air missiles	Air-to-Air Missiles	84.46	84.46
aam	gameData/Weapons/containers/dra_lau_105a_aim_9l_rm.blk	1	missile_type_b_air_to_air	AIM-9L Sidewinder air-to-air missiles	Air-to-Air Missiles	84.46	84.46
aam	gameData/Weapons/containers/aero_3b_aim9l_right_wing_default.blk	1	missile_type_b_air_to_air	AIM-9L Sidewinder air-to-air missiles	Air-to-Air Missiles	84.46	84.46
aam	gameData/Weapons/containers/dra_lau_105a_aim_9l_lm.blk	1	missile_type_b_air_to_air	AIM-9L Sidewinder air-to-air missiles	Air-to-Air Missiles	84.46	84.46
aam	gameData/Weapons/containers/aero_3b_aim9l_left_wing_default.blk	1	missile_type_b_air_to_air	AIM-9L Sidewinder air-to-air missiles	Air-to-Air Missiles	84.46	84.46
aam	gameData/Weapons/rocketGuns/us_aim9l_sidewinder.blk	1	missile_type_b_air_to_air	AIM-9L Sidewinder air-to-air missiles	Air-to-Air Missiles	84.46	84.46
aam	gameData/Weapons/containers/aero_3b_aim9l_i_left_wing_default.blk	1	missile_type_f_air_to_air	AIM-9L/I Sidewinder air-to-air missiles	Air-to-Air Missiles	84.46	84.46
aam	gameData/Weapons/containers/aero_3b_aim9l_i_right_wing_default.blk	1	missile_type_f_air_to_air	AIM-9L/I Sidewinder air-to-air missiles	Air-to-Air Missiles	84.46	84.46
aam	gameData/Weapons/rocketGuns/us_aim9l_i_1_sidewinder.blk	1	missile_type_f_air_to_air	AIM-9L/I-1 Sidewinder air-to-air missiles	Air-to-Air Missiles	84.46	84.46
aam	gameData/Weapons/rocketGuns/us_aim9m_sidewinder.blk	1	missile_type_f_air_to_air	AIM-9M Sidewinder air-to-air missiles	Air-to-Air Missiles	84.46	84.46
aam	gameData/Weapons/rocketGuns/us_aim9m_sidewinder_default.blk	1	missile_type_f_air_to_air	AIM-9M Sidewinder air-to-air missiles	Air-to-Air Missiles	84.46	84.46
aam	gameData/Weapons/rocketGuns/swd_rb74.blk	1	missile_type_c_air_to_air	RB 74 air-to-air missiles	Air-to-Air Missiles	84.46	84.46
aam	gameData/Weapons/rocketGuns/swd_rb74_default.blk	1	missile_type_c_air_to_air	RB 74 air-to-air missiles	Air-to-Air Missiles	84.46	84.46
aam	gameData/Weapons/rocketGuns/swd_rb74m.blk	1	missile_type_f_air_to_air	RB 74(M) air-to-air missiles	Air-to-Air Missiles	84.46	84.46
aam	gameData/Weapons/rocketGuns/swd_rb74m_default.blk	1	missile_type_f_air_to_air	RB 74(M) air-to-air missiles	Air-to-Air Missiles	84.46	84.46
aam	gameData/Weapons/rocketGuns/su_pl5b.blk	1	missile_type_b_air_to_air	PL-5B air-to-air missiles	Air-to-Air Missiles	84.5	84.5
aam	gameData/Weapons/rocketGuns/su_pl5b_default.blk	1	missile_type_b_air_to_air	PL-5B air-to-air missiles	Air-to-Air Missiles	84.5	84.5
aam	gameData/Weapons/rocketGuns/su_pl5c.blk	1	missile_type_b_air_to_air	PL-5C air-to-air missiles	Air-to-Air Missiles	84.5	84.5
aam	gameData/Weapons/rocketGuns/su_pl5c_default.blk	1	missile_type_b_air_to_air	PL-5C air-to-air missiles	Air-to-Air Missiles	84.5	84.5
aam	gameData/Weapons/containers/sram_launcher_default_left_x1.blk	1	missile_air_to_air	SRAAM air-to-air missiles	Air-to-Air Missiles	86	86
aam	gameData/Weapons/containers/sram_launcher_default_right_x1.blk	1	missile_air_to_air	SRAAM air-to-air missiles	Air-to-Air Missiles	86	86
aam	gameData/Weapons/rocketGuns/su_r_60.blk	2	missile_air_to_air_group	R-60 air-to-air missiles	Air-to-Air Missiles	43.5	87
aam	gameData/Weapons/containers/p_62_2_l_r_60_x2.blk	1	missile_type_b_air_to_air_group	R-60 air-to-air missiles x2	Air-to-Air Missiles	87	87
aam	gameData/Weapons/containers/p_62_2_r_r_60_x2.blk	1	missile_type_b_air_to_air_group	R-60 air-to-air missiles x2	Air-to-Air Missiles	87	87
aam	gameData/Weapons/rocketGuns/su_r_60m.blk	2	missile_type_b_air_to_air_group	R-60M air-to-air missiles	Air-to-Air Missiles	44	88
aam	gameData/Weapons/containers/p_62_2_r_r_60m_x2.blk	1	missile_type_b_air_to_air_group	R-60M air-to-air missiles x2	Air-to-Air Missiles	88	88
aam	gameData/Weapons/containers/p_62_2_l_r_60m_x2.blk	1	missile_type_b_air_to_air_group	R-60M air-to-air missiles x2	Air-to-Air Missiles	88	88
aam	gameData/Weapons/rocketGuns/su_r_60mk.blk	2	missile_type_b_air_to_air_group	R-60MK air-to-air missiles	Air-to-Air Missiles	44	88
aam	gameData/Weapons/containers/p_62_2_r_r_60mk_x2.blk	1	missile_type_b_air_to_air_group	R-60MK air-to-air missiles x2	Air-to-Air Missiles	88	88
aam	gameData/Weapons/containers/p_62_2_l_r_60mk_x2.blk	1	missile_type_b_air_to_air_group	R-60MK air-to-air missiles x2	Air-to-Air Missiles	88	88
aam	gameData/Weapons/containers/lau_7a_aim9d_left_wing.blk	1	missile_air_to_air	AIM-9D Sidewinder air-to-air missiles	Air-to-Air Missiles	88.45	88.45
aam	gameData/Weapons/containers/lau_7a_aim9d_right_wing.blk	1	missile_air_to_air	AIM-9D Sidewinder air-to-air missiles	Air-to-Air Missiles	88.45	88.45
aam	gameData/Weapons/rocketGuns/us_aim9d_sidewinder_default.blk	1	missile_type_b_air_to_air	AIM-9D Sidewinder air-to-air missiles	Air-to-Air Missiles	88.45	88.45
aam	gameData/Weapons/rocketGuns/us_aim9d_sidewinder.blk	1	missile_type_b_air_to_air	AIM-9D Sidewinder air-to-air missiles	Air-to-Air Missiles	88.45	88.45
aam	gameData/Weapons/rocketGuns/us_aim9g_sidewinder.blk	1	missile_type_c_air_to_air	AIM-9G Sidewinder air-to-air missiles	Air-to-Air Missiles	88.45	88.45
aam	gameData/Weapons/rocketGuns/us_aim9h_sidewinder.blk	1	missile_type_c_air_to_air	AIM-9H Sidewinder air-to-air missiles	Air-to-Air Missiles	88.45	88.45
aam	gameData/Weapons/rocketGuns/fr_r_550_magic.blk	1	missile_type_c_air_to_air	Matra R550 Magic 1 air-to-air missiles	Air-to-Air Missiles	89	89
aam	gameData/Weapons/rocketGuns/fr_r_550_magic_2.blk	1	missile_type_c_air_to_air	Matra R550 Magic 2 air-to-air missiles	Air-to-Air Missiles	89	89
aam	gameData/Weapons/rocketGuns/fr_r_550_magic_2_default.blk	1	missile_type_c_air_to_air	Matra R550 Magic 2 air-to-air missiles	Air-to-Air Missiles	89	89
aam	gameData/Weapons/rocketGuns/su_pl7.blk	1	missile_type_c_air_to_air	PL-7 air-to-air missiles	Air-to-Air Missiles	89	89
aam	gameData/Weapons/rocketGuns/br_maa_1_default.blk	1	missile_type_b_air_to_air	MAA-1 Piranha air-to-air missiles	Air-to-Air Missiles	90	90
aam	gameData/Weapons/rocketGuns/il_shafrir_2_default.blk	1	missile_air_to_air	Shafrir 2 air-to-air missiles	Air-to-Air Missiles	90	90
aam	gameData/Weapons/rocketGuns/il_shafrir_2.blk	1	missile_air_to_air	Shafrir 2 air-to-air missiles	Air-to-Air Missiles	90	90
aam	gameData/Weapons/rocketGuns/su_r_13m1_default.blk	1	missile_air_to_air	R-13M1 air-to-air missiles	Air-to-Air Missiles	90.6	90.6
aam	gameData/Weapons/rocketGuns/su_r_13m1.blk	1	missile_type_c_air_to_air	R-13M1 air-to-air missiles	Air-to-Air Missiles	90.6	90.6
aam	gameData/Weapons/rocketGuns/jp_aam3_default.blk	1	missile_type_c_air_to_air	AAM-3 air-to-air missiles	Air-to-Air Missiles	91	91
aam	gameData/Weapons/rocketGuns/jp_aam3.blk	1	missile_type_c_air_to_air	AAM-3 air-to-air missiles	Air-to-Air Missiles	91	91
aam	gameData/Weapons/rocketGuns/us_aim9c_sidewinder_default.blk	1	missile_type_c_air_to_air	AIM-9C Sidewinder air-to-air missiles	Air-to-Air Missiles	95.254	95.254
aam	gameData/Weapons/rocketGuns/su_r_73.blk	1	missile_type_c_air_to_air	R-73 air-to-air missiles	Air-to-Air Missiles	105	105
aam	gameData/Weapons/rocketGuns/su_r_73_default.blk	1	missile_type_c_air_to_air	R-73 air-to-air missiles	Air-to-Air Missiles	105	105
aam	gameData/Weapons/rocketGuns/su_r_73e_default.blk	1	missile_type_b_air_to_air	R-73E air-to-air missiles	Air-to-Air Missiles	105	105
aam	gameData/Weapons/rocketGuns/su_r_73e.blk	1	missile_type_b_air_to_air	R-73E air-to-air missiles	Air-to-Air Missiles	105	105
aam	gameData/Weapons/containers/ty_90_x2.blk	1	missile_air_to_air_group	TY-90 air-to-air missiles x2	Air-to-Air Missiles	110.25	110.25
aam	gameData/Weapons/rocketGuns/fr_mica_em_default.blk	1	missile_type_f_air_to_air_midrange	MICA-EM air-to-air missiles	Air-to-Air Missiles	112	112
aam	gameData/Weapons/rocketGuns/fr_mica_em.blk	1	missile_type_f_air_to_air_midrange	MICA-EM air-to-air missiles	Air-to-Air Missiles	112	112
aam	gameData/Weapons/rocketGuns/sws_flz_lwf_ll_64.blk	1	missile_air_to_air_special	Flz Lwf LL 64/79 FALCO air-to-air missiles	Air-to-Air Missiles	117.308	117.308
aam	gameData/Weapons/rocketGuns/il_derby_default.blk	1	missile_type_c_air_to_air_midrange	Derby air-to-air missiles	Air-to-Air Missiles	118	118
aam	gameData/Weapons/rocketGuns/il_derby.blk	1	missile_type_c_air_to_air_midrange	Derby air-to-air missiles	Air-to-Air Missiles	118	118
aam	gameData/Weapons/rocketGuns/r_darter_default.blk	1	missile_type_f_air_to_air_midrange	R-Darter air-to-air missiles	Air-to-Air Missiles	120	120
aam	gameData/Weapons/rocketGuns/r_darter.blk	1	missile_type_f_air_to_air_midrange	R-Darter air-to-air missiles	Air-to-Air Missiles	120	120
aam	gameData/Weapons/rocketGuns/su_pl8_default.blk	1	missile_type_b_air_to_air	PL-8 air-to-air missiles	Air-to-Air Missiles	121	121
aam	gameData/Weapons/rocketGuns/su_pl8.blk	1	missile_type_b_air_to_air	PL-8 air-to-air missiles	Air-to-Air Missiles	121	121
aam	gameData/Weapons/rocketGuns/cn_pl8b.blk	1	missile_type_f_air_to_air	PL-8B air-to-air missiles	Air-to-Air Missiles	121	121
aam	gameData/Weapons/rocketGuns/cn_pl8b_default.blk	1	missile_type_f_air_to_air	PL-8B air-to-air missiles	Air-to-Air Missiles	121	121
aam	gameData/Weapons/rocketGuns/il_pyton_3_default.blk	1	missile_type_f_air_to_air	Python 3 air-to-air missiles	Air-to-Air Missiles	121	121
aam	gameData/Weapons/rocketGuns/il_pyton_3.blk	1	missile_type_c_air_to_air	Python 3 air-to-air missiles	Air-to-Air Missiles	121	121
aam	gameData/Weapons/rocketGuns/fr_aa20.blk	1	missile_air_to_air_midrange	AA-20 Nord air-to-air missiles	Air-to-Air Missiles	133	133
aam	gameData/Weapons/rocketGuns/uk_firestreak.blk	1	missile_air_to_air	Firestreak air-to-air missiles	Air-to-Air Missiles	136	136
aam	gameData/Weapons/containers/uk_sraam_launcher_x2.blk	1	missile_air_to_air_group	SRAAM air-to-air missiles x2	Air-to-Air Missiles	140	140
aam	gameData/Weapons/rocketGuns/us_aim9b_sidewinder.blk	2	missile_air_to_air_group	AIM-9B Sidewinder air-to-air missiles	Air-to-Air Missiles	72.57	145.14
aam	gameData/Weapons/containers/aero_3b_aim9b.blk	1	missile_air_to_air_group	AIM-9B Sidewinder air-to-air missiles x2	Air-to-Air Missiles	145.14	145.14
aam	gameData/Weapons/rocketGuns/swd_rb24.blk	2	missile_air_to_air_group	RB24 air-to-air missiles	Air-to-Air Missiles	72.57	145.14
aam	gameData/Weapons/rocketGuns/us_aim_120a.blk	1	missile_type_f_air_to_air_midrange	AIM-120A AMRAAM air-to-air missiles	Air-to-Air Missiles	147.87	147.87
aam	gameData/Weapons/rocketGuns/us_aim_120a_default.blk	1	missile_type_f_air_to_air_midrange	AIM-120A AMRAAM air-to-air missiles	Air-to-Air Missiles	147.87	147.87
aam	gameData/Weapons/rocketGuns/us_aim_120b_bol_pod.blk	1	missile_type_f_air_to_air_midrange_ltc_pod	AIM-120B AMRAAM air-to-air missiles	Air-to-Air Missiles	147.87	147.87
aam	gameData/Weapons/rocketGuns/us_aim_120b_default.blk	1	missile_type_f_air_to_air_midrange	AIM-120B AMRAAM air-to-air missiles	Air-to-Air Missiles	147.87	147.87
aam	gameData/Weapons/rocketGuns/us_aim_120b.blk	1	missile_type_f_air_to_air_midrange	AIM-120B AMRAAM air-to-air missiles	Air-to-Air Missiles	147.87	147.87
aam	gameData/Weapons/rocketGuns/us_aim_120b_default_switzerland.blk	1	missile_type_f_air_to_air_midrange	Flz Lwl LL 97 AMRAAM air-to-air missiles	Air-to-Air Missiles	147.87	147.87
aam	gameData/Weapons/rocketGuns/swd_rb99_default.blk	1	missile_type_f_air_to_air_midrange	RB 99 air-to-air missiles	Air-to-Air Missiles	147.87	147.87
aam	gameData/Weapons/rocketGuns/swd_rb99.blk	1	missile_type_f_air_to_air_midrange	RB 99 air-to-air missiles	Air-to-Air Missiles	147.87	147.87
aam	gameData/Weapons/rocketGuns/su_pl2.blk	2		2x PL-2 air-to-air missiles	Air-to-Air Missiles	75.3	150.6
aam	gameData/Weapons/rocketGuns/su_r_3s.blk	2		2x R-3S air-to-air missiles	Air-to-Air Missiles	75.3	150.6
aam	gameData/Weapons/rocketGuns/su_r_3r.blk	2	missile_type_c_air_to_air_group	R-3R air-to-air missiles	Air-to-Air Missiles	75.3	150.6
aam	gameData/Weapons/rocketGuns/us_aim9e_sidewinder.blk	2	missile_type_b_air_to_air_group	AIM-9E Sidewinder air-to-air missiles	Air-to-Air Missiles	76.43	152.86
aam	gameData/Weapons/containers/lau_7a_aim9e.blk	1	missile_type_b_air_to_air_group	AIM-9E Sidewinder air-to-air missiles x2	Air-to-Air Missiles	152.86	152.86
aam	gameData/Weapons/containers/aero_3b_aim9e.blk	1	missile_air_to_air_group	AIM-9E Sidewinder air-to-air missiles x2	Air-to-Air Missiles	152.86	152.86
aam	gameData/Weapons/containers/aero_3b_aim9j.blk	1	missile_type_b_air_to_air_group	AIM-9J Sidewinder air-to-air missiles x2	Air-to-Air Missiles	153.86	153.86
aam	gameData/Weapons/containers/lau_7a_aim9j.blk	1	missile_type_c_air_to_air_group	AIM-9J Sidewinder air-to-air missiles x2	Air-to-Air Missiles	153.86	153.86
aam	gameData/Weapons/containers/lau_114_2_aim9p.blk	1	missile_air_to_air_group	AIM-9P Sidewinder air-to-air missiles x2	Air-to-Air Missiles	153.86	153.86
aam	gameData/Weapons/containers/aero_3b_aim9p.blk	1	missile_type_b_air_to_air_group	AIM-9P Sidewinder air-to-air missiles x2	Air-to-Air Missiles	153.86	153.86
aam	gameData/Weapons/containers/aero_3b_aim9b_fgw_2.blk	1	missile_air_to_air_group	AIM-9B FGW.2 Sidewinder air-to-air missiles x2	Air-to-Air Missiles	155.1	155.1
aam	gameData/Weapons/containers/lau_7a_aim9b_fgw_2.blk	1	missile_air_to_air_group	AIM-9B FGW.2 Sidewinder air-to-air missiles x2	Air-to-Air Missiles	155.1	155.1
aam	gameData/Weapons/containers/sram_launcher_x2.blk	1	missile_air_to_air_group	SRAAM air-to-air missiles x2	Air-to-Air Missiles	156	156
aam	gameData/Weapons/containers/ty_90_x4.blk	1	missile_type_b_air_to_air_group_x4	TY-90 air-to-air missiles x4	Air-to-Air Missiles	158.25	158.25
aam	gameData/Weapons/rocketGuns/us_aim_120c_5.blk	1	missile_type_s_air_to_air_midrange	AIM-120C-5 AMRAAM air-to-air missiles	Air-to-Air Missiles	161.479	161.479
aam	gameData/Weapons/rocketGuns/us_aim_120c_5_default.blk	1	missile_type_s_air_to_air_midrange	AIM-120C-5 AMRAAM air-to-air missiles	Air-to-Air Missiles	161.479	161.479
aam	gameData/Weapons/rocketGuns/us_aim_120c_5_default_switzerland.blk	1	missile_type_s_air_to_air_midrange	Flz Lwl LL 97 AMRAAM 120C-5 air-to-air missiles	Air-to-Air Missiles	161.479	161.479
aam	gameData/Weapons/rocketGuns/us_aim_120d_default.blk	1	missile_type_c_air_to_air_midrange	AIM-120D AMRAAM air-to-air missiles	Air-to-Air Missiles	162.386	162.386
aam	gameData/Weapons/rocketGuns/us_aim_120d.blk	1	missile_type_c_air_to_air_midrange	AIM-120D AMRAAM air-to-air missiles	Air-to-Air Missiles	162.386	162.386
aam	gameData/Weapons/rocketGuns/su_pl5e2.blk	2	missile_type_c_air_to_air_group	PL-5EII air-to-air missiles	Air-to-Air Missiles	83	166
aam	gameData/Weapons/rocketGuns/uk_redtop.blk	1	missile_type_b_air_to_air	Red Top air-to-air missiles	Air-to-Air Missiles	167.829	167.829
aam	gameData/Weapons/rocketGuns/us_aim9l_sidewinder.blk	2	missile_type_b_air_to_air_group	AIM-9L Sidewinder air-to-air missiles	Air-to-Air Missiles	84.46	168.92
aam	gameData/Weapons/containers/us_lau_115ca_aim9l_x2.blk	1	missile_type_b_air_to_air_group	AIM-9L Sidewinder air-to-air missiles x2	Air-to-Air Missiles	168.92	168.92
aam	gameData/Weapons/containers/lau_114_2_aim9l.blk	1	missile_type_b_air_to_air_group	AIM-9L Sidewinder air-to-air missiles x2	Air-to-Air Missiles	168.92	168.92
aam	gameData/Weapons/containers/uk_double_lau_7_aim_9l_x2_left_wing.blk	1	missile_type_b_air_to_air_group	AIM-9L Sidewinder air-to-air missiles x2	Air-to-Air Missiles	168.92	168.92
aam	gameData/Weapons/containers/dra_lau_105a_aim_9l.blk	1	missile_type_b_air_to_air_group	AIM-9L Sidewinder air-to-air missiles x2	Air-to-Air Missiles	168.92	168.92
aam	gameData/Weapons/containers/aero_3b_aim9l.blk	1	missile_type_b_air_to_air_group	AIM-9L Sidewinder air-to-air missiles x2	Air-to-Air Missiles	168.92	168.92
aam	gameData/Weapons/containers/uk_double_lau_7_aim_9l_x2_right_wing.blk	1	missile_type_b_air_to_air_group	AIM-9L Sidewinder air-to-air missiles x2	Air-to-Air Missiles	168.92	168.92
aam	gameData/Weapons/containers/us_lau_115a_aim9l_x2.blk	1	missile_type_b_air_to_air_group	AIM-9L Sidewinder air-to-air missiles x2	Air-to-Air Missiles	168.92	168.92
aam	gameData/Weapons/containers/aero_3b_aim9l_i.blk	1	missile_type_f_air_to_air_group	AIM-9L/I Sidewinder air-to-air missiles x2	Air-to-Air Missiles	168.92	168.92
aam	gameData/Weapons/containers/tmc_eurofighter_aim_9l_i_1.blk	1	missile_type_f_air_to_air_group	AIM-9L/I-1 Sidewinder air-to-air missiles x2	Air-to-Air Missiles	168.92	168.92
aam	gameData/Weapons/rocketGuns/us_aim9m_sidewinder.blk	2	missile_type_b_air_to_air_group	AIM-9M Sidewinder air-to-air missiles	Air-to-Air Missiles	84.46	168.92
aam	gameData/Weapons/containers/dra_lau_105a_aim_9m.blk	1	missile_type_f_air_to_air_group	AIM-9M Sidewinder air-to-air missiles x2	Air-to-Air Missiles	168.92	168.92
aam	gameData/Weapons/containers/us_lau_115ca_aim9m_x2.blk	1	missile_type_f_air_to_air_group	AIM-9M Sidewinder air-to-air missiles x2	Air-to-Air Missiles	168.92	168.92
aam	gameData/Weapons/containers/uk_double_lau_7_aim_9m_x2_right_wing.blk	1	missile_type_f_air_to_air_group	AIM-9M Sidewinder air-to-air missiles x2	Air-to-Air Missiles	168.92	168.92
aam	gameData/Weapons/containers/tmc_eurofighter_aim_9m.blk	1	missile_type_f_air_to_air_group	AIM-9M Sidewinder air-to-air missiles x2	Air-to-Air Missiles	168.92	168.92
aam	gameData/Weapons/containers/uk_double_lau_7_aim_9m_x2_left_wing.blk	1	missile_type_f_air_to_air_group	AIM-9M Sidewinder air-to-air missiles x2	Air-to-Air Missiles	168.92	168.92
aam	gameData/Weapons/rocketGuns/su_pl5b.blk	2	missile_air_to_air_group	PL-5B air-to-air missiles	Air-to-Air Missiles	84.5	169
aam	gameData/Weapons/rocketGuns/su_pl5c.blk	2	missile_type_b_air_to_air_group	PL-5C air-to-air missiles	Air-to-Air Missiles	84.5	169
aam	gameData/Weapons/rocketGuns/us_aim7c_sparrow.blk	1	missile_air_to_air_midrange	AIM-7C Sparrow air-to-air missiles	Air-to-Air Missiles	172	172
aam	gameData/Weapons/rocketGuns/fr_r_511_matra.blk	1	missile_air_to_air_midrange_special	Matra R511 air-to-air missiles	Air-to-Air Missiles	172.5	172.5
aam	gameData/Weapons/rocketGuns/us_aim9d_sidewinder.blk	2	missile_type_b_air_to_air_group	AIM-9D Sidewinder air-to-air missiles	Air-to-Air Missiles	88.45	176.9
aam	gameData/Weapons/containers/lau_7a_aim9d.blk	1	missile_air_to_air_group	AIM-9D Sidewinder air-to-air missiles x2	Air-to-Air Missiles	176.9	176.9
aam	gameData/Weapons/containers/lau_7a_aim9g.blk	1	missile_type_b_air_to_air_group	AIM-9G Sidewinder air-to-air missiles x2	Air-to-Air Missiles	176.9	176.9
aam	gameData/Weapons/containers/lau_7a_aim9h.blk	1	missile_type_b_air_to_air_group	AIM-9H Sidewinder air-to-air missiles x2	Air-to-Air Missiles	176.9	176.9
aam	gameData/Weapons/rocketGuns/su_r_77.blk	1	missile_type_f_air_to_air_midrange	R-77 air-to-air missiles	Air-to-Air Missiles	177	177
aam	gameData/Weapons/rocketGuns/su_r_77_default.blk	1	missile_type_f_air_to_air_midrange	R-77 air-to-air missiles	Air-to-Air Missiles	177	177
aam	gameData/Weapons/rocketGuns/su_rvv_ae_default.blk	1	missile_type_f_air_to_air_midrange	RVV-AE air-to-air missiles	Air-to-Air Missiles	177	177
aam	gameData/Weapons/rocketGuns/su_rvv_ae.blk	1	missile_type_f_air_to_air_midrange	RVV-AE air-to-air missiles	Air-to-Air Missiles	177	177
aam	gameData/Weapons/rocketGuns/fr_r_550_magic.blk	2		2x Matra R550 Magic 1 air-to-air missiles	Air-to-Air Missiles	89	178
aam	gameData/Weapons/containers/fr_500l_m4000_drop_tank_r_550_2_x2_right_wing.blk	1	missile_type_c_air_to_air_group	Matra R550 Magic 2 air-to-air missiles x2	Air-to-Air Missiles	178	178
aam	gameData/Weapons/containers/fr_500l_m4000_drop_tank_r_550_2_x2_left_wing.blk	1	missile_type_c_air_to_air_group	Matra R550 Magic 2 air-to-air missiles x2	Air-to-Air Missiles	178	178
aam	gameData/Weapons/rocketGuns/us_aim7d_sparrow.blk	1	missile_air_to_air_special	AIM-7D Sparrow air-to-air missiles	Air-to-Air Missiles	182.34	182.34
aam	gameData/Weapons/rocketGuns/su_r_77_1_default.blk	1	missile_type_f_air_to_air_midrange	R-77-1 air-to-air missiles	Air-to-Air Missiles	190	190
aam	gameData/Weapons/rocketGuns/su_r_77_1.blk	1	missile_type_f_air_to_air_midrange	R-77-1 air-to-air missiles	Air-to-Air Missiles	190	190
aam	gameData/Weapons/rocketGuns/su_rvv_sd.blk	1	missile_type_f_air_to_air_midrange	RVV-SD air-to-air missiles	Air-to-Air Missiles	190	190
aam	gameData/Weapons/rocketGuns/su_rvv_sd_default.blk	1	missile_type_f_air_to_air_midrange	RVV-SD air-to-air missiles	Air-to-Air Missiles	190	190
aam	gameData/Weapons/rocketGuns/us_aim9c_sidewinder.blk	2	missile_type_c_air_to_air_group	AIM-9C Sidewinder air-to-air missiles	Air-to-Air Missiles	95.254	190.509
aam	gameData/Weapons/rocketGuns/swd_rb71_default.blk	1	missile_air_to_air_midrange_special	RB71 (Dogfight) air-to-air missiles	Air-to-Air Missiles	193	193
aam	gameData/Weapons/rocketGuns/swd_rb71.blk	1	missile_air_to_air_midrange_special	RB71 (Dogfight) air-to-air missiles	Air-to-Air Missiles	193	193
aam	gameData/Weapons/rocketGuns/uk_skyflash_aim_7_dogfight.blk	1	missile_air_to_air_midrange_special	Skyflash (Dogfight) air-to-air missiles	Air-to-Air Missiles	193	193
aam	gameData/Weapons/rocketGuns/fr_r_530_matra_radar.blk	1	missile_air_to_air_special	Matra R530 air-to-air missiles	Air-to-Air Missiles	193.5	193.5
aam	gameData/Weapons/rocketGuns/fr_r_530_matra_ir.blk	1	missile_air_to_air_ir_large_special	Matra R530E air-to-air missiles	Air-to-Air Missiles	193.5	193.5
aam	gameData/Weapons/rocketGuns/us_aim7e2_dogfight_sparrow.blk	1	missile_air_to_air_special	AIM-7E-2 Sparrow (Dogfight) air-to-air missiles	Air-to-Air Missiles	193.7	193.7
aam	gameData/Weapons/rocketGuns/cn_pl12_default.blk	1	missile_type_f_air_to_air_midrange	PL-12 air-to-air missiles	Air-to-Air Missiles	198	198
aam	gameData/Weapons/rocketGuns/cn_pl12.blk	1	missile_type_f_air_to_air_midrange	PL-12 air-to-air missiles	Air-to-Air Missiles	198	198
aam	gameData/Weapons/rocketGuns/cn_sd10a_default.blk	1	missile_type_b_air_to_air_midrange	SD-10(A) air-to-air missiles	Air-to-Air Missiles	198	198
aam	gameData/Weapons/rocketGuns/us_aim7e_sparrow.blk	1	missile_air_to_air_special	AIM-7E Sparrow air-to-air missiles	Air-to-Air Missiles	205	205
aam	gameData/Weapons/rocketGuns/cn_pl12a.blk	1	missile_type_s_air_to_air_midrange	PL-12A air-to-air missiles	Air-to-Air Missiles	214	214
aam	gameData/Weapons/rocketGuns/cn_pl12a_default.blk	1	missile_type_f_air_to_air_midrange	PL-12A air-to-air missiles	Air-to-Air Missiles	214	214
aam	gameData/Weapons/rocketGuns/su_r_23t.blk	1	missile_air_to_air_ir_large	R-23T air-to-air missiles	Air-to-Air Missiles	215	215
aam	gameData/Weapons/rocketGuns/jp_aam4_default.blk	1	missile_type_f_air_to_air_midrange	AAM-4 air-to-air missiles	Air-to-Air Missiles	222	222
aam	gameData/Weapons/rocketGuns/jp_aam4.blk	1	missile_type_f_air_to_air_midrange	AAM-4 air-to-air missiles	Air-to-Air Missiles	222	222
aam	gameData/Weapons/rocketGuns/su_r_23r.blk	1	missile_air_to_air_midrange	R-23R air-to-air missiles	Air-to-Air Missiles	223	223
aam	gameData/Weapons/rocketGuns/it_aspide_1a.blk	1	missile_air_to_air_midrange_special	Aspide-1A air-to-air missiles	Air-to-Air Missiles	230	230
aam	gameData/Weapons/containers/us_lau_115a_aim7f.blk	1	missile_air_to_air_special	AIM-7F Sparrow air-to-air missiles	Air-to-Air Missiles	231.33	231.33
aam	gameData/Weapons/rocketGuns/us_aim7f_sparrow_fa_18.blk	1	missile_air_to_air_special	AIM-7F Sparrow air-to-air missiles	Air-to-Air Missiles	231.33	231.33
aam	gameData/Weapons/rocketGuns/us_aim7f_sparrow.blk	1	missile_air_to_air_midrange_special	AIM-7F Sparrow air-to-air missiles	Air-to-Air Missiles	231.33	231.33
aam	gameData/Weapons/rocketGuns/us_aim7f_sparrow_f_14.blk	1	missile_air_to_air_midrange_special	AIM-7F Sparrow air-to-air missiles	Air-to-Air Missiles	231.33	231.33
aam	gameData/Weapons/rocketGuns/us_aim7m_sparrow.blk	1	missile_air_to_air_midrange_special	AIM-7M Sparrow air-to-air missiles	Air-to-Air Missiles	231.33	231.33
aam	gameData/Weapons/rocketGuns/us_aim7m_sparrow_fa_18.blk	1	missile_air_to_air_midrange_special	AIM-7M Sparrow air-to-air missiles	Air-to-Air Missiles	231.33	231.33
aam	gameData/Weapons/rocketGuns/us_aim7m_sparrow_default.blk	1	missile_air_to_air_midrange_special	AIM-7M Sparrow air-to-air missiles	Air-to-Air Missiles	231.33	231.33
aam	gameData/Weapons/rocketGuns/us_aim7m_sparrow_f_16_default.blk	1	missile_type_b_air_to_air_midrange	AIM-7M Sparrow air-to-air missiles	Air-to-Air Missiles	231.33	231.33
aam	gameData/Weapons/containers/us_lau_115a_aim7m.blk	1	missile_air_to_air_midrange_special	AIM-7M Sparrow air-to-air missiles	Air-to-Air Missiles	231.33	231.33
aam	gameData/Weapons/rocketGuns/us_aim7m_sparrow_f_15.blk	1	missile_air_to_air_midrange_special	AIM-7M Sparrow air-to-air missiles	Air-to-Air Missiles	231.33	231.33
aam	gameData/Weapons/rocketGuns/us_aim7m_sparrow_f_15_default.blk	1	missile_air_to_air_midrange_special	AIM-7M Sparrow air-to-air missiles	Air-to-Air Missiles	231.33	231.33
aam	gameData/Weapons/rocketGuns/us_aim7m_sparrow_f_14.blk	1	missile_air_to_air_midrange_special	AIM-7M Sparrow air-to-air missiles	Air-to-Air Missiles	231.33	231.33
aam	gameData/Weapons/rocketGuns/us_aim7m_sparrow_f_16.blk	1	missile_air_to_air_midrange_special	AIM-7M Sparrow air-to-air missiles	Air-to-Air Missiles	231.33	231.33
aam	gameData/Weapons/rocketGuns/us_aim7p_sparrow_fa_18_default.blk	1	missile_type_c_air_to_air_midrange	AIM-7P Sparrow air-to-air missiles	Air-to-Air Missiles	231.33	231.33
aam	gameData/Weapons/containers/us_lau_115a_aim7p.blk	1	missile_type_c_air_to_air_midrange	AIM-7P Sparrow air-to-air missiles	Air-to-Air Missiles	231.33	231.33
aam	gameData/Weapons/containers/us_lau_115ca_aim7p.blk	1	missile_type_c_air_to_air_midrange	AIM-7P Sparrow air-to-air missiles	Air-to-Air Missiles	231.33	231.33
aam	gameData/Weapons/rocketGuns/us_aim7p_sparrow_fa_18.blk	1	missile_type_c_air_to_air_midrange	AIM-7P Sparrow air-to-air missiles	Air-to-Air Missiles	231.33	231.33
aam	gameData/Weapons/rocketGuns/su_r_24t.blk	1	missile_air_to_air_ir_large_special	R-24T air-to-air missiles	Air-to-Air Missiles	237	237
aam	gameData/Weapons/containers/aero_3b_python3.blk	1	missile_type_f_air_to_air_group	Python 3 air-to-air missiles x2	Air-to-Air Missiles	242	242
aam	gameData/Weapons/rocketGuns/su_r_24r.blk	1	missile_air_to_air_midrange_special	R-24R air-to-air missiles	Air-to-Air Missiles	244	244
aam	gameData/Weapons/rocketGuns/fr_matra_super_530f.blk	1	missile_air_to_air_midrange	Matra Super 530F air-to-air missiles	Air-to-Air Missiles	245	245
aam	gameData/Weapons/rocketGuns/fr_matra_super_530f_mirage_2000.blk	1	missile_air_to_air_midrange	Matra Super 530F air-to-air missiles	Air-to-Air Missiles	245	245
aam	gameData/Weapons/rocketGuns/su_r_27t.blk	1	missile_air_to_air_ir_large_special	R-27T air-to-air missiles	Air-to-Air Missiles	245.5	245.5
aam	gameData/Weapons/rocketGuns/su_r_27t1.blk	1	missile_air_to_air_ir_large_special	R-27T1 air-to-air missiles	Air-to-Air Missiles	245.5	245.5
aam	gameData/Weapons/rocketGuns/su_r_27r.blk	1	missile_air_to_air_midrange_special	R-27R air-to-air missiles	Air-to-Air Missiles	253	253
aam	gameData/Weapons/rocketGuns/su_r_27r_default.blk	1	missile_air_to_air_midrange_special	R-27R air-to-air missiles	Air-to-Air Missiles	253	253
aam	gameData/Weapons/rocketGuns/su_r_27r1_default.blk	1	missile_air_to_air_midrange_special	R-27R1 air-to-air missiles	Air-to-Air Missiles	253	253
aam	gameData/Weapons/rocketGuns/su_r_27r1.blk	1	missile_type_s_air_to_air_midrange	R-27R1 air-to-air missiles	Air-to-Air Missiles	253	253
aam	gameData/Weapons/rocketGuns/fr_matra_super_530d_default.blk	1	missile_air_to_air_midrange_special	Matra Super 530D air-to-air missiles	Air-to-Air Missiles	270	270
aam	gameData/Weapons/rocketGuns/fr_matra_super_530d.blk	1	missile_air_to_air_midrange_special	Matra Super 530D air-to-air missiles	Air-to-Air Missiles	270	270
aam	gameData/Weapons/rocketGuns/uk_firestreak.blk	2	missile_air_to_air_group	Firestreak air-to-air missiles	Air-to-Air Missiles	136	272
aam	gameData/Weapons/rocketGuns/us_aim9b_sidewinder.blk	4		4x AIM-9B Sidewinder air-to-air missiles	Air-to-Air Missiles	72.57	290.28
aam	gameData/Weapons/rocketGuns/us_aim_120a_default.blk	2	missile_type_f_air_to_air_midrange_group	AIM-120A AMRAAM air-to-air missiles	Air-to-Air Missiles	147.87	295.74
aam	gameData/Weapons/rocketGuns/us_aim_120b.blk	2	missile_type_f_air_to_air_midrange_group	AIM-120B AMRAAM air-to-air missiles	Air-to-Air Missiles	147.87	295.74
aam	gameData/Weapons/rocketGuns/us_aim_120b_default.blk	2	missile_air_to_air_midrange_special_group	AIM-120B AMRAAM air-to-air missiles	Air-to-Air Missiles	147.87	295.74
aam	gameData/Weapons/containers/us_lau_115ca_aim120b_x2.blk	1	missile_air_to_air_special_group	AIM-120B AMRAAM air-to-air missiles x2	Air-to-Air Missiles	295.74	295.74
aam	gameData/Weapons/containers/us_lau_115ca_127aa_aim120_x2.blk	1	missile_type_f_air_to_air_midrange_group	AIM-120B AMRAAM air-to-air missiles x2	Air-to-Air Missiles	295.74	295.74
aam	gameData/Weapons/containers/us_lau_115ca_aim120_x2.blk	1	missile_type_f_air_to_air_midrange_group	AIM-120B AMRAAM air-to-air missiles x2	Air-to-Air Missiles	295.74	295.74
aam	gameData/Weapons/containers/us_lau_115ca_127da_aim120_x2.blk	1	missile_type_f_air_to_air_midrange_group	AIM-120B AMRAAM air-to-air missiles x2	Air-to-Air Missiles	295.74	295.74
aam	gameData/Weapons/containers/tmc_eurofighter_aim_120b.blk	1	missile_type_f_air_to_air_midrange_group	AIM-120B AMRAAM air-to-air missiles x2	Air-to-Air Missiles	295.74	295.74
aam	gameData/Weapons/containers/us_lau_115ca_127da_aim120_x2_switzerland.blk	1	missile_type_f_air_to_air_midrange_group	Flz Lwl LL 97 AMRAAM air-to-air missiles x2	Air-to-Air Missiles	295.74	295.74
aam	gameData/Weapons/rocketGuns/uk_fireflash.blk	2		2x Fireflash air-to-air missiles	Air-to-Air Missiles	150	300
aam	gameData/Weapons/rocketGuns/us_aim_120c_5_default.blk	2	missile_type_s_air_to_air_midrange_group	AIM-120C-5 AMRAAM air-to-air missiles	Air-to-Air Missiles	161.479	322.958
aam	gameData/Weapons/rocketGuns/us_aim_120c_5.blk	2	missile_type_s_air_to_air_midrange_group	AIM-120C-5 AMRAAM air-to-air missiles	Air-to-Air Missiles	161.479	322.958
aam	gameData/Weapons/containers/us_lau_115ca_127da_aim120c_x2.blk	1	missile_type_s_air_to_air_midrange_group	AIM-120C-5 AMRAAM air-to-air missiles x2	Air-to-Air Missiles	322.958	322.958
aam	gameData/Weapons/containers/tmc_eurofighter_aim_120c.blk	1	missile_type_s_air_to_air_midrange_group	AIM-120C-5 AMRAAM air-to-air missiles x2	Air-to-Air Missiles	322.958	322.958
aam	gameData/Weapons/containers/us_lau_115ca_aim120c_x2.blk	1	missile_type_s_air_to_air_midrange_group	AIM-120C-5 AMRAAM air-to-air missiles x2	Air-to-Air Missiles	322.958	322.958
aam	gameData/Weapons/containers/us_lau_115ca_127da_aim120c_x2_switzerland.blk	1	missile_type_s_air_to_air_midrange_group	Flz Lwl LL 97 AMRAAM 120C-5 air-to-air missiles x2	Air-to-Air Missiles	322.958	322.958
aam	gameData/Weapons/containers/us_lau_115ca_aim120d_x2.blk	1	missile_air_to_air_midrange_special_group	AIM-120D AMRAAM air-to-air missiles x2	Air-to-Air Missiles	324.772	324.772
aam	gameData/Weapons/rocketGuns/uk_redtop.blk	2	missile_type_c_air_to_air_group	Red Top air-to-air missiles	Air-to-Air Missiles	167.829	335.658
aam	gameData/Weapons/containers/us_f_15_aim_120_adapter_x2_aim_120c.blk	1	missile_type_s_air_to_air_midrange_group	AIM-120C-5 AMRAAM air-to-air missiles x2	Air-to-Air Missiles	341.158	341.158
aam	gameData/Weapons/containers/us_f_15_aim_120_adapter_x2_aim_120d.blk	1	missile_type_c_air_to_air_midrange_group	AIM-120D AMRAAM air-to-air missiles x2	Air-to-Air Missiles	342.972	342.972
aam	gameData/Weapons/rocketGuns/su_r_27et.blk	1	missile_air_to_air_ir_large_special	R-27ET air-to-air missiles	Air-to-Air Missiles	343	343
aam	gameData/Weapons/rocketGuns/su_r_27et1.blk	1	missile_air_to_air_ir_large_special	R-27ET1 air-to-air missiles	Air-to-Air Missiles	343	343
aam	gameData/Weapons/rocketGuns/su_r_27er_default.blk	1	missile_air_to_air_midrange_special	R-27ER air-to-air missiles	Air-to-Air Missiles	350	350
aam	gameData/Weapons/rocketGuns/su_r_27er.blk	1	missile_air_to_air_midrange_special	R-27ER air-to-air missiles	Air-to-Air Missiles	350	350
aam	gameData/Weapons/rocketGuns/su_r_27er1.blk	1	missile_air_to_air_midrange_special	R-27ER1 air-to-air missiles	Air-to-Air Missiles	350	350
aam	gameData/Weapons/rocketGuns/su_r_77.blk	2	missile_type_f_air_to_air_midrange_group	R-77 air-to-air missiles	Air-to-Air Missiles	177	354
aam	gameData/Weapons/rocketGuns/su_r_77_1.blk	2	missile_type_f_air_to_air_midrange_group	R-77-1 air-to-air missiles	Air-to-Air Missiles	190	380
aam	gameData/Weapons/rocketGuns/su_rvv_sd.blk	2	missile_type_f_air_to_air_midrange_group	RVV-SD air-to-air missiles	Air-to-Air Missiles	190	380
aam	gameData/Weapons/rocketGuns/uk_skyflash_aim_7_dogfight_tornado_default.blk	2	missile_air_to_air_special_group	Skyflash (Dogfight) air-to-air missiles	Air-to-Air Missiles	193	386
aam	gameData/Weapons/rocketGuns/fr_r_530_matra_radar.blk	2		2x Matra R530 air-to-air missiles	Air-to-Air Missiles	193.5	387
aam	gameData/Weapons/rocketGuns/fr_r_530_matra_ir.blk	2		2x Matra R530E air-to-air missiles	Air-to-Air Missiles	193.5	387
aam	gameData/Weapons/rocketGuns/us_aim7e2_dogfight_sparrow.blk	2	missile_air_to_air_special_group	AIM-7E-2 Sparrow (Dogfight) air-to-air missiles	Air-to-Air Missiles	193.7	387.4
aam	gameData/Weapons/rocketGuns/cn_pl12_default.blk	2	missile_type_f_air_to_air_midrange_group	PL-12 air-to-air missiles	Air-to-Air Missiles	198	396
aam	gameData/Weapons/rocketGuns/cn_pl12.blk	2	missile_type_f_air_to_air_midrange_group	PL-12 air-to-air missiles	Air-to-Air Missiles	198	396
aam	gameData/Weapons/rocketGuns/cn_sd10a.blk	2	missile_type_b_air_to_air_midrange_group	SD-10(A) air-to-air missiles	Air-to-Air Missiles	198	396
aam	gameData/Weapons/rocketGuns/cn_pl12a_default.blk	2	missile_type_s_air_to_air_midrange_group	PL-12A air-to-air missiles	Air-to-Air Missiles	214	428
aam	gameData/Weapons/rocketGuns/cn_pl12a.blk	2	missile_type_s_air_to_air_midrange_group	PL-12A air-to-air missiles	Air-to-Air Missiles	214	428
aam	gameData/Weapons/rocketGuns/swd_rb99.blk	3	missile_type_f_air_to_air_midrange_group_x3	RB 99 air-to-air missiles	Air-to-Air Missiles	147.87	443.61
aam	gameData/Weapons/rocketGuns/us_aim_54a.blk	1	missile_air_to_air_ir_large_special	AIM-54A Phoenix air-to-air missiles	Air-to-Air Missiles	446.562	446.562
aam	gameData/Weapons/rocketGuns/us_aim_54c.blk	1	missile_air_to_air_ir_large_special	AIM-54C Phoenix air-to-air missiles	Air-to-Air Missiles	446.788	446.788
aam	gameData/Weapons/rocketGuns/us_aim_54c_plus.blk	1	missile_air_to_air_ir_large_special	AIM-54C+ Phoenix air-to-air missiles	Air-to-Air Missiles	446.788	446.788
aam	gameData/Weapons/rocketGuns/us_aim7f_sparrow_f_14.blk	2	missile_air_to_air_midrange_special_group	AIM-7F Sparrow air-to-air missiles	Air-to-Air Missiles	231.33	462.66
aam	gameData/Weapons/rocketGuns/us_aim7m_sparrow_f_14.blk	2	missile_air_to_air_midrange_special_group	AIM-7M Sparrow air-to-air missiles	Air-to-Air Missiles	231.33	462.66
aam	gameData/Weapons/rocketGuns/us_aim7m_sparrow_f_15.blk	2	missile_air_to_air_midrange_special_group	AIM-7M Sparrow air-to-air missiles	Air-to-Air Missiles	231.33	462.66
aam	gameData/Weapons/rocketGuns/su_r_40rd.blk	1	missile_air_to_air_midrange	R-40RD air-to-air missiles	Air-to-Air Missiles	465	465
aam	gameData/Weapons/rocketGuns/su_r_40rd_default.blk	1	missile_air_to_air_midrange	R-40RD air-to-air missiles	Air-to-Air Missiles	465	465
aam	gameData/Weapons/rocketGuns/su_r_40td.blk	1	missile_air_to_air_ir_large	R-40TD air-to-air missiles	Air-to-Air Missiles	465	465
aam	gameData/Weapons/rocketGuns/us_aim_120c_5.blk	3	missile_type_s_air_to_air_midrange_group_x3	AIM-120C-5 AMRAAM air-to-air missiles	Air-to-Air Missiles	161.479	484.437
aam	gameData/Weapons/rocketGuns/us_aim_120a.blk	4	missile_type_f_air_to_air_midrange_group_x4	AIM-120A AMRAAM air-to-air missiles	Air-to-Air Missiles	147.87	591.48
aam	gameData/Weapons/rocketGuns/us_aim_120b.blk	4	missile_air_to_air_midrange_special_group_x4	AIM-120B AMRAAM air-to-air missiles	Air-to-Air Missiles	147.87	591.48
aam	gameData/Weapons/rocketGuns/ir_sedjil.blk	1	missile_type_c_air_to_air_midrange	Sedjeel air-to-air missiles	Air-to-Air Missiles	625	625
aam	gameData/Weapons/rocketGuns/ir_fakour_90.blk	1	missile_type_b_air_to_air_midrange	Fakour-90 air-to-air missiles	Air-to-Air Missiles	637.297	637.297
aam	gameData/Weapons/rocketGuns/uk_skyflash_aim_7_dogfight_tornado.blk	4	missile_air_to_air_midrange_group_x4	Skyflash (Dogfight) air-to-air missiles	Air-to-Air Missiles	193	772
aam	gameData/Weapons/rocketGuns/uk_skyflash_temp.blk	4	missile_air_to_air_midrange_special_group_x4	Skyflash SuperTEMP air-to-air missiles	Air-to-Air Missiles	208.2	832.8
aam	gameData/Weapons/rocketGuns/us_aim_54a_default.blk	2	missile_air_to_air_large_special_group	AIM-54A Phoenix air-to-air missiles	Air-to-Air Missiles	446.562	893.124
aam	gameData/Weapons/rocketGuns/us_aim_54a.blk	2	missile_air_to_air_large_special_group	AIM-54A Phoenix air-to-air missiles	Air-to-Air Missiles	446.562	893.124
aam	gameData/Weapons/rocketGuns/us_aim_54c_default.blk	2	missile_air_to_air_large_special_group	AIM-54C Phoenix air-to-air missiles	Air-to-Air Missiles	446.788	893.576
aam	gameData/Weapons/rocketGuns/us_aim_54c.blk	2	missile_air_to_air_large_special_group	AIM-54C Phoenix air-to-air missiles	Air-to-Air Missiles	446.788	893.576
aam	gameData/Weapons/rocketGuns/us_aim_54c_plus.blk	2	missile_air_to_air_large_special_group	AIM-54C+ Phoenix air-to-air missiles	Air-to-Air Missiles	446.788	893.576
aam	gameData/Weapons/rocketGuns/us_aim_54c_plus_default.blk	2	missile_air_to_air_large_special_group	AIM-54C+ Phoenix air-to-air missiles	Air-to-Air Missiles	446.788	893.576
aam	gameData/Weapons/rocketGuns/ir_fakour_90.blk	2	missile_type_b_air_to_air_midrange_group	Fakour-90 air-to-air missiles	Air-to-Air Missiles	637.297	1274.595
atgm	gameData/Weapons/rocketGuns/su_9M14-2.blk	1	rockets_small	9M14-2 Malyutka-2 missiles	Air-to-Ground Missiles	13.5	13.5
atgm	gameData/Weapons/rocketGuns/su_9M14M.blk	1	rockets_small	9M14M Malyutka missiles	Air-to-Ground Missiles	13.5	13.5
atgm	gameData/Weapons/rocketGuns/su_9m14m_default.blk	1	rockets_small	9M14M Malyutka missiles	Air-to-Ground Missiles	13.5	13.5
atgm	gameData/Weapons/containers/bgm_71_itow_x1_left_wing.blk	1	missile_air_to_uni	BGM-71С Improved TOW missiles	Air-to-Ground Missiles	19.05	19.05
atgm	gameData/Weapons/containers/bgm_71_itow_x1_right_wing.blk	1	missile_air_to_uni	BGM-71С Improved TOW missiles	Air-to-Ground Missiles	19.05	19.05
atgm	gameData/Weapons/containers/hot_tube.blk	1	atgm_type1x1	HOT-1 missiles	Air-to-Ground Missiles	23	23
atgm	gameData/Weapons/containers/hot_tube_default.blk	1	atgm_type1x1	HOT-1 missiles	Air-to-Ground Missiles	23	23
atgm	gameData/Weapons/containers/hot2_tube.blk	1	atgm_type1x1_late	HOT-2 TOW missiles	Air-to-Ground Missiles	23	23
atgm	gameData/Weapons/rocketGuns/fr_ss_11.blk	1	missile_air_to_uni	AS.11 missiles	Air-to-Ground Missiles	29.99	29.99
atgm	gameData/Weapons/rocketGuns/su_9m17m_default.blk	1	rockets_small	9М17М Falanga missiles	Air-to-Ground Missiles	31.5	31.5
atgm	gameData/Weapons/rocketGuns/su_9M17M.blk	1	rockets_small	9М17М Falanga missiles	Air-to-Ground Missiles	31.5	31.5
atgm	gameData/Weapons/containers/wing_loong_akd_9_default.blk	1	missile_air_to_uni	AKD-9 air-to-ground missiles	Air-to-Ground Missiles	33.5	33.5
atgm	gameData/Weapons/containers/orion_kornet_x1_default.blk	1	missile_air_to_uni	9M133M-2 ATGM	Air-to-Ground Missiles	34	34
atgm	gameData/Weapons/containers/orion_kornet_fm3_x1.blk	1	missile_air_to_uni_large	9M133FM3 ATGM	Air-to-Ground Missiles	36	36
atgm	gameData/Weapons/containers/bgm_71_itow_x2_right_wing.blk	1	missile_air_to_uni_group	BGM-71С Improved TOW missiles x2	Air-to-Ground Missiles	38.1	38.1
atgm	gameData/Weapons/containers/tow_tube_x2.blk	1	atgm_type2_x2	BGM-71С Improved TOW missiles x2	Air-to-Ground Missiles	38.1	38.1
atgm	gameData/Weapons/containers/bgm_71_tow_x2_left_wing.blk	1	atgm_type2_x2	BGM-71С Improved TOW missiles x2	Air-to-Ground Missiles	38.1	38.1
atgm	gameData/Weapons/containers/bgm_71_itow_x2_left_wing.blk	1	missile_air_to_uni_group	BGM-71С Improved TOW missiles x2	Air-to-Ground Missiles	38.1	38.1
atgm	gameData/Weapons/containers/bgm_71_tow_x2_left_wing_default.blk	1	atgm_type2_x2	BGM-71С Improved TOW missiles x2	Air-to-Ground Missiles	38.1	38.1
atgm	gameData/Weapons/containers/tow2_tube_x2_default.blk	1	atgm_type2_x2_late	BGM-71D TOW-2 missiles x2	Air-to-Ground Missiles	42.9	42.9
atgm	gameData/Weapons/containers/tow2_tube_x2.blk	1	atgm_type2_x2_late	BGM-71D TOW-2 missiles x2	Air-to-Ground Missiles	42.9	42.9
atgm	gameData/Weapons/containers/bgm_71_tow2_x2_right_wing.blk	1	missile_air_to_uni_large_group	BGM-71D TOW-2 missiles x2	Air-to-Ground Missiles	42.9	42.9
atgm	gameData/Weapons/containers/bgm_71_tow2_x2_left_wing.blk	1	missile_air_to_uni_large_group	BGM-71D TOW-2 missiles x2	Air-to-Ground Missiles	42.9	42.9
atgm	gameData/Weapons/rocketGuns/us_hellfire_agm_114_b.blk	1	missile_air_to_uni	AGM-114B Hellfire air-to-ground missiles	Air-to-Ground Missiles	45.132	45.132
atgm	gameData/Weapons/rocketGuns/swd_rb53.blk	6		6x RB 53 Bantam missiles	Air-to-Ground Missiles	7.6	45.6
atgm	gameData/Weapons/containers/hot_tube.blk	2	missile_air_to_uni_middle_group	HOT-1 missiles	Air-to-Ground Missiles	23	46
atgm	gameData/Weapons/containers/tr_cirit_x2.blk	1	atgm_cirit_x2	CIRIT missiles x2	Air-to-Ground Missiles	50	50
atgm	gameData/Weapons/containers/wing_loong_akd_10.blk	1	missile_air_to_uni_large	AKD-10 air-to-ground missiles	Air-to-Ground Missiles	53	53
atgm	gameData/Weapons/rocketGuns/us_AGM_22_default.blk	2	missile_air_to_uni_group	AGM-22 missiles	Air-to-Ground Missiles	29.99	59.98
atgm	gameData/Weapons/rocketGuns/su_9M17M.blk	2	atgm_type2_x2	9М17М Falanga missiles	Air-to-Ground Missiles	31.5	63
atgm	gameData/Weapons/containers/hot3_pods_x2.blk	1	atgm_type2_x2	HOT-3 air-to-ground missiles x2	Air-to-Ground Missiles	63.2	63.2
atgm	gameData/Weapons/containers/us_bgm_71c_tow_xm_26.blk	1	atgm_type_tow_x3	BGM-71С Improved TOW missiles x3	Air-to-Ground Missiles	73.15	73.15
atgm	gameData/Weapons/containers/us_bgm_71c_tow_x3_default.blk	1	atgm_type_tow_x3	BGM-71С Improved TOW missiles x3	Air-to-Ground Missiles	73.15	73.15
atgm	gameData/Weapons/containers/us_bgm_71c_tow_x3.blk	1	atgm_type_tow_x3	BGM-71С Improved TOW missiles x3	Air-to-Ground Missiles	73.15	73.15
atgm	gameData/Weapons/containers/cn_hj_8a_2_x2_left_wing.blk	1	missile_air_to_uni_group	HJ-8A missiles x2	Air-to-Ground Missiles	73.65	73.65
atgm	gameData/Weapons/containers/cn_hj_8a_2l_z_9w.blk	1	missile_air_to_uni_group	HJ-8A missiles x2	Air-to-Ground Missiles	73.65	73.65
atgm	gameData/Weapons/containers/cn_hj_8a_2_x2_right_wing.blk	1	missile_air_to_uni_group	HJ-8A missiles x2	Air-to-Ground Missiles	73.65	73.65
atgm	gameData/Weapons/containers/cn_hj_8a_2r_z_9w.blk	1	missile_air_to_uni_group	HJ-8A missiles x2	Air-to-Ground Missiles	73.65	73.65
atgm	gameData/Weapons/containers/cn_hj_8c_2_left_wing_z_9w.blk	1	missile_air_to_uni_large_group	HJ-8C missiles x2	Air-to-Ground Missiles	74.05	74.05
atgm	gameData/Weapons/containers/cn_hj_8c_2_right_wing_z_9w.blk	1	missile_air_to_uni_large_group	HJ-8C missiles x2	Air-to-Ground Missiles	74.05	74.05
atgm	gameData/Weapons/containers/cn_hj_8c_2_left_wing.blk	1	missile_air_to_uni_large_group	HJ-8C missiles x2	Air-to-Ground Missiles	74.05	74.05
atgm	gameData/Weapons/containers/cn_hj_8c_2_right_wing.blk	1	missile_air_to_uni_large_group	HJ-8C missiles x2	Air-to-Ground Missiles	74.05	74.05
atgm	gameData/Weapons/containers/cn_hj_8e_2_left_wing_z_9w.blk	1	missile_air_to_uni_middle_group	HJ-8E missiles x2	Air-to-Ground Missiles	75.25	75.25
atgm	gameData/Weapons/containers/cn_hj_8e_2_right_wing_z_9w.blk	1	missile_air_to_uni_middle_group	HJ-8E missiles x2	Air-to-Ground Missiles	75.25	75.25
atgm	gameData/Weapons/rocketGuns/fr_ss_12.blk	1	missile_air_to_uni_middle	AS.12 missiles	Air-to-Ground Missiles	76	76
atgm	gameData/Weapons/containers/tow_tube_x4.blk	1	atgm_type1_x4	BGM-71С Improved TOW missiles x4	Air-to-Ground Missiles	76.2	76.2
atgm	gameData/Weapons/rocketGuns/swd_rb55c.blk	4		4x RB 55C Heli TOW missiles	Air-to-Ground Missiles	21.45	85.8
atgm	gameData/Weapons/containers/tow2_tube_x4.blk	1	atgm_type1_x4_late	BGM-71D TOW-2 missiles x4	Air-to-Ground Missiles	85.8	85.8
atgm	gameData/Weapons/rocketGuns/us_AGM_22.blk	3	missile_air_to_uni_x3	AGM-22 missiles	Air-to-Ground Missiles	29.99	89.97
atgm	gameData/Weapons/containers/tr_cirit_x4.blk	1	atgm_cirit_x4	CIRIT missiles x4	Air-to-Ground Missiles	90	90
atgm	gameData/Weapons/containers/9m114_x2_helicopter.blk	1	atgm_type2_x2	9M114 Shturm missiles x2	Air-to-Ground Missiles	93	93
atgm	gameData/Weapons/containers/9m114_x2_default_helicopter.blk	1	atgm_type2_x2	9M114 Shturm missiles x2	Air-to-Ground Missiles	93	93
atgm	gameData/Weapons/containers/cn_hj_8e_4_left_wing_default.blk	1	missile_air_to_uni_group_x4	HJ-8E missiles x4	Air-to-Ground Missiles	100.25	100.25
atgm	gameData/Weapons/containers/cn_hj_8e_4_right_wing.blk	1	missile_air_to_uni_group_x4	HJ-8E missiles x4	Air-to-Ground Missiles	100.25	100.25
atgm	gameData/Weapons/containers/cn_hj_8h_4_left_wing.blk	1	missile_air_to_uni_large_group_x4	HJ-8H missiles x4	Air-to-Ground Missiles	104.25	104.25
atgm	gameData/Weapons/containers/cn_hj_8h_4_right_wing.blk	1	missile_air_to_uni_large_group_x4	HJ-8H missiles x4	Air-to-Ground Missiles	104.25	104.25
atgm	gameData/Weapons/containers/akd_9_x4.blk	1	atgm_type_helfire_x4	AKD-9 air-to-ground missiles x4	Air-to-Ground Missiles	106	106
atgm	gameData/Weapons/containers/akd_9_x4_default.blk	1	atgm_type_helfire_x4	AKD-9 air-to-ground missiles x4	Air-to-Ground Missiles	106	106
atgm	gameData/Weapons/containers/ba_9_x4.blk	1	atgm_type_helfire_x4	Blue Arrow 9 air-to-ground missiles x4	Air-to-Ground Missiles	106	106
atgm	gameData/Weapons/containers/spike_x2.blk	1	atgm_type_spike_x2	Spike ER air-to-ground missiles x2	Air-to-Ground Missiles	106	106
atgm	gameData/Weapons/containers/mq_1_hellfire_x1_default.blk	2		2x AGM-114K Hellfire II air-to-ground missiles	Air-to-Ground Missiles	53.132	106.264
atgm	gameData/Weapons/containers/hot3_pods_x4.blk	1	atgm_type1_x4	HOT-3 air-to-ground missiles x4	Air-to-Ground Missiles	118.4	118.4
atgm	gameData/Weapons/rocketGuns/fr_ss_11.blk	4		4x AS.11 missiles	Air-to-Ground Missiles	29.99	119.96
atgm	gameData/Weapons/rocketGuns/swd_rb52.blk	4		4x RB 52 A missiles	Air-to-Ground Missiles	29.99	119.96
atgm	gameData/Weapons/containers/9m114_mi_8_amtsh_x2.blk	1	atgm_type2_x2	9M114 Shturm missiles x2	Air-to-Ground Missiles	124.4	124.4
atgm	gameData/Weapons/containers/9m114_ka_29_x2.blk	1	atgm_type2_x2	9M114 Shturm missiles x2	Air-to-Ground Missiles	124.4	124.4
atgm	gameData/Weapons/containers/cn_hj_8a_1.blk	2	missile_air_to_uni_group	HJ-8A missiles	Air-to-Ground Missiles	62.45	124.9
atgm	gameData/Weapons/containers/cn_hj_8e_1.blk	2	missile_air_to_uni_large_group	HJ-8E missiles	Air-to-Ground Missiles	63.25	126.5
atgm	gameData/Weapons/containers/9m114_x2_ataka_laser.blk	1	atgm_type2_x2	9M120-1 Ataka missiles x2	Air-to-Ground Missiles	128	128
atgm	gameData/Weapons/containers/m279_hellfire_b_x2.blk	1	atgm_type_helfire_x2	AGM-114B Hellfire air-to-ground missiles x2	Air-to-Ground Missiles	128.264	128.264
atgm	gameData/Weapons/containers/m279_hellfire_b_x2_default.blk	1	atgm_type_helfire_x2	AGM-114B Hellfire air-to-ground missiles x2	Air-to-Ground Missiles	128.264	128.264
atgm	gameData/Weapons/containers/m279_hellfire_x2.blk	1	atgm_type_helfire_x2	AGM-114K Hellfire II air-to-ground missiles x2	Air-to-Ground Missiles	128.264	128.264
atgm	gameData/Weapons/containers/m279_hellfire_x2_default.blk	1	atgm_type_helfire_x2	AGM-114K Hellfire II air-to-ground missiles x2	Air-to-Ground Missiles	128.264	128.264
atgm	gameData/Weapons/containers/mi_8_9m120m_ataka_x2.blk	1	atgm_type2_x2_late	9M120-1 Ataka missiles x2	Air-to-Ground Missiles	128.6	128.6
atgm	gameData/Weapons/rocketGuns/fr_as20.blk	1	missile_air_to_uni	AS-20 Nord air-to-ground missiles	Air-to-Ground Missiles	143.8	143.8
atgm	gameData/Weapons/containers/lau_131aa_olive_us_apkws_m151.blk	1	nar_he_small	AGR-20A (APKWS II M151) missiles x7	Air-to-Ground Missiles	144.6	144.6
atgm	gameData/Weapons/containers/lau_131aa_us_apkws_m151.blk	1	nar_he_small	AGR-20A (APKWS II M151) missiles x7	Air-to-Ground Missiles	144.6	144.6
atgm	gameData/Weapons/containers/lau_131aa_heli_desert_il_gatr.blk	1	nar_he_small	GATR missiles x7	Air-to-Ground Missiles	148.8	148.8
atgm	gameData/Weapons/containers/trigat_lr_atwg_3lr_x2.blk	1	atgm_type_pars3_x2	PARS 3 LR air-to-ground missiles x2	Air-to-Ground Missiles	150	150
atgm	gameData/Weapons/rocketGuns/fr_ss_12.blk	2		2x AS.12 missiles	Air-to-Ground Missiles	76	152
atgm	gameData/Weapons/rocketGuns/swd_rb55b.blk	8		8x RB 55B Heli TOW missiles	Air-to-Ground Missiles	19.05	152.4
atgm	gameData/Weapons/containers/spike_x4.blk	1	atgm_type_spike_x4	Spike ER air-to-ground missiles x4	Air-to-Ground Missiles	154	154
atgm	gameData/Weapons/containers/lau_131aa_us_apkws_m282.blk	1	nar_small	AGR-20B (APKWS II M282) missiles x7	Air-to-Ground Missiles	160.504	160.504
atgm	gameData/Weapons/containers/lau_131aa_olive_us_apkws_m282.blk	1	nar_small	AGR-20B (APKWS II M282) missiles x7	Air-to-Ground Missiles	160.504	160.504
atgm	gameData/Weapons/containers/lmur.blk	1	missile_air_to_uni	LMUR "Izdeliye 305" missiles	Air-to-Ground Missiles	166.6	166.6
atgm	gameData/Weapons/containers/zt_35_ingwe_x4_helicopter_default.blk	1	atgm_type1_x4	ZT3A2 Ingwe air-to-ground missiles x4	Air-to-Ground Missiles	173.6	173.6
atgm	gameData/Weapons/containers/zt_35_ingwe_x4_helicopter.blk	1	atgm_type1_x4	ZT3A2 Ingwe air-to-ground missiles x4	Air-to-Ground Missiles	173.6	173.6
atgm	gameData/Weapons/containers/9m114_x4.blk	1	atgm_type1_x4	9M114 Shturm missiles x4	Air-to-Ground Missiles	187.2	187.2
atgm	gameData/Weapons/containers/brimstone_dm_x3.blk	1	missile_air_to_uni_middle_x3	Semi-Active Laser mode Brimstone air-to-ground missile x3	Air-to-Ground Missiles	189.4	189.4
atgm	gameData/Weapons/containers/9m120m_x4_right_ataka.blk	1	atgm_type1_x4_late	9M120 Ataka missiles x4	Air-to-Ground Missiles	195.6	195.6
atgm	gameData/Weapons/containers/9m120_x4_left_ataka.blk	1	atgm_type1_x4	9M120 Ataka missiles x4	Air-to-Ground Missiles	195.6	195.6
atgm	gameData/Weapons/containers/9m120_x4_right_ataka.blk	1	atgm_type1_x4	9M120 Ataka missiles x4	Air-to-Ground Missiles	195.6	195.6
atgm	gameData/Weapons/containers/9m120_x4_left_ataka_laser.blk	1	atgm_type1_x4	9M120-1 Ataka missiles x4	Air-to-Ground Missiles	195.6	195.6
atgm	gameData/Weapons/containers/9m120_x4_right_ataka_laser.blk	1	atgm_type1_x4	9M120-1 Ataka missiles x4	Air-to-Ground Missiles	195.6	195.6
atgm	gameData/Weapons/containers/m272_hellfire_b_x4.blk	1	atgm_type_helfire_x4	AGM-114B Hellfire air-to-ground missiles x4	Air-to-Ground Missiles	198.528	198.528
atgm	gameData/Weapons/containers/m272_hellfire_x4.blk	1	atgm_type_helfire_x4	AGM-114K Hellfire II air-to-ground missiles x4	Air-to-Ground Missiles	198.528	198.528
atgm	gameData/Weapons/containers/mokopa_x4.blk	1	atgm_type_helfire_x4	ZT-6 Mokopa air-to-ground missiles x4	Air-to-Ground Missiles	199.2	199.2
atgm	gameData/Weapons/containers/9m120_x6_ataka_laser.blk	1	atgm_type1_x6	9M120-1 Ataka missiles x6	Air-to-Ground Missiles	201	201
atgm	gameData/Weapons/containers/tr_umtas_x4.blk	1	atgm_type_helfire_x4	L-UMTAS missiles x4	Air-to-Ground Missiles	210	210
atgm	gameData/Weapons/rocketGuns/us_agm_65b.blk	1	missile_air_to_uni	AGM-65B air-to-ground missile	Air-to-Ground Missiles	210.467	210.467
atgm	gameData/Weapons/containers/rs_lau_117_agm_65b.blk	1	missile_air_to_uni	AGM-65B air-to-ground missile	Air-to-Ground Missiles	210.467	210.467
atgm	gameData/Weapons/rocketGuns/swd_rb75.blk	1	missile_air_to_uni	RB 75 air-to-ground missile	Air-to-Ground Missiles	210.467	210.467
atgm	gameData/Weapons/containers/9m123_4x_chrizantema.blk	1	atgm_type1_x4_late	9M123M Khrizantema-VM missiles x4	Air-to-Ground Missiles	216	216
atgm	gameData/Weapons/containers/sws_flz_lwf_lb_82_x1.blk	1	missile_air_to_uni	Flz Lwf LB 82 air-to-ground missile	Air-to-Ground Missiles	219.467	219.467
atgm	gameData/Weapons/containers/ch_cm502kg_4_left.blk	1	missile_air_to_uni_group_x4	CM-502KG air-to-ground missiles x4	Air-to-Ground Missiles	221.6	221.6
atgm	gameData/Weapons/containers/ch_cm502kg_4_right.blk	1	missile_air_to_uni_group_x4	CM-502KG air-to-ground missiles x4	Air-to-Ground Missiles	221.6	221.6
atgm	gameData/Weapons/rocketGuns/us_agm_65d.blk	1	missile_air_to_uni	AGM-65D air-to-ground missile	Air-to-Ground Missiles	226.796	226.796
atgm	gameData/Weapons/rocketGuns/us_agm_65h.blk	1	missile_air_to_uni_large	AGM-65H air-to-ground missile	Air-to-Ground Missiles	226.796	226.796
atgm	gameData/Weapons/containers/m272_agm_179_ir_x4.blk	1	missile_air_to_uni_large_group_x4	AGM-179 JAGM-MR (IR) air-to-ground missiles x4	Air-to-Ground Missiles	231.2	231.2
atgm	gameData/Weapons/containers/m272_agm_179_x4.blk	1	missile_air_to_uni_group_x4	AGM-179 JAGM-MR (SAL) air-to-ground missiles x4	Air-to-Ground Missiles	231.2	231.2
atgm	gameData/Weapons/containers/trigat_lr_atwg_3lr.blk	1	atgm_type_pars3_x4	PARS 3 LR air-to-ground missiles x4	Air-to-Ground Missiles	232	232
atgm	gameData/Weapons/containers/trigat_lr_x4.blk	1	atgm_type_pars3_x4	TRIGAT-LR air-to-ground missiles x4	Air-to-Ground Missiles	232	232
atgm	gameData/Weapons/containers/9m114_mi_8_amtsh_x4.blk	1	atgm_type1_x4	9M114 Shturm missiles x4	Air-to-Ground Missiles	248.6	248.6
atgm	gameData/Weapons/containers/9m114_ka_29_x4.blk	1	atgm_type1_x4	9M114 Shturm missiles x4	Air-to-Ground Missiles	248.6	248.6
atgm	gameData/Weapons/containers/rs_apu_68um2_e_24_a1.blk	1	guided_bomb_grey	E-24-A1 air-to-ground missile	Air-to-Ground Missiles	255	255
atgm	gameData/Weapons/containers/mi_8_9m120m_ataka_x4_default.blk	1	atgm_type1_x4	9M120-1 Ataka missiles x4	Air-to-Ground Missiles	257	257
atgm	gameData/Weapons/containers/mi_8_9m120m_ataka_x4.blk	1	atgm_type1_x4	9M120-1 Ataka missiles x4	Air-to-Ground Missiles	257	257
atgm	gameData/Weapons/containers/rs_apu_68um2_vrvz_240.blk	1	missile_air_to_uni_smal	VRVZ-240 air-to-ground missile	Air-to-Ground Missiles	257	257
atgm	gameData/Weapons/rocketGuns/us_agm_12b_bullpup.blk	1	missile_air_to_uni	AGM-12B Bullpup air-to-ground missiles	Air-to-Ground Missiles	259	259
atgm	gameData/Weapons/containers/akd_10_x4.blk	1	atgm_type_helfire_x4_late	AKD-10 air-to-ground missiles x4	Air-to-Ground Missiles	266.25	266.25
atgm	gameData/Weapons/containers/lmur_x2.blk	1	missile_air_to_uni_group	LMUR "Izdeliye 305" missiles x2	Air-to-Ground Missiles	271.6	271.6
atgm	gameData/Weapons/rocketGuns/su_kh_66.blk	1	missile_air_to_uni	Kh-66 missiles	Air-to-Ground Missiles	278	278
atgm	gameData/Weapons/containers/rs_lau_117_grom_b.blk	1	missile_air_to_uni_middle	GROM-B air-to-ground missile	Air-to-Ground Missiles	280	280
atgm	gameData/Weapons/rocketGuns/su_9M127.blk	6	atgm_type_vihr_x6	9K127 Vikhr air-to-ground missiles	Air-to-Ground Missiles	47	282
atgm	gameData/Weapons/rocketGuns/su_9m127_1.blk	6	atgm_type_vihr_x6	9K127 Vikhr air-to-ground missiles	Air-to-Ground Missiles	47	282
atgm	gameData/Weapons/rocketGuns/su_kh_23m.blk	1	missile_air_to_uni	Kh-23M missiles	Air-to-Ground Missiles	289	289
atgm	gameData/Weapons/containers/us_bru_33aa_apkws_m151_x2.blk	1	nar_he_small_group	AGR-20A (APKWS II M151) missiles x7 x2	Air-to-Ground Missiles	289.2	289.2
atgm	gameData/Weapons/containers/ba_11_x4.blk	1	missile_air_to_uni_large_group_x4	Blue Arrow 11 air-to-ground missiles x4	Air-to-Ground Missiles	290.25	290.25
atgm	gameData/Weapons/rocketGuns/us_agm_65e.blk	1	missile_air_to_uni_middle	AGM-65E air-to-ground missile	Air-to-Ground Missiles	291.206	291.206
atgm	gameData/Weapons/rocketGuns/us_agm_65e2.blk	1	missile_air_to_uni_middle	AGM-65E2 air-to-ground missile	Air-to-Ground Missiles	291.206	291.206
atgm	gameData/Weapons/rocketGuns/us_agm_65l.blk	1	missile_air_to_uni_middle	AGM-65L air-to-ground missile	Air-to-Ground Missiles	291.206	291.206
atgm	gameData/Weapons/rocketGuns/swd_rb75t.blk	1	missile_air_to_uni_large	RB 75T air-to-ground missile	Air-to-Ground Missiles	296.649	296.649
atgm	gameData/Weapons/rocketGuns/su_kh_25ml.blk	1	missile_air_to_uni_middle	Kh-25ML missiles	Air-to-Ground Missiles	297	297
atgm	gameData/Weapons/containers/cn_90a_fire_snake_pod.blk	1	nar_he_large	Fire Snake 90A missiles x16	Air-to-Ground Missiles	302.8	302.8
atgm	gameData/Weapons/rocketGuns/us_agm_65f.blk	1	missile_air_to_uni_large	AGM-65F air-to-ground missile	Air-to-Ground Missiles	303.453	303.453
atgm	gameData/Weapons/rocketGuns/us_agm_65g.blk	1	missile_air_to_uni_large	AGM-65G air-to-ground missile	Air-to-Ground Missiles	303.453	303.453
atgm	gameData/Weapons/rocketGuns/swd_rb_05a.blk	1	missile_air_to_uni	Rb05A missiles	Air-to-Ground Missiles	305	305
atgm	gameData/Weapons/containers/rs_l_128_04l_16d.blk	1	nar_he_special	SALGR M-16D missiles x4	Air-to-Ground Missiles	316	316
atgm	gameData/Weapons/rocketGuns/su_kh_25_haslaserchannel.blk	1	missile_air_to_uni	Kh-25 missiles	Air-to-Ground Missiles	318	318
atgm	gameData/Weapons/rocketGuns/su_kh_25.blk	1	missile_air_to_uni_middle	Kh-25 missiles	Air-to-Ground Missiles	318	318
atgm	gameData/Weapons/containers/us_bru_33aa_apkws_m282_x2.blk	1	nar_small_group	AGR-20B (APKWS II M282) missiles x7 x2	Air-to-Ground Missiles	321.008	321.008
atgm	gameData/Weapons/BombGuns/fr_250kg_aasm_250_hammer_gps.blk	1	missile_air_to_uni	AASM 250 HAMMER (SBU 38) guided bomb	Air-to-Ground Missiles	330	330
atgm	gameData/Weapons/BombGuns/fr_250kg_aasm_250_hammer_laser.blk	1	missile_air_to_uni_smal	AASM 250 HAMMER (SBU 54) guided bomb	Air-to-Ground Missiles	330	330
atgm	gameData/Weapons/BombGuns/fr_250kg_aasm_250_hammer_ir.blk	1	missile_air_to_uni_middle	AASM 250 HAMMER (SBU 64) guided bomb	Air-to-Ground Missiles	330	330
atgm	gameData/Weapons/containers/rs_lau_117_grom.blk	1	guided_bomb_yellow	GROM air-to-ground missile	Air-to-Ground Missiles	330	330
atgm	gameData/Weapons/rocketGuns/us_agm_119a_penguin.blk	1	missile_air_to_earth	AGM-119A Penguin missile	Air-to-Ground Missiles	370	370
atgm	gameData/Weapons/containers/9m114_x8.blk	1	atgm_type1_x8	9M114 Shturm missiles x8	Air-to-Ground Missiles	374.4	374.4
atgm	gameData/Weapons/containers/9m120m_x8_ataka.blk	1	atgm_type1_x8_late	9M120 Ataka missiles x8	Air-to-Ground Missiles	391.2	391.2
atgm	gameData/Weapons/containers/9m120_x8_ataka.blk	1	atgm_type1_x8	9M120 Ataka missiles x8	Air-to-Ground Missiles	391.2	391.2
atgm	gameData/Weapons/containers/9m120_x8_ataka_laser.blk	1	atgm_type1_x8	9M120-1 Ataka missiles x8	Air-to-Ground Missiles	391.2	391.2
atgm	gameData/Weapons/containers/vyihr_apu8.blk	1	atgm_type1_x8	9K127 Vikhr air-to-ground missiles x8	Air-to-Ground Missiles	401	401
atgm	gameData/Weapons/BombGuns/uk_pgm_500_laser.blk	1	guided_bomb_large_jdam	PGM 500/1 guided bomb	Air-to-Ground Missiles	404	404
atgm	gameData/Weapons/BombGuns/uk_pgm_500.blk	1	guided_bomb_yellow	PGM 500/2 guided bomb	Air-to-Ground Missiles	404	404
atgm	gameData/Weapons/BombGuns/uk_pgm_500_wo_mitl.blk	1	guided_bomb_yellow	PGM 500/2 guided bomb	Air-to-Ground Missiles	404	404
atgm	gameData/Weapons/BombGuns/uk_pgm_500_iir.blk	1	guided_bomb_yellow	PGM 500/3 guided bomb	Air-to-Ground Missiles	404	404
atgm	gameData/Weapons/BombGuns/uk_pgm_500_iir_wo_mitl.blk	1	guided_bomb_yellow	PGM 500/3 guided bomb	Air-to-Ground Missiles	404	404
atgm	gameData/Weapons/rocketGuns/su_s_25l_rocket.blk	1	rockets_he_large_special_laser	S-25L missiles	Air-to-Ground Missiles	410	410
atgm	gameData/Weapons/rocketGuns/su_s_25ld.blk	1	rockets_he_large_special_laser	S-25LD missiles	Air-to-Ground Missiles	410	410
atgm	gameData/Weapons/containers/ter_lau_131aa_olive_us_apkws_m151.blk	1	nar_he_small_group_x3	AGR-20A (APKWS II M151) missiles x7 x3	Air-to-Ground Missiles	433.8	433.8
atgm	gameData/Weapons/containers/lgg_300_kosava_3_tm.blk	1	glide_guided_bomb_heavy_middle_jdam	Kosava 3 TM air-to-ground missile	Air-to-Ground Missiles	454	454
atgm	gameData/Weapons/containers/ter_lau_131aa_olive_us_apkws_m282.blk	1	nar_small_group_3	AGR-20B (APKWS II M282) missiles x7 x3	Air-to-Ground Missiles	481.512	481.512
atgm	gameData/Weapons/rocketGuns/fr_as30.blk	1	missile_air_to_uni_middle	AS-30 Nord air-to-ground missiles	Air-to-Ground Missiles	520	520
atgm	gameData/Weapons/rocketGuns/fr_as30l.blk	1	missile_air_to_uni	AS-30L Nord air-to-ground missiles	Air-to-Ground Missiles	520	520
atgm	gameData/Weapons/rocketGuns/su_kh_38ml.blk	1	guided_bomb_green	Kh-38ML missiles	Air-to-Ground Missiles	520	520
atgm	gameData/Weapons/rocketGuns/su_kh_38mle.blk	1	guided_bomb_green	Kh-38MLE missiles	Air-to-Ground Missiles	520	520
atgm	gameData/Weapons/rocketGuns/su_kh_38mt.blk	1	guided_bomb_grey	Kh-38MT missiles	Air-to-Ground Missiles	520	520
atgm	gameData/Weapons/rocketGuns/su_kh_38mte.blk	1	guided_bomb_grey	Kh-38MTE missiles	Air-to-Ground Missiles	520	520
atgm	gameData/Weapons/rocketGuns/fr_aj_168.blk	1	missile_air_to_uni	AJ.168 air-to-ground missiles	Air-to-Ground Missiles	579.238	579.238
atgm	gameData/Weapons/rocketGuns/us_agm_123.blk	1	guided_bomb_large_jdam	AGM-123 Skipper missile	Air-to-Ground Missiles	580	580
atgm	gameData/Weapons/containers/lau_88a_agm_65a_x_3.blk	1	missile_air_to_uni_middle_x3	AGM-65A air-to-ground missile x3	Air-to-Ground Missiles	631.401	631.401
atgm	gameData/Weapons/containers/lau_88a_agm_65b_x_3.blk	1	missile_air_to_uni_x3	AGM-65B air-to-ground missile x3	Air-to-Ground Missiles	631.401	631.401
atgm	gameData/Weapons/rocketGuns/su_kh_29l_notlaserchannel.blk	1	missile_air_to_uni_large	Kh-29L missiles	Air-to-Ground Missiles	657	657
atgm	gameData/Weapons/rocketGuns/su_kh_29l.blk	1	missile_air_to_uni_large	Kh-29L missiles	Air-to-Ground Missiles	657	657
atgm	gameData/Weapons/containers/fr_auf2_sbu_38_x2.blk	1	missile_air_to_uni_group	AASM 250 HAMMER (SBU 38) guided bomb x2	Air-to-Ground Missiles	660	660
atgm	gameData/Weapons/containers/fr_auf2_sbu_54_x2.blk	1	missile_air_to_uni_smal_group	AASM 250 HAMMER (SBU 54) guided bomb x2	Air-to-Ground Missiles	660	660
atgm	gameData/Weapons/containers/fr_auf2_sbu_64_x2.blk	1	missile_air_to_uni_middle_group	AASM 250 HAMMER (SBU 64) guided bomb x2	Air-to-Ground Missiles	660	660
atgm	gameData/Weapons/rocketGuns/us_agm_84h_slam_er.blk	1	missile_air_to_uni_large	AGM-84H air-to-ground missile	Air-to-Ground Missiles	668.1	668.1
atgm	gameData/Weapons/rocketGuns/su_kh_29t.blk	1	guided_bomb_red	Kh-29T missiles	Air-to-Ground Missiles	670	670
atgm	gameData/weapons/rocketGuns/jp_ki_148_i_go_1b_event_broken_fuel_leak.blk	1		Ki-148 I-Go 1B	Air-to-Ground Missiles	680	680
atgm	gameData/weapons/rocketGuns/jp_ki_148_i_go_1b_event_broken_engine.blk	1		Ki-148 I-Go 1B	Air-to-Ground Missiles	680	680
atgm	gameData/weapons/rocketGuns/jp_ki_148_i_go_1b_event_broken_warhead.blk	1		Ki-148 I-Go 1B	Air-to-Ground Missiles	680	680
atgm	gameData/weapons/rocketGuns/jp_ki_148_i_go_1b_event.blk	1		Ki-148 I-Go 1B	Air-to-Ground Missiles	680	680
atgm	gameData/weapons/rocketGuns/jp_ki_148_i_go_1b_event_broken_air_ballon.blk	1		Ki-148 I-Go 1B	Air-to-Ground Missiles	680	680
atgm	gameData/weapons/rocketGuns/jp_ki_148_i_go_1b_event_broken_guidance.blk	1		Ki-148 I-Go 1B	Air-to-Ground Missiles	680	680
atgm	gameData/weapons/rocketGuns/jp_ki_148_i_go_1b_event_broken_pipe.blk	1		Ki-148 I-Go 1B	Air-to-Ground Missiles	680	680
atgm	gameData/weapons/rocketGuns/jp_ki_148_i_go_1b_event_broken_servo_controll.blk	1		Ki-148 I-Go 1B	Air-to-Ground Missiles	680	680
atgm	gameData/weapons/rocketGuns/jp_ki_148_i_go_1b.blk	1		Ki-148 I-Go Model 1B missile	Air-to-Ground Missiles	680	680
atgm	gameData/Weapons/containers/lau_88a_agm_65d_x_3.blk	1	missile_air_to_uni_x3	AGM-65D air-to-ground missile x3	Air-to-Ground Missiles	680.388	680.388
atgm	gameData/Weapons/rocketGuns/su_kh_29td.blk	1	guided_bomb_red	Kh-29TD missiles	Air-to-Ground Missiles	686	686
atgm	gameData/Weapons/rocketGuns/su_kh_29te.blk	1	guided_bomb_red	Kh-29TE missiles	Air-to-Ground Missiles	690	690
atgm	gameData/Weapons/rocketGuns/ch_kd_88_missile_tv.blk	1	guided_bomb_green_x59	KD-88 air-to-ground missiles	Air-to-Ground Missiles	710	710
atgm	gameData/Weapons/rocketGuns/ch_kd_88_missile_ir.blk	1	missile_air_to_uni_smal_x59	KD-88A air-to-ground missiles	Air-to-Ground Missiles	710	710
atgm	gameData/Weapons/rocketGuns/su_kh_59.blk	1	guided_bomb_black	Kh-59 missiles	Air-to-Ground Missiles	790	790
atgm	gameData/Weapons/rocketGuns/us_agm_12c_bullpup.blk	1	missile_air_to_uni_large	AGM-12C Bullpup air-to-ground missiles	Air-to-Ground Missiles	810	810
atgm	gameData/Weapons/rocketGuns/su_s_25l_rocket.blk	2	rockets_he_large_special_laser_group_x2	S-25L missiles	Air-to-Ground Missiles	410	820
atgm	gameData/Weapons/rocketGuns/su_s_25ld.blk	2	rockets_he_large_special_laser_group_x2	S-25LD missiles	Air-to-Ground Missiles	410	820
atgm	gameData/Weapons/rocketGuns/su_kh_59m.blk	1	guided_bomb_green_x59	Kh-59M missiles	Air-to-Ground Missiles	930	930
atgm	gameData/Weapons/rocketGuns/su_kh_59me.blk	1	guided_bomb_green_x59	Kh-59ME missiles	Air-to-Ground Missiles	930	930
atgm	gameData/Weapons/rocketGuns/su_kh_59mk.blk	1	missile_air_to_uni_large_x59	Kh-59MK missiles	Air-to-Ground Missiles	930	930
atgm	gameData/Weapons/rocketGuns/su_kh_59mke.blk	1	missile_air_to_uni_large_x59	Kh-59MKE missiles	Air-to-Ground Missiles	930	930
atgm	gameData/Weapons/containers/at_730_aasm_250_sbu_38_x3.blk	1	missile_air_to_uni_x3	AASM 250 HAMMER (SBU 38) guided bomb x3	Air-to-Ground Missiles	990	990
atgm	gameData/Weapons/containers/at_730_aasm_250_sbu_54_x3.blk	1	missile_air_to_uni_smal_x3	AASM 250 HAMMER (SBU 54) guided bomb x3	Air-to-Ground Missiles	990	990
atgm	gameData/Weapons/containers/at_730_aasm_250_sbu_64_x3.blk	1	missile_air_to_uni_middle_x3	AASM 250 HAMMER (SBU 64) guided bomb x3	Air-to-Ground Missiles	990	990
atgm	gameData/Weapons/rocketGuns/de_hs_293a1.blk	1	guided_missile_air_to_surface	HS 293 A-1 guided bomb	Air-to-Ground Missiles	1045	1045
atgm	gameData/Weapons/BombGuns/uk_pgm_2000_laser.blk	1	guided_bomb_heavy_jdam	PGM 2000/1 guided bomb	Air-to-Ground Missiles	1060	1060
atgm	gameData/Weapons/BombGuns/uk_pgm_2000_wo_mitl.blk	1	guided_bomb_grey	PGM 2000/2 guided bomb	Air-to-Ground Missiles	1060	1060
atgm	gameData/Weapons/BombGuns/uk_pgm_2000.blk	1	guided_bomb_grey	PGM 2000/2 guided bomb	Air-to-Ground Missiles	1060	1060
atgm	gameData/Weapons/BombGuns/uk_pgm_2000_iir.blk	1	guided_bomb_grey	PGM 2000/3 guided bomb	Air-to-Ground Missiles	1060	1060
atgm	gameData/Weapons/BombGuns/uk_pgm_2000_iir_wo_mitl.blk	1	guided_bomb_grey	PGM 2000/3 guided bomb	Air-to-Ground Missiles	1060	1060
atgm	gameData/Weapons/BombGuns/us_2000lb_agm_130a_12.blk	1	guided_bomb_grey	AGM-130A-12 guided bomb	Air-to-Ground Missiles	1323	1323
atgm	gameData/Weapons/rocketGuns/swd_rb55b.blk	404		12.7 mm FN M3P machine gun; 4x RB 55B Heli TOW missiles	Air-to-Ground Missiles	19.05	7696.2
atgm	gameData/Weapons/rocketGuns/swd_rb55c.blk	402		12.7 mm FN M3P machine gun; 2x RB 55C Heli TOW missiles	Air-to-Ground Missiles	21.45	8622.9
atgm	gameData/Weapons/rocketGuns/fr_ss_11.blk	1008		4x 7.62 mm Browning machine gun; 2x AS.11 missiles; 6x HVAR rockets	Air-to-Ground Missiles	29.99	30229.92
atgm	gameData/Weapons/rocketGuns/us_agm_122.blk	1	arm_type_f	AGM-122 Sidearm anti-radiation missiles	Anti-Radiation Missiles	95.254	95.254
atgm	gameData/Weapons/rocketGuns/us_agm_45b_10.blk	1	arm_type_s	AGM-45B-10 Shrike anti-radiation missile	Anti-Radiation Missiles	192.323	192.323
atgm	gameData/Weapons/containers/us_lau118_launcher_agm_45b_10.blk	1	arm_type_b	AGM-45B-10 Shrike anti-radiation missile	Anti-Radiation Missiles	192.323	192.323
atgm	gameData/Weapons/containers/lau34_launcher_agm_45b_10.blk	1	arm_type_b	AGM-45B-10 Shrike anti-radiation missile	Anti-Radiation Missiles	192.323	192.323
atgm	gameData/Weapons/rocketGuns/us_agm_45b_3b.blk	1	arm_type_b	AGM-45B-3B Shrike anti-radiation missile	Anti-Radiation Missiles	192.323	192.323
atgm	gameData/Weapons/containers/lau34_launcher_agm_45b_3b.blk	1	arm_type_b	AGM-45B-3B Shrike anti-radiation missile	Anti-Radiation Missiles	192.323	192.323
atgm	gameData/Weapons/containers/aero_5a_launcher_agm_45b_3b.blk	1	arm_type_b	AGM-45B-3B Shrike anti-radiation missile	Anti-Radiation Missiles	192.323	192.323
atgm	gameData/Weapons/containers/aero_5a_launcher_agm_45b_4.blk	1	arm_type_c	AGM-45B-4 Shrike anti-radiation missile	Anti-Radiation Missiles	192.323	192.323
atgm	gameData/Weapons/rocketGuns/us_agm_45b_4.blk	1	arm_type_c	AGM-45B-4 Shrike anti-radiation missile	Anti-Radiation Missiles	192.323	192.323
atgm	gameData/Weapons/containers/lau34_launcher_agm_45b_4.blk	1	arm_type_c	AGM-45B-4 Shrike anti-radiation missile	Anti-Radiation Missiles	192.323	192.323
atgm	gameData/Weapons/rocketGuns/us_agm_45b_6.blk	1	arm_type_s	AGM-45B-6 Shrike anti-radiation missile	Anti-Radiation Missiles	192.323	192.323
atgm	gameData/Weapons/containers/lau34_launcher_agm_45b_6.blk	1	arm_type_s	AGM-45B-6 Shrike anti-radiation missile	Anti-Radiation Missiles	192.323	192.323
atgm	gameData/Weapons/containers/aero_5a_launcher_agm_45b_6.blk	1	arm_type_s	AGM-45B-6 Shrike anti-radiation missile	Anti-Radiation Missiles	192.323	192.323
atgm	gameData/Weapons/containers/lau34_launcher_agm_45b_9.blk	1	arm_type_s	AGM-45B-9 Shrike anti-radiation missile	Anti-Radiation Missiles	192.323	192.323
atgm	gameData/Weapons/containers/us_lau118_launcher_agm_45b_9.blk	1	arm_type_s	AGM-45B-9 Shrike anti-radiation missile	Anti-Radiation Missiles	192.323	192.323
atgm	gameData/Weapons/rocketGuns/cn_ld10.blk	1	arm_r27_type_s	LD-10 anti-radiation missiles	Anti-Radiation Missiles	234	234
atgm	gameData/Weapons/containers/uk_alarm_launcher.blk	1	arm_type_b	ALARM anti-radiation missiles	Anti-Radiation Missiles	265	265
atgm	gameData/Weapons/rocketGuns/su_kh_27ps.blk	1	arm_type_c	Kh-27PS anti-radiation missile	Anti-Radiation Missiles	311	311
atgm	gameData/Weapons/rocketGuns/su_kh_25mpu.blk	1	arm_type_f	Kh-25MPU anti-radiation missile	Anti-Radiation Missiles	319	319
atgm	gameData/Weapons/rocketguns/cn_cm_102.blk	1	arm_r27_type_b	CM-102 anti-radiation missiles	Anti-Radiation Missiles	350	350
atgm	gameData/Weapons/rocketGuns/us_agm_88a.blk	1	arm_type_b	AGM-88A HARM anti-radiation missile	Anti-Radiation Missiles	362.874	362.874
atgm	gameData/Weapons/containers/us_lau118_launcher_agm_88a.blk	1	arm_type_s	AGM-88A HARM anti-radiation missile	Anti-Radiation Missiles	362.874	362.874
atgm	gameData/Weapons/containers/us_lau118_launcher_agm_88c.blk	1	arm_type_f	AGM-88C HARM anti-radiation missile	Anti-Radiation Missiles	362.874	362.874
atgm	gameData/Weapons/rocketGuns/cn_ld10.blk	2	arm_r27_type_s_group	LD-10 anti-radiation missiles	Anti-Radiation Missiles	234	468
atgm	gameData/Weapons/rocketGuns/fr_as37_armat.blk	1	arm_type_s	AS-37 ARMAT anti-radiation missiles	Anti-Radiation Missiles	532	532
atgm	gameData/Weapons/rocketGuns/fr_as37_c_band.blk	1	arm_type_f	AS-37 C Martel anti-radiation missiles	Anti-Radiation Missiles	532	532
atgm	gameData/Weapons/rocketGuns/fr_as37_l_band.blk	1	arm_type_b	AS-37 L Martel anti-radiation missiles	Anti-Radiation Missiles	532	532
atgm	gameData/Weapons/rocketGuns/fr_as37_s_band.blk	1	arm_type_c	AS-37 S Martel anti-radiation missiles	Anti-Radiation Missiles	532	532
atgm	gameData/Weapons/rocketGuns/su_kh_31p_l_111.blk	1	arm_kh31_type_s	Kh-31P L-111 anti-radiation missile	Anti-Radiation Missiles	600	600
atgm	gameData/Weapons/rocketGuns/su_kh_31p_l_112.blk	1	arm_kh31_type_b	Kh-31P L-112 anti-radiation missile	Anti-Radiation Missiles	600	600
atgm	gameData/Weapons/rocketGuns/su_kh_31p_l_113.blk	1	arm_kh31_type_f	Kh-31P L-113 anti-radiation missile	Anti-Radiation Missiles	600	600
atgm	gameData/Weapons/rocketGuns/cn_yj91_l_111.blk	1	arm_kh31_type_s	YJ-91 L111 anti-radiation missiles	Anti-Radiation Missiles	600	600
atgm	gameData/Weapons/rocketGuns/cn_yj91_l_112.blk	1	arm_kh31_type_b	YJ-91 L112 anti-radiation missiles	Anti-Radiation Missiles	600	600
atgm	gameData/Weapons/rocketGuns/cn_yj91_l_113.blk	1	arm_kh31_type_f	YJ-91 L113 anti-radiation missiles	Anti-Radiation Missiles	600	600
atgm	gameData/Weapons/rocketGuns/cn_yj91a.blk	1	arm_kh31_type_c	YJ-91A anti-radiation missiles	Anti-Radiation Missiles	600	600
atgm	gameData/Weapons/rocketGuns/su_kh_58u_a_band.blk	1	arm_type_f	Kh-58U A' anti-radiation missile	Anti-Radiation Missiles	640	640
atgm	gameData/Weapons/rocketGuns/su_kh_58u_b_band.blk	1	arm_type_b	Kh-58U B anti-radiation missile	Anti-Radiation Missiles	640	640
atgm	gameData/Weapons/rocketGuns/su_kh_58u_c_band.blk	1	arm_type_c	Kh-58U C anti-radiation missile	Anti-Radiation Missiles	640	640
atgm	gameData/Weapons/rocketGuns/su_kh_58ush.blk	1	arm_type_s	Kh-58USh anti-radiation missile	Anti-Radiation Missiles	650	650
atgm	gameData/Weapons/rocketGuns/su_kh_31pd.blk	1	arm_kh31_type_c	Kh-31PD anti-radiation missile	Anti-Radiation Missiles	715	715
atgm	gameData/Weapons/rocketGuns/jp_asm2.blk	1	missile_air_to_earth	ASM-2 anti-ship missile	Anti-Ship Missiles	528	528
atgm	gameData/Weapons/rocketGuns/us_agm_84d.blk	1	missile_air_to_earth_special	AGM-84D Harpoon anti-ship missile	Anti-Ship Missiles	549.146	549.146
atgm	gameData/Weapons/rocketGuns/uk_sea_eagle.blk	1	missile_air_to_earth	MBDA Sea Eagle missile	Anti-Ship Missiles	588	588
atgm	gameData/Weapons/rocketGuns/uk_sea_eagle_wo_radar_designation.blk	1	missile_air_to_earth	MBDA Sea Eagle missile	Anti-Ship Missiles	588	588
atgm	gameData/Weapons/rocketGuns/gr_as34_kormoran.blk	1	missile_air_to_earth	AS.34 Kormoran anti-ship missile	Anti-Ship Missiles	600	600
atgm	gameData/Weapons/rocketGuns/jp_asm1.blk	1	missile_air_to_earth_special	ASM-1 anti-ship missile	Anti-Ship Missiles	600	600
atgm	gameData/Weapons/rocketGuns/su_kh_31a.blk	1	missile_air_to_earth_kh31	Kh-31A anti-ship missile	Anti-Ship Missiles	610	610
atgm	gameData/Weapons/rocketGuns/cn_yj_81k.blk	1	missile_air_to_earth_special	YJ-81(k) anti-ship missile	Anti-Ship Missiles	610	610
atgm	gameData/Weapons/rocketGuns/cn_yj91as.blk	1	missile_air_to_earth_kh31	YJ-91 anti-ship missile	Anti-Ship Missiles	610	610
atgm	gameData/Weapons/rocketGuns/ch_yj_83k_missile.blk	1	missile_air_to_uni_large_x59	YJ-83K anti-ship missile	Anti-Ship Missiles	670	670
atgm	gameData/Weapons/rocketGuns/su_kh_31ad.blk	1	missile_air_to_earth_kh31	Kh-31AD anti-ship missile	Anti-Ship Missiles	715	715
bombs	gameData/Weapons/BombGuns/jp_navy_type97mod6_60kg	2		2x 60 kg Navy Type 97 Number 6 ground bomb	Bombs	0	0
bombs	gameData/Weapons/BombGuns/us_special_weapon.blk	1	bombs_special_ammunition	Special weapon	Bombs	24.95	24.95
bombs	gameData/Weapons/BombGuns/jp_type94mod5.blk	1		50 kg Army Type 94 GPHE bomb	Bombs	48.43	48.43
bombs	gameData/Weapons/BombGuns/su_fab50.blk	1	bombs_small	50 kg FAB-50sv (forged) bomb	Bombs	49.76	49.76
bombs	gameData/Weapons/BombGuns/su_zab50fp.blk	1	napalm_small	ZAB-50FP incendiary bomb	Bombs	49.76	49.76
bombs	gameData/Weapons/BombGuns/us_100lb_anm30.blk	1	bombs_small	100 lb AN-M30A1 bomb	Bombs	49.9	49.9
bombs	gameData/Weapons/BombGuns/de_sc50.blk	1	bombs_small	50 kg SC50JA bomb	Bombs	50	50
bombs	gameData/Weapons/BombGuns/it_50kg_t.blk	1	bombs_small	50 kg GP 50 bomb	Bombs	58	58
bombs	gameData/Weapons/BombGuns/de_sd10a.blk	6		6x 10 kg SD10C bomb	Bombs	10	60
bombs	gameData/Weapons/bombGuns/jp_navy_type97mod6_60kg.blk	1	bombs_small	60 kg Navy Type 97 Number 6 ground bomb	Bombs	60.4	60.4
bombs	gameData/Weapons/BombGuns/jp_type94mod5.blk	2		2x 50 kg Army Type 94 GPHE bomb	Bombs	48.43	96.86
bombs	gameData/Weapons/BombGuns/fi_50kg_1938.blk	2		2x 50 Kg Model 1938 bomb	Bombs	49.76	99.52
bombs	gameData/Weapons/BombGuns/su_fab50.blk	2	bombs_small_group_x2	50 kg FAB-50sv (forged) bomb	Bombs	49.76	99.52
bombs	gameData/Weapons/BombGuns/us_100lb_anm30.blk	2		2x 100 lb AN-M30A1 bomb	Bombs	49.9	99.8
bombs	gameData/Weapons/BombGuns/it_100kg_t.blk	1	bombs_middle	100 kg GP 100T bomb	Bombs	100	100
bombs	gameData/Weapons/BombGuns/de_sc50.blk	2		2x 50 kg SC50JA bomb	Bombs	50	100
bombs	gameData/Weapons/BombGuns/swd_50kg_sb_m42.blk	2	bombs_small_group_x2	50 kg sb m/42 bomb	Bombs	50	100
bombs	gameData/Weapons/BombGuns/swd_50kg_sb_m47.blk	2	bombs_small_group_x2	50 kg sb m/47 bomb	Bombs	50	100
bombs	gameData/Weapons/BombGuns/de_sc50_default.blk	2	bombs_small_group_x2	50 kg SC50JA bomb	Bombs	50	100
bombs	gameData/Weapons/BombGuns/uk_250lbs_mc_mk1_mk2_bomb_default.blk	1	bombs_middle	M.C. 250 lb Mk.I bomb	Bombs	102	102
bombs	gameData/Weapons/BombGuns/uk_250lbs_mc_mk1_mk2_bomb.blk	1	bombs_small	M.C. 250 lb Mk.I bomb	Bombs	102	102
bombs	gameData/Weapons/BombGuns/su_fab_100m_43.blk	1	bombs_middle	100 kg FAB-100M-43 bomb	Bombs	103.5	103.5
bombs	gameData/Weapons/BombGuns/su_fab100.blk	1	bombs_middle	100 kg FAB-100sv (forged) bomb	Bombs	103.5	103.5
bombs	gameData/Weapons/BombGuns/su_fab100x.blk	1	bombs_middle	100 kg FAB-100sv bomb	Bombs	103.5	103.5
bombs	gameData/Weapons/BombGuns/uk_250lbs.blk	0		2x G.P. 250 lb Mk.IV bomb	Bombs	104.3	104.3
bombs	gameData/Weapons/BombGuns/uk_250lbs_late.blk	1	bombs_small	G.P. 250 lb Mk.IV bomb	Bombs	104.3	104.3
bombs	gameData/Weapons/BombGuns/uk_250lbs_43.blk	1	bombs_small	G.P. 250 lb Mk.IV bomb	Bombs	104.3	104.3
bombs	gameData/Weapons/BombGuns/uk_250lbs.blk	1	bombs_small	G.P. 250 lb Mk.IV bomb	Bombs	104.3	104.3
bombs	gameData/Weapons/BombGuns/uk_250lbs_default.blk	1	bombs_middle	G.P. 250 lb Mk.IV bomb	Bombs	104.3	104.3
bombs	gameData/Weapons/BombGuns/fr_50kg_gammn.blk	2		2x 50 kg G.A. MMN. 50	Bombs	53	106
bombs	gameData/Weapons/BombGuns/it_100kg_m.blk	1	bombs_middle	100 kg SAP 100M bomb	Bombs	109	109
bombs	gameData/Weapons/BombGuns/de_flam_250.blk	1	napalm_middle	Flam C 250 incendiary bomb	Bombs	110	110
bombs	gameData/Weapons/BombGuns/su_ofab_100_120.blk	1	bombs_middle	100 kg OFAB-100 bomb	Bombs	114	114
bombs	gameData/Weapons/BombGuns/su_ofab100_120.blk	1	bombs_small	100 kg OFAB-100 bomb	Bombs	114	114
bombs	gameData/Weapons/BombGuns/cz_ofab_100mb.blk	1	bombs_middle_high_drag	100 kg OFAB-100MB bomb	Bombs	114	114
bombs	gameData/Weapons/BombGuns/it_50kg_t.blk	2		2x 50 kg GP 50 bomb	Bombs	58	116
bombs	gameData/Weapons/BombGuns/us_250lb_anm57_default.blk	1	bombs_small	250 lb AN-M57 bomb	Bombs	117.9	117.9
bombs	gameData/Weapons/BombGuns/us_250lb_anm57.blk	1	bombs_middle	250 lb AN-M57 bomb	Bombs	117.9	117.9
bombs	gameData/Weapons/BombGuns/us_250lb_mk_81_ldgp.blk	1	bombs_small	250 lb LDGP Mk 81 bomb	Bombs	117.9	117.9
bombs	gameData/Weapons/BombGuns/fr_100kg.blk	1	bombs_middle	100 kg No.1	Bombs	118	118
bombs	gameData/Weapons/BombGuns/swd_50kg_sb_m37a.blk	2		2x 50 kg mb m/37AT bomb	Bombs	59	118
bombs	gameData/Weapons/BombGuns/rs_fab_100_m80.blk	1	bombs_small	100 kg FAB-100 M80 bomb	Bombs	119.5	119.5
bombs	gameData/Weapons/BombGuns/de_sd10a.blk	12	bombs_small_group_x8	10 kg SD10C bomb	Bombs	10	120
bombs	gameData/Weapons/BombGuns/swd_120kg_sb_m61.blk	1	bombs_small	120 kg sb m/61 bomb	Bombs	120	120
bombs	gameData/Weapons/BombGuns/jp_navy_type97mod6_60kg.blk	2		2x 60 kg Navy Type 97 Number 6 ground bomb	Bombs	60.4	120.8
bombs	gameData/Weapons/BombGuns/fr_130kg_samp_mk81.blk	1	bombs_small	250 lb SAMP Mk 81 bomb	Bombs	130	130
bombs	gameData/Weapons/BombGuns/il_100_50_kg_gp.blk	1	bombs_small	100/50 kg G.P. bomb	Bombs	134	134
bombs	gameData/Weapons/BombGuns/cn_gp_250_2_incendiary.blk	1	napalm_middle	250-2 incendiary bomb	Bombs	135	135
bombs	gameData/Weapons/BombGuns/us_250lb_mk_81_ldgp_snakeye.blk	1	bombs_small_high_drag	250 lb Mk 81 Snakeye high-drag tail fin retarded bomb	Bombs	138.3	138.3
bombs	gameData/Weapons/BombGuns/cn_gp_100_2.blk	1	bombs_small	100 kg 100-2 bomb	Bombs	140	140
bombs	gameData/Weapons/BombGuns/fr_75kg_g2_navale.blk	2	bombs_small_group_x2	75 kg G2 Navale bomb	Bombs	73	146
bombs	gameData/Weapons/BombGuns/su_fab50.blk	3		250 kg FAB-250sv bomb; 2x 50 kg FAB-50sv (forged) bomb	Bombs	49.76	149.28
bombs	gameData/Weapons/BombGuns/it_160kg_ap.blk	1	bombs_middle_high_drag	160 kg A.P 160 bomb	Bombs	151.1	151.1
bombs	gameData/Weapons/BombGuns/su_ao_25m_1.blk	6	bombs_small_group_x6	25 kg AO-25M-1 bomb	Bombs	25.5	153
bombs	gameData/Weapons/BombGuns/it_50kg_t.blk	3		3x 50 kg GP 50 bomb	Bombs	58	174
bombs	gameData/Weapons/BombGuns/fi_50kg_1938.blk	4		4x 50 Kg Model 1938 bomb	Bombs	49.76	199.04
bombs	gameData/Weapons/BombGuns/su_fab50.blk	4	bombs_small_group_x4	50 kg FAB-50sv (forged) bomb	Bombs	49.76	199.04
bombs	gameData/Weapons/bombGuns/su_fab50_default.blk	4	bombs_small_group_x4	50 kg FAB-50sv (forged) bomb	Bombs	49.76	199.04
bombs	gameData/Weapons/BombGuns/us_100lb_anm30.blk	4		4x 100 lb AN-M30A1 bomb	Bombs	49.9	199.6
bombs	gameData/Weapons/BombGuns/sws_200_kg_sprengbombe.blk	1	bombs_middle	200 kg Sprengbombe bomb	Bombs	200	200
bombs	gameData/Weapons/BombGuns/it_100kg_t.blk	2		2x 100 kg GP 100T bomb	Bombs	100	200
bombs	gameData/Weapons/BombGuns/de_sd50.blk	4		4x 50 kg SD50 bomb	Bombs	50	200
bombs	gameData/Weapons/BombGuns/swd_50kg_sb_m42.blk	4	bombs_small_group_x4	50 kg sb m/42 bomb	Bombs	50	200
bombs	gameData/Weapons/BombGuns/de_sc50.blk	4	bombs_small_group_x4	50 kg SC50JA bomb	Bombs	50	200
bombs	gameData/Weapons/BombGuns/sws_50_kg_sprengbombe.blk	4	bombs_small_group_x4	50 kg Sprengbombe bomb	Bombs	50	200
bombs	gameData/Weapons/BombGuns/uk_250lbs_mc_mk1_mk2_bomb.blk	2	bombs_small_group_x2	M.C. 250 lb Mk.I bomb	Bombs	102	204
bombs	gameData/Weapons/bombGuns/su_fab_100m_43.blk	2	bombs_middle_group_x2	100 kg FAB-100M-43 bomb	Bombs	103.5	207
bombs	gameData/Weapons/BombGuns/su_fab100.blk	2	bombs_small_group_x2	100 kg FAB-100sv (forged) bomb	Bombs	103.5	207
bombs	gameData/Weapons/BombGuns/su_fab100_short_fin.blk	2		2x 100 kg FAB-100sv bomb	Bombs	103.5	207
bombs	gameData/Weapons/BombGuns/fi_100kg_1938.blk	2		2x 100 Kg Model 1938 bomb	Bombs	103.5	207
bombs	gameData/Weapons/BombGuns/uk_250lbs_43.blk	2		2x G.P. 250 lb Mk.IV bomb	Bombs	104.3	208.6
bombs	gameData/Weapons/BombGuns/uk_250lbs.blk	2		2x G.P. 250 lb Mk.IV bomb	Bombs	104.3	208.6
bombs	gameData/Weapons/BombGuns/uk_250lbs_late.blk	2		2x G.P. 250 lb Mk.IV bomb	Bombs	104.3	208.6
bombs	gameData/Weapons/BombGuns/uk_500lb_he_mc_mk2.blk	1	bombs_middle	500 lb H.E. M.C. Mk.II bomb	Bombs	213.1	213.1
bombs	gameData/Weapons/BombGuns/uk_500lbs_default.blk	1	bombs_large	G.P. 500 lb Mk.IV bomb	Bombs	213.1	213.1
bombs	gameData/Weapons/BombGuns/uk_500lbs_43_default.blk	1	bombs_middle	G.P. 500 lb Mk.IV bomb	Bombs	213.1	213.1
bombs	gameData/Weapons/BombGuns/uk_500lbs_43.blk	1	bombs_middle	G.P. 500 lb Mk.IV bomb	Bombs	213.1	213.1
bombs	gameData/Weapons/BombGuns/uk_500lbs.blk	1	bombs_middle	G.P. 500 lb Mk.IV bomb	Bombs	213.1	213.1
bombs	gameData/Weapons/BombGuns/uk_540lbs.blk	1	bombs_large	Mk.M2 540 lb bomb	Bombs	213.1	213.1
bombs	gameData/Weapons/BombGuns/cn_gp_250_3.blk	1	bombs_middle	250 kg 250-3 bomb	Bombs	216.5	216.5
bombs	gameData/Weapons/BombGuns/it_100kg_m.blk	2		2x 100 kg SAP 100M bomb	Bombs	109	218
bombs	gameData/Weapons/BombGuns/de_flam_250.blk	2		2x Flam C 250 incendiary bomb	Bombs	110	220
bombs	gameData/Weapons/BombGuns/uk_500lb_sap_mkII_ap.blk	1	bombs_middle_high_drag	500 LB S.A.P. Mk.II bomb	Bombs	222.3	222.3
bombs	gameData/Weapons/BombGuns/de_250_matra_25e.blk	1	bombs_middle	250 kg Matra 25E bomb	Bombs	223	223
bombs	gameData/Weapons/BombGuns/fr_200kg.blk	1	bombs_large	200 kg No.1	Bombs	225	225
bombs	gameData/Weapons/containers/lmb3_100_ro_be_50kg_bomb_45_x3.blk	1	bombs_small_group	50 kg BE-50 bomb x3	Bombs	225	225
bombs	gameData/Weapons/BombGuns/de_flam_500.blk	1	napalm_large	Flam C 500 incendiary bomb	Bombs	225	225
bombs	gameData/Weapons/BombGuns/jp_type94mod10.blk	2		2x 100 kg Army Type 94 GPHE bomb	Bombs	112.76	225.52
bombs	gameData/Weapons/BombGuns/su_fab_250m_43.blk	1	bombs_large	250 kg FAB-250M-43 bomb	Bombs	225.96	225.96
bombs	gameData/Weapons/BombGuns/su_fab_250m_62.blk	1	bombs_middle	250 kg FAB-250M-62 bomb	Bombs	227	227
bombs	gameData/Weapons/BombGuns/su_ofab100_120.blk	2	bombs_small_group_x2	100 kg OFAB-100 bomb	Bombs	114	228
bombs	gameData/Weapons/BombGuns/swd_250kg_minb_m40.blk	1	bombs_middle	250 kg mb m/40 bomb	Bombs	230	230
bombs	gameData/Weapons/BombGuns/ar_inc_220.blk	1	napalm_large	INC-220 incendiary bomb	Bombs	230	230
bombs	gameData/Weapons/BombGuns/uk_500lb_mc_mk1_mk4_long_tail_bomb.blk	1	bombs_middle	M.C. 500 lb Mk.I bomb	Bombs	231.7	231.7
bombs	gameData/Weapons/BombGuns/uk_500lb_mc_mk1_mk4_long_tail_bomb_default.blk	1	bombs_large	M.C. 500 lb Mk.I bomb	Bombs	231.7	231.7
bombs	gameData/Weapons/BombGuns/it_50kg_t_vert.blk	4		4x 50 kg GP 50 bomb	Bombs	58	232
bombs	gameData/Weapons/BombGuns/nld_50kg.blk	6	bombs_small_group_x4	50 kg Vliegtuigbom bomb	Bombs	39	234
bombs	gameData/Weapons/BombGuns/us_250lb_anm57.blk	2	bombs_small_group_x2	250 lb AN-M57 bomb	Bombs	117.9	235.8
bombs	gameData/Weapons/BombGuns/us_250lb_mk_81_ldgp.blk	2	bombs_small_group_x2	250 lb LDGP Mk 81 bomb	Bombs	117.9	235.8
bombs	gameData/Weapons/containers/ter_us_250lb_mk_81_x2_on_both_sides.blk	1	bombs_small_group_x2	250 lb LDGP Mk 81 bomb x2	Bombs	235.8	235.8
bombs	gameData/Weapons/containers/gr_tcs_250lb_mk_81.blk	1	bombs_small_group_x2	250 lb LDGP Mk 81 bomb x2	Bombs	235.8	235.8
bombs	gameData/Weapons/BombGuns/us_500lb_mk77_mod2.blk	1	napalm_large	Mk 77 mod 2 incendiary bomb	Bombs	235.9	235.9
bombs	gameData/Weapons/BombGuns/us_500lb_mk77_mod4.blk	1	napalm_large	Mk 77 mod 4 incendiary bomb	Bombs	235.9	235.9
bombs	gameData/Weapons/BombGuns/nld_100kg.blk	2	bombs_middle_group_x2	100 kg Vliegtuigbom bomb	Bombs	118	236
bombs	gameData/Weapons/BombGuns/fr_150kg_i2_navale.blk	2	bombs_large_group_x2	150 kg I2 Navale bomb	Bombs	118	236
bombs	gameData/Weapons/BombGuns/cn_gp_250_2.blk	1	bombs_middle	250 kg 250-2 bomb	Bombs	236	236
bombs	gameData/Weapons/BombGuns/su_fab250_m54.blk	1	bombs_large	250 kg FAB-250M-54 bomb	Bombs	236	236
bombs	gameData/Weapons/BombGuns/fr_100kg.blk	2		2x 100 kg No.1	Bombs	118	236
bombs	gameData/Weapons/BombGuns/su_ofab250_olive.blk	1	bombs_middle	250 kg Type 250-2 bomb	Bombs	236.92	236.92
bombs	gameData/Weapons/bombGuns/su_brab_220_1930_ap.blk	1	bombs_large_high_drag	220 kg BRAB-220 (1930) armor-piercing bomb	Bombs	240	240
bombs	gameData/Weapons/BombGuns/cn_gp_250_4.blk	1	bombs_middle_high_drag	250 kg 250-4 parachute retarded bomb	Bombs	240	240
bombs	gameData/Weapons/BombGuns/rs_fab_250_m79.blk	1	bombs_middle	250 kg FAB-250 M79 bomb	Bombs	240	240
bombs	gameData/Weapons/BombGuns/ar_bk_br_250kg.blk	1	bombs_middle	250 kg BK-BR 250 bomb	Bombs	240.9	240.9
bombs	gameData/Weapons/BombGuns/china_250kg_mk_82.blk	1	bombs_middle	250 kg MK82 bomb	Bombs	240.9	240.9
bombs	gameData/Weapons/BombGuns/us_500lb_mk_82_ldgp_default.blk	1	bombs_middle	500 lb LDGP Mk 82 bomb	Bombs	240.9	240.9
bombs	gameData/Weapons/BombGuns/us_500lb_mk_82_ldgp.blk	1	bombs_middle	500 lb LDGP Mk 82 bomb	Bombs	240.9	240.9
bombs	gameData/Weapons/BombGuns/us_500lb_mk_82_ldgp_air.blk	1	bombs_middle_high_drag	500 lb Mk 82 AIR ballute-type retarded bomb	Bombs	240.9	240.9
bombs	gameData/Weapons/BombGuns/fr_250kg_samp_mk82.blk	1	bombs_middle	500 lb SAMP Mk 82 bomb	Bombs	240.9	240.9
bombs	gameData/Weapons/BombGuns/jp_navy_type97mod6_60kg.blk	4		4x 60 kg Navy Type 97 Number 6 ground bomb	Bombs	60.4	241.6
bombs	gameData/Weapons/containers/cz_m599_ofab_100_110_tu_jupiter_left.blk	1	bombs_middle_high_drag_group_x2	100 kg OFAB-100-110TU bomb x2	Bombs	242	242
bombs	gameData/Weapons/containers/cz_m599_ofab_100_110_tu_jupiter_right.blk	1	bombs_middle_high_drag_group_x2	100 kg OFAB-100-110TU bomb x2	Bombs	242	242
bombs	gameData/Weapons/BombGuns/us_500lb_anm64a1.blk	1	bombs_large	500 lb AN-M64A1 bomb	Bombs	242.6	242.6
bombs	gameData/Weapons/BombGuns/fr_250_samp_type_25.blk	1	bombs_large	250 kg SAMP Type 25 bomb	Bombs	247	247
bombs	gameData/Weapons/BombGuns/fr_250_samp_type_25_default.blk	1	bombs_middle	250 kg SAMP Type 25 bomb	Bombs	247	247
bombs	gameData/Weapons/BombGuns/us_500lb_anm64a1_rod.blk	1	bombs_large	500 lb AN-M64A1 bomb	Bombs	247.5	247.5
bombs	gameData/Weapons/BombGuns/br_bafg_230_default.blk	1	bombs_middle	230 kg BAFG-230 bomb	Bombs	248	248
bombs	gameData/Weapons/BombGuns/us_300lb_m_31.blk	2		2x 300 lb H.E. M31 bomb	Bombs	124.2	248.4
bombs	gameData/Weapons/BombGuns/br_bafg_230_2_default.blk	1	bombs_middle_high_drag	230 kg BFA-230/2 ballute-type retarded bomb	Bombs	250	250
bombs	gameData/Weapons/BombGuns/jp_type92mod25.blk	1		250 kg Army Type 92 GPHE bomb	Bombs	250	250
bombs	gameData/Weapons/BombGuns/ro_ba_250kg_bomb_45.blk	1	bombs_large	250 kg BA-250 bomb	Bombs	250	250
bombs	gameData/Weapons/BombGuns/su_ofab250.blk	1	bombs_large	250 kg OFAB-250sv bomb	Bombs	250	250
bombs	gameData/Weapons/BombGuns/de_sc250_87.blk	1	bombs_middle	250 kg SC250JA bomb	Bombs	250	250
bombs	gameData/Weapons/BombGuns/de_sc250.blk	1	bombs_middle	250 kg SC250JA bomb	Bombs	250	250
bombs	gameData/Weapons/BombGuns/de_sc250.blk	0		2x 250 kg SC250JA bomb	Bombs	250	250
bombs	gameData/Weapons/BombGuns/swd_50kg_sb_m42.blk	5	bombs_small_group_x5	50 kg sb m/42 bomb	Bombs	50	250
bombs	gameData/Weapons/bombGuns/su_fab_250m_46.blk	1	bombs_middle	250 kg FAB-250M-46 bomb	Bombs	252.2	252.2
bombs	gameData/Weapons/BombGuns/su_fab250.blk	1	bombs_large	250 kg FAB-250sv bomb	Bombs	252.2	252.2
bombs	gameData/Weapons/BombGuns/su_fab250x.blk	1	bombs_large	250 kg FAB-250sv bomb	Bombs	252.2	252.2
bombs	gameData/Weapons/BombGuns/it_250kg_napalm_aerea_559g1.blk	1	napalm_large	Aerea 559G1 incendiary bomb	Bombs	253	253
bombs	gameData/Weapons/BombGuns/ar_brp_250kg.blk	1	bombs_middle_high_drag	250 kg BRP 250 high-drag tail fin retarded bomb	Bombs	254	254
bombs	gameData/Weapons/BombGuns/us_500lb_mk_82_ldgp_snakeye_default.blk	1	bombs_middle_high_drag	500 lb Mk 82 Snakeye high-drag tail fin retarded bomb	Bombs	254	254
bombs	gameData/Weapons/BombGuns/us_500lb_mk_82_ldgp_snakeye.blk	1	bombs_middle_high_drag	500 lb Mk 82 Snakeye high-drag tail fin retarded bomb	Bombs	254	254
bombs	gameData/Weapons/BombGuns/fr_samp_mk_82_250_ldgp_snakeye.blk	1	bombs_middle_high_drag	500 lb SAMP Mk 82 250 Snakeye high-drag tail fin retarded bomb	Bombs	254	254
bombs	gameData/Weapons/BombGuns/su_brab_250_ap.blk	1	bombs_middle_high_drag	250 kg BRAB-250 armor-piercing bomb	Bombs	255	255
bombs	gameData/Weapons/BombGuns/jp_navy_mod25mark2_250kg_default.blk	1	bombs_middle	250 kg Navy Type Number 25 Model 2 bomb	Bombs	257	257
bombs	gameData/Weapons/bombGuns/jp_navy_mod25mark2_250kg.blk	1		250 kg Navy Type Number 25 Model 2 bomb	Bombs	257	257
bombs	gameData/Weapons/BombGuns/it_250kg_gp.blk	1	bombs_large	250 kg GP 250 bomb	Bombs	259	259
bombs	gameData/Weapons/BombGuns/it_250kg_gp_stuka.blk	1	bombs_middle	250 kg GP 250 bomb	Bombs	259	259
bombs	gameData/Weapons/BombGuns/fr_250_samp_type_25_200.blk	1	bombs_large_high_drag	250 kg SAMP Type 25 200 parachute retarded bomb	Bombs	264	264
bombs	gameData/Weapons/BombGuns/de_sd70.blk	4		4x 70 kg SD70 bomb	Bombs	66	264
bombs	gameData/Weapons/BombGuns/il_250_50_kg_gp.blk	1	bombs_middle	250/50 kg G.P. bomb	Bombs	265.7	265.7
bombs	gameData/Weapons/BombGuns/su_fab250_270.blk	1	bombs_middle_m54	250 kg OFAB-250-270 bomb	Bombs	268	268
bombs	gameData/Weapons/BombGuns/su_ofab_250_270.blk	1	bombs_large	250 kg OFAB-250-270 bomb	Bombs	268	268
bombs	gameData/Weapons/BombGuns/cn_gp_250_2_incendiary.blk	2	napalm_middle_group_x2	250-2 incendiary bomb	Bombs	135	270
bombs	gameData/Weapons/BombGuns/swd_250kg_minb_m50.blk	1	bombs_middle	250 kg mb m/50 bomb	Bombs	272.4	272.4
bombs	gameData/Weapons/BombGuns/su_ofab250sh.blk	1	bombs_middle_high_drag	250 kg OFAB-250Sh parachute retarded bomb	Bombs	275	275
bombs	gameData/Weapons/BombGuns/us_250lb_mk_81_ldgp_snakeye.blk	2	bombs_small_high_drag_group_x2	250 lb Mk 81 Snakeye high-drag tail fin retarded bomb	Bombs	138.3	276.6
bombs	gameData/Weapons/containers/ter_us_250lb_mk_81_x2_on_both_sides_snakeye.blk	1	bombs_small_high_drag_group_x2	250 lb Mk 81 Snakeye high-drag tail fin retarded bomb x2	Bombs	276.6	276.6
bombs	gameData/Weapons/containers/gr_tcs_250lb_mk_81_snakeye.blk	1	bombs_small_high_drag_group_x2	250 lb Mk 81 Snakeye high-drag tail fin retarded bomb x2	Bombs	276.6	276.6
bombs	gameData/Weapons/bombGuns/cn_gp_100_2.blk	2		2x 100 kg 100-2 bomb	Bombs	140	280
bombs	gameData/Weapons/BombGuns/uk_540lb_mc_mk2_retarded.blk	1	bombs_middle_high_drag	H.E. M.C. Mk.1 No.118 540 lb bomb	Bombs	295	295
bombs	gameData/Weapons/BombGuns/us_100lb_anm30.blk	6	bombs_small_group_x6	100 lb AN-M30A1 bomb	Bombs	49.9	299.4
bombs	gameData/Weapons/BombGuns/nld_300kg.blk	1	bombs_large	300 kg Vliegtuigbom bomb	Bombs	300	300
bombs	gameData/Weapons/BombGuns/it_100kg_t.blk	3		3x 100 kg GP 100T bomb	Bombs	100	300
bombs	gameData/Weapons/BombGuns/de_sc50.blk	6		6x 50 kg SC50JA bomb	Bombs	50	300
bombs	gameData/Weapons/BombGuns/it_160kg_ap.blk	2		2x 160 kg A.P 160 bomb	Bombs	151.1	302.2
bombs	gameData/Weapons/BombGuns/uk_250lbs_mc_mk1_mk2_bomb.blk	3	bombs_small_group	M.C. 250 lb Mk.I bomb	Bombs	102	306
bombs	gameData/Weapons/BombGuns/su_fab100.blk	3	bombs_small_group	100 kg FAB-100sv (forged) bomb	Bombs	103.5	310.5
bombs	gameData/Weapons/BombGuns/us_750_lb_m116a2.blk	1	napalm_small	M116A2 incendiary bomb	Bombs	310.7	310.7
bombs	gameData/Weapons/BombGuns/uk_250lbs.blk	3	bombs_small_group	G.P. 250 lb Mk.IV bomb	Bombs	104.3	312.9
bombs	gameData/Weapons/containers/mbd2_67u_su_ofab_100_120_x3_right.blk	1	bombs_small_group	100 kg OFAB-100 bomb x3	Bombs	342	342
bombs	gameData/Weapons/containers/mbd3_u6_fuse_l_ofab_100_120_x3.blk	1	bombs_small_group	100 kg OFAB-100 bomb x3	Bombs	342	342
bombs	gameData/Weapons/containers/mbd2_67u_su_ofab_100_120_x3_left.blk	1	bombs_small_group	100 kg OFAB-100 bomb x3	Bombs	342	342
bombs	gameData/Weapons/BombGuns/su_zb_360.blk	1	napalm_middle	ZB-360 incendiary bomb	Bombs	342	342
bombs	gameData/Weapons/BombGuns/us_750lb_mk77_mod0.blk	1	napalm_large	Mk 77 Mod 0 incendiary bomb	Bombs	344.7	344.7
bombs	gameData/Weapons/BombGuns/rs_plab_350m_73.blk	1	napalm_large	PLAB-350 M73 incendiary bomb	Bombs	345	345
bombs	gameData/Weapons/BombGuns/it_50kg_t.blk	6		6x 50 kg GP 50 bomb	Bombs	58	348
bombs	gameData/Weapons/containers/ter_ar_bk_br_125kg.blk	1	bombs_small_group	125 kg BK-BR 125 bomb x3	Bombs	353.7	353.7
bombs	gameData/Weapons/containers/ter_ar_bk_br_130kg.blk	1	bombs_middle_group_m54	130 kg BK-BR 130 bomb x3	Bombs	353.7	353.7
bombs	gameData/Weapons/containers/ter_us_250lb_mk_81.blk	1	bombs_small_group	250 lb LDGP Mk 81 bomb x3	Bombs	353.7	353.7
bombs	gameData/Weapons/containers/sn_3_100_3x_fab_100_m80.blk	1	bombs_small_group	100 kg FAB-100 M80 bomb x3	Bombs	358.5	358.5
bombs	gameData/Weapons/BombGuns/jp_navy_type97mod6_60kg.blk	6		6x 60 kg Navy Type 97 Number 6 ground bomb	Bombs	60.4	362.4
bombs	gameData/Weapons/BombGuns/il_360_50_kg_gp.blk	1	bombs_large	360/50 kg G.P. bomb	Bombs	362.42	362.42
bombs	gameData/Weapons/BombGuns/us_750lb_m117_cone_45_japan.blk	1	bombs_large	750 lb JM117 cone 45 bomb	Bombs	362.42	362.42
bombs	gameData/Weapons/BombGuns/us_750lb_m117_cone_45.blk	1	bombs_large	750 lb M117 cone 45 bomb	Bombs	362.42	362.42
bombs	gameData/Weapons/BombGuns/fr_750lb_m117_cone_45.blk	1	bombs_large	750 lb M117 cone 45 bomb	Bombs	362.42	362.42
bombs	gameData/Weapons/BombGuns/su_zb_500.blk	1	napalm_large	ZB-500 incendiary bomb	Bombs	374	374
bombs	gameData/Weapons/BombGuns/jp_type94mod5.blk	8		8x 50 kg Army Type 94 GPHE bomb	Bombs	48.43	387.44
bombs	gameData/Weapons/bombGuns/su_fab50.blk	8	bombs_small_group_x8	50 kg FAB-50sv (forged) bomb	Bombs	49.76	398.08
bombs	gameData/Weapons/BombGuns/us_100lb_anm30.blk	8		6x 100 lb AN-M30A1 bomb; 2x 500 lb AN-M64A1 bomb	Bombs	49.9	399.2
bombs	gameData/Weapons/BombGuns/sws_400kg_febb_napalmbombe.blk	1	napalm_large	400 kg FeBb Napalmbombe incendiary bomb	Bombs	400	400
bombs	gameData/Weapons/BombGuns/fr_400_samp_type_21_200.blk	1	bombs_large_high_drag	400 kg SAMP Type 21 200 parachute retarded bomb	Bombs	400	400
bombs	gameData/Weapons/BombGuns/fr_400_samp_type_21.blk	1	bombs_large	400 kg SAMP Type 21 bomb	Bombs	400	400
bombs	gameData/Weapons/BombGuns/sws_400_kg_sprengbombe.blk	1	bombs_large	400 kg Sprengbombe bomb	Bombs	400	400
bombs	gameData/Weapons/BombGuns/nld_400kg.blk	1	bombs_heavy_middle	400 kg Vliegtuigbom bomb	Bombs	400	400
bombs	gameData/Weapons/BombGuns/de_sc50.blk	8		8x 50 kg SC50JA bomb	Bombs	50	400
bombs	gameData/Weapons/BombGuns/br_binc_300.blk	1	napalm_large	BINC-300 incendiary bomb	Bombs	401.4	401.4
bombs	gameData/Weapons/BombGuns/us_blu_1.blk	1	napalm_large	BLU-1 incendiary bomb	Bombs	401.4	401.4
bombs	gameData/Weapons/BombGuns/us_blu27b.blk	1	napalm_large	BLU-27/B incendiary bomb	Bombs	401.4	401.4
bombs	gameData/Weapons/containers/mer_us_blu_27_x1.blk	1	napalm_large	BLU-27/B incendiary bomb	Bombs	401.4	401.4
bombs	gameData/Weapons/BombGuns/il_380l_mk2_fire_bomb.blk	1	napalm_small	Mk.2 incendiary bomb	Bombs	401.4	401.4
bombs	gameData/Weapons/containers/lmb3_100_ro_be_100kg_bomb_45_x3.blk	1	bombs_middle_group	100 kg BA-100 bomb x3	Bombs	402	402
bombs	gameData/Weapons/BombGuns/us_1000_lb_mk_79_mod_0.blk	1	napalm_heavy	1000 lb Mk 79 Mod 1 incendiary bomb	Bombs	406	406
bombs	gameData/Weapons/BombGuns/su_ao_25m_1.blk	16	bombs_small_group_x8	25 kg AO-25M-1 bomb	Bombs	25.5	408
bombs	gameData/Weapons/containers/200_kg_sprengbombe_swiss_x2.blk	1	bombs_middle_group_x2	200 kg Sprengbombe bomb x2	Bombs	413	413
bombs	gameData/Weapons/BombGuns/su_fab_100m_43.blk	4	bombs_middle_group_x4	100 kg FAB-100M-43 bomb	Bombs	103.5	414
bombs	gameData/Weapons/BombGuns/su_fab100.blk	4	bombs_middle_group_x4	100 kg FAB-100sv (forged) bomb	Bombs	103.5	414
bombs	gameData/Weapons/bombGuns/su_fab100_default.blk	4	bombs_middle_group_x4	100 kg FAB-100sv (forged) bomb	Bombs	103.5	414
bombs	gameData/Weapons/BombGuns/su_fab100x.blk	4	bombs_middle_group_x4	100 kg FAB-100sv bomb	Bombs	103.5	414
bombs	gameData/Weapons/BombGuns/fi_100kg_1938.blk	4		4x 100 Kg Model 1938 bomb	Bombs	103.5	414
bombs	gameData/Weapons/containers/ter_us_250lb_mk_81_snakeye.blk	1	bombs_small_high_drag_group	250 lb Mk 81 Snakeye high-drag tail fin retarded bomb x3	Bombs	414.9	414.9
bombs	gameData/Weapons/BombGuns/us_750lb_mk_78_mod_2.blk	1	napalm_middle	Mk 78 incendiary bomb	Bombs	416.4	416.4
bombs	gameData/Weapons/BombGuns/uk_250lbs.blk	4		4x G.P. 250 lb Mk.IV bomb	Bombs	104.3	417.2
bombs	gameData/Weapons/BombGuns/fr_460l_secan_63.blk	1	napalm_large	SECAN 63 incendiary bomb	Bombs	420	420
bombs	gameData/Weapons/BombGuns/fr_50kg_gammn.blk	8		8x 50 kg G.A. MMN. 50	Bombs	53	424
bombs	gameData/Weapons/BombGuns/uk_500lb_he_mc_mk2.blk	2		2x 500 lb H.E. M.C. Mk.II bomb	Bombs	213.1	426.2
bombs	gameData/Weapons/BombGuns/uk_500lbs.blk	2		2x G.P. 500 lb Mk.IV bomb	Bombs	213.1	426.2
bombs	gameData/Weapons/BombGuns/uk_500lbs_43.blk	2	bombs_middle_group_x2	G.P. 500 lb Mk.IV bomb	Bombs	213.1	426.2
bombs	gameData/Weapons/BombGuns/uk_540lbs.blk	2	bombs_middle_group_x2	Mk.M2 540 lb bomb	Bombs	213.1	426.2
bombs	gameData/Weapons/containers/ter_uk_540lbs_x2_right_wing.blk	1	bombs_middle_group_x2	Mk.M2 540 lb bomb x2	Bombs	426.2	426.2
bombs	gameData/Weapons/containers/uk_dlt_540_x2_left_wing.blk	1	bombs_middle_group_x2	Mk.M2 540 lb bomb x2	Bombs	426.2	426.2
bombs	gameData/Weapons/containers/ter_uk_540lbs_x2_left_wing.blk	1	bombs_middle_group_x2	Mk.M2 540 lb bomb x2	Bombs	426.2	426.2
bombs	gameData/Weapons/containers/uk_dlt_540_x2_right_wing.blk	1	bombs_middle_group_x2	Mk.M2 540 lb bomb x2	Bombs	426.2	426.2
bombs	gameData/Weapons/bombGuns/su_fab_500m_46.blk	1	bombs_large	500 kg FAB-500M-46 bomb	Bombs	428	428
bombs	gameData/Weapons/BombGuns/cn_gp_250_3.blk	2	bombs_middle_group_x2	250 kg 250-3 bomb	Bombs	216.5	433
bombs	gameData/Weapons/BombGuns/jp_type94mod5.blk	9		9x 50 kg Army Type 94 GPHE bomb	Bombs	48.43	435.87
bombs	gameData/Weapons/BombGuns/it_100kg_m_vert.blk	4		4x 100 kg SAP 100M bomb	Bombs	109	436
bombs	gameData/Weapons/BombGuns/us_1000lb_anm65a1_rod.blk	1	bombs_special	1000 lb AN-M65A1 bomb	Bombs	439.6	439.6
bombs	gameData/Weapons/BombGuns/de_flam_250.blk	4	napalm_middle_group_x4	Flam C 250 incendiary bomb	Bombs	110	440
bombs	gameData/Weapons/BombGuns/uk_500lb_sap_mkII_ap.blk	2		2x 500 LB S.A.P. Mk.II bomb	Bombs	222.3	444.6
bombs	gameData/Weapons/BombGuns/fr_50kg_dt2.blk	8		8x 50 kg D.T. No.2	Bombs	55.7	445.6
bombs	gameData/Weapons/BombGuns/us_1000lb_mk_83_ldgp_default.blk	1	bombs_large	1000 lb LDGP Mk 83 bomb	Bombs	446.8	446.8
bombs	gameData/Weapons/BombGuns/us_1000lb_mk_83_ldgp.blk	1	bombs_large	1000 lb LDGP Mk 83 bomb	Bombs	446.8	446.8
bombs	gameData/Weapons/BombGuns/us_1000lb_mk_83_ldgp_air.blk	1	bombs_large_high_drag	1000 lb Mk 83 AIR ballute-type retarded bomb	Bombs	446.8	446.8
bombs	gameData/Weapons/BombGuns/fr_500kg_samp_mk83.blk	1	bombs_special	1000 lb SAMP Mk 83 bomb	Bombs	446.8	446.8
bombs	gameData/Weapons/containers/pm3_fr_500kg_samp_mk83.blk	1	bombs_special	1000 lb SAMP Mk 83 bomb	Bombs	446.8	446.8
bombs	gameData/Weapons/BombGuns/sws_450_kg_sprengbombe_68_70.blk	1	bombs_heavy_middle	450 kg Sprengbombe 68/70 bomb	Bombs	446.8	446.8
bombs	gameData/Weapons/BombGuns/ar_bk_br_500kg.blk	1	bombs_heavy_middle	500 kg BK-BR 500 bomb	Bombs	446.8	446.8
bombs	gameData/Weapons/BombGuns/ar_brp_500kg.blk	1	bombs_heavy_middle_drag	500 kg BRP 500 high-drag tail fin retarded bomb	Bombs	446.8	446.8
bombs	gameData/Weapons/BombGuns/fr_200kg.blk	2		2x 200 kg No.1	Bombs	225	450
bombs	gameData/Weapons/BombGuns/swd_50kg_sb_m42.blk	9		9x 50 kg sb m/42 bomb	Bombs	50	450
bombs	gameData/Weapons/BombGuns/de_flam_500.blk	2	napalm_small_group_x2	Flam C 500 incendiary bomb	Bombs	225	450
bombs	gameData/Weapons/BombGuns/us_1000lb_gp_mk9.blk	1	bombs_large	1000 lb GP Mk9 bomb	Bombs	450.9	450.9
bombs	gameData/Weapons/BombGuns/jp_type94mod10.blk	4		4x 100 kg Army Type 94 GPHE bomb	Bombs	112.76	451.04
bombs	gameData/Weapons/BombGuns/su_fab_250m_43.blk	2	bombs_large_group_x2	250 kg FAB-250M-43 bomb	Bombs	225.96	451.92
bombs	gameData/Weapons/BombGuns/br_bafg_460.blk	1	bombs_special	460 kg BAFG-460 bomb	Bombs	452	452
bombs	gameData/Weapons/BombGuns/uk_1000lb_ld_he_mc_mk_1.blk	1	bombs_large	1000 lb L.D. H.E. M.C. Mk.I	Bombs	453.6	453.6
bombs	gameData/Weapons/BombGuns/il_500_50_kg_gp.blk	1	bombs_special	500/50 G.P. bomb	Bombs	453.6	453.6
bombs	gameData/Weapons/BombGuns/su_fab_250m_62.blk	2	bombs_middle_group_x2	250 kg FAB-250M-62 bomb	Bombs	227	454
bombs	gameData/Weapons/containers/mbd3_u6_fuse_l_fab_250m_62_x2.blk	1	bombs_middle_group_x2	250 kg FAB-250M-62 bomb x2	Bombs	454	454
bombs	gameData/Weapons/containers/mbd3_u2t_fab_250_m62_x2.blk	1	bombs_middle_group_x2	250 kg FAB-250M-62 bomb x2	Bombs	454	454
bombs	gameData/Weapons/containers/mbd3_u6_fuse_ofab_100_120_x4.blk	1	bombs_small_group_x4	100 kg OFAB-100 bomb x4	Bombs	456	456
bombs	gameData/Weapons/containers/mbd2_67u_su_ofab_100_120_x4_default.blk	1	bombs_small_group_x4	100 kg OFAB-100 bomb x4	Bombs	456	456
bombs	gameData/Weapons/containers/mbd3_u6_fuse_l_ofab_100_120_x4.blk	1	bombs_small_group_x4	100 kg OFAB-100 bomb x4	Bombs	456	456
bombs	gameData/Weapons/containers/mbd3_u6_fuse_r_ofab_100_120_x4.blk	1	bombs_small_group_x4	100 kg OFAB-100 bomb x4	Bombs	456	456
bombs	gameData/Weapons/containers/mbd2_67u_su_ofab_100_120_x4.blk	1	bombs_small_group_x4	100 kg OFAB-100 bomb x4	Bombs	456	456
bombs	gameData/Weapons/BombGuns/us_1000lb_anmk33_box_ap_45.blk	1	bombs_large_high_drag	1000 lb A.P. AN-MK 33 bomb	Bombs	457.22	457.22
bombs	gameData/Weapons/BombGuns/us_1000lb_anmk33_box_ap.blk	1	bombs_large_high_drag	1000 lb A.P. AN-MK 33 bomb	Bombs	457.22	457.22
bombs	gameData/Weapons/BombGuns/swd_250kg_minb_m40.blk	2		2x 250 kg mb m/40 bomb	Bombs	230	460
bombs	gameData/Weapons/containers/ter_ar_inc_220_x2_left.blk	1	napalm_large_group_x2	INC-220 incendiary bomb x2	Bombs	460	460
bombs	gameData/Weapons/containers/ter_ar_inc_220_x2_right.blk	1	napalm_large_group_x2	INC-220 incendiary bomb x2	Bombs	460	460
bombs	gameData/Weapons/BombGuns/uk_500lb_mc_mk1_mk4_long_tail_bomb.blk	2	bombs_middle_group_x2	M.C. 500 lb Mk.I bomb	Bombs	231.7	463.4
bombs	gameData/Weapons/BombGuns/su_fab_500m_43.blk	1	bombs_special	500 kg FAB-500M-43 bomb	Bombs	468.57	468.57
bombs	gameData/Weapons/BombGuns/cn_gp_500_3.blk	1	bombs_large	500 kg 500-3 bomb	Bombs	469	469
bombs	gameData/Weapons/containers/mer_us_250lb_mk_81_x4_right.blk	1	bombs_small_group_x4	250 lb LDGP Mk 81 bomb x4	Bombs	471.6	471.6
bombs	gameData/Weapons/containers/mer_us_250lb_mk_81_x4_left.blk	1	bombs_small_group_x4	250 lb LDGP Mk 81 bomb x4	Bombs	471.6	471.6
bombs	gameData/Weapons/BombGuns/us_250lb_anm57.blk	4		4x 250 lb AN-M57 bomb	Bombs	117.9	471.6
bombs	gameData/Weapons/containers/ter_us_mk77_mod4_x2.blk	1	napalm_small_group_x2	Mk 77 mod 4 incendiary bomb x2	Bombs	471.8	471.8
bombs	gameData/Weapons/containers/ter_us_mk77_mod4_x2_left_wing_inside.blk	1	napalm_large_group_x2	Mk 77 mod 4 incendiary bomb x2	Bombs	471.8	471.8
bombs	gameData/Weapons/containers/ter_us_mk77_mod4_x2_right_wing_inside.blk	1	napalm_large_group_x2	Mk 77 mod 4 incendiary bomb x2	Bombs	471.8	471.8
bombs	gameData/Weapons/containers/ter_us_mk77_mod4_x2_right_wing.blk	1	napalm_middle_group_x2	Mk 77 mod 4 incendiary bomb x2	Bombs	471.8	471.8
bombs	gameData/Weapons/containers/ter_us_mk77_mod4_x2_left_wing.blk	1	napalm_middle_group_x2	Mk 77 mod 4 incendiary bomb x2	Bombs	471.8	471.8
bombs	gameData/Weapons/containers/us_bru_33aa_mk77_mod4_x2.blk	1	napalm_large_group_x2	Mk 77 mod 4 incendiary bomb x2	Bombs	471.8	471.8
bombs	gameData/Weapons/containers/mer_us_500lb_mk_77_mod4_x2.blk	1	napalm_large_group_x2	Mk 77 mod 4 incendiary bomb x2	Bombs	471.8	471.8
bombs	gameData/Weapons/BombGuns/cn_gp_250_2.blk	2	bombs_middle_group_x2	250 kg 250-2 bomb	Bombs	236	472
bombs	gameData/Weapons/containers/mbd3_u2t_fab_250_m54_x2.blk	1	bombs_middle_group_x2_m54	250 kg FAB-250M-54 bomb x2	Bombs	472	472
bombs	gameData/Weapons/BombGuns/cn_gp_500_2.blk	1	bombs_large	500 kg 500-2 bomb	Bombs	473	473
bombs	gameData/Weapons/BombGuns/uk_1000lbs_mc_mk1.blk	1	bombs_large	1000 lb M.C. Mk.I bomb	Bombs	474.4	474.4
bombs	gameData/Weapons/BombGuns/su_fab_500m_44.blk	1	bombs_heavy	500 kg FAB-500M-44 bomb	Bombs	477.1	477.1
bombs	gameData/Weapons/BombGuns/su_fab500_m54.blk	1	bombs_special	500 kg FAB-500M-54 bomb	Bombs	478	478
bombs	gameData/Weapons/containers/swd_bomblayett_m71.blk	1	bombs_large_group_x4	120 kg m/71 bomb x4	Bombs	480	480
bombs	gameData/Weapons/containers/swd_bomblayett_m71_retarded.blk	1	bombs_heavy_high_drag_group_x4	120 kg m/71 high-drag tail fin retarded x4	Bombs	480	480
bombs	gameData/Weapons/bombGuns/su_brab_220_1930_ap.blk	2	bombs_large_high_drag_group_x2	220 kg BRAB-220 (1930) armor-piercing bomb	Bombs	240	480
bombs	gameData/Weapons/BombGuns/cn_gp_250_4.blk	2	bombs_middle_high_drag_group_x2	250 kg 250-4 parachute retarded bomb	Bombs	240	480
bombs	gameData/Weapons/containers/ter_ar_bk_br_250kg_x2_right.blk	1	bombs_middle_group_x2	250 kg BK-BR 250 bomb x2	Bombs	481.8	481.8
bombs	gameData/Weapons/containers/ter_ar_bk_br_250kg_x2_left.blk	1	bombs_middle_group_x2	250 kg BK-BR 250 bomb x2	Bombs	481.8	481.8
bombs	gameData/Weapons/BombGuns/us_500lb_mk_82_ldgp.blk	2	bombs_middle_group_x2	500 lb LDGP Mk 82 bomb	Bombs	240.9	481.8
bombs	gameData/Weapons/containers/fr_auf2_500lb_mk_82_ldgp_x2.blk	1	bombs_middle_group_x2	500 lb LDGP Mk 82 bomb x2	Bombs	481.8	481.8
bombs	gameData/Weapons/containers/it_tcs_500lb_mk_82.blk	1	bombs_middle_group_x2	500 lb LDGP Mk 82 bomb x2	Bombs	481.8	481.8
bombs	gameData/Weapons/containers/der_us_500lb_mk_82.blk	1	bombs_middle_group_x2	500 lb LDGP Mk 82 bomb x2	Bombs	481.8	481.8
bombs	gameData/Weapons/containers/gr_tcs_500lb_mk_82.blk	1	bombs_middle_group_x2	500 lb LDGP Mk 82 bomb x2	Bombs	481.8	481.8
bombs	gameData/Weapons/containers/us_bru_33aa_mk82_x2.blk	1	bombs_middle_group_x2	500 lb LDGP Mk 82 bomb x2	Bombs	481.8	481.8
bombs	gameData/Weapons/containers/uk_tsc_500_mk82_x2.blk	1	bombs_middle_group_x2	500 lb LDGP Mk 82 bomb x2	Bombs	481.8	481.8
bombs	gameData/Weapons/containers/fr_tcs_500lb_mk_82.blk	1	bombs_middle_group_x2	500 lb LDGP Mk 82 bomb x2	Bombs	481.8	481.8
bombs	gameData/Weapons/containers/uk_dlt_500lb_mk_82_ldgp_x2_right_wing.blk	1	bombs_middle_group_x2	500 lb LDGP Mk 82 bomb x2	Bombs	481.8	481.8
bombs	gameData/Weapons/containers/uk_dlt_500lb_mk_82_ldgp_x2_left_wing.blk	1	bombs_middle_group_x2	500 lb LDGP Mk 82 bomb x2	Bombs	481.8	481.8
bombs	gameData/Weapons/containers/mdnp_us_500lb_mk_82_ldgp.blk	1	ptb_bombs_small_group	500 lb LDGP Mk 82 bomb x2	Bombs	481.8	481.8
bombs	gameData/Weapons/containers/ter_us_500lb_mk_82_x2_on_both_sides.blk	1	bombs_middle_group_x2	500 lb LDGP Mk 82 bomb x2	Bombs	481.8	481.8
bombs	gameData/Weapons/containers/mbd3_u2t_us_500lb_mk_82_ldgp_x2.blk	1	bombs_middle_group_x2	500 lb LDGP Mk 82 bomb x2	Bombs	481.8	481.8
bombs	gameData/Weapons/containers/sw_tcs_saab_jas39_500lb_mk_82.blk	1	bombs_middle_group_x2	500 lb LDGP Mk 82 bomb x2	Bombs	481.8	481.8
bombs	gameData/Weapons/containers/pm3_fr_250kg_samp_mk82.blk	1	bombs_small_group_x2	500 lb SAMP Mk 82 bomb x2	Bombs	481.8	481.8
bombs	gameData/Weapons/containers/auf2_fr_250kg_samp_mk82.blk	1	bombs_middle_group_x2	500 lb SAMP Mk 82 bomb x2	Bombs	481.8	481.8
bombs	gameData/Weapons/BombGuns/jp_navy_type98mod25_250kg.blk	2		2x 250 kg Navy Type 98 Number 25 bomb	Bombs	242.2	484.4
bombs	gameData/Weapons/BombGuns/us_500lb_anm64a1.blk	2	bombs_middle_group_x2	500 lb AN-M64A1 bomb	Bombs	242.6	485.2
bombs	gameData/Weapons/BombGuns/uk_1000lbs_gp.blk	1	bombs_large	1000 lb H.E. M.C. Mk.13 bomb	Bombs	486	486
bombs	gameData/Weapons/BombGuns/uk_1000lbs_gp_default.blk	1	bombs_large	1000 lb H.E. M.C. Mk.13 bomb	Bombs	486	486
bombs	gameData/Weapons/BombGuns/uk_1000lbs_gp_n117.blk	1	bombs_large_high_drag	1000 lb H.E. M.C. Mk.13 No.117 high-drag tail fin retarded bomb	Bombs	486	486
bombs	gameData/Weapons/BombGuns/br_bafg_460_2.blk	1	bombs_large_high_drag	460 kg BFA-460/2 ballute-type retarded bomb	Bombs	486	486
bombs	gameData/Weapons/BombGuns/jp_navy_mod50mark1_500kg.blk	1		500 kg Number Type 2 50 Model 1 GP(SAP) bomb	Bombs	491	491
bombs	gameData/Weapons/BombGuns/fr_250_samp_type_25.blk	2	bombs_middle_group_x2	250 kg SAMP Type 25 bomb	Bombs	247	494
bombs	gameData/Weapons/containers/fr_auf2_samp_mk82_x2.blk	1	bombs_middle_group_x2	250 kg SAMP Type 25 bomb x2	Bombs	494	494
bombs	gameData/Weapons/containers/gr_tcs_250_samp_type_25.blk	1	bombs_large_group_x2	250 kg SAMP Type 25 bomb x2	Bombs	494	494
bombs	gameData/Weapons/containers/pm3_5ba_fr_250_samp_type_25.blk	1	bombs_middle_group_x2	250 kg SAMP Type 25 bomb x2	Bombs	494	494
bombs	gameData/Weapons/containers/pm3_fr_250_samp_type_25.blk	1	bombs_middle_group_x2	250 kg SAMP Type 25 bomb x2	Bombs	494	494
bombs	gameData/Weapons/containers/fr_tcs_250_samp_type_25.blk	1	bombs_large_group_x2	250 kg SAMP Type 25 bomb x2	Bombs	494	494
bombs	gameData/Weapons/mines/us_mine_mk13_mod0.blk	1	air_mines	1000 lbs Type A Mark I aircraft laid magnetic mine	Bombs	494.4	494.4
bombs	gameData/Weapons/BombGuns/jp_type92mod50.blk	1		500 kg Army Type 92 GPHE bomb	Bombs	495	495
bombs	gameData/Weapons/BombGuns/uk_1000lbs_gp_mk1.blk	1		1000 lb G.P. Mk.I bomb	Bombs	495.7	495.7
bombs	gameData/Weapons/containers/br_tcs_bafg_230.blk	1	bombs_middle_group_x2	230 kg BAFG-230 bomb x2	Bombs	496	496
bombs	gameData/Weapons/BombGuns/su_fab50.blk	10	bombs_small_group_x8	50 kg FAB-50sv (forged) bomb	Bombs	49.76	497.6
bombs	gameData/Weapons/BombGuns/us_100lb_anm30.blk	10		6x 100 lb AN-M30A1 bomb; 4x 250 lb AN-M57 bomb	Bombs	49.9	499
bombs	gameData/Weapons/BombGuns/de_sc50.blk	10		10x 50 kg SC50JA bomb	Bombs	50	500
bombs	gameData/Weapons/containers/br_tcs_bafg_230_2.blk	1	bombs_middle_high_drag_group_x2	230 kg BFA-230/2 ballute-type retarded bomb x2	Bombs	500	500
bombs	gameData/Weapons/BombGuns/su_fab_250m_44.blk	2	bombs_middle_group_x2	250 kg FAB-250M-44 bomb	Bombs	250	500
bombs	gameData/Weapons/BombGuns/jp_type92mod25.blk	2		2x 250 kg Army Type 92 GPHE bomb	Bombs	250	500
bombs	gameData/Weapons/BombGuns/su_ofab250.blk	2		2x 250 kg OFAB-250sv bomb	Bombs	250	500
bombs	gameData/Weapons/BombGuns/de_sc250.blk	2		2x 250 kg SC250JA bomb	Bombs	250	500
bombs	gameData/Weapons/BombGuns/swd_50kg_sb_m42.blk	10	bombs_small_group_x4	50 kg sb m/42 bomb	Bombs	50	500
bombs	gameData/Weapons/BombGuns/de_sc50_default.blk	10	bombs_small_group_x6	50 kg SC50JA bomb	Bombs	50	500
bombs	gameData/Weapons/BombGuns/swd_500kg_minb_m56.blk	1	bombs_large	500 kg mb m/56 bomb	Bombs	500	500
bombs	gameData/Weapons/BombGuns/de_pc500_ap.blk	1	bombs_large_high_drag	500 kg PC500 armor-piercing bomb	Bombs	500	500
bombs	gameData/Weapons/BombGuns/de_sc500_87.blk	1	bombs_large	500 kg SC500K bomb	Bombs	500	500
bombs	gameData/Weapons/BombGuns/de_sc500.blk	1	bombs_large	500 kg SC500K bomb	Bombs	500	500
bombs	gameData/Weapons/BombGuns/us_1000lb_anm65a1_default.blk	1	bombs_large	1000 lb AN-M65A1 bomb	Bombs	500.76	500.76
bombs	gameData/Weapons/BombGuns/us_1000lb_anm65a1.blk	1	bombs_large	1000 lb AN-M65A1 bomb	Bombs	500.76	500.76
bombs	gameData/Weapons/BombGuns/us_1000lb_anm65_cone.blk	1	bombs_special	1000 lb AN-M65A1 Fin M129 bomb	Bombs	500.76	500.76
bombs	gameData/Weapons/bombGuns/su_fab250.blk	2	bombs_large_group_x2	250 kg FAB-250sv bomb	Bombs	252.2	504.4
bombs	gameData/Weapons/BombGuns/su_fab250x.blk	2	bombs_middle_group_x2	250 kg FAB-250sv bomb	Bombs	252.2	504.4
bombs	gameData/Weapons/bombGuns/su_fab_250m_46.blk	2		2x 250 kg FAB-250M-46 bomb	Bombs	252.2	504.4
bombs	gameData/Weapons/BombGuns/jp_navy_mod50mark2_500kg.blk	1		500 kg Navy Type Number 50 Model 2 bomb	Bombs	507	507
bombs	gameData/Weapons/containers/ter_ar_brp_250kg_x2_left.blk	1	bombs_middle_high_drag_group_x2	250 kg BRP 250 high-drag tail fin retarded bomb x2	Bombs	508	508
bombs	gameData/Weapons/containers/ter_ar_brp_250kg_x2_right.blk	1	bombs_middle_high_drag_group_x2	250 kg BRP 250 high-drag tail fin retarded bomb x2	Bombs	508	508
bombs	gameData/Weapons/BombGuns/it_500kg_gp.blk	1	bombs_special	500 kg GP 500 bomb	Bombs	508	508
bombs	gameData/Weapons/BombGuns/it_500kg_gp_stuka.blk	1	bombs_large	500 kg GP 500 bomb	Bombs	508	508
bombs	gameData/Weapons/BombGuns/us_500lb_mk_82_ldgp_snakeye.blk	2	bombs_middle_high_drag_group_x2	500 lb Mk 82 Snakeye high-drag tail fin retarded bomb	Bombs	254	508
bombs	gameData/Weapons/containers/uk_tsc_500_mk82_snakeye_x2.blk	1	bombs_middle_high_drag_group_x2	500 lb Mk 82 Snakeye high-drag tail fin retarded bomb x2	Bombs	508	508
bombs	gameData/Weapons/containers/gr_tcs_500lb_mk_82_snakeye.blk	1	bombs_middle_high_drag_group_x2	500 lb Mk 82 Snakeye high-drag tail fin retarded bomb x2	Bombs	508	508
bombs	gameData/Weapons/containers/is_ver_2_mk82_snakeye.blk	1	bombs_small_high_drag_group_x2	500 lb Mk 82 Snakeye high-drag tail fin retarded bomb x2	Bombs	508	508
bombs	gameData/Weapons/containers/sw_tcs_saab_jas39_500lb_mk_82_snakeye.blk	1	bombs_middle_high_drag_group_x2	500 lb Mk 82 Snakeye high-drag tail fin retarded bomb x2	Bombs	508	508
bombs	gameData/Weapons/containers/it_tcs_500lb_mk_82_snakeye.blk	1	bombs_middle_high_drag_group_x2	500 lb Mk 82 Snakeye high-drag tail fin retarded bomb x2	Bombs	508	508
bombs	gameData/Weapons/containers/us_bru_33aa_mk82_snakeye_x2.blk	1	bombs_middle_high_drag_group_x2	500 lb Mk 82 Snakeye high-drag tail fin retarded bomb x2	Bombs	508	508
bombs	gameData/Weapons/containers/ter_us_500lb_mk_82_x2_on_both_sides_snakeye.blk	1	bombs_middle_high_drag_group_x2	500 lb Mk 82 Snakeye high-drag tail fin retarded bomb x2	Bombs	508	508
bombs	gameData/Weapons/containers/fr_tcs_500lb_mk_82_snakeye.blk	1	bombs_middle_high_drag_group_x2	500 lb Mk 82 Snakeye high-drag tail fin retarded bomb x2	Bombs	508	508
bombs	gameData/Weapons/containers/uk_dlt_500lb_mk_82_ldgp_snakeye_x2_left_wing.blk	1	bombs_middle_high_drag_group_x2	500 lb Mk 82 Snakeye high-drag tail fin retarded bomb x2	Bombs	508	508
bombs	gameData/Weapons/containers/uk_dlt_500lb_mk_82_ldgp_snakeye_x2_right_wing.blk	1	bombs_middle_high_drag_group_x2	500 lb Mk 82 Snakeye high-drag tail fin retarded bomb x2	Bombs	508	508
bombs	gameData/Weapons/BombGuns/fr_samp_mk_82_250_ldgp_snakeye.blk	2	bombs_small_high_drag_group_x2	500 lb SAMP Mk 82 250 Snakeye high-drag tail fin retarded bomb	Bombs	254	508
bombs	gameData/Weapons/containers/fr_auf2_500lb_mk_82_ldgp_x2_snakeye.blk	1	bombs_middle_high_drag_group_x2	500 lb SAMP Mk 82 250 Snakeye high-drag tail fin retarded bomb x2	Bombs	508	508
bombs	gameData/Weapons/BombGuns/cn_gp_500_4.blk	1	bombs_large_high_drag	500 kg 500-4 parachute retarded bomb	Bombs	508.3	508.3
bombs	gameData/Weapons/BombGuns/ro_ba_500kg_bomb_45.blk	1	bombs_heavy_middle	500 kg BA-500 bomb	Bombs	508.3	508.3
bombs	gameData/Weapons/BombGuns/su_fab_500m_62t.blk	1	bombs_large	500 kg FAB-500M-62 bomb	Bombs	508.3	508.3
bombs	gameData/Weapons/BombGuns/su_fab500.blk	1	bombs_special	500 kg FAB-500sv (welded) bomb	Bombs	508.3	508.3
bombs	gameData/Weapons/BombGuns/su_fab500x.blk	1	bombs_large	500 kg FAB-500sv bomb	Bombs	508.3	508.3
bombs	gameData/Weapons/BombGuns/su_brab_250_ap.blk	2	bombs_middle_high_drag_group_x2	250 kg BRAB-250 armor-piercing bomb	Bombs	255	510
bombs	gameData/Weapons/BombGuns/su_brab_500m43_ap.blk	1	bombs_heavy_high_drag	500 kg BRAB-500 armor-piercing bomb	Bombs	510	510
bombs	gameData/Weapons/BombGuns/sw_500kg_brandbomb_m58.blk	1	napalm_large	500 kg Brandbomb m/58 incendiary bomb	Bombs	510	510
bombs	gameData/Weapons/BombGuns/swd_500kg_minb_m41.blk	1		500 kg mb m/41 bomb	Bombs	513	513
bombs	gameData/Weapons/BombGuns/jp_navy_mod25mark2_250kg.blk	2		2x 250 kg Navy Type Number 25 Model 2 bomb	Bombs	257	514
bombs	gameData/Weapons/BombGuns/su_fab500sh.blk	1	bombs_large_high_drag	500 kg FAB-500Sh parachute retarded bomb	Bombs	515	515
bombs	gameData/Weapons/containers/mer_uk_540lbs_x2.blk	1	bombs_middle_group_x2	Mk.M2 540 lb bomb x2	Bombs	516.2	516.2
bombs	gameData/Weapons/bombGuns/su_fab100.blk	5	bombs_middle_group_x5	100 kg FAB-100sv (forged) bomb	Bombs	103.5	517.5
bombs	gameData/Weapons/BombGuns/it_250kg_gp.blk	2		2x 250 kg GP 250 bomb	Bombs	259	518
bombs	gameData/Weapons/BombGuns/fr_500kg_3_1.blk	1	bombs_heavy_middle	500 kg No.2	Bombs	520	520
bombs	gameData/Weapons/BombGuns/fr_250_samp_type_25_200.blk	2	bombs_middle_high_drag_group_x2	250 kg SAMP Type 25 200 parachute retarded bomb	Bombs	264	528
bombs	gameData/Weapons/containers/pm3_5ba_fr_250_samp_type_25_200.blk	1	bombs_middle_high_drag_group_x2	250 kg SAMP Type 25 200 parachute retarded bomb x2	Bombs	528	528
bombs	gameData/Weapons/containers/fr_tcs_250_samp_type_25_200.blk	1	bombs_large_high_drag_group_x2	250 kg SAMP Type 25 200 parachute retarded bomb x2	Bombs	528	528
bombs	gameData/Weapons/containers/pm3_fr_250_samp_type_25_200.blk	1	bombs_middle_high_drag_group_x2	250 kg SAMP Type 25 200 parachute retarded bomb x2	Bombs	528	528
bombs	gameData/Weapons/containers/gr_tcs_250_samp_type_25_200.blk	1	bombs_large_high_drag_group_x2	250 kg SAMP Type 25 200 parachute retarded bomb x2	Bombs	528	528
bombs	gameData/Weapons/BombGuns/su_brab_500_1938_ap.blk	1	bombs_large_high_drag	500 kg BRAB-500 (1938) armor-piercing bomb	Bombs	531.3	531.3
bombs	gameData/Weapons/containers/lbmr_il_100_50_kg.blk	1	bombs_small_group_x4	100/50 kg G.P. bomb x4	Bombs	536	536
bombs	gameData/Weapons/BombGuns/su_fab250_270.blk	2	bombs_middle_group_x2_m54	250 kg OFAB-250-270 bomb	Bombs	268	536
bombs	gameData/Weapons/containers/mbd3_u6_su_fab250_270_x2.blk	1	bombs_middle_group_x2_m54	250 kg OFAB-250-270 bomb x2	Bombs	536	536
bombs	gameData/Weapons/BombGuns/cn_gp_250_2_incendiary.blk	4	napalm_middle_group_x4	250-2 incendiary bomb	Bombs	135	540
bombs	gameData/Weapons/BombGuns/su_ofab250sh.blk	2	bombs_middle_high_drag_group_x2	250 kg OFAB-250Sh parachute retarded bomb	Bombs	275	550
bombs	gameData/Weapons/containers/mbd3_u2t_ofab_250sh_x2.blk	1	bombs_middle_high_drag_group_x2	250 kg OFAB-250Sh parachute retarded bomb x2	Bombs	550	550
bombs	gameData/Weapons/containers/mbd3_u6_fuse_l_fab_250sh_x2.blk	1	bombs_middle_high_drag_group_x2	250 kg OFAB-250Sh parachute retarded bomb x2	Bombs	550	550
bombs	gameData/Weapons/containers/mer_us_250lb_mk_81_x4_left_snakeye.blk	1	bombs_small_high_drag_group_x4	250 lb Mk 81 Snakeye high-drag tail fin retarded bomb x4	Bombs	553.2	553.2
bombs	gameData/Weapons/containers/mer_us_250lb_mk_81_x4_right_snakeye.blk	1	bombs_small_high_drag_group_x4	250 lb Mk 81 Snakeye high-drag tail fin retarded bomb x4	Bombs	553.2	553.2
bombs	gameData/Weapons/containers/mbd3_u6_wing_r_su_ofab100_120_x5.blk	1	bombs_small_group_x5	100 kg OFAB-100 bomb x5	Bombs	570	570
bombs	gameData/Weapons/containers/mbd3_u6_fuse_r_ofab_100_120_x5.blk	1	bombs_small_group_x5	100 kg OFAB-100 bomb x5	Bombs	570	570
bombs	gameData/Weapons/containers/mbd3_u6_wing_l_su_ofab100_120_x5.blk	1	bombs_small_group_x5	100 kg OFAB-100 bomb x5	Bombs	570	570
bombs	gameData/Weapons/containers/mbd3_u6_fuse_l_ofab_100_120_x5.blk	1	bombs_small_group_x5	100 kg OFAB-100 bomb x5	Bombs	570	570
bombs	gameData/Weapons/BombGuns/jp_type94mod5.blk	12		12x 50 kg Army Type 94 GPHE bomb	Bombs	48.43	581.16
bombs	gameData/Weapons/containers/mer_us_250lb_mk_81_x5_right.blk	1	bombs_small_group_x5	250 lb LDGP Mk 81 bomb x5	Bombs	589.5	589.5
bombs	gameData/Weapons/containers/mer_us_250lb_mk_81_x5_left.blk	1	bombs_small_group_x5	250 lb LDGP Mk 81 bomb x5	Bombs	589.5	589.5
bombs	gameData/Weapons/BombGuns/fr_100kg.blk	5	bombs_middle_group_x5	100 kg No.1	Bombs	118	590
bombs	gameData/Weapons/BombGuns/uk_540lb_mc_mk2_retarded.blk	2	bombs_middle_high_drag_group_x2	H.E. M.C. Mk.1 No.118 540 lb bomb	Bombs	295	590
bombs	gameData/Weapons/bombGuns/su_fab50.blk	12		12x 50 kg FAB-50sv (forged) bomb	Bombs	49.76	597.12
bombs	gameData/Weapons/BombGuns/us_100lb_anm30.blk	12		12x 100 lb AN-M30A1 bomb	Bombs	49.9	598.8
bombs	gameData/Weapons/BombGuns/it_100kg_t.blk	6		6x 100 kg GP 100T bomb	Bombs	100	600
bombs	gameData/Weapons/BombGuns/jp_navy_type97mod6_60kg.blk	10		10x 60 kg Navy Type 97 Number 6 ground bomb	Bombs	60.4	604
bombs	gameData/Weapons/BombGuns/it_160kg_ap.blk	4	bombs_middle_high_drag_group_x4	160 kg A.P 160 bomb	Bombs	151.1	604.4
bombs	gameData/Weapons/BombGuns/swd_600kg_minb_m50.blk	1	bombs_heavy_middle	600 kg mb m/50 bomb	Bombs	614.4	614.4
bombs	gameData/Weapons/BombGuns/su_fab100.blk	6	bombs_small_group_x6	100 kg FAB-100sv (forged) bomb	Bombs	103.5	621
bombs	gameData/Weapons/BombGuns/su_fab100x.blk	6		6x 100 kg FAB-100sv bomb	Bombs	103.5	621
bombs	gameData/Weapons/BombGuns/uk_250lbs_43.blk	6		6x G.P. 250 lb Mk.IV bomb	Bombs	104.3	625.8
bombs	gameData/Weapons/BombGuns/uk_500lb_he_mc_mk2.blk	3	bombs_middle_group	500 lb H.E. M.C. Mk.II bomb	Bombs	213.1	639.3
bombs	gameData/Weapons/BombGuns/uk_500lbs.blk	3	bombs_middle_group	G.P. 500 lb Mk.IV bomb	Bombs	213.1	639.3
bombs	gameData/Weapons/containers/ter_uk_540lbs.blk	1	bombs_middle_group	Mk.M2 540 lb bomb x3	Bombs	639.3	639.3
bombs	gameData/Weapons/BombGuns/cn_gp_250_3.blk	3	bombs_middle_group	250 kg 250-3 bomb	Bombs	216.5	649.5
bombs	gameData/Weapons/BombGuns/it_630kg_ap.blk	1	bombs_large_high_drag	630 kg 630 P.D. bomb	Bombs	651.5	651.5
bombs	gameData/Weapons/BombGuns/it_100kg_m.blk	6		6x 100 kg SAP 100M bomb	Bombs	109	654
bombs	gameData/Weapons/BombGuns/de_flam_250.blk	6	napalm_middle_group_x6	Flam C 250 incendiary bomb	Bombs	110	660
bombs	gameData/Weapons/BombGuns/uk_500lb_sap_mkII_ap.blk	3	bombs_middle_high_drag_group	500 LB S.A.P. Mk.II bomb	Bombs	222.3	666.9
bombs	gameData/Weapons/BombGuns/de_flam_500.blk	3	napalm_large_group_x3	Flam C 500 incendiary bomb	Bombs	225	675
bombs	gameData/Weapons/containers/mer_uk_540lbs_retarded_x2.blk	1	bombs_middle_high_drag_group_x2	H.E. M.C. Mk.1 No.118 540 lb bomb x2	Bombs	680	680
bombs	gameData/Weapons/containers/mbd3_u6_fuse_r_fab_250m_62_x3.blk	1	bombs_middle_group	250 kg FAB-250M-62 bomb x3	Bombs	681	681
bombs	gameData/Weapons/containers/mbd3_u6_wing_r_su_fab_250m_62_x3.blk	1	bombs_middle_group	250 kg FAB-250M-62 bomb x3	Bombs	681	681
bombs	gameData/Weapons/containers/mbd3_u6_wing_l_su_fab_250m_62_x3.blk	1	bombs_middle_group	250 kg FAB-250M-62 bomb x3	Bombs	681	681
bombs	gameData/Weapons/containers/mbd3_u6_su_ofab100_120_x6.blk	1	bombs_small_group_x6	100 kg OFAB-100 bomb x6	Bombs	684	684
bombs	gameData/Weapons/BombGuns/su_ofab100_120.blk	6		6x 100 kg OFAB-100 bomb	Bombs	114	684
bombs	gameData/Weapons/BombGuns/swd_250kg_minb_m40.blk	3	bombs_large_group	250 kg mb m/40 bomb	Bombs	230	690
bombs	gameData/Weapons/containers/ter_ar_inc_220.blk	1	napalm_large_group_x3	INC-220 incendiary bomb x3	Bombs	690	690
bombs	gameData/Weapons/containers/mer_us_250lb_mk_81_x5_right_snakeye.blk	1	bombs_small_high_drag_group_x5	250 lb Mk 81 Snakeye high-drag tail fin retarded bomb x5	Bombs	691.5	691.5
bombs	gameData/Weapons/containers/mer_us_250lb_mk_81_x5_left_snakeye.blk	1	bombs_small_high_drag_group_x5	250 lb Mk 81 Snakeye high-drag tail fin retarded bomb x5	Bombs	691.5	691.5
bombs	gameData/Weapons/BombGuns/uk_500lb_mc_mk1_mk4_long_tail_bomb.blk	3	bombs_middle_group	M.C. 500 lb Mk.I bomb	Bombs	231.7	695.1
bombs	gameData/Weapons/BombGuns/it_50kg_t_vert.blk	12		12x 50 kg GP 50 bomb	Bombs	58	696
bombs	gameData/Weapons/BombGuns/it_50kg_t.blk	12		12x 50 kg GP 50 bomb	Bombs	58	696
bombs	gameData/Weapons/containers/mer_ar_bk_br_125kg.blk	1	bombs_small_group_x6	125 kg BK-BR 125 bomb x6	Bombs	707.4	707.4
bombs	gameData/Weapons/BombGuns/us_250lb_anm57.blk	6	bombs_small_group_x6	250 lb AN-M57 bomb	Bombs	117.9	707.4
bombs	gameData/Weapons/containers/mer_us_250lb_anm57a1_x6.blk	1	bombs_small_group_x6	250 lb AN-M57 bomb x6	Bombs	707.4	707.4
bombs	gameData/Weapons/BombGuns/us_250lb_mk_81_ldgp.blk	6	bombs_small_group_x6	250 lb LDGP Mk 81 bomb	Bombs	117.9	707.4
bombs	gameData/Weapons/containers/mer_us_250lb_mk_81_x6.blk	1	bombs_small_group_x6	250 lb LDGP Mk 81 bomb x6	Bombs	707.4	707.4
bombs	gameData/Weapons/containers/mer_us_mk77_mod4_x3.blk	1	napalm_small_group_x3	Mk 77 mod 4 incendiary bomb x3	Bombs	707.7	707.7
bombs	gameData/Weapons/containers/mer_us_mk77_mod4_x3_left.blk	1	napalm_small_group_x3	Mk 77 mod 4 incendiary bomb x3	Bombs	707.7	707.7
bombs	gameData/Weapons/containers/mer_us_mk77_mod4_x3_right.blk	1	napalm_small_group_x3	Mk 77 mod 4 incendiary bomb x3	Bombs	707.7	707.7
bombs	gameData/Weapons/containers/ter_us_mk77_mod4.blk	1	napalm_middle_group_x3	Mk 77 mod 4 incendiary bomb x3	Bombs	707.7	707.7
bombs	gameData/Weapons/BombGuns/fr_100kg.blk	6		6x 100 kg No.1	Bombs	118	708
bombs	gameData/Weapons/BombGuns/uk_520lb_herl_mk_1_n.blk	3		3x HERL 520 lb Mk.IN bomb	Bombs	238.1	714.3
bombs	gameData/Weapons/BombGuns/cn_gp_250_4.blk	3	bombs_middle_high_drag_group	250 kg 250-4 parachute retarded bomb	Bombs	240	720
bombs	gameData/Weapons/BombGuns/us_1600lb_ap_an_mk1.blk	1	bombs_heavy_high_drag	1600 lb AN-Mk 1 armor-piercing bomb	Bombs	721.2	721.2
bombs	gameData/Weapons/BombGuns/us_1600lb_ap_an_mk1_45.blk	1	bombs_heavy_high_drag	1600 lb AN-Mk 1 armor-piercing bomb	Bombs	721.2	721.2
bombs	gameData/Weapons/containers/ter_ar_bk_br_250kg.blk	1	bombs_middle_group	250 kg BK-BR 250 bomb x3	Bombs	722.7	722.7
bombs	gameData/Weapons/containers/us_500lb_mk_82_x3_ter9a_1.blk	1	bombs_middle_group	500 lb LDGP Mk 82 bomb x3	Bombs	722.7	722.7
bombs	gameData/Weapons/containers/ter_us_500lb_mk_82.blk	1	bombs_middle_group	500 lb LDGP Mk 82 bomb x3	Bombs	722.7	722.7
bombs	gameData/Weapons/containers/ter_us_500lb_mk_82_x3.blk	1	bombs_small_group	500 lb LDGP Mk 82 bomb x3	Bombs	722.7	722.7
bombs	gameData/Weapons/containers/ter_us_500lb_mk_82_default.blk	1	bombs_middle_group	500 lb LDGP Mk 82 bomb x3	Bombs	722.7	722.7
bombs	gameData/Weapons/containers/us_500lb_mk_82_air_x3_ter9a_1.blk	1	bombs_middle_high_drag_group	500 lb Mk 82 AIR ballute-type retarded bomb x3	Bombs	722.7	722.7
bombs	gameData/Weapons/containers/ter_fr_250kg_samp_mk82.blk	1	bombs_middle_group	500 lb SAMP Mk 82 bomb x3	Bombs	722.7	722.7
bombs	gameData/Weapons/BombGuns/jp_navy_type97mod6_60kg.blk	12		12x 60 kg Navy Type 97 Number 6 ground bomb	Bombs	60.4	724.8
bombs	gameData/Weapons/BombGuns/us_750lb_m117_cone_45.blk	2		2x 750 lb M117 cone 45 bomb	Bombs	362.42	724.84
bombs	gameData/Weapons/containers/is_ver_2_mk117.blk	1	bombs_middle_group_x2	750 lb M117 cone 45 bomb x2	Bombs	724.84	724.84
bombs	gameData/Weapons/containers/ter_us_750lb_m117_cone_45_x2_left_wing.blk	1	bombs_middle_group_x2	750 lb M117 cone 45 bomb x2	Bombs	724.84	724.84
bombs	gameData/Weapons/containers/ter_us_750lb_m117_on_both_side.blk	1	bombs_large_group_x2	750 lb M117 cone 45 bomb x2	Bombs	724.84	724.84
bombs	gameData/Weapons/containers/mer_us_750lb_m117_x2.blk	1	bombs_large_group_x2	750 lb M117 cone 45 bomb x2	Bombs	724.84	724.84
bombs	gameData/Weapons/containers/ter_us_750lb_m117_cone_45_x2_right_wing.blk	1	bombs_middle_group_x2	750 lb M117 cone 45 bomb x2	Bombs	724.84	724.84
bombs	gameData/Weapons/containers/mdnp_us_750lb_m117_cone_45.blk	1	ptb_bombs_middle_group	750 lb M117 cone 45 bomb x2	Bombs	724.84	724.84
bombs	gameData/Weapons/BombGuns/uk_230lbs.blk	8		8x H.E. R.F.C. 230 lb Mk.III bomb	Bombs	90.7	725.6
bombs	gameData/Weapons/BombGuns/jp_type94mod5.blk	15		15x 50 kg Army Type 94 GPHE bomb	Bombs	48.43	726.45
bombs	gameData/Weapons/BombGuns/us_500lb_anm64a1.blk	3	bombs_middle_group	500 lb AN-M64A1 bomb	Bombs	242.6	727.8
bombs	gameData/Weapons/containers/at_730_samp_mk82_x3.blk	1	bombs_middle_group	250 kg SAMP Type 25 bomb x3	Bombs	741	741
bombs	gameData/Weapons/containers/ter_fr_250_samp_type_25.blk	1	bombs_middle_group	250 kg SAMP Type 25 bomb x3	Bombs	741	741
bombs	gameData/Weapons/BombGuns/uk_1650lb_sn_he.blk	1		1650 lb SNHE bomb	Bombs	748	748
bombs	gameData/Weapons/BombGuns/su_zb_500.blk	2	napalm_large_group_x2	ZB-500 incendiary bomb	Bombs	374	748
bombs	gameData/Weapons/containers/mbd3_u6_fuse_l_fab_250_x3.blk	1	bombs_middle_group	250 kg OFAB-250sv bomb x3	Bombs	750	750
bombs	gameData/Weapons/containers/mbd3_u6_fuse_r_fab_250_x3.blk	1	bombs_middle_group	250 kg OFAB-250sv bomb x3	Bombs	750	750
bombs	gameData/Weapons/BombGuns/de_sc250.blk	3		2x 1000 kg SC1000L2 bomb; 250 kg SC250JA bomb	Bombs	250	750
bombs	gameData/Weapons/BombGuns/jp_type92mod25.blk	3		3x 250 kg Army Type 92 GPHE bomb	Bombs	250	750
bombs	gameData/Weapons/BombGuns/su_fab250.blk	3		2x 100 kg FAB-100sv (forged) bomb; 250 kg FAB-250sv bomb	Bombs	252.2	756.6
bombs	gameData/Weapons/containers/ter_ar_brp_250kg.blk	1	bombs_middle_high_drag_group	250 kg BRP 250 high-drag tail fin retarded bomb x3	Bombs	762	762
bombs	gameData/Weapons/containers/ter_us_500lb_mk_82_snakeye.blk	1	bombs_middle_high_drag_group	500 lb Mk 82 Snakeye high-drag tail fin retarded bomb x3	Bombs	762	762
bombs	gameData/Weapons/containers/us_500lb_mk_82_snakeye_x3_ter9a_1.blk	1	bombs_middle_high_drag_group	500 lb Mk 82 Snakeye high-drag tail fin retarded bomb x3	Bombs	762	762
bombs	gameData/Weapons/containers/ter_fr_250kg_samp_mk82_snakeye.blk	1	bombs_middle_high_drag_group	500 lb SAMP Mk 82 250 Snakeye high-drag tail fin retarded bomb x3	Bombs	762	762
bombs	gameData/Weapons/containers/fr_500lb_mk_82_250_snakeye_x3_ter9a_1.blk	1	bombs_small_high_drag_group	500 lb SAMP Mk 82 250 Snakeye high-drag tail fin retarded bomb x3	Bombs	762	762
bombs	gameData/Weapons/BombGuns/jp_navy_mod25mark2_250kg.blk	3		250 kg Navy Type Number 25 Model 2 bomb; 2x 60 kg Navy Type 97 Number 6 ground bomb	Bombs	257	771
bombs	gameData/Weapons/containers/mer_fr_130kg_samp_mk81_x6.blk	1	bombs_small_group_x6	250 lb SAMP Mk 81 bomb x6	Bombs	780	780
bombs	gameData/Weapons/containers/ter_fr_250_samp_type_25_200.blk	1	bombs_middle_high_drag_group	250 kg SAMP Type 25 200 parachute retarded bomb x3	Bombs	792	792
bombs	gameData/Weapons/BombGuns/su_fab50.blk	16	bombs_small_group_x8	50 kg FAB-50sv (forged) bomb	Bombs	49.76	796.16
bombs	gameData/Weapons/BombGuns/jp_navy_type99mod80_800kg.blk	1		800 kg Navy Type 99 Number 80 AP bomb	Bombs	796.8	796.8
bombs	gameData/Weapons/containers/ter_il_250_50_kg_gp.blk	1	bombs_middle_group	250/50 kg G.P. bomb x3	Bombs	797.1	797.1
bombs	gameData/Weapons/BombGuns/us_100lb_anm30.blk	16	bombs_small_group_x8	100 lb AN-M30A1 bomb	Bombs	49.9	798.4
bombs	gameData/Weapons/BombGuns/swd_50kg_sb_m42.blk	16		16x 50 kg sb m/42 bomb	Bombs	50	800
bombs	gameData/Weapons/BombGuns/fr_400_samp_type_21_200.blk	2	bombs_large_high_drag_group_x2	400 kg SAMP Type 21 200 parachute retarded bomb	Bombs	400	800
bombs	gameData/Weapons/containers/pm3_fr_400_samp_type_21_200.blk	1	bombs_large_high_drag_group_x2	400 kg SAMP Type 21 200 parachute retarded bomb x2	Bombs	800	800
bombs	gameData/Weapons/containers/rpk10_fr_400_samp_type_21_x2_left_wing_200.blk	1	bombs_large_high_drag_group_x2	400 kg SAMP Type 21 200 parachute retarded bomb x2	Bombs	800	800
bombs	gameData/Weapons/containers/pm3_5ba_fr_400_samp_type_21_200.blk	1	bombs_large_high_drag_group_x2	400 kg SAMP Type 21 200 parachute retarded bomb x2	Bombs	800	800
bombs	gameData/Weapons/containers/rpk10_fr_400_samp_type_21_x2_right_wing_200.blk	1	bombs_large_high_drag_group_x2	400 kg SAMP Type 21 200 parachute retarded bomb x2	Bombs	800	800
bombs	gameData/Weapons/BombGuns/fr_400_samp_type_21.blk	2	bombs_special_group	400 kg SAMP Type 21 bomb	Bombs	400	800
bombs	gameData/Weapons/containers/pm3_5ba_fr_400_samp_type_21.blk	1	bombs_large_group_x2	400 kg SAMP Type 21 bomb x2	Bombs	800	800
bombs	gameData/Weapons/containers/rpk10_fr_400_samp_type_21_x2_left_wing.blk	1	ptb_bombs_large_group	400 kg SAMP Type 21 bomb x2	Bombs	800	800
bombs	gameData/Weapons/containers/rpk10_fr_400_samp_type_21_x2_right_wing.blk	1	ptb_bombs_large_group	400 kg SAMP Type 21 bomb x2	Bombs	800	800
bombs	gameData/Weapons/containers/pm3_fr_400_samp_type_21.blk	1	bombs_large_group_x2	400 kg SAMP Type 21 bomb x2	Bombs	800	800
bombs	gameData/Weapons/containers/it_tcs_binc_300.blk	1	napalm_large_group_x2	BINC-300 incendiary bomb x2	Bombs	802.8	802.8
bombs	gameData/Weapons/containers//mer_us_blu_1_x2_left.blk	1	napalm_large_group_x2	BLU-1 incendiary bomb x2	Bombs	802.8	802.8
bombs	gameData/Weapons/containers//mer_us_blu_1_x2_right.blk	1	napalm_large_group_x2	BLU-1 incendiary bomb x2	Bombs	802.8	802.8
bombs	gameData/Weapons/containers/ter_us_blu_1_x2.blk	1	napalm_large_group_x2	BLU-1 incendiary bomb x2	Bombs	802.8	802.8
bombs	gameData/Weapons/containers/ter_us_blu27b_on_both_sides.blk	1	napalm_small_group_x2	BLU-27/B incendiary bomb x2	Bombs	802.8	802.8
bombs	gameData/Weapons/containers/mer_us_blu_27_x2_right_wing.blk	1	napalm_large_group_x2	BLU-27/B incendiary bomb x2	Bombs	802.8	802.8
bombs	gameData/Weapons/containers/bru_57_blu_27.blk	1	napalm_large_group_x2	BLU-27/B incendiary bomb x2	Bombs	802.8	802.8
bombs	gameData/Weapons/containers/mer_us_blu_27_x2.blk	1	napalm_large_group_x2	BLU-27/B incendiary bomb x2	Bombs	802.8	802.8
bombs	gameData/Weapons/containers/mer_us_blu_27_x2_left_wing.blk	1	napalm_large_group_x2	BLU-27/B incendiary bomb x2	Bombs	802.8	802.8
bombs	gameData/Weapons/BombGuns/il_100_50_kg_gp.blk	6	bombs_small_group_x6	100/50 kg G.P. bomb	Bombs	134	804
bombs	gameData/Weapons/containers/mer_il_100_50_kg_gp_x6.blk	1	bombs_small_group_x6	100/50 kg G.P. bomb x6	Bombs	804	804
bombs	gameData/Weapons/containers/mbd3_u6_su_fab250_270_x3.blk	1	bombs_middle_group_m54	250 kg OFAB-250-270 bomb x3	Bombs	804	804
bombs	gameData/Weapons/containers/auf_1_tri_us_m117_x2.blk	1	bombs_large_group_x2	750 lb M117 cone 45 bomb x2	Bombs	804.84	804.84
bombs	gameData/Weapons/BombGuns/jp_navy_mod80mark1_800kg.blk	1		800 kg Number 80 Mod. 1 bomb	Bombs	805	805
bombs	gameData/Weapons/containers/auf_1_tri_fr_250_samp_type_25_x3.blk	1	bombs_middle_group	250 kg SAMP Type 25 bomb x3	Bombs	821	821
bombs	gameData/weapons/bombguns/it_800kg_gp.blk	1	bombs_heavy	800 kg GP 800 bomb	Bombs	821.6	821.6
bombs	gameData/Weapons/containers/mbd3_u6_wing_l_su_fab_250sh_x3.blk	1	bombs_middle_high_drag_group	250 kg OFAB-250Sh parachute retarded bomb x3	Bombs	825	825
bombs	gameData/Weapons/containers/mbd3_u6_ofab250sh_x3.blk	1	bombs_middle_high_drag_group	250 kg OFAB-250Sh parachute retarded bomb x3	Bombs	825	825
bombs	gameData/Weapons/containers/mbd3_u6_wing_r_su_fab_250sh_x3.blk	1	bombs_middle_high_drag_group	250 kg OFAB-250Sh parachute retarded bomb x3	Bombs	825	825
bombs	gameData/Weapons/containers/mbd3_u6_fuse_r_fab_250sh_x3.blk	1	bombs_middle_high_drag_group	250 kg OFAB-250Sh parachute retarded bomb x3	Bombs	825	825
bombs	gameData/Weapons/containers/mbd3_u6_fuse_l_fab_250sh_x3.blk	1	bombs_middle_high_drag_group	250 kg OFAB-250Sh parachute retarded bomb x3	Bombs	825	825
bombs	gameData/Weapons/BombGuns/us_250lb_anm57.blk	7		7x 250 lb AN-M57 bomb	Bombs	117.9	825.3
bombs	gameData/Weapons/BombGuns/su_fab100.blk	8		8x 100 kg FAB-100sv (forged) bomb	Bombs	103.5	828
bombs	gameData/Weapons/bombguns/us_250lb_mk_81_ldgp_snakeye.blk	6	bombs_small_high_drag_group_x6	250 lb Mk 81 Snakeye high-drag tail fin retarded bomb	Bombs	138.3	829.8
bombs	gameData/Weapons/containers/mer_us_250lb_mk_81_x6_snakeye.blk	1	bombs_small_high_drag_group_x6	250 lb Mk 81 Snakeye high-drag tail fin retarded bomb x6	Bombs	829.8	829.8
bombs	gameData/Weapons/BombGuns/uk_250lbs.blk	8		8x G.P. 250 lb Mk.IV bomb	Bombs	104.3	834.4
bombs	gameData/Weapons/BombGuns/fr_50kg_gammn.blk	16	bombs_small_group_x8	50 kg G.A. MMN. 50	Bombs	53	848
bombs	gameData/Weapons/BombGuns/uk_500lbs_43.blk	4		4x G.P. 500 lb Mk.IV bomb	Bombs	213.1	852.4
bombs	gameData/Weapons/BombGuns/uk_500lbs.blk	4		4x G.P. 500 lb Mk.IV bomb	Bombs	213.1	852.4
bombs	gameData/Weapons/BombGuns/uk_500lb_he_mc_mk2.blk	4	bombs_middle_group_x4	500 lb H.E. M.C. Mk.II bomb	Bombs	213.1	852.4
bombs	gameData/Weapons/BombGuns/uk_500lbs_43_default.blk	4	bombs_middle_group_x4	G.P. 500 lb Mk.IV bomb	Bombs	213.1	852.4
bombs	gameData/Weapons/BombGuns/uk_540lbs.blk	4	bombs_middle_group_x4	Mk.M2 540 lb bomb	Bombs	213.1	852.4
bombs	gameData/Weapons/BombGuns/cn_gp_250_3.blk	4	bombs_middle_group_x4	250 kg 250-3 bomb	Bombs	216.5	866
bombs	gameData/Weapons/containers/china_mer_bomb_pylon_250_3_x4.blk	1	bombs_middle_group_x4	250 kg 250-3 bomb x4	Bombs	866	866
bombs	gameData/Weapons/containers/auf_1_tri_fr_250_samp_type_25_x3_200.blk	1	bombs_middle_high_drag_group	250 kg SAMP Type 25 200 parachute retarded bomb x3	Bombs	872	872
bombs	gameData/Weapons/BombGuns/uk_2000lb_ap_mkI.blk	1	bombs_heavy_high_drag	2000 LB A.P. Mk.I bomb	Bombs	877.2	877.2
bombs	gameData/Weapons/containers/auf_1_tri_fr_400_samp_type_21_x2_200.blk	1	bombs_large_high_drag_group_x2	400 kg SAMP Type 21 200 parachute retarded bomb x2	Bombs	880	880
bombs	gameData/Weapons/containers/auf_1_tri_fr_400_samp_type_21_x2.blk	1	bombs_large_group_x2	400 kg SAMP Type 21 bomb x2	Bombs	880	880
bombs	gameData/Weapons/BombGuns/de_flam_250.blk	8	napalm_middle_group_x6	Flam C 250 incendiary bomb	Bombs	110	880
bombs	gameData/Weapons/BombGuns/uk_500lb_sap_mkII_ap.blk	4	bombs_middle_high_drag_group_x4	500 LB S.A.P. Mk.II bomb	Bombs	222.3	889.2
bombs	gameData/Weapons/BombGuns/su_fab_1000m_44.blk	1	bombs_heavy_middle	1000 kg FAB-1000M-44 bomb	Bombs	890.69	890.69
bombs	gameData/Weapons/BombGuns/fr_50kg_dt2.blk	16		16x 50 kg D.T. No.2	Bombs	55.7	891.2
bombs	gameData/Weapons/BombGuns/us_1000lb_mk_83_ldgp.blk	2	bombs_large_group_x2	1000 lb LDGP Mk 83 bomb	Bombs	446.8	893.6
bombs	gameData/Weapons/containers/ter_us_1000lb_mk_83_x2_left_wing.blk	1	bombs_special_group	1000 lb LDGP Mk 83 bomb x2	Bombs	893.6	893.6
bombs	gameData/Weapons/containers/mer_us_1000lb_mk_83_x2.blk	1	bombs_special_group	1000 lb LDGP Mk 83 bomb x2	Bombs	893.6	893.6
bombs	gameData/Weapons/containers/is_ver_2_mk83.blk	1	bombs_large_group_x2	1000 lb LDGP Mk 83 bomb x2	Bombs	893.6	893.6
bombs	gameData/Weapons/containers/it_tcs_500lb_mk_83.blk	1	bombs_special_group	1000 lb LDGP Mk 83 bomb x2	Bombs	893.6	893.6
bombs	gameData/Weapons/containers/uk_tsc_1000_mk83_x2.blk	1	bombs_large_group_x2	1000 lb LDGP Mk 83 bomb x2	Bombs	893.6	893.6
bombs	gameData/Weapons/containers/ter_us_1000lb_mk_83_x2_right_wing.blk	1	bombs_special_group	1000 lb LDGP Mk 83 bomb x2	Bombs	893.6	893.6
bombs	gameData/Weapons/containers/us_bru_33aa_mk83_x2.blk	1	bombs_large_group_x2	1000 lb LDGP Mk 83 bomb x2	Bombs	893.6	893.6
bombs	gameData/Weapons/BombGuns/us_1000lb_mk_83_ldgp_air.blk	2	bombs_large_high_drag_group_x2	1000 lb Mk 83 AIR ballute-type retarded bomb	Bombs	446.8	893.6
bombs	gameData/Weapons/containers/us_bru_33aa_mk83_air_x2.blk	1	bombs_large_high_drag_group_x2	1000 lb Mk 83 AIR ballute-type retarded bomb x2	Bombs	893.6	893.6
bombs	gameData/Weapons/containers/uk_tsc_1000_mk83_air_x2.blk	1	bombs_large_high_drag_group_x2	1000 lb Mk 83 AIR ballute-type retarded bomb x2	Bombs	893.6	893.6
bombs	gameData/Weapons/BombGuns/fr_500kg_samp_mk83.blk	2	bombs_special_group	1000 lb SAMP Mk 83 bomb	Bombs	446.8	893.6
bombs	gameData/Weapons/containers/clb_4_mk83_x2.blk	1	bombs_special_group	1000 lb SAMP Mk 83 bomb x2	Bombs	893.6	893.6
bombs	gameData/Weapons/containers/rpk10_fr_500kg_samp_mk83_x2_right_wing.blk	1	bombs_special_group	1000 lb SAMP Mk 83 bomb x2	Bombs	893.6	893.6
bombs	gameData/Weapons/containers/rpk10_fr_500kg_samp_mk83_x2_left_wing.blk	1	bombs_special_group	1000 lb SAMP Mk 83 bomb x2	Bombs	893.6	893.6
bombs	gameData/Weapons/BombGuns/us_2000lb_mk_84_ldgp_air.blk	1	bombs_large_high_drag	2000 lb LDGP Mk 84 Air bomb	Bombs	893.6	893.6
bombs	gameData/Weapons/BombGuns/us_2000lb_mk_84_ldgp.blk	1	bombs_heavy_middle	2000 lb LDGP Mk 84 bomb	Bombs	893.6	893.6
bombs	gameData/Weapons/BombGuns/fr_1000kg_samp_mk84.blk	1	bombs_heavy_middle	2000 lb SAMP Mk 84 bomb	Bombs	893.6	893.6
bombs	gameData/Weapons/BombGuns/fr_200kg.blk	4	bombs_large_group_x4	200 kg No.1	Bombs	225	900
bombs	gameData/Weapons/BombGuns/de_sc50.blk	18	bombs_small_group_x8	50 kg SC50JA bomb	Bombs	50	900
bombs	gameData/Weapons/BombGuns/de_flam_500.blk	4	napalm_small_group_x4	Flam C 500 incendiary bomb	Bombs	225	900
bombs	gameData/Weapons/BombGuns/jp_type94mod10.blk	8		8x 100 kg Army Type 94 GPHE bomb	Bombs	112.76	902.08
bombs	gameData/Weapons/BombGuns/su_fab_250m_43.blk	4	bombs_large_group_x4	250 kg FAB-250M-43 bomb	Bombs	225.96	903.84
bombs	gameData/Weapons/containers/br_tcs_bafg_460.blk	1	bombs_special_group	460 kg BAFG-460 bomb x2	Bombs	904	904
bombs	gameData/Weapons/containers/ter_uk_1000lbs_mk_n1_x2_right_wing.blk	1	bombs_large_group_x2	1000 lb L.D. H.E. M.C. Mk.I x2	Bombs	907.2	907.2
bombs	gameData/Weapons/containers/ter_uk_1000lbs_mk_n1_x2_left_wing.blk	1	bombs_large_group_x2	1000 lb L.D. H.E. M.C. Mk.I x2	Bombs	907.2	907.2
bombs	gameData/Weapons/BombGuns/il_500_50_kg_gp.blk	2	bombs_special_group	500/50 G.P. bomb	Bombs	453.6	907.2
bombs	gameData/Weapons/bombGuns/su_ofab100_120.blk	8		8x 100 kg OFAB-100 bomb	Bombs	114	912
bombs	gameData/Weapons/BombGuns/us_1000lb_anmk33_box_ap.blk	2	bombs_middle_high_drag_group_x2	1000 lb A.P. AN-MK 33 bomb	Bombs	457.22	914.44
bombs	gameData/Weapons/BombGuns/uk_250lbs_mc_mk1_mk2_bomb.blk	9		6x 1000 lb M.C. Mk.II bomb; 3x M.C. 250 lb Mk.I bomb	Bombs	102	918
bombs	gameData/Weapons/BombGuns/swd_250kg_minb_m40.blk	4		4x 250 kg mb m/40 bomb	Bombs	230	920
bombs	gameData/Weapons/BombGuns/uk_1000lbs_mc_mk1_mk2_bomb.blk	2	bombs_large_group_x2	1000 lb M.C. Mk.II bomb	Bombs	463.1	926.2
bombs	gameData/Weapons/BombGuns/br_bafg_920.blk	1	bombs_heavy_middle	920 kg BAFG-920 bomb	Bombs	930	930
bombs	gameData/Weapons/bombGuns/su_fab_100m_43.blk	9	bombs_middle_group_x8	100 kg FAB-100M-43 bomb	Bombs	103.5	931.5
bombs	gameData/Weapons/BombGuns/su_fab100.blk	9	bombs_middle_group_x8	100 kg FAB-100sv (forged) bomb	Bombs	103.5	931.5
bombs	gameData/Weapons/BombGuns/cn_gp_500_3.blk	2	bombs_large_group_x2	500 kg 500-3 bomb	Bombs	469	938
bombs	gameData/Weapons/containers/china_ter_bomb_pylon_500_3_x2.blk	1	bombs_large_group_x2	500 kg 500-3 bomb x2	Bombs	938	938
bombs	gameData/Weapons/BombGuns/us_250lb_anm57.blk	8	bombs_middle_group_x8	250 lb AN-M57 bomb	Bombs	117.9	943.2
bombs	gameData/Weapons/BombGuns/us_250lb_mk_81_ldgp.blk	8	bombs_small_group_x8	250 lb LDGP Mk 81 bomb	Bombs	117.9	943.2
bombs	gameData/Weapons/BombGuns/cn_gp_250_2.blk	4	bombs_large_group_x4	250 kg 250-2 bomb	Bombs	236	944
bombs	gameData/Weapons/BombGuns/su_ofab250_olive.blk	4	bombs_middle_group_x4	250 kg Type 250-2 bomb	Bombs	236.92	947.68
bombs	gameData/Weapons/BombGuns/uk_1000lbs_mc_mk1.blk	2		2x 1000 lb M.C. Mk.I bomb	Bombs	474.4	948.8
bombs	gameData/Weapons/BombGuns/su_fab500_m54.blk	2		2x 500 kg FAB-500M-54 bomb	Bombs	478	956
bombs	gameData/Weapons/containers/mbd3_u2t_fab_500_m54_x2.blk	1	bombs_large_group_x2_m54	500 kg FAB-500M-54 bomb x2	Bombs	956	956
bombs	gameData/Weapons/BombGuns/su_brab_220_1930_ap.blk	4	bombs_middle_high_drag_group_x4	220 kg BRAB-220 (1930) armor-piercing bomb	Bombs	240	960
bombs	gameData/Weapons/BombGuns/cn_gp_250_4.blk	4	bombs_middle_high_drag_group_x4	250 kg 250-4 parachute retarded bomb	Bombs	240	960
bombs	gameData/Weapons/containers/china_mer_bomb_pylon_250_4_x4.blk	1	bombs_middle_high_drag_group_x4	250 kg 250-4 parachute retarded bomb x4	Bombs	960	960
bombs	gameData/Weapons/BombGuns/china_250kg_mk_82.blk	4	bombs_middle_group_x4	250 kg MK82 bomb	Bombs	240.9	963.6
bombs	gameData/Weapons/BombGuns/us_500lb_mk_82_ldgp.blk	4	bombs_middle_group_x4	500 lb LDGP Mk 82 bomb	Bombs	240.9	963.6
bombs	gameData/Weapons/containers/mer_us_500lb_m82_x4_right_wing.blk	1	bombs_middle_group_x4	500 lb LDGP Mk 82 bomb x4	Bombs	963.6	963.6
bombs	gameData/Weapons/containers/mer_us_500lb_m82_x4_left_wing.blk	1	bombs_middle_group_x4	500 lb LDGP Mk 82 bomb x4	Bombs	963.6	963.6
bombs	gameData/Weapons/containers/fer_us_500lb_mk_82.blk	1	bombs_middle_group_x4	500 lb LDGP Mk 82 bomb x4	Bombs	963.6	963.6
bombs	gameData/Weapons/containers/is_ver_4_mk82.blk	1	bombs_small_group_x4	500 lb LDGP Mk 82 bomb x4	Bombs	963.6	963.6
bombs	gameData/Weapons/containers/rpk10_fr_250kg_samp_mk82_x4_right_wing.blk	1	bombs_small_group_x4	500 lb SAMP Mk 82 bomb x4	Bombs	963.6	963.6
bombs	gameData/Weapons/containers/rpk10_fr_250kg_samp_mk82_x4_left_wing.blk	1	bombs_small_group_x4	500 lb SAMP Mk 82 bomb x4	Bombs	963.6	963.6
bombs	gameData/Weapons/containers/clb_4_mk82_x4.blk	1	bombs_middle_group_x4	500 lb SAMP Mk 82 bomb x4	Bombs	963.6	963.6
bombs	gameData/Weapons/bombGuns/jp_navy_type97mod6_60kg.blk	16		16x 60 kg Navy Type 97 Number 6 ground bomb	Bombs	60.4	966.4
bombs	gameData/Weapons/BombGuns/jp_type94mod5.blk	20		20x 50 kg Army Type 94 GPHE bomb	Bombs	48.43	968.6
bombs	gameData/Weapons/BombGuns/jp_navy_type98mod25_250kg.blk	4		4x 250 kg Navy Type 98 Number 25 bomb	Bombs	242.2	968.8
bombs	gameData/Weapons/BombGuns/us_500lb_anm64a1.blk	4	bombs_large_group_x4	500 lb AN-M64A1 bomb	Bombs	242.6	970.4
bombs	gameData/Weapons/BombGuns/uk_1000lbs_gp.blk	2	bombs_large_group_x2	1000 lb H.E. M.C. Mk.13 bomb	Bombs	486	972
bombs	gameData/Weapons/containers/uk_dlt_1000_gp_x2_right_wing.blk	1	bombs_large_group_x2	1000 lb H.E. M.C. Mk.13 bomb x2	Bombs	972	972
bombs	gameData/Weapons/containers/uk_tsc_1000_gp_x2.blk	1	bombs_large_group_x2	1000 lb H.E. M.C. Mk.13 bomb x2	Bombs	972	972
bombs	gameData/Weapons/containers/ter_uk_1000lbs_gp_x2_left_wing.blk	1	bombs_large_group_x2	1000 lb H.E. M.C. Mk.13 bomb x2	Bombs	972	972
bombs	gameData/Weapons/containers/ter_uk_1000lbs_gp_x2_right_wing.blk	1	bombs_large_group_x2	1000 lb H.E. M.C. Mk.13 bomb x2	Bombs	972	972
bombs	gameData/Weapons/containers/uk_dlt_1000_gp_x2_left_wing.blk	1	bombs_large_group_x2	1000 lb H.E. M.C. Mk.13 bomb x2	Bombs	972	972
bombs	gameData/Weapons/containers/ter_uk_1000lbs_gp_x2.blk	1	bombs_large_group_x2	1000 lb H.E. M.C. Mk.13 bomb x2	Bombs	972	972
bombs	gameData/Weapons/BombGuns/uk_1000lbs_gp_n117.blk	2	bombs_large_high_drag_group_x2	1000 lb H.E. M.C. Mk.13 No.117 high-drag tail fin retarded bomb	Bombs	486	972
bombs	gameData/Weapons/containers/uk_dlt_1000_gp_x2_left_wing_n117.blk	1	bombs_large_high_drag_group_x2	1000 lb H.E. M.C. Mk.13 No.117 high-drag tail fin retarded bomb x2	Bombs	972	972
bombs	gameData/Weapons/containers/uk_dlt_1000_gp_x2_right_wing_n117.blk	1	bombs_large_high_drag_group_x2	1000 lb H.E. M.C. Mk.13 No.117 high-drag tail fin retarded bomb x2	Bombs	972	972
bombs	gameData/Weapons/containers/ter_uk_1000lbs_gp_x2_n117.blk	1	bombs_large_high_drag_group_x2	1000 lb H.E. M.C. Mk.13 No.117 high-drag tail fin retarded bomb x2	Bombs	972	972
bombs	gameData/Weapons/containers/ter_uk_1000lbs_gp_x2_right_wing_n117.blk	1	bombs_large_high_drag_group_x2	1000 lb H.E. M.C. Mk.13 No.117 high-drag tail fin retarded bomb x2	Bombs	972	972
bombs	gameData/Weapons/containers/ter_uk_1000lbs_gp_x2_left_wing_n117.blk	1	bombs_large_high_drag_group_x2	1000 lb H.E. M.C. Mk.13 No.117 high-drag tail fin retarded bomb x2	Bombs	972	972
bombs	gameData/Weapons/containers/uk_tsc_1000_gp_x2_n117.blk	1	bombs_large_high_drag_group_x2	1000 lb H.E. M.C. Mk.13 No.117 high-drag tail fin retarded bomb x2	Bombs	972	972
bombs	gameData/Weapons/containers/br_tcs_bafg_460_2.blk	1	bombs_large_high_drag_group_x2	460 kg BFA-460/2 ballute-type retarded bomb x2	Bombs	972	972
bombs	gameData/Weapons/BombGuns/de_pc1000_ap.blk	1	bombs_heavy_high_drag	1000 kg PC1000 armor-piercing bomb	Bombs	988	988
bombs	gameData/Weapons/containers/rpk10_fr_250_samp_type_25_x4_left_wing.blk	1	ptb_bombs_middle_group_x4	250 kg SAMP Type 25 bomb x4	Bombs	988	988
bombs	gameData/Weapons/containers/rpk10_fr_250_samp_type_25_x4_right_wing.blk	1	ptb_bombs_middle_group_x4	250 kg SAMP Type 25 bomb x4	Bombs	988	988
bombs	gameData/Weapons/mines/us_mine_mk13_mod0.blk	2	air_mines_x2	1000 lbs Type A Mark I aircraft laid magnetic mine	Bombs	494.4	988.8
bombs	gameData/Weapons/bombGuns/jp_type92mod50.blk	2		2x 500 kg Army Type 92 GPHE bomb	Bombs	495	990
bombs	gameData/Weapons/BombGuns/uk_1000lbs_gp_mk1.blk	2	bombs_large_group_x2	1000 lb G.P. Mk.I bomb	Bombs	495.7	991.4
bombs	gameData/Weapons/BombGuns/us_2000lbs_anm66.blk	1	bombs_special	2000 lb AN-M66A2 bomb	Bombs	996.3	996.3
bombs	gameData/Weapons/BombGuns/us_2000lbs_anm66_cone.blk	1	bombs_special	2000 lb AN-M66A2 bomb	Bombs	996.3	996.3
bombs	gameData/Weapons/BombGuns/us_100lb_anm30.blk	20		20x 100 lb AN-M30A1 bomb	Bombs	49.9	998
bombs	gameData/Weapons/BombGuns/de_sc1000.blk	1	bombs_heavy_middle	1000 kg SC1000L2 bomb	Bombs	1000	1000
bombs	gameData/Weapons/BombGuns/de_sc50.blk	20		20x 50 kg SC50JA bomb	Bombs	50	1000
bombs	gameData/Weapons/containers/mbd3_u6_fuse_r_fab_250_x4.blk	1	bombs_middle_group_x4	250 kg OFAB-250sv bomb x4	Bombs	1000	1000
bombs	gameData/Weapons/containers/mbd3_u6_fuse_l_fab_250_x4.blk	1	bombs_middle_group_x4	250 kg OFAB-250sv bomb x4	Bombs	1000	1000
bombs	gameData/Weapons/containers/mbd3_u6_fuse_fab_250_x4.blk	1	bombs_middle_group_x4	250 kg OFAB-250sv bomb x4	Bombs	1000	1000
bombs	gameData/Weapons/BombGuns/de_sc250.blk	4	bombs_middle_group_x4	250 kg SC250JA bomb	Bombs	250	1000
bombs	gameData/Weapons/BombGuns/de_sc250_default.blk	4	bombs_middle_group_x4	250 kg SC250JA bomb	Bombs	250	1000
bombs	gameData/Weapons/bombGuns/jp_type92mod25.blk	4		4x 250 kg Army Type 92 GPHE bomb	Bombs	250	1000
bombs	gameData/Weapons/BombGuns/su_ofab250.blk	4		4x 250 kg OFAB-250sv bomb	Bombs	250	1000
bombs	gameData/Weapons/BombGuns/de_pc500_ap.blk	2	bombs_large_high_drag_group_x2	500 kg PC500 armor-piercing bomb	Bombs	500	1000
bombs	gameData/Weapons/BombGuns/de_sc500.blk	2	bombs_large_group_x2	500 kg SC500K bomb	Bombs	500	1000
bombs	gameData/Weapons/BombGuns/us_1000lb_anm65a1.blk	2	bombs_special_group	1000 lb AN-M65A1 bomb	Bombs	500.76	1001.52
bombs	gameData/Weapons/BombGuns/us_1000lb_anm65_cone.blk	2		2x 1000 lb AN-M65A1 Fin M129 bomb	Bombs	500.76	1001.52
bombs	gameData/Weapons/BombGuns/su_fab250.blk	4	bombs_large_group_x4	250 kg FAB-250sv bomb	Bombs	252.2	1008.8
bombs	gameData/Weapons/BombGuns/su_brab_1000m43_ap.blk	1	bombs_heavy_high_drag	1000 kg BRAB-1000 armor-piercing bomb	Bombs	1012	1012
bombs	gameData/Weapons/bombGuns/jp_navy_mod50mark2_500kg.blk	2		2x 500 kg Navy Type Number 50 Model 2 bomb	Bombs	507	1014
bombs	gameData/Weapons/BombGuns/it_500kg_gp.blk	2		2x 500 kg GP 500 bomb	Bombs	508	1016
bombs	gameData/Weapons/containers/mer_us_500lb_m82_x4_right_wing_snakeye.blk	1	bombs_middle_high_drag_group_x4	500 lb Mk 82 Snakeye high-drag tail fin retarded bomb x4	Bombs	1016	1016
bombs	gameData/Weapons/containers/mer_us_500lb_m82_x4_left_wing_snakeye.blk	1	bombs_middle_high_drag_group_x4	500 lb Mk 82 Snakeye high-drag tail fin retarded bomb x4	Bombs	1016	1016
bombs	gameData/Weapons/containers/is_ver_4_mk82_snakeye.blk	1	bombs_small_high_drag_group_x4	500 lb Mk 82 Snakeye high-drag tail fin retarded bomb x4	Bombs	1016	1016
bombs	gameData/Weapons/BombGuns/su_fab500.blk	2		2x 500 kg FAB-500sv (welded) bomb	Bombs	508.3	1016.6
bombs	gameData/Weapons/BombGuns/cn_gp_500_4.blk	2	bombs_large_high_drag_group_x2	500 kg 500-4 parachute retarded bomb	Bombs	508.3	1016.6
bombs	gameData/Weapons/containers/china_ter_bomb_pylon_500_4_x2.blk	1	bombs_large_high_drag_group_x2	500 kg 500-4 parachute retarded bomb x2	Bombs	1016.6	1016.6
bombs	gameData/Weapons/BombGuns/su_fab_500m_62t.blk	2	bombs_large_group_x2	500 kg FAB-500M-62 bomb	Bombs	508.3	1016.6
bombs	gameData/Weapons/containers/mbd3_u2t_fab_500_m62_x2.blk	1	bombs_large_group_x2	500 kg FAB-500M-62 bomb x2	Bombs	1016.6	1016.6
bombs	gameData/Weapons/BombGuns/su_brab_250_ap.blk	4	bombs_middle_high_drag_group_x4	250 kg BRAB-250 armor-piercing bomb	Bombs	255	1020
bombs	gameData/Weapons/BombGuns/swd_500kg_minb_m41.blk	2	bombs_heavy_group	500 kg mb m/41 bomb	Bombs	513	1026
bombs	gameData/Weapons/BombGuns/jp_navy_mod25mark2_250kg.blk	4		4x 250 kg Navy Type Number 25 Model 2 bomb	Bombs	257	1028
bombs	gameData/Weapons/BombGuns/su_fab500sh.blk	2	bombs_large_high_drag_group_x2	500 kg FAB-500Sh parachute retarded bomb	Bombs	515	1030
bombs	gameData/Weapons/containers/mbd3_u2t_fab_500sh_x2.blk	1	bombs_large_high_drag_group_x2	500 kg FAB-500Sh parachute retarded bomb x2	Bombs	1030	1030
bombs	gameData/Weapons/BombGuns/su_fab100.blk	10	bombs_middle_group_x8	100 kg FAB-100sv (forged) bomb	Bombs	103.5	1035
bombs	gameData/Weapons/BombGuns/it_250kg_gp.blk	4		4x 250 kg GP 250 bomb	Bombs	259	1036
bombs	gameData/Weapons/BombGuns/uk_250lbs.blk	10		10x G.P. 250 lb Mk.IV bomb	Bombs	104.3	1043
bombs	gameData/Weapons/BombGuns/su_brab_1000_1938_ap.blk	1	bombs_heavy_high_drag	1000 kg BRAB-1000 (1938) armor-piercing bomb	Bombs	1046	1046
bombs	gameData/Weapons/containers/rpk10_fr_250_samp_type_25_x4_left_wing_200.blk	1	bombs_small_high_drag_group_x4	250 kg SAMP Type 25 200 parachute retarded bomb x4	Bombs	1056	1056
bombs	gameData/Weapons/containers/rpk10_fr_250_samp_type_25_x4_right_wing_200.blk	1	bombs_small_high_drag_group_x4	250 kg SAMP Type 25 200 parachute retarded bomb x4	Bombs	1056	1056
bombs	gameData/Weapons/containers/mer_uk_1000lbs_x2.blk	1	bombs_large_group_x2	1000 lb H.E. M.C. Mk.13 bomb x2	Bombs	1062	1062
bombs	gameData/Weapons/containers/mer_uk_1000lbs_x2_n117.blk	1	bombs_large_high_drag_group_x2	1000 lb H.E. M.C. Mk.13 No.117 high-drag tail fin retarded bomb x2	Bombs	1062	1062
bombs	gameData/Weapons/containers/mbd3_u6_su_fab250_270_x5_front_fuse.blk	1	bombs_middle_group_x4_m54	250 kg OFAB-250-270 bomb x4	Bombs	1072	1072
bombs	gameData/Weapons/bombGuns/su_fab_1000m_43.blk	1		1000 kg FAB-1000M-43 bomb	Bombs	1077	1077
bombs	gameData/Weapons/BombGuns/su_fab1000.blk	1	bombs_heavy	1000 kg FAB-1000 (welded) bomb	Bombs	1080	1080
bombs	gameData/Weapons/bombGuns/cn_gp_250_2_incendiary.blk	8		8x 250-2 incendiary bomb	Bombs	135	1080
bombs	gameData/Weapons/BombGuns/jp_navy_type97mod6_60kg.blk	18		18x 60 kg Navy Type 97 Number 6 ground bomb	Bombs	60.4	1087.2
bombs	gameData/Weapons/containers/mer_us_750lb_m117_x3_right_wing.blk	1	bombs_large_group	750 lb M117 cone 45 bomb x3	Bombs	1087.26	1087.26
bombs	gameData/Weapons/containers/ter_us_750lb_m117.blk	1	bombs_large_group	750 lb M117 cone 45 bomb x3	Bombs	1087.26	1087.26
bombs	gameData/Weapons/containers/mer_us_750lb_m117_x3_left_wing.blk	1	bombs_large_group	750 lb M117 cone 45 bomb x3	Bombs	1087.26	1087.26
bombs	gameData/Weapons/BombGuns/jp_type94mod10.blk	10		10x 100 kg Army Type 94 GPHE bomb	Bombs	112.76	1127.6
bombs	gameData/Weapons/BombGuns/us_250lb_anm57.blk	10		6x 100 lb AN-M30A1 bomb; 4x 250 lb AN-M57 bomb	Bombs	117.9	1179
bombs	gameData/Weapons/BombGuns/it_100kg_t.blk	12		12x 100 kg GP 100T bomb	Bombs	100	1200
bombs	gameData/Weapons/BombGuns/it_100kg_t_vert.blk	12		12x 100 kg GP 100T bomb	Bombs	100	1200
bombs	gameData/Weapons/BombGuns/de_sc50.blk	24	bombs_small_group_x8	50 kg SC50JA bomb	Bombs	50	1200
bombs	gameData/Weapons/containers/mer_us_blu_1_x3.blk	1	napalm_large_group_x3	BLU-1 incendiary bomb x3	Bombs	1204.2	1204.2
bombs	gameData/Weapons/containers/ter_us_blu_27.blk	1	napalm_large_group_x3	BLU-27/B incendiary bomb x3	Bombs	1204.2	1204.2
bombs	gameData/Weapons/containers/mer_us_blu_27_x3.blk	1	napalm_large_group_x3	BLU-27/B incendiary bomb x3	Bombs	1204.2	1204.2
bombs	gameData/Weapons/containers/napgach_us_500lb_mk_82_ldgp_x5.blk	1	bombs_small_group_x5	500 lb LDGP Mk 82 bomb x5	Bombs	1204.5	1204.5
bombs	gameData/Weapons/containers/mer_us_500lb_mk_82_x5_right.blk	1	bombs_middle_group_x5	500 lb LDGP Mk 82 bomb x5	Bombs	1204.5	1204.5
bombs	gameData/Weapons/containers/mer_us_500lb_mk_82_x5.blk	1	bombs_middle_group_x5	500 lb LDGP Mk 82 bomb x5	Bombs	1204.5	1204.5
bombs	gameData/Weapons/containers/mer_us_500lb_mk_82_x5_left.blk	1	bombs_middle_group_x5	500 lb LDGP Mk 82 bomb x5	Bombs	1204.5	1204.5
bombs	gameData/Weapons/BombGuns/us_500lb_anm64a1.blk	5		4x 100 lb AN-M30A1 bomb; 500 lb AN-M64A1 bomb	Bombs	242.6	1213
bombs	gameData/Weapons/BombGuns/swd_600kg_minb_m50.blk	2	bombs_special_group	600 kg mb m/50 bomb	Bombs	614.4	1228.8
bombs	gameData/Weapons/bombGuns/su_fab_100m_43.blk	12		12x 100 kg FAB-100M-43 bomb	Bombs	103.5	1242
bombs	gameData/Weapons/BombGuns/su_fab100.blk	12		4x 100 kg FAB-100sv (forged) bomb; 8x 50 kg FAB-50sv (forged) bomb	Bombs	103.5	1242
bombs	gameData/Weapons/BombGuns/us_750lb_mk_78_mod_2.blk	3		3x Mk 78 incendiary bomb	Bombs	416.4	1249.2
bombs	gameData/Weapons/BombGuns/de_sc250.blk	5		250 kg SC250JA bomb; 4x 50 kg SC50JA bomb	Bombs	250	1250
bombs	gameData/Weapons/bombGuns/cn_gp_100_2.blk	9	bombs_middle_group_x8	100 kg 100-2 bomb	Bombs	140	1260
bombs	gameData/Weapons/containers/mer_us_500lb_mk_82_x5_snakeye.blk	1	bombs_middle_high_drag_group_x5	500 lb Mk 82 Snakeye high-drag tail fin retarded bomb x5	Bombs	1270	1270
bombs	gameData/Weapons/containers/mer_us_500lb_mk_82_x5_left_snakeye.blk	1	bombs_middle_high_drag_group_x5	500 lb Mk 82 Snakeye high-drag tail fin retarded bomb x5	Bombs	1270	1270
bombs	gameData/Weapons/containers/mer_us_500lb_mk_82_x5_right_snakeye.blk	1	bombs_middle_high_drag_group_x5	500 lb Mk 82 Snakeye high-drag tail fin retarded bomb x5	Bombs	1270	1270
bombs	gameData/Weapons/containers/napgach_fr_samp_mk_82_250_ldgp_snakeye_x5.blk	1	bombs_small_high_drag_group_x5	500 lb SAMP Mk 82 250 Snakeye high-drag tail fin retarded bomb x5	Bombs	1270	1270
bombs	gameData/Weapons/BombGuns/uk_500lb_he_mc_mk2.blk	6	bombs_middle_group_x6	500 lb H.E. M.C. Mk.II bomb	Bombs	213.1	1278.6
bombs	gameData/Weapons/containers/mer_uk_500lb_he_mc_x6.blk	1	bombs_middle_group_x6	500 lb H.E. M.C. Mk.II bomb x6	Bombs	1278.6	1278.6
bombs	gameData/Weapons/containers/mer_uk_540lb_x6.blk	1	bombs_middle_group_x6	Mk.M2 540 lb bomb x6	Bombs	1278.6	1278.6
bombs	gameData/Weapons/BombGuns/it_250kg_gp.blk	5		5x 250 kg GP 250 bomb	Bombs	259	1295
bombs	gameData/Weapons/containers/china_mer_bomb_pylon_250kg_mk_82.blk	1	bombs_middle_group_x6	250 kg 250-3 bomb x6	Bombs	1299	1299
bombs	gameData/Weapons/containers/china_mer_bomb_pylon_250_3_x6_default.blk	1	bombs_middle_group_x6	250 kg 250-3 bomb x6	Bombs	1299	1299
bombs	gameData/Weapons/containers/mbd3_u6_su_fab250_270_x5.blk	1	bombs_middle_group_x5_m54	250 kg OFAB-250-270 bomb x5	Bombs	1340	1340
bombs	gameData/Weapons/containers/ter_us_1000lb_mk_83.blk	1	bombs_large_group	1000 lb LDGP Mk 83 bomb x3	Bombs	1340.4	1340.4
bombs	gameData/Weapons/containers/mer_us_1000lb_mk_83_x3.blk	1	bombs_large_group	1000 lb LDGP Mk 83 bomb x3	Bombs	1340.4	1340.4
bombs	gameData/Weapons/containers/mer_us_1000lb_mk_83_x3_alter.blk	1	bombs_large_group	1000 lb LDGP Mk 83 bomb x3	Bombs	1340.4	1340.4
bombs	gameData/Weapons/containers/ter_fr_500kg_samp_mk83.blk	1	bombs_special_group_x3	1000 lb SAMP Mk 83 bomb x3	Bombs	1340.4	1340.4
bombs	gameData/Weapons/containers/ter_uk_1000lbs_mk_n1.blk	1	bombs_large_group	1000 lb L.D. H.E. M.C. Mk.I x3	Bombs	1360.8	1360.8
bombs	gameData/Weapons/containers/pylon_kfir_central_us_3000lb_m118.blk	1	bombs_heavy	3000 lb M118 Demolition bomb	Bombs	1369.8	1369.8
bombs	gameData/Weapons/BombGuns/us_3000lb_m118.blk	1	bombs_heavy	3000 lb M118 Demolition bomb	Bombs	1369.8	1369.8
bombs	gameData/Weapons/bombGuns/su_fab_1500m_46.blk	1	bombs_special	1500 kg FAB-1500M-46 bomb	Bombs	1400	1400
bombs	gameData/Weapons/BombGuns/de_sc50.blk	28	bombs_small_group_x8	50 kg SC50JA bomb	Bombs	50	1400
bombs	gameData/Weapons/BombGuns/us_250lb_anm57.blk	12		12x 250 lb AN-M57 bomb	Bombs	117.9	1414.8
bombs	gameData/Weapons/bombGuns/su_fab250_m54.blk	6		6x 250 kg FAB-250M-54 bomb	Bombs	236	1416
bombs	gameData/Weapons/BombGuns/uk_1000lbs_mc_mk1.blk	3	bombs_large_group	1000 lb M.C. Mk.I bomb	Bombs	474.4	1423.2
bombs	gameData/Weapons/BombGuns/uk_250lbs_mc_mk1_mk2_bomb.blk	14		14x M.C. 250 lb Mk.I bomb	Bombs	102	1428
bombs	gameData/Weapons/containers/china_mer_bomb_pylon_250_4.blk	1	bombs_middle_high_drag_group_x6	250 kg 250-4 parachute retarded bomb x6	Bombs	1440	1440
bombs	gameData/Weapons/containers/china_mer_bomb_pylon_250_4_x6.blk	1	bombs_middle_high_drag_group_x6	250 kg 250-4 parachute retarded bomb x6	Bombs	1440	1440
bombs	gameData/Weapons/BombGuns/us_1600lb_ap_an_mk1.blk	2		2x 1600 lb AN-Mk 1 armor-piercing bomb	Bombs	721.2	1442.4
bombs	gameData/Weapons/BombGuns/us_500lb_mk_82_ldgp.blk	6	bombs_middle_group_x6	500 lb LDGP Mk 82 bomb	Bombs	240.9	1445.4
bombs	gameData/Weapons/containers/mer_us_500lb_mk_82_x6.blk	1	bombs_middle_group_x6	500 lb LDGP Mk 82 bomb x6	Bombs	1445.4	1445.4
bombs	gameData/Weapons/containers/bru_3a_us_500lb_mk_82_x6.blk	1	bombs_middle_group_x6	500 lb LDGP Mk 82 bomb x6	Bombs	1445.4	1445.4
bombs	gameData/Weapons/BombGuns/us_500lb_mk_82_ldgp_air.blk	6	bombs_middle_high_drag_group_x6	500 lb Mk 82 AIR ballute-type retarded bomb	Bombs	240.9	1445.4
bombs	gameData/Weapons/containers/mer_us_500lb_mk_82_x6_air.blk	1	bombs_middle_high_drag_group_x6	500 lb Mk 82 AIR ballute-type retarded bomb x6	Bombs	1445.4	1445.4
bombs	gameData/Weapons/containers/mer_fr_250kg_samp_mk82_x6.blk	1	bombs_middle_group_x6	500 lb SAMP Mk 82 bomb x6	Bombs	1445.4	1445.4
bombs	gameData/Weapons/bombGuns/cn_gp_1500_2.blk	1		1500 kg 1500-2 bomb	Bombs	1447	1447
bombs	gameData/Weapons/BombGuns/jp_navy_type97mod6_60kg.blk	24		24x 60 kg Navy Type 97 Number 6 ground bomb	Bombs	60.4	1449.6
bombs	gameData/Weapons/BombGuns/us_750lb_m117_cone_45.blk	4	bombs_large_group_x4	750 lb M117 cone 45 bomb	Bombs	362.42	1449.68
bombs	gameData/Weapons/containers/mer_us_750lb_m117_x4_left_wing.blk	1	bombs_large_group_x4	750 lb M117 cone 45 bomb x4	Bombs	1449.68	1449.68
bombs	gameData/Weapons/containers/mer_us_750lb_m117_x4_right_wing.blk	1	bombs_large_group_x4	750 lb M117 cone 45 bomb x4	Bombs	1449.68	1449.68
bombs	gameData/Weapons/BombGuns/jp_navy_type98mod25_250kg.blk	6		4x 60 kg Navy Type 97 Number 6 ground bomb; 2x 250 kg Navy Type 98 Number 25 bomb	Bombs	242.2	1453.2
bombs	gameData/Weapons/BombGuns/us_500lb_anm64a1.blk	6	bombs_large_group_x6	500 lb AN-M64A1 bomb	Bombs	242.6	1455.6
bombs	gameData/Weapons/BombGuns/uk_1000lbs_gp.blk	3	bombs_large_group	1000 lb H.E. M.C. Mk.13 bomb	Bombs	486	1458
bombs	gameData/Weapons/containers/ter_uk_1000lbs_gp_x3.blk	1	bombs_large_group	1000 lb H.E. M.C. Mk.13 bomb x3	Bombs	1458	1458
bombs	gameData/Weapons/containers/ter_uk_1000lbs_gp_x3_n117.blk	1	bombs_large_high_drag_group	1000 lb H.E. M.C. Mk.13 No.117 high-drag tail fin retarded bomb x3	Bombs	1458	1458
bombs	gameData/Weapons/BombGuns/uk_250lbs_43.blk	14		14x G.P. 250 lb Mk.IV bomb	Bombs	104.3	1460.2
bombs	gameData/Weapons/BombGuns/fr_250_samp_type_25.blk	6	bombs_middle_group_x6	250 kg SAMP Type 25 bomb	Bombs	247	1482
bombs	gameData/Weapons/BombGuns/us_100lb_anm30.blk	30		30x 100 lb AN-M30A1 bomb	Bombs	49.9	1497
bombs	gameData/Weapons/containers/mbd3_u6_su_fab250_x6.blk	1	bombs_middle_group_x6	250 kg OFAB-250sv bomb x6	Bombs	1500	1500
bombs	gameData/Weapons/BombGuns/de_sc250.blk	6	bombs_middle_group_x6	250 kg SC250JA bomb	Bombs	250	1500
bombs	gameData/Weapons/BombGuns/de_sc500.blk	3		2x 250 kg SC250JA bomb; 500 kg SC500K bomb	Bombs	500	1500
bombs	gameData/Weapons/BombGuns/de_pc500_ap.blk	3	bombs_middle_high_drag_group	500 kg PC500 armor-piercing bomb	Bombs	500	1500
bombs	gameData/Weapons/BombGuns/us_1000lb_anm65a1.blk	3		3x 1000 lb AN-M65A1 bomb	Bombs	500.76	1502.28
bombs	gameData/Weapons/bombGuns/su_fab_250m_46.blk	6	bombs_middle_group_x6	250 kg FAB-250M-46 bomb	Bombs	252.2	1513.2
bombs	gameData/Weapons/BombGuns/us_500lb_mk_82_ldgp_snakeye.blk	6	bombs_middle_high_drag_group_x6	500 lb Mk 82 Snakeye high-drag tail fin retarded bomb	Bombs	254	1524
bombs	gameData/Weapons/containers/bru_3a_us_500lb_mk_82_snakeye_x6.blk	1	bombs_middle_high_drag_group_x6	500 lb Mk 82 Snakeye high-drag tail fin retarded bomb x6	Bombs	1524	1524
bombs	gameData/Weapons/containers/mer_us_500lb_mk_82_snakeye_x6.blk	1	bombs_middle_high_drag_group_x6	500 lb Mk 82 Snakeye high-drag tail fin retarded bomb x6	Bombs	1524	1524
bombs	gameData/Weapons/containers/mer_us_500lb_mk_82_x6_snakeye.blk	1	bombs_middle_high_drag_group_x6	500 lb Mk 82 Snakeye high-drag tail fin retarded bomb x6	Bombs	1524	1524
bombs	gameData/Weapons/containers/mer_fr_250kg_samp_mk82_x6_snakeye.blk	1	bombs_middle_high_drag_group_x6	500 lb SAMP Mk 82 250 Snakeye high-drag tail fin retarded bomb x6	Bombs	1524	1524
bombs	gameData/Weapons/BombGuns/su_fab500.blk	3		3x 500 kg FAB-500sv (welded) bomb	Bombs	508.3	1524.9
bombs	gameData/Weapons/bombguns/su_fab_1500m_54.blk	1	bombs_heavy_middle	1500 kg FAB-1500M-54 bomb	Bombs	1550	1550
bombs	gameData/Weapons/BombGuns/de_fx1400.blk	1		PC 1400 X (Fritz X)	Bombs	1570	1570
bombs	gameData/Weapons/bombGuns/jp_navy_type99mod80_800kg.blk	2		2x 800 kg Navy Type 99 Number 80 AP bomb	Bombs	796.8	1593.6
bombs	gameData/Weapons/BombGuns/il_250_50_kg_gp.blk	6	bombs_middle_group_x6	250/50 kg G.P. bomb	Bombs	265.7	1594.2
bombs	gameData/Weapons/containers/mer_il_250_50_kg_gp_x6.blk	1	bombs_middle_group_x6	250/50 kg G.P. bomb x6	Bombs	1594.2	1594.2
bombs	gameData/Weapons/BombGuns/de_pc1600_ap.blk	1	bombs_heavy_high_drag	1600 kg PC1600 armor-piercing bomb	Bombs	1600	1600
bombs	gameData/Weapons/BombGuns/it_100kg_t_vert.blk	16		16x 100 kg GP 100T bomb	Bombs	100	1600
bombs	gameData/Weapons/BombGuns/de_sc50.blk	32		32x 50 kg SC50JA bomb	Bombs	50	1600
bombs	gameData/Weapons/containers/clb_4_type_21_400kg_x4_200.blk	1	bombs_large_high_drag_group_x4	400 kg SAMP Type 21 200 parachute retarded bomb x4	Bombs	1600	1600
bombs	gameData/Weapons/containers/clb_4_type_21_400kg_x4.blk	1	bombs_large_group_x4	400 kg SAMP Type 21 bomb x4	Bombs	1600	1600
bombs	gameData/Weapons/containers/mbd3_u6_su_fab250_270_x6.blk	1	bombs_middle_group_x6_m54	250 kg OFAB-250-270 bomb x6	Bombs	1608	1608
bombs	gameData/Weapons/bombGuns/jp_navy_mod80mark1_800kg.blk	2		2x 800 kg Number 80 Mod. 1 bomb	Bombs	805	1610
bombs	gameData/Weapons/BombGuns/it_50kg_t_vert.blk	28		28x 50 kg GP 50 bomb	Bombs	58	1624
bombs	gameData/Weapons/BombGuns/it_800kg_gp.blk	2		2x 800 kg GP 800 bomb	Bombs	821.6	1643.2
bombs	gameData/Weapons/BombGuns/su_fab100.blk	16	bombs_middle_group_x8	100 kg FAB-100sv (forged) bomb	Bombs	103.5	1656
bombs	gameData/Weapons/bombGuns/su_fab_100m_43.blk	16		16x 100 kg FAB-100M-43 bomb	Bombs	103.5	1656
bombs	gameData/Weapons/bombGuns/cn_gp_100_2.blk	12		12x 100 kg 100-2 bomb	Bombs	140	1680
bombs	gameData/Weapons/BombGuns/jp_navy_type98mod25_250kg.blk	7		6x 60 kg Navy Type 97 Number 6 ground bomb; 250 kg Navy Type 98 Number 25 bomb	Bombs	242.2	1695.4
bombs	gameData/Weapons/BombGuns/us_500lb_anm64a1.blk	7		4x 250 lb AN-M57 bomb; 3x 500 lb AN-M64A1 bomb	Bombs	242.6	1698.2
bombs	gameData/Weapons/bombGuns/su_fab_500m_46.blk	4		4x 500 kg FAB-500M-46 bomb	Bombs	428	1712
bombs	gameData/Weapons/BombGuns/us_300lb_m_31.blk	14		14x 300 lb H.E. M31 bomb	Bombs	124.2	1738.8
bombs	gameData/Weapons/BombGuns/uk_2000lb_ap_mkI.blk	2	bombs_heavy_high_drag_group	2000 LB A.P. Mk.I bomb	Bombs	877.2	1754.4
bombs	gameData/Weapons/BombGuns/uk_mk2_cookie.blk	1		4000 lb H.C. Mk.II bomb	Bombs	1782.61	1782.61
bombs	gameData/Weapons/BombGuns/us_2000lb_mk_84_ldgp_air.blk	2	bombs_large_high_drag_group_x2	2000 lb LDGP Mk 84 Air bomb	Bombs	893.6	1787.2
bombs	gameData/Weapons/BombGuns/us_2000lb_mk_84_ldgp.blk	2	bombs_heavy_middle_group	2000 lb LDGP Mk 84 bomb	Bombs	893.6	1787.2
bombs	gameData/Weapons/BombGuns/fr_1000kg_samp_mk84.blk	2	bombs_heavy_middle_group	2000 lb SAMP Mk 84 bomb	Bombs	893.6	1787.2
bombs	gameData/Weapons/containers/clb_4_mk84_x2.blk	1	bombs_heavy_middle_group	2000 lb SAMP Mk 84 bomb x2	Bombs	1787.2	1787.2
bombs	gameData/Weapons/BombGuns/jp_navy_mod25mark2_250kg.blk	7		250 kg Navy Type Number 25 Model 2 bomb; 6x 60 kg Navy Type 97 Number 6 ground bomb	Bombs	257	1799
bombs	gameData/Weapons/containers/mer_us_750lb_m117_x5.blk	1	bombs_large_group_alternatively_x5	750 lb M117 cone 45 bomb x5	Bombs	1812.1	1812.1
bombs	gameData/Weapons/BombGuns/it_250kg_gp.blk	7		7x 250 kg GP 250 bomb	Bombs	259	1813
bombs	gameData/Weapons/BombGuns/us_1000lb_anmk33_box_ap.blk	4	bombs_large_high_drag_group_x4	1000 lb A.P. AN-MK 33 bomb	Bombs	457.22	1828.88
bombs	gameData/Weapons/BombGuns/de_sc1800b.blk	1	bombs_heavy	1800 kg SC1800B bomb	Bombs	1832	1832
bombs	gameData/Weapons/BombGuns/uk_4000lb_hc_mk4_bomb.blk	1	bombs_heavy_middle	4000 lb H.C. Mk.IV bomb	Bombs	1835.2	1835.2
bombs	gameData/Weapons/BombGuns/uk_250lbs.blk	18		18x G.P. 250 lb Mk.IV bomb	Bombs	104.3	1877.4
bombs	gameData/Weapons/BombGuns/us_250lb_anm57.blk	16		16x 250 lb AN-M57 bomb	Bombs	117.9	1886.4
bombs	gameData/Weapons/bombGuns/cn_gp_250_2.blk	8		8x 250 kg 250-2 bomb	Bombs	236	1888
bombs	gameData/Weapons/bombGuns/cn_gp_500_2.blk	4		4x 500 kg 500-2 bomb	Bombs	473	1892
bombs	gameData/Weapons/BombGuns/uk_1000lbs_mc_mk1.blk	4		4x 1000 lb M.C. Mk.I bomb	Bombs	474.4	1897.6
bombs	gameData/Weapons/BombGuns/uk_500lbs.blk	9		9x G.P. 500 lb Mk.IV bomb	Bombs	213.1	1917.9
bombs	gameData/Weapons/BombGuns/us_500lb_mk_82_ldgp.blk	8	bombs_middle_group_x8	500 lb LDGP Mk 82 bomb	Bombs	240.9	1927.2
bombs	gameData/Weapons/BombGuns/us_500lb_mk_82_ldgp_air.blk	8	bombs_middle_high_drag_group_x8	500 lb Mk 82 AIR ballute-type retarded bomb	Bombs	240.9	1927.2
bombs	gameData/Weapons/bombGuns/jp_navy_type98mod25_250kg.blk	8		8x 250 kg Navy Type 98 Number 25 bomb	Bombs	242.2	1937.6
bombs	gameData/Weapons/BombGuns/us_500lb_anm64a1.blk	8		8x 500 lb AN-M64A1 bomb	Bombs	242.6	1940.8
bombs	gameData/Weapons/BombGuns/uk_1000lbs_gp.blk	4	bombs_large_group_x4	1000 lb H.E. M.C. Mk.13 bomb	Bombs	486	1944
bombs	gameData/Weapons/BombGuns/uk_1000lbs_gp_n117.blk	4	bombs_large_high_drag_group_x4	1000 lb H.E. M.C. Mk.13 No.117 high-drag tail fin retarded bomb	Bombs	486	1944
bombs	gameData/Weapons/BombGuns/it_50kg_t.blk	34		34x 50 kg GP 50 bomb	Bombs	58	1972
bombs	gameData/Weapons/BombGuns/de_pc1000_ap.blk	2	bombs_heavy_high_drag_group	1000 kg PC1000 armor-piercing bomb	Bombs	988	1976
bombs	gameData/Weapons/mines/us_mine_mk13_mod0.blk	4		4x 1000 lbs Type A Mark I aircraft laid magnetic mine	Bombs	494.4	1977.6
bombs	gameData/Weapons/BombGuns/us_4000lb_anm56_box.blk	1	bombs_heavy	4000 lb AN-M56 bomb	Bombs	1981.3	1981.3
bombs	gameData/Weapons/BombGuns/uk_1000lbs_gp_mk1.blk	4		4x 1000 lb G.P. Mk.I bomb	Bombs	495.7	1982.8
bombs	gameData/Weapons/BombGuns/su_fab50.blk	40		40x 50 kg FAB-50sv (forged) bomb	Bombs	49.76	1990.4
bombs	gameData/Weapons/BombGuns/us_2000lbs_anm66.blk	2		2x 2000 lb AN-M66A2 bomb	Bombs	996.3	1992.6
bombs	gameData/Weapons/BombGuns/de_sc1000_default.blk	2	bombs_heavy_middle_group	1000 kg SC1000L2 bomb	Bombs	1000	2000
bombs	gameData/Weapons/BombGuns/de_sc250.blk	8	bombs_middle_group_x8	250 kg SC250JA bomb	Bombs	250	2000
bombs	gameData/Weapons/BombGuns/de_sc1000.blk	2		2x 1000 kg SC1000L2 bomb	Bombs	1000	2000
bombs	gameData/Weapons/BombGuns/de_pc500_ap.blk	4	bombs_large_high_drag_group_x4	500 kg PC500 armor-piercing bomb	Bombs	500	2000
bombs	gameData/Weapons/BombGuns/de_sc500.blk	4	bombs_large_group_x4	500 kg SC500K bomb	Bombs	500	2000
bombs	gameData/Weapons/BombGuns/uk_500lb_sap_mkII_ap.blk	9		9x 500 LB S.A.P. Mk.II bomb	Bombs	222.3	2000.7
bombs	gameData/Weapons/BombGuns/us_1000lb_anm65a1.blk	4	bombs_special_group_x4	1000 lb AN-M65A1 bomb	Bombs	500.76	2003.04
bombs	gameData/Weapons/BombGuns/us_1000lb_anm65_cone.blk	4	bombs_special_group_x4	1000 lb AN-M65A1 Fin M129 bomb	Bombs	500.76	2003.04
bombs	gameData/Weapons/BombGuns/fr_100kg.blk	17		7x 100 kg No.1; 10x 200 kg No.1	Bombs	118	2006
bombs	gameData/Weapons/bombGuns/su_fab_250m_46.blk	8		8x 250 kg FAB-250M-46 bomb	Bombs	252.2	2017.6
bombs	gameData/Weapons/BombGuns/su_fab250.blk	8		8x 250 kg FAB-250sv bomb	Bombs	252.2	2017.6
bombs	gameData/Weapons/BombGuns/it_500kg_gp.blk	4		4x 500 kg GP 500 bomb	Bombs	508	2032
bombs	gameData/Weapons/containers/mbd3_u2t_fab_500_m62_x2.blk	2	bombs_large_group_x4	500 kg FAB-500M-62 bomb x2	Bombs	1016.6	2033.2
bombs	gameData/Weapons/BombGuns/su_fab500x.blk	4	bombs_large_group_x4	500 kg FAB-500sv bomb	Bombs	508.3	2033.2
bombs	gameData/Weapons/BombGuns/su_brab_250_ap.blk	8	bombs_middle_high_drag_group_x8	250 kg BRAB-250 armor-piercing bomb	Bombs	255	2040
bombs	gameData/Weapons/BombGuns/su_brab_500m43_ap.blk	4	bombs_large_high_drag_group_x4	500 kg BRAB-500 armor-piercing bomb	Bombs	510	2040
bombs	gameData/Weapons/BombGuns/jp_navy_mod25mark2_250kg.blk	8		8x 250 kg Navy Type Number 25 Model 2 bomb	Bombs	257	2056
bombs	gameData/Weapons/BombGuns/su_fab100.blk	20	bombs_small_group_x8	100 kg FAB-100sv (forged) bomb	Bombs	103.5	2070
bombs	gameData/Weapons/BombGuns/fr_500kg_3_1.blk	4		4x 500 kg No.2	Bombs	520	2080
bombs	gameData/Weapons/BombGuns/us_250lb_anm57.blk	18		6x 100 lb AN-M30A1 bomb; 4x 250 lb AN-M57 bomb; 8x AP Mk I rockets	Bombs	117.9	2122.2
bombs	gameData/Weapons/BombGuns/il_250_50_kg_gp.blk	8		8x 250/50 kg G.P. bomb	Bombs	265.7	2125.6
bombs	gameData/Weapons/BombGuns/uk_500lbs.blk	10		2x G.P. 500 lb Mk.IV bomb; 4x RP-3 rockets; 4x RP-3 rockets	Bombs	213.1	2131
bombs	gameData/Weapons/BombGuns/il_100_50_kg_gp.blk	16		16x 100/50 kg G.P. bomb	Bombs	134	2144
bombs	gameData/Weapons/BombGuns/il_360_50_kg_gp.blk	6	bombs_large_group_x6	360/50 kg G.P. bomb	Bombs	362.42	2174.52
bombs	gameData/Weapons/BombGuns/fr_750lb_m117_cone_45.blk	6	bombs_large_group_x6	750 lb M117 cone 45 bomb	Bombs	362.42	2174.52
bombs	gameData/Weapons/containers/mer_us_750lb_m117_x6.blk	1	bombs_middle_group_x6	750 lb M117 cone 45 bomb x6	Bombs	2174.52	2174.52
bombs	gameData/Weapons/containers/bru_3a_us_750lb_m117_x6.blk	1	bombs_large_group_x6	750 lb M117 cone 45 bomb x6	Bombs	2174.52	2174.52
bombs	gameData/Weapons/BombGuns/us_500lb_anm64a1.blk	9		9x 500 lb AN-M64A1 bomb	Bombs	242.6	2183.4
bombs	gameData/Weapons/containers/pylon_m4000_9b_250.blk	1	bombs_middle_group_x9	250 kg SAMP Type 25 bomb x9	Bombs	2223	2223
bombs	gameData/Weapons/BombGuns/us_600lb_m_32.blk	8		8x 600 lb H.E. M32 bomb	Bombs	281.7	2253.6
bombs	gameData/Weapons/containers/b_52h_clip_standard_mk82_x9.blk	1	bombs_middle_group_x8	500 lb LDGP Mk 82 bomb x9	Bombs	2298.1	2298.1
bombs	gameData/Weapons/containers/b_52h_clip_standard_mk82_air_x9.blk	1	bombs_middle_high_drag_group_x8	500 lb Mk 82 AIR ballute-type retarded bomb x9	Bombs	2298.1	2298.1
bombs	gameData/Weapons/BombGuns/uk_500lb_mc_mk1_mk4_long_tail_bomb.blk	10		2x M.C. 500 lb Mk.I bomb; 4x RP-3 rockets; 4x RP-3 rockets	Bombs	231.7	2317
bombs	gameData/Weapons/containers/pylon_m4000_9b_250_200.blk	1	bombs_middle_high_drag_group_x9	250 kg SAMP Type 25 200 parachute retarded bomb x9	Bombs	2376	2376
bombs	gameData/Weapons/BombGuns/jp_navy_type99mod80_800kg.blk	3		3x 800 kg Navy Type 99 Number 80 AP bomb	Bombs	796.8	2390.4
bombs	gameData/Weapons/BombGuns/de_sc2500.blk	1		2500 kg SC2500 bomb	Bombs	2400	2400
bombs	gameData/Weapons/BombGuns/jp_navy_mod80mark1_800kg.blk	3		3x 800 kg Number 80 Mod. 1 bomb	Bombs	805	2415
bombs	gameData/Weapons/BombGuns/us_500lb_anm64a1.blk	10		10x 500 lb AN-M64A1 bomb	Bombs	242.6	2426
bombs	gameData/Weapons/BombGuns/su_fab100.blk	24		24x 100 kg FAB-100sv (forged) bomb	Bombs	103.5	2484
bombs	gameData/Weapons/BombGuns/de_sb2500.blk	1	bombs_heavy	2500 kg SB2500 bomb	Bombs	2500	2500
bombs	gameData/Weapons/BombGuns/su_fab250.blk	10		2x 250 kg FAB-250sv bomb; 8x 50 kg FAB-50sv (forged) bomb	Bombs	252.2	2522
bombs	gameData/Weapons/bombGuns/su_fab_500m_46.blk	6		6x 500 kg FAB-500M-46 bomb	Bombs	428	2568
bombs	gameData/Weapons/BombGuns/us_500lb_anm64a1.blk	11		500 lb AN-M64A1 bomb; 10x HVAR rockets	Bombs	242.6	2668.6
bombs	gameData/Weapons/BombGuns/fr_200kg.blk	12		7x 100 kg No.1; 5x 200 kg No.1	Bombs	225	2700
bombs	gameData/Weapons/BombGuns/il_500_50_kg_gp.blk	6		6x 500/50 G.P. bomb	Bombs	453.6	2721.6
bombs	gameData/Weapons/BombGuns/de_sc250.blk	11		250 kg SC250JA bomb; 10x 50 kg SC50JA bomb	Bombs	250	2750
bombs	gameData/Weapons/BombGuns/fr_50kg_gammn.blk	52		52x 50 kg G.A. MMN. 50	Bombs	53	2756
bombs	gameData/Weapons/bombGuns/su_fab_1500m_46.blk	2		2x 1500 kg FAB-1500M-46 bomb	Bombs	1400	2800
bombs	gameData/Weapons/containers/b_52h_clip_standard_mk84_x3_rear.blk	1	bombs_heavy_middle_group_x3	2000 lb LDGP Mk 84 bomb x3	Bombs	2810.8	2810.8
bombs	gameData/Weapons/containers/b_52h_clip_standard_mk84_x3_central.blk	1	bombs_heavy_middle_group_x3	2000 lb LDGP Mk 84 bomb x3	Bombs	2810.8	2810.8
bombs	gameData/Weapons/containers/b_52h_clip_standard_mk84_x3_front.blk	1	bombs_heavy_middle_group_x3	2000 lb LDGP Mk 84 bomb x3	Bombs	2810.8	2810.8
bombs	gameData/Weapons/BombGuns/uk_250lbs.blk	27		27x G.P. 250 lb Mk.IV bomb	Bombs	104.3	2816.1
bombs	gameData/Weapons/BombGuns/us_600lb_m_32.blk	10		10x 600 lb H.E. M32 bomb	Bombs	281.7	2817
bombs	gameData/Weapons/bombGuns/cn_gp_3000_2.blk	1		3000 kg 3000-2 bomb	Bombs	2840	2840
bombs	gameData/Weapons/BombGuns/su_brab_220_1930_ap.blk	12		12x 220 kg BRAB-220 (1930) armor-piercing bomb	Bombs	240	2880
bombs	gameData/Weapons/BombGuns/us_1600lb_ap_an_mk1.blk	4		4x 1600 lb AN-Mk 1 armor-piercing bomb	Bombs	721.2	2884.8
bombs	gameData/Weapons/BombGuns/us_500lb_anm64a1.blk	12		12x 500 lb AN-M64A1 bomb	Bombs	242.6	2911.2
bombs	gameData/Weapons/BombGuns/us_750lb_mk_78_mod_2.blk	7		Mk 78 incendiary bomb; 6x M8 rocket	Bombs	416.4	2914.8
bombs	gameData/Weapons/BombGuns/uk_1000lbs_gp_mk1.blk	6		6x 1000 lb G.P. Mk.I bomb	Bombs	495.7	2974.2
bombs	gameData/Weapons/bombGuns/su_fab_3000m_46.blk	1		3000 kg FAB-3000M-46 bomb	Bombs	2983	2983
bombs	gameData/Weapons/BombGuns/uk_500lbs_43.blk	14		14x G.P. 500 lb Mk.IV bomb	Bombs	213.1	2983.4
bombs	gameData/Weapons/BombGuns/jp_ijnaf_type_3_number_150_1500kg_ap.blk	2		2x 1500 kg Navy Type 3 Number 150 AP bomb	Bombs	1498.6	2997.2
bombs	gameData/Weapons/BombGuns/us_1000lb_anm65a1.blk	6		6x 1000 lb AN-M65A1 bomb	Bombs	500.76	3004.56
bombs	gameData/Weapons/BombGuns/us_1000lb_anm65_cone.blk	6		6x 1000 lb AN-M65A1 Fin M129 bomb	Bombs	500.76	3004.56
bombs	gameData/Weapons/bombGuns/su_fab_250m_46.blk	12		12x 250 kg FAB-250M-46 bomb	Bombs	252.2	3026.4
bombs	gameData/Weapons/BombGuns/su_fab250.blk	12		12x 250 kg FAB-250sv bomb	Bombs	252.2	3026.4
bombs	gameData/Weapons/BombGuns/su_fab250x.blk	12		12x 250 kg FAB-250sv bomb	Bombs	252.2	3026.4
bombs	gameData/Weapons/containers/b_52h_pylon_ibeam_mk82_x12.blk	1	bombs_middle_group_x8	500 lb LDGP Mk 82 bomb x12	Bombs	3040.8	3040.8
bombs	gameData/Weapons/containers/b_52h_pylon_ibeam_mk82_air_x12.blk	1	bombs_middle_high_drag_group_x8	500 lb Mk 82 AIR ballute-type retarded bomb x12	Bombs	3040.8	3040.8
bombs	gameData/Weapons/BombGuns/su_fab500.blk	6		4x 250 kg FAB-250sv bomb; 2x 500 kg FAB-500sv (welded) bomb	Bombs	508.3	3049.8
bombs	gameData/Weapons/BombGuns/su_fab_3000m_54.blk	1	bombs_heavy	3000 kg FAB-3000M-54 bomb	Bombs	3067	3067
bombs	gameData/Weapons/BombGuns/jp_navy_mod25mark2_250kg.blk	12		12x 250 kg Navy Type Number 25 Model 2 bomb	Bombs	257	3084
bombs	gameData/Weapons/BombGuns/il_250_50_kg_gp.blk	12		12x 250/50 kg G.P. bomb	Bombs	265.7	3188.4
bombs	gameData/Weapons/BombGuns/de_pc1600_ap.blk	2	bombs_heavy_high_drag_group	1600 kg PC1600 armor-piercing bomb	Bombs	1600	3200
bombs	gameData/Weapons/BombGuns/jp_navy_mod80mark1_800kg.blk	4		4x 800 kg Number 80 Mod. 1 bomb	Bombs	805	3220
bombs	gameData/Weapons/BombGuns/uk_500lb_mc_mk1_mk4_long_tail_bomb.blk	14		8x M.C. 250 lb Mk.I bomb; 6x M.C. 500 lb Mk.I bomb	Bombs	231.7	3243.8
bombs	gameData/Weapons/containers/b_52h_clip_standard_mk117_air_x9.blk	1	bombs_large_high_drag_group_x8	750 lb M117 AIR bomb x9	Bombs	3391.78	3391.78
bombs	gameData/Weapons/containers/b_52h_clip_standard_mk117r_x9.blk	1	bombs_large_group_x8	750 lb M117 cone 90 bomb x9	Bombs	3391.78	3391.78
bombs	gameData/Weapons/BombGuns/it_100kg_t.blk	34		34x 100 kg GP 100T bomb	Bombs	100	3400
bombs	gameData/Weapons/BombGuns/it_500kg_gp.blk	7		7x 500 kg GP 500 bomb	Bombs	508	3556
bombs	gameData/Weapons/BombGuns/de_sc1800b.blk	2	bombs_heavy_group	1800 kg SC1800B bomb	Bombs	1832	3664
bombs	gameData/Weapons/BombGuns/uk_8000lb_hc_mkI_n33_bomb.blk	1		8000 lb H.C. Mk.II bomb	Bombs	3787.04	3787.04
bombs	gameData/Weapons/BombGuns/uk_8000lb_hc_mkI_n52_bomb.blk	1		8000 lb H.C. Mk.II bomb	Bombs	3787.04	3787.04
bombs	gameData/Weapons/BombGuns/uk_500lbs_43.blk	18		2x G.P. 500 lb Mk.IV bomb; 8x RP-3 rockets; 8x RP-3 rockets	Bombs	213.1	3835.8
bombs	gameData/Weapons/mines/us_mine_mk13_mod0.blk	8		8x 1000 lbs Type A Mark I aircraft laid magnetic mine	Bombs	494.4	3955.2
bombs	gameData/Weapons/BombGuns/us_4000lb_anm56_box.blk	2		2x 4000 lb AN-M56 bomb	Bombs	1981.3	3962.6
bombs	gameData/Weapons/BombGuns/uk_1000lbs_gp_mk1.blk	8		2x 1000 lb G.P. Mk.I bomb; 6x G.P. 250 lb Mk.IV bomb	Bombs	495.7	3965.6
bombs	gameData/Weapons/BombGuns/us_2000lbs_anm66.blk	4		4x 2000 lb AN-M66A2 bomb	Bombs	996.3	3985.2
bombs	gameData/Weapons/BombGuns/us_1000lb_anm65a1.blk	8		8x 1000 lb AN-M65A1 bomb	Bombs	500.76	4006.08
bombs	gameData/Weapons/BombGuns/su_fab500.blk	8		4x 250 kg FAB-250sv bomb; 4x 500 kg FAB-500sv (welded) bomb	Bombs	508.3	4066.4
bombs	gameData/Weapons/BombGuns/su_fab100.blk	40		40x 100 kg FAB-100sv (forged) bomb	Bombs	103.5	4140
bombs	gameData/Weapons/BombGuns/uk_1000lbs_mc_mk1_mk2_bomb.blk	9		1000 lb M.C. Mk.II bomb; 2x M.C. 250 lb Mk.I bomb; 6x M.C. 500 lb Mk.I bomb	Bombs	463.1	4167.9
bombs	gameData/Weapons/bombGuns/de_sc_ag300.blk	14		14x 300 kg SC AG bomb	Bombs	300	4200
bombs	gameData/Weapons/BombGuns/su_brab_500_1938_ap.blk	8		4x 220 kg BRAB-220 (1930) armor-piercing bomb; 4x 500 kg BRAB-500 (1938) armor-piercing bomb	Bombs	531.3	4250.4
bombs	gameData/Weapons/BombGuns/uk_1000lbs_mc_mk1.blk	9		9x 1000 lb M.C. Mk.I bomb	Bombs	474.4	4269.6
bombs	gameData/Weapons/BombGuns/su_fab1000.blk	4		4x 1000 kg FAB-1000 (welded) bomb	Bombs	1080	4320
bombs	gameData/Weapons/containers/b_52h_pylon_ibeam_mk117_air_x12.blk	1	bombs_large_high_drag_group_x8	750 lb M117 AIR bomb x12	Bombs	4499.04	4499.04
bombs	gameData/Weapons/containers/b_52h_pylon_ibeam_mk117r_x12.blk	1	bombs_large_group_x8	750 lb M117 cone 45 bomb x12	Bombs	4499.04	4499.04
bombs	gameData/Weapons/BombGuns/us_500lb_anm64a1.blk	20		20x 500 lb AN-M64A1 bomb	Bombs	242.6	4852
bombs	gameData/Weapons/BombGuns/fr_200kg.blk	22		7x 100 kg No.1; 15x 200 kg No.1	Bombs	225	4950
bombs	gameData/Weapons/BombGuns/de_sc250.blk	20		20x 250 kg SC250JA bomb	Bombs	250	5000
bombs	gameData/Weapons/BombGuns/us_750lb_m117_cone_45.blk	14	bombs_middle_group_x9	750 lb M117 cone 45 bomb	Bombs	362.42	5073.88
bombs	gameData/Weapons/BombGuns/su_fab5000.blk	1		5000 kg bomb FAB-5000	Bombs	5080	5080
bombs	gameData/Weapons/BombGuns/su_fab500.blk	10		9x 50 kg FAB-50sv (forged) bomb; 500 kg FAB-500sv (welded) bomb	Bombs	508.3	5083
bombs	gameData/Weapons/BombGuns/su_fab_500m_46.blk	12		12x 500 kg FAB-500M-46 bomb	Bombs	428	5136
bombs	gameData/Weapons/BombGuns/uk_500lb_he_mc_mk2.blk	25		25x 500 lb H.E. M.C. Mk.II bomb	Bombs	213.1	5327.5
bombs	gameData/Weapons/BombGuns/cn_gp_250_2_incendiary.blk	40		40x 250-2 incendiary bomb	Bombs	135	5400
bombs	gameData/Weapons/BombGuns/us_3000lb_m118_90.blk	4	bombs_heavy_group_x4	3000 lb M118 Demolition bomb	Bombs	1369.8	5479.2
bombs	gameData/Weapons/containers/b_52h_pylon_hsab_mk84_x6.blk	1	bombs_heavy_middle_group_x6	2000 lb LDGP Mk 84 bomb x6	Bombs	5511.6	5511.6
bombs	gameData/Weapons/BombGuns/cn_gp_100_2.blk	40		40x 100 kg 100-2 bomb	Bombs	140	5600
bombs	gameData/Weapons/BombGuns/cn_gp_500_2.blk	12		12x 500 kg 500-2 bomb	Bombs	473	5676
bombs	gameData/Weapons/BombGuns/uk_12000lb_hc_mkI_n52_bomb.blk	1		12000 lb H.C Mk.I bomb	Bombs	5740.6	5740.6
bombs	gameData/Weapons/BombGuns/uk_500lbs.blk	27		27x G.P. 500 lb Mk.IV bomb	Bombs	213.1	5753.7
bombs	gameData/Weapons/BombGuns/us_1600lb_ap_an_mk1.blk	8		8x 1600 lb AN-Mk 1 armor-piercing bomb	Bombs	721.2	5769.6
bombs	gameData/Weapons/BombGuns/us_1000lb_anm65a1.blk	12		2x 1000 lb AN-M65A1 bomb; 10x HVAR rockets	Bombs	500.76	6009.12
bombs	gameData/Weapons/BombGuns/su_fab250.blk	24		24x 250 kg FAB-250sv bomb	Bombs	252.2	6052.8
bombs	gameData/Weapons/bombGuns/su_fab_1500m_54.blk	4	bombs_heavy_middle_group_x4	1500 kg FAB-1500M-54 bomb	Bombs	1550	6200
bombs	gameData/Weapons/BombGuns/uk_1000lbs_mc_mk1_mk2_bomb.blk	14		14x 1000 lb M.C. Mk.II bomb	Bombs	463.1	6483.4
bombs	gameData/Weapons/BombGuns/us_1000lb_anm65a1.blk	13		2x 1000 lb AN-M65A1 bomb; 500 lb AN-M64A1 bomb; 10x HVAR rockets	Bombs	500.76	6509.88
bombs	gameData/Weapons/BombGuns/uk_1000lbs_mc_mk1.blk	14		14x 1000 lb M.C. Mk.I bomb	Bombs	474.4	6641.6
bombs	gameData/Weapons/BombGuns/uk_1000lbs_mc_mk1.blk	15		15x 1000 lb M.C. Mk.I bomb	Bombs	474.4	7116
bombs	gameData/Weapons/BombGuns/su_fab_1000m_44.blk	8		8x 1000 kg FAB-1000M-44 bomb	Bombs	890.69	7125.52
bombs	gameData/Weapons/BombGuns/us_4000lb_anm56_box.blk	4		4x 4000 lb AN-M56 bomb	Bombs	1981.3	7925.2
bombs	gameData/Weapons/BombGuns/us_2000lbs_anm66.blk	8		8x 2000 lb AN-M66A2 bomb	Bombs	996.3	7970.4
bombs	gameData/Weapons/BombGuns/uk_1000lbs_mc_mk1.blk	18		2x 1000 lb M.C. Mk.I bomb; 8x RP-3 rockets; 8x RP-3 rockets	Bombs	474.4	8539.2
bombs	gameData/Weapons/BombGuns/su_fab_500m_46.blk	20		20x 500 kg FAB-500M-46 bomb	Bombs	428	8560
bombs	gameData/Weapons/BombGuns/uk_1000lbs_gp.blk	18		2x 1000 lb H.E. M.C. Mk.13 bomb; 8x RP-3 rockets; 8x RP-3 rockets	Bombs	486	8748
bombs	gameData/Weapons/BombGuns/us_1000lb_anm65a1.blk	18		18x 1000 lb AN-M65A1 bomb	Bombs	500.76	9013.68
bombs	gameData/Weapons/bombGuns/su_fab9000.blk	1	bombs_heavy_small	9000 kg FAB-9000 bomb	Bombs	9407	9407
bombs	gameData/Weapons/BombGuns/cn_gp_250_2.blk	40		40x 250 kg 250-2 bomb	Bombs	236	9440
bombs	gameData/Weapons/BombGuns/cn_gp_500_2.blk	20		20x 500 kg 500-2 bomb	Bombs	473	9460
bombs	gameData/Weapons/BombGuns/us_500lb_anm64a1.blk	40		40x 500 lb AN-M64A1 bomb	Bombs	242.6	9704
bombs	gameData/Weapons/BombGuns/su_fab_250m_46.blk	40		40x 250 kg FAB-250M-46 bomb	Bombs	252.2	10088
bombs	gameData/Weapons/bombGuns/su_fab5000_m54.blk	2	bombs_heavy_middle_black_group_x2	5000 kg FAB-5000M-54 bomb	Bombs	5247	10494
bombs	gameData/Weapons/BombGuns/su_fab_1500m_46.blk	8		8x 1500 kg FAB-1500M-46 bomb	Bombs	1400	11200
bombs	gameData/Weapons/BombGuns/cn_gp_3000_2.blk	4		4x 3000 kg 3000-2 bomb	Bombs	2840	11360
bombs	gameData/Weapons/BombGuns/cn_gp_1500_2.blk	8		8x 1500 kg 1500-2 bomb	Bombs	1447	11576
bombs	gameData/Weapons/BombGuns/su_fab_3000m_46.blk	4		4x 3000 kg FAB-3000M-46 bomb	Bombs	2983	11932
bombs	gameData/Weapons/bombGuns/su_fab_3000m_54.blk	4	bombs_heavy_group_x4	3000 kg FAB-3000M-54 bomb	Bombs	3067	12268
bombs	gameData/Weapons/BombGuns/uk_mk2_cookie.blk	9		6x 1000 lb M.C. Mk.II bomb; 2x G.P. 250 lb Mk.IV bomb; 4000 lb H.C. Mk.II bomb	Bombs	1782.61	16043.49
bombs	gameData/Weapons/BombGuns/uk_8000lb_hc_mkI_n33_bomb.blk	7		6x G.P. 500 lb Mk.IV bomb; 8000 lb H.C. Mk.II bomb	Bombs	3787.04	26509.28
bombs	gameData/Weapons/BombGuns/fr_50kg_type_61c.blk	1010		10x 50 kg Type 61C; 4x 7.62 mm Browning machine gun	Bombs	45.8	46258
aam	utl-sam:gamedata/weapons/groundmodels_weapons/70mm_fim_92e_stinger_launcher_user_cannon.blk#70mm_fim_92e	1	missile_type_b_air_to_air	FIM-92E (Ground SAM)	Ground SAM Missiles	10.1	10.1	USA
aam	utl-sam:gamedata/weapons/groundmodels_weapons/70mm_fim_92e_stinger_launcher_user_cannon.blk#70mm_fim_92k	1	missile_type_b_air_to_air	FIM-92K (Ground SAM)	Ground SAM Missiles	10.1	10.1	USA
aam	utl-sam:gamedata/weapons/groundmodels_weapons/72mm_hn_6_launcher_user_cannon.blk#72mm_hn_6	1	missile_type_b_air_to_air	HN-6 (Ground SAM)	Ground SAM Missiles	10.77	10.77	China
aam	utl-sam:gamedata/weapons/groundmodels_weapons/80mm_type_91_launcher_user_cannon.blk#80mm_type_91	1	missile_type_b_air_to_air	Type 91 (Ground SAM)	Ground SAM Missiles	11.5	11.5	Japan
aam	utl-sam:gamedata/weapons/groundmodels_weapons/130mm_starstreak_hvm_launcher_user_cannon.blk#130mm_starstreak_hvm	1	missile_type_b_air_to_air	Starstreak HVM (Ground SAM)	Ground SAM Missiles	14	14	Great Britain
aam	utl-sam:gamedata/weapons/groundmodels_weapons/105mm_rbs_70_launcher_user_cannon.blk#105mm_rb_70	1	missile_type_b_air_to_air	RB 70 (Ground SAM)	Ground SAM Missiles	16.5	16.5	Sweden
aam	utl-sam:gamedata/weapons/groundmodels_weapons/105mm_rbs_70_asrad_launcher_user_cannon.blk#105mm_rb_70_2	1	missile_type_b_air_to_air	RB 70 Mk.2 (Ground SAM)	Ground SAM Missiles	16.5	16.5	Sweden
aam	utl-sam:gamedata/weapons/groundmodels_weapons/105mm_rbs_70_asrad_launcher_user_cannon.blk#105mm_bolide	1	missile_type_b_air_to_air	BOLIDE (Ground SAM)	Ground SAM Missiles	17	17	Sweden
aam	utl-sam:gamedata/weapons/groundmodels_weapons/170mm_57e6m_launcher_user_cannon.blk#170mm_tkb_1055	1	missile_type_b_air_to_air	TKB-1055 (Ground SAM)	Ground SAM Missiles	18	18	USSR / Russia
aam	utl-sam:gamedata/weapons/groundmodels_weapons/90mm_atam_mistral_user_cannon.blk#atam_mistral_sam	1	missile_type_b_air_to_air	Mistral surface-to-air missiles (Ground SAM)	Ground SAM Missiles	18.7	18.7	France
aam	utl-sam:gamedata/weapons/groundmodels_weapons/130mm_rapier_launcher_user_cannon.blk#130mm_rapier_mk1e	1	missile_type_b_air_to_air	Rapier Mk.1E (Ground SAM)	Ground SAM Missiles	42.6	42.6	Great Britain
aam	utl-sam:gamedata/weapons/groundmodels_weapons/130mm_rapier_launcher_user_cannon.blk#130mm_rapier_mk2	1	missile_type_b_air_to_air	Rapier Mk.2 (Ground SAM)	Ground SAM Missiles	43	43	Great Britain
aam	utl-sam:gamedata/weapons/groundmodels_weapons/152mm_mim146_launcher_user_cannon.blk#152mm_mim146	1	missile_type_b_air_to_air	MIM-146 (Ground SAM)	Ground SAM Missiles	51	51	USA
aam	utl-sam:gamedata/weapons/groundmodels_weapons/163mm_roland_launcher_user_cannon.blk#163mm_roland_1	1	missile_type_b_air_to_air	Roland 1 (Ground SAM)	Ground SAM Missiles	65	65	Germany
aam	utl-sam:gamedata/weapons/groundmodels_weapons/163mm_roland_2_launcher_user_cannon.blk#163mm_roland_2	1	missile_type_b_air_to_air	Roland 2 (Ground SAM)	Ground SAM Missiles	65	65	Germany
aam	utl-sam:gamedata/weapons/groundmodels_weapons/170mm_57e6m_launcher_user_cannon.blk#170mm_zur_95ya6	1	missile_type_b_air_to_air	95Ya6 (Ground SAM)	Ground SAM Missiles	72.5	72.5	USSR / Russia
aam	utl-sam:gamedata/weapons/groundmodels_weapons/163mm_roland_vt_1_launcher_user_cannon.blk#165mm_vt_1	1	missile_type_b_air_to_air	VT1 (Ground SAM)	Ground SAM Missiles	73	73	Germany
aam	utl-sam:gamedata/weapons/groundmodels_weapons/163mm_roland_2_launcher_user_cannon.blk#163mm_roland_3	1	missile_type_b_air_to_air	Roland 3 (Ground SAM)	Ground SAM Missiles	77	77	Germany
aam	utl-sam:gamedata/weapons/groundmodels_weapons/178mm_nasams_user_cannon.blk#us_aim_9x_block_2	1	missile_type_b_air_to_air	AIM-9X Block 2 Sidewinder air-to-air missiles (Ground SAM)	Ground SAM Missiles	85.274	85.274	USA
aam	utl-sam:gamedata/weapons/groundmodels_weapons/127mm_mim_72_launcher_user_cannon.blk#127mm_mim72c	1	missile_type_b_air_to_air	MIM-72C (Ground SAM)	Ground SAM Missiles	86.3	86.3	USA
aam	utl-sam:gamedata/weapons/groundmodels_weapons/127mm_mim_72_launcher_user_cannon.blk#127mm_mim72e	1	missile_type_b_air_to_air	MIM-72E (Ground SAM)	Ground SAM Missiles	86.3	86.3	USA
aam	utl-sam:gamedata/weapons/groundmodels_weapons/127mm_mim_72_launcher_user_cannon.blk#127mm_mim72g	1	missile_type_b_air_to_air	MIM-72G (Ground SAM)	Ground SAM Missiles	86.3	86.3	USA
aam	utl-sam:gamedata/weapons/groundmodels_weapons/127mm_iris_t_user_cannon.blk#us_iris_t	1	missile_type_b_air_to_air	RBS 98 (Ground SAM)	Ground SAM Missiles	87.4	87.4	Germany
aam	utl-sam:gamedata/weapons/groundmodels_weapons/127mm_tc_1l_rocket_launcher_user_cannon.blk#127mm_tc_1l	1	missile_type_b_air_to_air	TC-1L (Ground SAM)	Ground SAM Missiles	90	90	International
aam	utl-sam:gamedata/weapons/groundmodels_weapons/170mm_57e6m_launcher_user_cannon.blk#170mm_57e6m	1	missile_type_b_air_to_air	95Ya6M (Ground SAM)	Ground SAM Missiles	92	92	USSR / Russia
aam	utl-sam:gamedata/weapons/groundmodels_weapons/166mm_camm_user_cannon.blk#166mm_camm	1	missile_type_b_air_to_air	CAMM (Ground SAM)	Ground SAM Missiles	99	99	Great Britain
aam	utl-sam:gamedata/weapons/groundmodels_weapons/160mm_spyder_launcher_user_cannon.blk#il_python_5_sam	1	missile_type_b_air_to_air	Python 5 air-to-air missiles (Ground SAM)	Ground SAM Missiles	105	105	Israel
aam	utl-sam:gamedata/weapons/groundmodels_weapons/160mm_sam_1c_launcher_user_cannon.blk#160mm_sam_1c	1	missile_type_b_air_to_air	Type 81C (Ground SAM)	Ground SAM Missiles	105	105	International
aam	utl-sam:gamedata/weapons/groundmodels_weapons/160mm_sam_1c_launcher_user_cannon.blk#160mm_sam_arh_1c	1	missile_type_b_air_to_air	Type 81C ARH (Ground SAM)	Ground SAM Missiles	105	105	International
aam	utl-sam:gamedata/weapons/groundmodels_weapons/160mm_spyder_launcher_user_cannon.blk#il_derby_sam	1	missile_type_b_air_to_air	I-Derby SR surface-to-air missiles (Ground SAM)	Ground SAM Missiles	118	118	Israel
aam	utl-sam:gamedata/weapons/groundmodels_weapons/160mm_spyder_launcher_user_cannon.blk#il_derby_er_sam	1	missile_type_b_air_to_air	I-Derby ER surface-to-air missiles (Ground SAM)	Ground SAM Missiles	122	122	Israel
aam	utl-sam:gamedata/weapons/groundmodels_weapons/209mm_9m33a3_launcher_user_cannon.blk#209mm_9m33m3	1	missile_type_b_air_to_air	9M33M3 (Ground SAM)	Ground SAM Missiles	126.3	126.3	USSR / Russia
aam	utl-sam:gamedata/weapons/groundmodels_weapons/180mm_iris_t_sl_user_cannon.blk#us_iris_t_sl	1	missile_type_b_air_to_air	IRIS-T SL (Ground SAM)	Ground SAM Missiles	155	155	Germany
aam	utl-sam:gamedata/weapons/groundmodels_weapons/166mm_camm_user_cannon.blk#166mm_camm_er	1	missile_type_b_air_to_air	CAMM-ER (Ground SAM)	Ground SAM Missiles	160	160	Great Britain
aam	utl-sam:gamedata/weapons/groundmodels_weapons/178mm_nasams_user_cannon.blk#us_aim_120c_7_sam	1	missile_type_b_air_to_air	AIM-120C-7 surface-to-air missiles (Ground SAM)	Ground SAM Missiles	161.479	161.479	USA
aam	utl-sam:gamedata/weapons/groundmodels_weapons/239mm_hq_17_user_cannon.blk#239mm_hq17	1	missile_type_b_air_to_air	HQ17 (Ground SAM)	Ground SAM Missiles	165	165	China
aam	utl-sam:gamedata/weapons/groundmodels_weapons/239mm_9m331_user_cannon.blk#239mm_9m331	1	missile_type_b_air_to_air	9M331 (Ground SAM)	Ground SAM Missiles	167	167	USSR / Russia
aam	utl-sam:gamedata/weapons/groundmodels_weapons/178mm_nasams_user_cannon.blk#us_amraam_er	1	missile_type_b_air_to_air	AMRAAM-ER SAM (Ground SAM)	Ground SAM Missiles	279	279	USA
aam	utl-sam:gamedata/weapons/groundmodels_weapons/250mm_fm_3000_user_cannon.blk#cn_fm_3000	1	missile_type_b_air_to_air	FM-3000 (Ground SAM)	Ground SAM Missiles	305	305	China
aam	utl-sam:gamedata/weapons/groundmodels_weapons/380mm_aster_30_user_cannon.blk#380mm_aster_30	1	missile_type_b_air_to_air	Aster-30 (Ground SAM)	Ground SAM Missiles	450	450	International
aam	utl-sam:gamedata/weapons/groundmodels_weapons/360mm_9m317m_user_cannon.blk#360mm_9m317ma	1	missile_type_b_air_to_air	9M317MA (Ground SAM)	Ground SAM Missiles	581	581	USSR / Russia
aam	utl-sam:gamedata/weapons/groundmodels_weapons/320mm_type_03_user_cannon.blk#jp_type_03	1	missile_type_b_air_to_air	Type 03 (Ground SAM)	Ground SAM Missiles	583	583	Japan
guided bombs	gameData/Weapons/BombGuns/su_kab_50l.blk	1	guided_bomb_small_laser	50 kg KAB-50L bomb	Guided Bombs	50	50
guided bombs	gameData/Weapons/BombGuns/su_kab_50tv.blk	1	guided_bomb_red	50 kg KAB-50TV bomb	Guided Bombs	50	50
guided bombs	gameData/Weapons/BombGuns/us_gbu_53.blk	1	glide_guided_bomb_small_spice	GBU-53 (SDB II) guided bomb	Guided Bombs	92.533	92.533
guided bombs	gameData/Weapons/containers/us_bru_55a_gbu_53_x2.blk	1	glide_guided_bomb_small_spice_group	GBU-53 (SDB II) guided bomb x2	Guided Bombs	185.066	185.066
guided bombs	gameData/Weapons/BombGuns/us_500lb_gbu38_usaf.blk	1	guided_bomb_middle_jdam	GBU-38 JDAM guided bomb	Guided Bombs	253.1	253.1
guided bombs	gameData/Weapons/BombGuns/us_500lb_gbu38_usnavy.blk	1	guided_bomb_middle_jdam	GBU-38(V)2/B JDAM guided bomb	Guided Bombs	253.1	253.1
guided bombs	gameData/Weapons/BombGuns/su_kab_250lg.blk	1	guided_bomb_small_laser	250 kg KAB-250LG bomb	Guided Bombs	256	256
guided bombs	gameData/Weapons/BombGuns/su_kab_250lg_e.blk	1	guided_bomb_small_laser	250 kg KAB-250LG-E bomb	Guided Bombs	256	256
guided bombs	gameData/Weapons/BombGuns/cn_ts_250.blk	1	guided_bomb_middle_laser	GB250 guided bomb	Guided Bombs	260	260
guided bombs	gameData/Weapons/BombGuns/cn_lgb_gb250_mod_laser.blk	1	guided_bomb_middle_jdam	GB3 guided bomb	Guided Bombs	260.816	260.816
guided bombs	gameData/Weapons/BombGuns/us_500lb_gbu_54b_navy.blk	1	guided_bomb_middle_ljdam	GBU-54B LJDAM guided bomb	Guided Bombs	260.816	260.816
guided bombs	gameData/Weapons/BombGuns/us_500lb_gbu_54b.blk	1	guided_bomb_middle_ljdam	GBU-54B LJDAM guided bomb	Guided Bombs	260.816	260.816
guided bombs	gameData/Weapons/BombGuns/br_lizard_2.blk	1	guided_bomb_middle_laser	BA-FG-230-Lizard-2 guided bomb	Guided Bombs	277.14	277.14
guided bombs	gameData/Weapons/BombGuns/br_lizard_3.blk	1	guided_bomb_middle_laser	BA-FG-230-Lizard-3 guided bomb	Guided Bombs	277.14	277.14
guided bombs	gameData/Weapons/BombGuns/us_gbu_12_paveway_2.blk	1	guided_bomb_middle_laser	GBU-12 Paveway II guided bomb	Guided Bombs	277.14	277.14
guided bombs	gameData/Weapons/containers/pylon_kfir_central_gbu_12.blk	1	guided_bomb_small_laser	GBU-12 Paveway II guided bomb	Guided Bombs	277.14	277.14
guided bombs	gameData/Weapons/containers/ter_us_gbu_12_paveway_2.blk	1	guided_bomb_middle_laser	GBU-12 Paveway II guided bomb	Guided Bombs	277.14	277.14
guided bombs	gameData/Weapons/containers/pylon_kfir_central_gbu_49.blk	1	guided_bomb_middle_jdam	GBU-49 Paveway II guided bomb	Guided Bombs	277.14	277.14
guided bombs	gameData/Weapons/BombGuns/us_gbu_49_paveway_2.blk	1	guided_bomb_small_laser	GBU-49 Paveway II guided bomb	Guided Bombs	277.14	277.14
guided bombs	gameData/Weapons/BombGuns/uk_paveway_iv.blk	1	guided_bomb_middle_laser	Paveway IV guided bomb	Guided Bombs	277.14	277.14
guided bombs	gameData/Weapons/BombGuns/us_500lb_gbu_62_jdam_er.blk	1	glide_guided_bomb_middle_jdam	GBU-62 JDAM-ER guided bomb	Guided Bombs	289.72	289.72
guided bombs	gameData/Weapons/BombGuns/us_500lb_gbu_62_ljdam_er.blk	1	glide_guided_bomb_middle_ljdam	GBU-62 LJDAM-ER guided bomb	Guided Bombs	289.72	289.72
guided bombs	gameData/Weapons/BombGuns/rs_fab_250_pgb.blk	1	glide_bombs_middle	FAB-250 PGB guided bomb	Guided Bombs	290	290
guided bombs	gameData/Weapons/BombGuns/cn_ls_6_250.blk	1	glide_bombs_middle	LS-6 250 guided bomb	Guided Bombs	290	290
guided bombs	gameData/Weapons/BombGuns/cn_ls_6_250_ir.blk	1	guided_bomb_green	LS-6(IR) 250 guided bomb	Guided Bombs	300	300
guided bombs	gameData/Weapons/BombGuns/de_hosbo_glide_bomb.blk	1	glide_guided_bomb_middle_jdam	HOSBO guided bomb	Guided Bombs	305	305
guided bombs	gameData/Weapons/BombGuns/kr_kggb.blk	1	glide_guided_bomb_middle_jdam	KGGB guided bomb	Guided Bombs	316	316
guided bombs	gameData/Weapons/containers/bru_61_bomb_pylon_gbu_53_x4.blk	1	glide_guided_bomb_small_spice_group_x4	GBU-53 (SDB II) guided bomb x4	Guided Bombs	370.131	370.131
guided bombs	gameData/Weapons/BombGuns/fr_bgl_400.blk	1	guided_bomb_large_laser	BGL-400 guided bomb	Guided Bombs	400	400
guided bombs	gameData/Weapons/BombGuns/us_1000lb_gbu32_usaf.blk	1	guided_bomb_large_jdam	GBU-32 JDAM guided bomb	Guided Bombs	446.8	446.8
guided bombs	gameData/Weapons/BombGuns/us_1000lb_gbu32_navy.blk	1	guided_bomb_large_jdam	GBU-32 JDAM guided bomb	Guided Bombs	446.8	446.8
guided bombs	gameData/Weapons/containers/bru_61_bomb_pylon_gbu_39_x4.blk	1	glide_guided_bomb_small_jdam_group_x4	GBU-39/B (SDB I) guided bomb x4	Guided Bombs	486.252	486.252
guided bombs	gameData/Weapons/BombGuns/il_spice_1000.blk	1	guided_bomb_red	SPICE 1000 guided bomb	Guided Bombs	490	490
guided bombs	gameData/Weapons/containers/is_pylon_kfir_central_3000lb.blk	1	guided_bomb_red	SPICE 1000 guided bomb	Guided Bombs	490	490
guided bombs	gameData/Weapons/containers/ter_us_gbu_16_paveway_2.blk	1	guided_bomb_large_laser	GBU-16 Paveway II guided bomb	Guided Bombs	495.3	495.3
guided bombs	gameData/Weapons/BombGuns/us_gbu_16_paveway_2.blk	1	guided_bomb_large_laser	GBU-16 Paveway II guided bomb	Guided Bombs	495.3	495.3
guided bombs	gameData/Weapons/BombGuns/us_gbu_48_paveway_2.blk	1	guided_bomb_large_laser	GBU-48 Paveway II guided bomb	Guided Bombs	495.3	495.3
guided bombs	gameData/Weapons/BombGuns/us_agm_154a1_jsow.blk	1	glide_bomb_default	AGM-154A1 JSOW guided bomb	Guided Bombs	497	497
guided bombs	gameData/Weapons/BombGuns/su_upab_500b.blk	1	guided_bomb_large_jdam	500 kg UPAB-500B bomb	Guided Bombs	505	505
guided bombs	gameData/Weapons/bombguns/su_upab_500b_e.blk	1	guided_bomb_large_jdam	500 kg UPAB-500B-E bomb	Guided Bombs	505	505
guided bombs	gameData/Weapons/BombGuns/us_agm_62a.blk	1	guided_bomb_red	AGM-62A Walleye I guided bomb	Guided Bombs	505.53	505.53
guided bombs	gameData/Weapons/containers/bru_55_gbu_38.blk	1	guided_bomb_middle_jdam_group_x2	GBU-38 JDAM guided bomb x2	Guided Bombs	506.2	506.2
guided bombs	gameData/Weapons/containers/bru_57_gbu_38.blk	1	guided_bomb_middle_jdam_group_x2	GBU-38 JDAM guided bomb x2	Guided Bombs	506.2	506.2
guided bombs	gameData/Weapons/BombGuns/us_500lb_gbu38_usnavy.blk	2	guided_bomb_middle_jdam_group_x2	GBU-38(V)2/B JDAM guided bomb	Guided Bombs	253.1	506.2
guided bombs	gameData/Weapons/containers/ter_us_gbu_38_jdam_usnavy_x2.blk	1	guided_bomb_middle_jdam_group_x2	GBU-38(V)2/B JDAM guided bomb x2	Guided Bombs	506.2	506.2
guided bombs	gameData/Weapons/containers/us_bru_55a_gbu_38_navy_x2.blk	1	guided_bomb_middle_jdam_group_x2	GBU-38(V)2/B JDAM guided bomb x2	Guided Bombs	506.2	506.2
guided bombs	gameData/Weapons/BombGuns/us_agm_62a_er.blk	1	guided_bomb_red	AGM-62A Walleye I ER guided bomb	Guided Bombs	510.3	510.3
guided bombs	gameData/Weapons/BombGuns/su_kab_250lg.blk	2	guided_bomb_small_laser_x2	250 kg KAB-250LG bomb	Guided Bombs	256	512
guided bombs	gameData/Weapons/BombGuns/su_kab_250lg_e.blk	2	guided_bomb_small_laser_x2	250 kg KAB-250LG-E bomb	Guided Bombs	256	512
guided bombs	gameData/Weapons/bombguns/su_kab_500kr.blk	1	guided_bomb_yellow	500 kg KAB-500Kr bomb	Guided Bombs	520	520
guided bombs	gameData/Weapons/bombguns/su_kab_500kr_e.blk	1	guided_bomb_yellow	500 kg KAB-500Kr-E bomb	Guided Bombs	520	520
guided bombs	gameData/Weapons/bombguns/su_kab_500kr_m.blk	1	guided_bomb_yellow	500 kg KAB-500Kr-M bomb	Guided Bombs	520	520
guided bombs	gameData/Weapons/containers/is_spice_250_sqr_rack.blk	1	glide_guided_bomb_small_spice_group_x4	SPICE 250 guided bomb x4	Guided Bombs	520	520
guided bombs	gameData/Weapons/containers/us_bru_55a_gbu_54b.blk	1	guided_bomb_small_jdam_group_x2	GBU-54B LJDAM guided bomb x2	Guided Bombs	521.632	521.632
guided bombs	gameData/Weapons/containers/bru_55_gbu_54.blk	1	guided_bomb_middle_ljdam_group_x2	GBU-54B LJDAM guided bomb x2	Guided Bombs	521.632	521.632
guided bombs	gameData/Weapons/containers/ter_us_gbu_54b_jdam_navy_x2.blk	1	guided_bomb_middle_ljdam_group_x2	GBU-54B LJDAM guided bomb x2	Guided Bombs	521.632	521.632
guided bombs	gameData/Weapons/BombGuns/uk_1000lb_enhanced_paveway2_mk13.blk	1	guided_bomb_special_laser	Enhanced Paveway II 1000 lb guided bomb	Guided Bombs	546.5	546.5
guided bombs	gameData/Weapons/BombGuns/fr_mk13.blk	1	guided_bomb_large_laser	Paveway II (Mk.13) 1000 lb guided bomb	Guided Bombs	546.5	546.5
guided bombs	gameData/Weapons/BombGuns/fr_mk18.blk	1	guided_bomb_large_laser	Paveway II (Mk.18) 1000 lb guided bomb	Guided Bombs	546.5	546.5
guided bombs	gameData/Weapons/containers/br_tcs_br_lizard_2.blk	1	guided_bomb_middle_laser_group_x2	BA-FG-230-Lizard-2 guided bomb x2	Guided Bombs	554.28	554.28
guided bombs	gameData/Weapons/BombGuns/us_gbu_12_paveway_2.blk	2	guided_bomb_middle_laser_group_x2	GBU-12 Paveway II guided bomb	Guided Bombs	277.14	554.28
guided bombs	gameData/Weapons/containers/mer_us_gbu_12_paveway_2_x2_left.blk	1	guided_bomb_middle_laser_x2	GBU-12 Paveway II guided bomb x2	Guided Bombs	554.28	554.28
guided bombs	gameData/Weapons/containers/is_ver_2_gbu_12_paveway_2.blk	1	guided_bomb_small_laser_x2	GBU-12 Paveway II guided bomb x2	Guided Bombs	554.28	554.28
guided bombs	gameData/Weapons/containers/us_bru_33aa_gbu_12_x2.blk	1	guided_bomb_middle_laser_group_x2	GBU-12 Paveway II guided bomb x2	Guided Bombs	554.28	554.28
guided bombs	gameData/Weapons/containers/ter_us_gbu_12_paveway_2_x2.blk	1	guided_bomb_middle_laser_x2	GBU-12 Paveway II guided bomb x2	Guided Bombs	554.28	554.28
guided bombs	gameData/Weapons/containers/it_tcs_gbu_12.blk	1	guided_bomb_middle_laser_group_x2	GBU-12 Paveway II guided bomb x2	Guided Bombs	554.28	554.28
guided bombs	gameData/Weapons/containers/mer_us_gbu_12_paveway_2_x2_right.blk	1	guided_bomb_middle_laser_x2	GBU-12 Paveway II guided bomb x2	Guided Bombs	554.28	554.28
guided bombs	gameData/Weapons/containers/ter_us_gbu_12_paveway_2_x2_left_wing.blk	1	guided_bomb_small_laser_x2	GBU-12 Paveway II guided bomb x2	Guided Bombs	554.28	554.28
guided bombs	gameData/Weapons/containers/fr_auf2_gbu_12_x2.blk	1	guided_bomb_middle_laser_group_x2	GBU-12 Paveway II guided bomb x2	Guided Bombs	554.28	554.28
guided bombs	gameData/Weapons/containers/ter_us_gbu_12_paveway_2_x2_right_wing.blk	1	guided_bomb_small_laser_x2	GBU-12 Paveway II guided bomb x2	Guided Bombs	554.28	554.28
guided bombs	gameData/Weapons/containers/ter_us_gbu_49_paveway_2_x2_left_wing.blk	1	guided_bomb_small_laser_x2	GBU-49 Paveway II guided bomb x2	Guided Bombs	554.28	554.28
guided bombs	gameData/Weapons/containers/ter_us_gbu_49_paveway_2_x2_right_wing.blk	1	guided_bomb_small_laser_x2	GBU-49 Paveway II guided bomb x2	Guided Bombs	554.28	554.28
guided bombs	gameData/Weapons/containers/fr_auf2_gbu_49_x2.blk	1	guided_bomb_middle_laser_group_x2	GBU-49 Paveway II guided bomb x2	Guided Bombs	554.28	554.28
guided bombs	gameData/Weapons/containers/bru_57_gbu_49.blk	1	guided_bomb_small_laser_x2	GBU-49 Paveway II guided bomb x2	Guided Bombs	554.28	554.28
guided bombs	gameData/Weapons/containers/uk_spear_paveway_iv_x2.blk	1	guided_bomb_middle_laser_group_x2	Paveway IV guided bomb x2	Guided Bombs	554.28	554.28
guided bombs	gameData/Weapons/bombguns/su_umpk_500m62.blk	1	glide_bombs_large	500 kg FAB-500M-62 UMPK bomb	Guided Bombs	560	560
guided bombs	gameData/Weapons/bombguns/su_kab_500l.blk	1	guided_bomb_heavy_middle_laser	500 kg KAB-500L bomb	Guided Bombs	560	560
guided bombs	gameData/Weapons/bombguns/su_kab_500lg.blk	1	guided_bomb_middle_laser	500 kg KAB-500LG bomb	Guided Bombs	560	560
guided bombs	gameData/Weapons/bombguns/su_kab_500lg_e.blk	1	guided_bomb_middle_laser	500 kg KAB-500LG-E bomb	Guided Bombs	560	560
guided bombs	gameData/Weapons/bombguns/su_kab_500s.blk	1	guided_bomb_large_jdam	500 kg KAB-500S bomb	Guided Bombs	560	560
guided bombs	gameData/Weapons/BombGuns/cn_ls_500j.blk	1	guided_bomb_large_laser	GB500 guided bomb	Guided Bombs	570	570
guided bombs	gameData/Weapons/BombGuns/us_500lb_gbu_62_jdam_er.blk	2	glide_guided_bomb_middle_jdam_group_x2	GBU-62 JDAM-ER guided bomb	Guided Bombs	289.72	579.44
guided bombs	gameData/Weapons/containers/bru_57_gbu_62.blk	1	glide_guided_bomb_middle_jdam_group_x2	GBU-62 JDAM-ER guided bomb x2	Guided Bombs	579.44	579.44
guided bombs	gameData/Weapons/containers/bru_55_gbu_62.blk	1	glide_guided_bomb_middle_jdam_group_x2	GBU-62 JDAM-ER guided bomb x2	Guided Bombs	579.44	579.44
guided bombs	gameData/Weapons/BombGuns/us_500lb_gbu_62_ljdam_er.blk	2	glide_guided_bomb_middle_ljdam_group_x2	GBU-62 LJDAM-ER guided bomb	Guided Bombs	289.72	579.44
guided bombs	gameData/Weapons/containers/us_bru_55a_gbu_62.blk	1	glide_guided_bomb_middle_jdam_group_x2	GBU-62 LJDAM-ER guided bomb x2	Guided Bombs	579.44	579.44
guided bombs	gameData/Weapons/containers/bru_55_gbu_62_laser.blk	1	glide_guided_bomb_middle_ljdam_group_x2	GBU-62 LJDAM-ER guided bomb x2	Guided Bombs	579.44	579.44
guided bombs	gameData/Weapons/BombGuns/su_grom_2.blk	1	glide_bombs_middle	Grom-2 guided bomb	Guided Bombs	598	598
guided bombs	gameData/Weapons/BombGuns/su_grom_e2.blk	1	glide_bombs_middle	Grom-E2 guided bomb	Guided Bombs	598	598
guided bombs	gameData/Weapons/containers/fr_auf2_gbu_22_x2.blk	1	guided_bomb_middle_laser_group_x2	GBU-22 Paveway III guided bomb x2	Guided Bombs	598.742	598.742
guided bombs	gameData/Weapons/BombGuns/cn_ls_6_250_ir.blk	2	glide_guided_bomb_middle_ljdam_group_x2	LS-6(IR) 250 guided bomb	Guided Bombs	300	600
guided bombs	gameData/Weapons/BombGuns/cn_ls_6_500.blk	1	glide_bombs_large	LS-6 500 guided bomb	Guided Bombs	630	630
guided bombs	gameData/Weapons/containers/bru_57_kggb.blk	1	glide_guided_bomb_middle_jdam_group_x2	KGGB guided bomb x2	Guided Bombs	632	632
guided bombs	gameData/Weapons/containers/auf_1_tri_us_gbu_12_x2.blk	1	guided_bomb_middle_laser_group_x2	GBU-12 Paveway II guided bomb x2	Guided Bombs	634.28	634.28
guided bombs	gameData/Weapons/BombGuns/cn_ls_6_500_ir.blk	1	glide_guided_bomb_heavy_middle_jdam	LS-6(IR) 500 guided bomb	Guided Bombs	640	640
guided bombs	gameData/Weapons/containers/bru_61_bomb_pylon_gbu_53_x4.blk	2	glide_guided_bomb_small_spice_group_x8	GBU-53 (SDB II) guided bomb x4	Guided Bombs	370.131	740.263
guided bombs	gameData/Weapons/BombGuns/us_500lb_gbu38_usaf.blk	3	guided_bomb_middle_jdam_group_x3	GBU-38 JDAM guided bomb	Guided Bombs	253.1	759.3
guided bombs	gameData/Weapons/containers/ter_us_gbu_38_jdam_usnavy_x3.blk	1	guided_bomb_middle_jdam_group_x3	GBU-38(V)2/B JDAM guided bomb x3	Guided Bombs	759.3	759.3
guided bombs	gameData/Weapons/BombGuns/cn_lgb_gb250_mod_laser.blk	3	guided_bomb_middle_jdam_group_x3	GB3 guided bomb	Guided Bombs	260.816	782.448
guided bombs	gameData/Weapons/BombGuns/us_500lb_gbu_54b.blk	3	guided_bomb_middle_ljdam_group_x3	GBU-54B LJDAM guided bomb	Guided Bombs	260.816	782.448
guided bombs	gameData/Weapons/containers/at_730_gbu_12_x3.blk	1	guided_bomb_middle_laser_group_x3	GBU-12 Paveway II guided bomb x3	Guided Bombs	831.42	831.42
guided bombs	gameData/Weapons/containers/ter_us_gbu_12_paveway_2_x3.blk	1	guided_bomb_middle_laser_group_x3	GBU-12 Paveway II guided bomb x3	Guided Bombs	831.42	831.42
guided bombs	gameData/Weapons/containers/us_500lb_gbu_12_x3_ter9a_1.blk	1	guided_bomb_middle_laser_group_x3	GBU-12 Paveway II guided bomb x3	Guided Bombs	831.42	831.42
guided bombs	gameData/Weapons/BombGuns/us_gbu_49_paveway_2.blk	3	guided_bomb_middle_laser_group_x3	GBU-49 Paveway II guided bomb	Guided Bombs	277.14	831.42
guided bombs	gameData/Weapons/containers/ter_us_gbu_49_paveway_2_x3.blk	1	guided_bomb_middle_laser_group_x3	GBU-49 Paveway II guided bomb x3	Guided Bombs	831.42	831.42
guided bombs	gameData/Weapons/containers/at_730_gbu_49_x3.blk	1	guided_bomb_middle_jdam_group_x3	GBU-49 Paveway II guided bomb x3	Guided Bombs	831.42	831.42
guided bombs	gameData/Weapons/BombGuns/us_2000lb_gbu31_usaf.blk	1	guided_bomb_heavy_middle_jdam	GBU-31 JDAM guided bomb	Guided Bombs	893.6	893.6
guided bombs	gameData/Weapons/BombGuns/us_2000lb_gbu31_usnavy.blk	1	guided_bomb_heavy_jdam	GBU-31 JDAM guided bomb	Guided Bombs	893.6	893.6
guided bombs	gameData/Weapons/containers/ter_us_gbu_32_navy_x2_left_wing.blk	1	guided_bomb_large_jdam_group_x2	GBU-32 JDAM guided bomb x2	Guided Bombs	893.6	893.6
guided bombs	gameData/Weapons/containers/us_bru_55a_gbu_32_navy_x2.blk	1	guided_bomb_large_jdam_group_x2	GBU-32 JDAM guided bomb x2	Guided Bombs	893.6	893.6
guided bombs	gameData/Weapons/containers/ter_us_gbu_32_navy_x2_right_wing.blk	1	guided_bomb_large_jdam_group_x2	GBU-32 JDAM guided bomb x2	Guided Bombs	893.6	893.6
guided bombs	gameData/Weapons/containers/at_730_gbu_22_x3.blk	1	guided_bomb_middle_jdam_group_x3	GBU-22 Paveway III guided bomb x3	Guided Bombs	898.113	898.113
guided bombs	gameData/Weapons/BombGuns/us_gbu_10_paveway_2.blk	1	guided_bomb_heavy_middle_laser	GBU-10 Paveway II guided bomb	Guided Bombs	943.926	943.926
guided bombs	gameData/Weapons/BombGuns/us_gbu_50_paveway_2.blk	1	guided_bomb_heavy_laser	GBU-50 Paveway II guided bomb	Guided Bombs	943.926	943.926
guided bombs	gameData/Weapons/BombGuns/fr_bgl_1000.blk	1	guided_bomb_heavy_laser	BGL-1000 guided bomb	Guided Bombs	970	970
guided bombs	gameData/Weapons/BombGuns/il_spice_2000.blk	1	guided_bomb_grey	SPICE 2000 guided bomb	Guided Bombs	970	970
guided bombs	gameData/Weapons/containers/bru_61_bomb_pylon_gbu_39_x4.blk	2	glide_guided_bomb_small_jdam_group_x8	GBU-39/B (SDB I) guided bomb x4	Guided Bombs	486.252	972.504
guided bombs	gameData/Weapons/BombGuns/il_spice_1000.blk	2	glide_guided_bomb_heavy_middle_jdam_group_x2	SPICE 1000 guided bomb	Guided Bombs	490	980
guided bombs	gameData/Weapons/BombGuns/us_2000lb_gbu_64_jdam_er.blk	1	glide_guided_bomb_heavy_middle_jdam	GBU-64 JDAM-ER guided bomb	Guided Bombs	987	987
guided bombs	gameData/Weapons/BombGuns/us_gbu_16_paveway_2.blk	2	guided_bomb_large_laser_x2	GBU-16 Paveway II guided bomb	Guided Bombs	495.3	990.6
guided bombs	gameData/Weapons/BombGuns/us_2000lb_gbu_27.blk	1	guided_bomb_heavy_middle_laser	GBU-27 Paveway III guided bomb	Guided Bombs	991	991
guided bombs	gameData/Weapons/containers/bru_57_agm_154a1_jsow.blk	1	glide_bomb_default_x2	AGM-154A1 JSOW guided bomb x2	Guided Bombs	994	994
guided bombs	gamedata/weapons/containers/bru_55_agm_154a1_jsow.blk	1	glide_bomb_default_x2	AGM-154A1 JSOW guided bomb x2	Guided Bombs	994	994
guided bombs	gameData/Weapons/BombGuns/su_upab_500b.blk	2	guided_bomb_large_jdam_group_x2	500 kg UPAB-500B bomb	Guided Bombs	505	1010
guided bombs	gameData/Weapons/bombguns/su_upab_500b_e.blk	2	guided_bomb_large_jdam_group_x2	500 kg UPAB-500B-E bomb	Guided Bombs	505	1010
guided bombs	gameData/Weapons/BombGuns/us_2000lb_gbu_8_hobos.blk	1	guided_bomb_green	GBU-8	Guided Bombs	1027	1027
guided bombs	gameData/Weapons/containers/is_spice_250_sqr_rack.blk	2	glide_guided_bomb_small_spice_group_x8	SPICE 250 guided bomb x4	Guided Bombs	520	1040
guided bombs	gameData/Weapons/BombGuns/us_agm_62a_2_erdl.blk	1	guided_bomb_red	AGM-62A Walleye II ER/DL guided bomb	Guided Bombs	1061.41	1061.41
guided bombs	gameData/Weapons/BombGuns/us_2000lb_egbu_24_paveway_3.blk	1	guided_bomb_heavy_middle_jdam	EGBU-24B Paveway III guided bomb	Guided Bombs	1079.55	1079.55
guided bombs	gameData/Weapons/BombGuns/us_2000lb_gbu_24.blk	1	guided_bomb_heavy_middle_laser	GBU-24 Paveway III guided bomb	Guided Bombs	1079.55	1079.55
guided bombs	gameData/Weapons/BombGuns/cn_ls_1000j.blk	1	guided_bomb_heavy_laser	GB1000 guided bomb	Guided Bombs	1090	1090
guided bombs	gameData/Weapons/BombGuns/us_gbu_12_paveway_2.blk	4	guided_bomb_middle_laser_group_x4	GBU-12 Paveway II guided bomb	Guided Bombs	277.14	1108.56
guided bombs	gameData/Weapons/BombGuns/us_2000lb_gbu_15v1.blk	1	guided_bomb_yellow	GBU-15(V)1/B guided bomb	Guided Bombs	1140.8	1140.8
guided bombs	gameData/Weapons/BombGuns/us_2000lb_gbu_15v2.blk	1	guided_bomb_green	GBU-15(V)2/B guided bomb	Guided Bombs	1140.8	1140.8
guided bombs	gameData/Weapons/bombguns/su_kab_1500kr.blk	1	guided_bomb_grey	1500 kg KAB-1500Kr bomb	Guided Bombs	1525	1525
guided bombs	gameData/Weapons/bombguns/su_kab_1500l.blk	1	guided_bomb_heavy_laser	1500 kg KAB-1500L bomb	Guided Bombs	1525	1525
guided bombs	gameData/Weapons/bombguns/su_kab_1500lg.blk	1	guided_bomb_heavy_laser	1500 kg KAB-1500LG bomb	Guided Bombs	1525	1525
guided bombs	gameData/Weapons/bombguns/su_kab_1500lg_e.blk	1	guided_bomb_heavy_laser	1500 kg KAB-1500LG-E bomb	Guided Bombs	1525	1525
guided bombs	gameData/Weapons/bombguns/su_upab_1500b.blk	1	guided_bomb_heavy_middle_jdam	1500 kg UPAB-1500B bomb	Guided Bombs	1525	1525
guided bombs	gameData/Weapons/bombguns/su_upab_1500b_e.blk	1	guided_bomb_heavy_middle_jdam	1500 kg UPAB-1500B-E bomb	Guided Bombs	1525	1525
guided bombs	gameData/Weapons/BombGuns/us_2000lb_gbu31_usaf.blk	2	guided_bomb_heavy_middle_jdam_group_x2	GBU-31 JDAM guided bomb	Guided Bombs	893.6	1787.2
guided bombs	gameData/Weapons/BombGuns/us_2000lb_gbu31_usnavy.blk	2	guided_bomb_heavy_middle_jdam_group_x2	GBU-31 JDAM guided bomb	Guided Bombs	893.6	1787.2
guided bombs	gameData/Weapons/BombGuns/us_gbu_10_paveway_2.blk	2	guided_bomb_small_laser_x2	GBU-10 Paveway II guided bomb	Guided Bombs	943.926	1887.852
guided bombs	gameData/Weapons/BombGuns/fr_bgl_1000.blk	2	guided_bomb_large_laser_x2	BGL-1000 guided bomb	Guided Bombs	970	1940
guided bombs	gameData/Weapons/BombGuns/us_2000lb_gbu_64_jdam_er.blk	2	glide_guided_bomb_heavy_middle_jdam_group_x2	GBU-64 JDAM-ER guided bomb	Guided Bombs	987	1974
guided bombs	gameData/Weapons/BombGuns/us_2000lb_egbu_24_paveway_3.blk	2	guided_bomb_heavy_middle_laser_group_x2	EGBU-24B Paveway III guided bomb	Guided Bombs	1079.55	2159.1
guided bombs	gameData/Weapons/bombguns/su_umpk_3000.blk	1	glide_bombs_heavy	3000 kg FAB-3000 UMPK bomb	Guided Bombs	3320	3320
bombs	gameData/Weapons/BombGuns/us_b61_30kt.blk	1	bombs_heavy_middle_nuke	B61 thermonuclear bomb (30 kt)	Nuclear Weapons	350	350
bombs	gameData/Weapons/BombGuns/us_b61_5kt.blk	1	bombs_large_nuke	B61 thermonuclear bomb (5 kt)	Nuclear Weapons	350	350
bombs	gameData/Weapons/BombGuns/cn_kb1_30kt.blk	1	bombs_heavy_middle_nuke	KB-1 thermonuclear bomb (30 kt)	Nuclear Weapons	350	350
bombs	gameData/Weapons/BombGuns/cn_kb1_5kt.blk	1	bombs_large_nuke	KB-1 thermonuclear bomb (5 kt)	Nuclear Weapons	350	350
bombs	gameData/Weapons/bombguns/su_rn_40.blk	1	bombs_heavy_middle_nuke	RN-40 nuclear bomb (30 kt)	Nuclear Weapons	370	370
bombs	gameData/Weapons/BombGuns/su_rn_28_nt.blk	1	bombs_large_nuke	RN-28 nuclear bomb (5 kt)	Nuclear Weapons	480	480
bombs	gameData/Weapons/BombGuns/fr_an52_30kt_nt.blk	1	bombs_heavy_middle_nuke	AN-52 nuclear bomb	Nuclear Weapons	680	680
bombs	gameData/Weapons/BombGuns/fr_an52_5kt_nt.blk	1	bombs_large_nuke	AN-52 nuclear bomb	Nuclear Weapons	680	680
bombs	gameData/Weapons/BombGuns/fr_an52.blk	1		AN-52 nuclear bomb	Nuclear Weapons	996.3	996.3
bombs	gameData/Weapons/BombGuns/us_b61.blk	1	bombs_large_nuke	B61 nuclear bomb	Nuclear Weapons	996.3	996.3
bombs	gameData/Weapons/BombGuns/cn_kb1.blk	1	bombs_large_nuke	KB-1 thermonuclear bomb (5 kt)	Nuclear Weapons	996.3	996.3
bombs	gameData/Weapons/BombGuns/us_mk6.blk	1		Mark 6 nuclear bomb	Nuclear Weapons	996.3	996.3
bombs	gameData/Weapons/BombGuns/us_mk7.blk	1		Mark 7 nuclear bomb	Nuclear Weapons	996.3	996.3
bombs	gameData/Weapons/BombGuns/us_b28_ang45.blk	1	bombs_heavy_nuke	B28 thermonuclear bomb (1.45 Mt)	Nuclear Weapons	1053	1053
bombs	gameData/Weapons/BombGuns/us_b28.blk	1	bombs_heavy_nuke	B28 thermonuclear bomb (1.45 Mt)	Nuclear Weapons	1053	1053
bombs	gameData/Weapons/BombGuns/us_b83.blk	1	bombs_heavy_nuke	B83 thermonuclear bomb (1.2 Mt)	Nuclear Weapons	1118	1118
bombs	gameData/Weapons/BombGuns/su_rds4_30kt_nt.blk	1		RDS-4 nuclear bomb	Nuclear Weapons	1200	1200
bombs	gameData/Weapons/BombGuns/su_rds4_5kt_nt.blk	1		RDS-4 nuclear bomb	Nuclear Weapons	1200	1200
bombs	gameData/Weapons/BombGuns/su_rds4.blk	1		RDS-4 nuclear bomb	Nuclear Weapons	2983	2983
bombs	gameData/Weapons/BombGuns/su_rn_28.blk	1	bombs_large_nuke	RN-28 nuclear bomb	Nuclear Weapons	2983	2983
bombs	gameData/Weapons/BombGuns/su_rds37.blk	1		RDS-37 thermonuclear bomb (1.6 Mt)	Nuclear Weapons	5570	5570
bombs	gameData/Weapons/containers/b_52h_bomb_nuclear_x1.blk	1243		20 mm M61A1 cannon; B28 thermonuclear bomb (1.45 Mt)	Nuclear Weapons	1053	1308879
countermeasures	gameData/Weapons/rocketGuns/countermeasure_large_split_launcher_jet_with_chaff.blk	145		AN-52 nuclear bomb; 2x Large caliber countermeasures	Other Weapons	0	0
gunner0	gameData/Weapons/gunUB_turret.blk	600		3x 12.7 mm Berezin UBT machine gun	Other Weapons	0.044	0.044
additional gun	gameData/Weapons/cannon_type23_2k.blk	240	cannon_inner	23 mm Type 23-2K autocannon	Other Weapons	0.174	0.174
additional gun	gameData/Weapons/cannonDEFA554_gunpod.blk	600	doublebarreled_box	30 mm DEFA 554 cannon	Other Weapons	0.275	0.275
additional gun	gameData/Weapons/gunMG81_underwing.blk	1500	doublebarreled_box	7.92 mm MG 81 machine gun (secondary)	Other Weapons	6.5	6.5
additional gun	gameData/Weapons/gun_pk3.blk	1500	doublebarreled_box	7.62 mm PK machine gun	Other Weapons	9	9
additional gun	gameData/Weapons/gunfn_60_30_mgp.blk	950	doublebarreled_box	7.62 mm FN 60.30 machine gun	Other Weapons	10	10
machine gun	gameData/Weapons/gunBrowning50_M3.blk	600	cannon_inner_x2	12.7 mm M3 Browning machine gun	Other Weapons	29	29
additional gun	gameData/Weapons/gunBrowning50_M3.blk	350	machine_gun	12.7 mm M3 Browning machine gun	Other Weapons	29	29
additional gun	gameData/Weapons/gunBrowning50_M3.blk	2032		4x 12.7 mm M3 Browning machine gun; 32x FFAR Mighty Mouse rockets	Other Weapons	29	29
machine gun	gameData/Weapons/cannonMG15115.blk	400		2x 15 mm MG 151 cannon	Other Weapons	38.13	38.13
additional gun	gameData/Weapons/cannonMG15115_underwing.blk	250		2x 15 mm MG 151 cannon (secondary)	Other Weapons	38.13	38.13
additional gun	gameData/Weapons/gun_qjk_99_12_7_1.blk	1000	machine_gun	12.7 mm QJK99-12.7-1 machine gun	Other Weapons	42.25	42.25
machine gun	gameData/Weapons/cannonMG15120.blk	750	cannon_inner_x2	20 mm MG 151 cannon	Other Weapons	42.4	42.4
additional gun	gameData/Weapons/cannonOerliconKAD_B.blk	570	machine_gun	20 mm Oerlikon KAD-B cannon	Other Weapons	42.4	42.4
machine gun	gameData/Weapons/cannonMG15120.blk	400		2x 20 mm MG 151 cannon	Other Weapons	42.4	42.4
additional gun	gameData/Weapons/cannonMG15120.blk	160		2x 20 mm MG 151 cannon	Other Weapons	42.4	42.4
boosters	gameData/Weapons/payloadguns/pucara_jato_1.blk	1	booster_container	Start JATO rocket booster	Other Weapons	44.5	44.5
additional gun	gameData/Weapons/cannon2A42.blk	200	cannon_inner	30 mm 2A42 cannon	Other Weapons	50	50
additional gun	gameData/Weapons/cannonGSh_23L.blk	260	doublebarreled_box	23 mm GSh-23L cannon	Other Weapons	50.5	50.5
additional gun	gameData/Weapons/cannonGSh_23L.blk	250	doublebarreled_box	23 mm GSh-23L cannon	Other Weapons	50.5	50.5
additional gun	gameData/Weapons/cannonLR30.blk	250	cannon_inner	30 mm LR30 cannon	Other Weapons	55.9	55.9
cannon	gameData/Weapons/cannonAN_M3.blk	1942		2x 20 mm M3 cannon; 4x 7.62 mm Browning machine gun; 2x 12.7 mm M3 Browning machine gun; 40x FFAR Mighty Mouse rockets; 2x HVAR rockets	Other Weapons	56.8	56.8
additional gun	gameData/Weapons/cannonMK108_underwing.blk	70		2x 30 mm MK 108 cannon (secondary)	Other Weapons	58	58
additional gun	gameData/Weapons/cannonM197_external.blk	300	multibarrel_box_cannon	20 mm M197 cannon	Other Weapons	66	66
gunner2	gameData/Weapons/cannonXM140.blk	600	machine_gun	30 mm XM140 cannon	Other Weapons	66.7	66.7
gunner1	gameData/Weapons/cannonXM140.blk	600	machine_gun	30 mm XM140 cannon	Other Weapons	66.7	66.7
gunner1	gameData/Weapons/cannonGSh_6_23M_gun_pod_turret.blk	500	multibarrel_box	23 mm GSh-6-23M cannon	Other Weapons	76	76
additional gun	gameData/Weapons/cannonGSh_6_23M_gun_pod.blk	500	multibarrel_box	23 mm GSh-6-23M cannon	Other Weapons	76	76
additional gun	gameData/Weapons/cannonDEFA553_gunpod.blk	250	machine_gun	30 mm DEFA 553 cannon	Other Weapons	81	81
additional gun	gameData/Weapons/cannonDEFA553_gunpod.blk	130	machine_gun	30 mm DEFA 553 cannon	Other Weapons	81	81
additional gun	gameData/Weapons/cannonDEFA553_gunpod.blk	180	machine_gun	30 mm DEFA 553 cannon	Other Weapons	81	81
cannon	gameData/Weapons/cannonADEN.blk	404		2x 30 mm ADEN cannon; 4x Firestreak air-to-air missiles	Other Weapons	87	87
additional gun	gameData/Weapons/cannonADEN_mk4.blk	130	machine_gun	30 mm ADEN Mk.4 cannon	Other Weapons	87	87
cannon	gameData/Weapons/cannonADEN.blk	800		4x 30 mm ADEN cannon	Other Weapons	87	87
cannon	gameData/Weapons/cannonADEN.blk	802		4x 30 mm ADEN cannon; 2x Firestreak air-to-air missiles	Other Weapons	87	87
cannon	gameData/Weapons/cannonADEN.blk	804		4x 30 mm ADEN cannon; 4x Firestreak air-to-air missiles	Other Weapons	87	87
additional gun	gameData/Weapons/gunFN_M3P.blk	400	machine_gun	12.7 mm FN M3P machine gun	Other Weapons	89	89
machine gun	gameData/Weapons/gunFN_M3P.blk	400	machine_gun	12.7 mm FN M3P machine gun	Other Weapons	89	89
machine gun	gameData/Weapons/gunFN_M3P_cwp.blk	250	machine_gun_rockets	12.7 mm FN M3P machine gun	Other Weapons	89	89
additional gun	gameData/Weapons/gunFN_M3P.blk	250	machine_gun	12.7 mm FN M3P machine gun	Other Weapons	89	89
additional gun	gameData/Weapons/gunFN_M3P_cwp.blk	250	machine_gun_rockets	12.7 mm FN M3P machine gun	Other Weapons	89	89
additional gun	gameData/Weapons/gunFN_M3P.blk	800		2x 12.7 mm FN M3P machine gun	Other Weapons	89	89
additional gun	gameData/Weapons/gunFN_M3P.blk	300		2x 12.7 mm FN M3P machine gun	Other Weapons	89	89
additional gun	gameData/Weapons/cannonMG15120_underwing.blk	400	cannon_inner_x2	20 mm MG 151 cannon (secondary)	Other Weapons	100	100
machine gun	gameData/Weapons/cannonMG15120_underwing.blk	400	cannon_inner_x2	20 mm MG 151 cannon (secondary)	Other Weapons	100	100
additional gun	gameData/Weapons/cannonMG15120_underwing.blk	270		2x 20 mm MG 151 cannon (secondary)	Other Weapons	100	100
additional gun	gameData/Weapons/cannonMG15120_underwing.blk	500		4x 20 mm MG 151 cannon (secondary)	Other Weapons	100	100
boosters	gameData/Weapons/payloadguns/jato_booster_right.blk	1	booster_container	Start JATO rocket booster	Other Weapons	100	100
boosters	gameData/Weapons/payloadguns/jato_booster_left.blk	1	booster_container	Start JATO rocket booster	Other Weapons	100	100
additional gun	gameData/Weapons/gunBrowning50_M2_underwing.blk	3200	doublebarreled_box	12.7 mm M2 Browning machine gun (secondary)	Other Weapons	102	102
additional gun	gameData/Weapons/gunBrowning50_M2_underwing.blk	680	doublebarreled_box	12.7 mm M2 Browning machine gun (secondary)	Other Weapons	102	102
additional gun	gameData/Weapons/gunBrowning50_M2_underwing.blk	1360		4x 12.7 mm M2 Browning machine gun (secondary)	Other Weapons	102	102
additional gun	gameData/Weapons/cannonM195.blk	950	multibarrel_box_cannon	20 mm M195 cannon	Other Weapons	109	109
additional gun	gameData/Weapons/cannonHughesMk11Mod0.blk	401		20 mm Mk 11 cannon; AGM-12B Bullpup air-to-ground missiles	Other Weapons	109	109
additional gun	gameData/Weapons/gunM134_Minigun.blk	6000	multibarrel_box_gun	7.62 mm M134 Minigun machine gun	Other Weapons	111	111
additional gun	gameData/Weapons/gunM134_Minigun.blk	1500	multibarrel_box	7.62 mm M134 Minigun machine gun	Other Weapons	111	111
additional gun	gameData/Weapons/gunGAU_19.blk	550	gau_19_new	12.7 mm GAU-19 machine gun	Other Weapons	114	114
additional gun	gameData/Weapons/gunGAU_19.blk	1200	multibarrel_box	12.7 mm GAU-19 machine gun	Other Weapons	114	114
additional gun	gameData/Weapons/cannonGSh_23L_upk_23_250_deafult.blk	250	doublebarreled_box	23 mm GSh-23L cannon	Other Weapons	120	120
additional gun	gameData/Weapons/cannonGSh_23L_upk_23_250.blk	250	doublebarreled_box	23 mm GSh-23L cannon	Other Weapons	120	120
additional gun	gameData/Weapons/cannonADEN_25.blk	102	machine_gun	25 mm ADEN 25 cannon	Other Weapons	130	130
additional gun	gameData/Weapons/gunGShG_guv.blk	3600	multibarrel_guv_gun	7.62 mm GShG-7.62 machine gun	Other Weapons	140	140
additional gun	gameData/Weapons/cannonMK103_underwing.blk	35	machine_gun	30 mm MK 103 cannon (secondary)	Other Weapons	150	150
additional gun	gameData/Weapons/cannonMK103_underwing.blk	100		30 mm MK 103 cannon (secondary)	Other Weapons	150	150
cannon	gameData/Weapons/cannonVickers_S_underwing.blk	32		2x 40 mm Vickers S cannon (secondary)	Other Weapons	161	161
gunner1	gameData/Weapons/gunM134_Minigun_default.blk	3000	multibarrel_box_gun	7.62 mm M134 Minigun machine gun	Other Weapons	182.3	182.3
gunner2	gameData/Weapons/gunM134_Minigun_default.blk	3000	multibarrel_box_gun	7.62 mm M134 Minigun machine gun	Other Weapons	182.3	182.3
additional gun	gameData/Weapons/cannonGAU_12U.blk	300	multibarrel_box	25 mm GAU-12/U cannon	Other Weapons	203	203
boosters	gameData/Weapons/payloadguns/mirage_3c_sepr_841_rocket.blk	1	booster_container	SEPR 841 liquid-propellant rocket booster	Other Weapons	210	210
boosters	gameData/Weapons/payloadguns/mirage_3c_sepr_844_rocket.blk	1	booster_container	SEPR 844 liquid-propellant rocket booster	Other Weapons	210	210
additional gun	gameData/Weapons/cannonM61A1.blk	1200	multibarrel_box	20 mm M61A1 cannon	Other Weapons	229.5	229.5
additional gun	gameData/Weapons/cannonBK37_underwing.blk	12		37 mm BK 3.7 cannon (secondary)	Other Weapons	295	295
additional gun	gameData/Weapons/cannonBK37_underwing.blk	66	machine_gun	37 mm BK 3.7 cannon (secondary)	Other Weapons	295	295
additional gun	gameData/Weapons/cannonAkan_m55_underwing.blk	150	machine_gun	30 mm Akan m/55 cannon	Other Weapons	324	324
additional gun	gameData/Weapons/cannonMK11_mod5.blk	750	doublebarreled_box	20 mm Mk 11 mod 5 cannon	Other Weapons	357	357
additional gun	gameData/Weapons/cannonGAU4.blk	1200	multibarrel_box	20 mm GAU-4 cannon	Other Weapons	494	494
additional gun	gameData/Weapons/cannonGAU4_default.blk	1200	multibarrel_box	20 mm GAU-4 cannon	Other Weapons	494	494
additional gun	gameData/Weapons/cannonJGAU4.blk	1200	multibarrel_box	20 mm GAU-4 cannon	Other Weapons	494	494
additional gun	gameData/Weapons/cannonM61A1_default.blk	2000	multibarrel_box_cannon	20 mm M61A1 cannon	Other Weapons	500	500
additional gun	gameData/Weapons/cannonGAU_13A.blk	353	machine_gun	30 mm GAU-13/A cannon	Other Weapons	624	624
additional gun	gameData/Weapons/gunKsp_m22.blk	800	doublebarreled_box	8 mm Ksp m/22 machine gun	Other Weapons	23	18400
rockets	gameData/Weapons/rocketGuns/su_m8.blk	1	rockets_he_small	M-8 rockets	Rockets	7.84	7.84
rockets	gameData/Weapons/rocketGuns/su_ros_82.blk	2	rockets_he_middle_group	ROS-82 rockets	Rockets	6.8	13.6
rockets	gameData/Weapons/rocketGuns/su_rbs82.blk	1	rockets_ap_small	RBS-82 rockets	Rockets	15	15
rockets	gameData/Weapons/rocketGuns/jp_navy_rocket_type3_number1_9kg.blk	2		2x Type 3 No.1 Mod.28 Mk.1 rockets	Rockets	10	20
rockets	gameData/Weapons/rocketGuns/su_ros_82.blk	3	rockets_he_middle_group_x3	ROS-82 rockets	Rockets	6.8	20.4
rockets	gameData/Weapons/rocketGuns/de_rz65_rocket.blk	8		8x RZ.65 rockets	Rockets	2.766	22.128
rockets	gameData/Weapons/rocketGuns/swd_75mm_frida.blk	3	rockets_he_middle_group_x3	7,5 cm srak m/55 Frida rockets	Rockets	8	24
rockets	gameData/Weapons/rocketGuns/jp_navy_rocket_type5_number1_13kg.blk	2		2x Type 5 No.1 Mod.9 rockets	Rockets	13	26
rockets	gameData/Weapons/rocketGuns/su_ros_82.blk	4	rockets_he_small_group	ROS-82 rockets	Rockets	6.8	27.2
rockets	gameData/Weapons/rocketGuns/uk_25lb_ap_mk1_3.blk	1	rockets_ap_small	AP Mk I rockets	Rockets	27.26	27.26
rockets	gameData/Weapons/rocketGuns/uk_25lb_ap_mk1_4b.blk	1	rockets_ap_large_group_x2	AP Mk I rockets	Rockets	27.26	27.26
rockets	gameData/Weapons/rocketGuns/uk_25lb_ap_mk1_4a_default.blk	1	rockets_ap_middle	AP Mk I rockets	Rockets	27.26	27.26
rockets	gameData/Weapons/rocketGuns/uk_25lb_ap_mk2_late.blk	1	rockets_ap_middle	AP Mk II rockets	Rockets	27.26	27.26
rockets	gameData/Weapons/rocketGuns/uk_25lb_ap_mk2_4b.blk	1	rockets_ap_large_group_x2	AP Mk II rockets	Rockets	27.26	27.26
rockets	gameData/Weapons/rocketGuns/fr_matra_t_10_140a.blk	1	rockets_he_middle	T10 140 rockets	Rockets	28	28
rockets	gameData/Weapons/rocketGuns/fr_matra_t_10_140b.blk	1	rockets_he_large_group_x2	T10 140 rockets	Rockets	28	28
rockets	gameData/Weapons/rocketGuns/fr_matra_t_10_151b.blk	1	rockets_ap_large_group_x2	T10 151 rockets	Rockets	28	28
rockets	gameData/Weapons/rocketGuns/fr_matra_t_10_151a.blk	1	rockets_ap_large	T10 151 rockets	Rockets	28	28
rockets	gameData/Weapons/rocketGuns/su_rbs82.blk	2	rockets_ap_middle_group	RBS-82 rockets	Rockets	15	30
rockets	gameData/Weapons/rocketGuns/su_rs82.blk	4	rockets_he_small_group	RS-82 rockets	Rockets	7.84	31.36
rockets	gameData/Weapons/rocketGuns/swd_75mm_frida.blk	4	rockets_he_middle_group_x4	7,5 cm srak m/55 Frida rockets	Rockets	8	32
rockets	gameData/Weapons/rocketGuns/de_rz65_rocket.blk	12	rockets_he_large_group_x6	RZ.65 rockets	Rockets	2.766	33.192
rockets	gameData/Weapons/rocketGuns/de_r4m_pb2_rocket.blk	7	rockets_ap_large_group_x6	Pb2 rockets	Rockets	5.31	37.17
rockets	gameData/Weapons/rocketGuns/us_5_in_ar_mk1.blk	1	rockets_he_middle	AR rockets	Rockets	37.6	37.6
rockets	gameData/Weapons/containers/8_cm_flz_rakete_hpz_g_x2_swiss.blk	1	rockets_ap_large_group_x2	8-cm Flz.-Rakete Oerlikon rockets x2	Rockets	37.68	37.68
rockets	gameData/Weapons/rocketGuns/su_m8.blk	5	rockets_he_middle_group_x5	M-8 rockets	Rockets	7.84	39.2
rockets	gameData/Weapons/rocketGuns/su_rs82.blk	5	rockets_he_small_group_x5	RS-82 rockets	Rockets	7.84	39.2
rockets	gameData/Weapons/rocketGuns/su_ros_82.blk	6		6x ROS-82 rockets	Rockets	6.8	40.8
rockets	gameData/Weapons/rocketGuns/swd_145mm_psrak_m49a.blk	1	rockets_ap_small	14,5 cm psrak m/49B rockets	Rockets	42	42
rockets	gameData/Weapons/rocketGuns/swd_145mm_psrak_m49a_mount.blk	1	rockets_ap_large_group_x2	14,5 cm psrak m/49B rockets	Rockets	42	42
rockets	gameData/Weapons/rocketGuns/su_m13uk.blk	1	rockets_he_large	M-13UK rockets	Rockets	42.36	42.36
rockets	gameData/Weapons/rocketGuns/swd_145mm_psrak_m49_56.blk	1	rockets_ap_middle	14,5 cm psrak m/49/56 rockets	Rockets	43	43
rockets	gameData/Weapons/rocketGuns/uk_rp3_3.blk	1	rockets_he_small	RP-3 rockets	Rockets	43.1	43.1
rockets	gameData/Weapons/rocketGuns/uk_rp3_4a.blk	1	rockets_he_small	RP-3 rockets	Rockets	43.1	43.1
rockets	gameData/Weapons/rocketGuns/uk_rp3.blk	1	rockets_he_middle	RP-3 rockets	Rockets	43.1	43.1
rockets	gameData/Weapons/rocketGuns/uk_rp3_4b.blk	1	rockets_he_large_group_x2	RP-3 rockets	Rockets	43.1	43.1
rockets	gameData/Weapons/rocketGuns/uk_rp3_4a_default.blk	1	rockets_he_small	RP-3 rockets	Rockets	43.1	43.1
rockets	gameData/Weapons/rocketGuns/su_rbs82.blk	3	rockets_ap_middle_group_x3	RBS-82 rockets	Rockets	15	45
rockets	gameData/Weapons/rocketGuns/su_ros132.blk	2	rockets_he_large_group	ROS-132 rockets	Rockets	23.508	47.016
rockets	gameData/Weapons/rocketGuns/su_rbs132.blk	1	rockets_ap_large	RBS-132 rockets	Rockets	51.6	51.6
rockets	gameData/Weapons/rocketGuns/us_m8bazooka.blk	3	rockets_he_middle_group_x3	M8 rocket	Rockets	17.28	51.84
rockets	gameData/Weapons/containers/mamboreta_57mm_aspid_rocket.blk	1	nar_ap_small	Aspid 1057 rockets x6	Rockets	52	52
rockets	gameData/Weapons/rocketGuns/su_ros_82.blk	8		8x ROS-82 rockets	Rockets	6.8	54.4
rockets	gameData/Weapons/rocketGuns/su_ros_82op_event.blk	8		8x Su Ros 82Op Event	Rockets	6.8	54.4
rockets	gameData/Weapons/rocketGuns/fr_matra_t_10_121b.blk	2	rockets_he_small_group	T10 121 rockets	Rockets	28.5	57
rockets	gameData/Weapons/rocketGuns/su_rbs82.blk	4	rockets_ap_small_group	RBS-82 rockets	Rockets	15	60
rockets	gameData/Weapons/rocketGuns/su_s_5m_rocket.blk	16		17x S-5M rockets	Rockets	3.86	61.76
rockets	gameData/Weapons/rocketGuns/uk_hvar.blk	1	rockets_he_small	HVAR rockets	Rockets	62.8	62.8
rockets	gameData/Weapons/rocketGuns/us_5_in_hvar_b.blk	1	rockets_he_small	HVAR rockets	Rockets	62.8	62.8
rockets	gameData/Weapons/rocketGuns/us_5_in_hvar_c_default.blk	1	rockets_he_middle_group_x3_line	HVAR rockets	Rockets	62.8	62.8
rockets	gameData/Weapons/rocketGuns/us_5_in_hvar_a.blk	1	rockets_he_middle	HVAR rockets	Rockets	62.8	62.8
rockets	gameData/Weapons/rocketGuns/us_5_in_hvar_b_default.blk	1	rockets_he_large_group_x2	HVAR rockets	Rockets	62.8	62.8
rockets	gameData/Weapons/rocketGuns/us_5_in_hvar_2.blk	1	rockets_he_small	HVAR rockets	Rockets	62.8	62.8
rockets	gameData/Weapons/rocketGuns/swd_150mm_srak_m51.blk	1	rockets_he_middle	15 cm srak m/51 rockets	Rockets	64	64
rockets	gameData/Weapons/rocketGuns/swd_150mm_srak_m51_mount.blk	1	rockets_he_large_group_x2	15 cm srak m/51 rockets	Rockets	64	64
rockets	gameData/Weapons/containers/sws_80mm_4hsr_sura_he.blk	1	rockets_he_middle_group_x4	Type R80 SURA rockets T-80-US 3 x4	Rockets	64	64
rockets	gameData/Weapons/containers/sws_80mm_sura_he.blk	1	rockets_he_middle_group_x4	Type R80 SURA rockets T-80-US 3 x4	Rockets	64	64
rockets	gameData/Weapons/containers/8_cm_flz_rakete_hpz_g_x4_swiss.blk	1	rockets_ap_small_group	8-cm Flz.-Rakete Oerlikon rockets x4	Rockets	66.36	66.36
rockets	gameData/Weapons/containers/sws_80mm_sura_heat.blk	1	rockets_ap_small_group	Type R80 SURA rockets T-80-P 3 x4	Rockets	67.6	67.6
rockets	gameData/Weapons/containers/sws_80mm_4hsr_sura_heat.blk	1	rockets_ap_small_group	Type R80 SURA rockets T-80-P 3 x4	Rockets	67.6	67.6
rockets	gameData/Weapons/containers/us_hurl_rah_66.blk	1	nar_ap_block	70 mm Hydra-70 M247 rocket x4	Rockets	70.64	70.64
rockets	gameData/Weapons/rocketGuns/su_rbs82.blk	5	rockets_ap_middle_group_x5	RBS-82 rockets	Rockets	15	75
rockets	gameData/Weapons/containers/ro_57_su_s5k.blk	1	nar_ap_small	S-5KP rockets x4	Rockets	75.04	75.04
rockets	gameData/Weapons/rocketGuns/su_s_5kp_rocket.blk	16		17x S-5KP rockets	Rockets	5.01	80.16
rockets	gameData/Weapons/rocketGuns/uk_25lb_ap_mk2_late.blk	3	rockets_ap_middle_group_x3	AP Mk II rockets	Rockets	27.26	81.78
rockets	gameData/Weapons/rocketGuns/swd_135mm_srak_m56d.blk	2	rockets_ap_large_group_x2	m/56D rockets	Rockets	41	82
rockets	gameData/Weapons/rocketGuns/su_rofs132.blk	2	rockets_large_group	ROFS-132 rockets	Rockets	41.9	83.8
rockets	gameData/Weapons/rocketGuns/fr_matra_t_10_140b.blk	3	rockets_he_small_group	T10 140 rockets	Rockets	28	84
rockets	gameData/Weapons/rocketGuns/fr_matra_t_10_151b.blk	3	rockets_ap_large_group_x6	T10 151 rockets	Rockets	28	84
rockets	gameData/Weapons/rocketGuns/uk_rp3_2.blk	2	rockets_ap_small_group	RP-3 rockets	Rockets	43.1	86.2
rockets	gameData/Weapons/rocketGuns/su_rbs82.blk	6		6x RBS-82 rockets	Rockets	15	90
rockets	gameData/Weapons/containers/matra_lr_f4.blk	1	nar_ap_small	Type 23 SNEB rockets x18	Rockets	90.9	90.9
rockets	gameData/Weapons/rocketGuns/de_r4m_orkan_rocket.blk	24		24x R4M rockets	Rockets	3.85	92.4
rockets	gameData/Weapons/containers/aero_6a_white_2_75_in_ffar_mighty_mouse.blk	1	nar_ap_small	FFAR Mighty Mouse rockets x7	Rockets	93.268	93.268
rockets	gameData/Weapons/containers/aero_6a_no_cup_desert_2_75_in_ffar_mighty_mouse.blk	1	nar_ap_small	FFAR Mighty Mouse rockets x7	Rockets	93.268	93.268
rockets	gameData/Weapons/containers/aero_6a_2_75_in_ffar_mighty_mouse.blk	1	nar_ap_small	FFAR Mighty Mouse rockets x7	Rockets	93.268	93.268
rockets	gameData/Weapons/containers/aero_6a_no_cup_stone_2_75_in_ffar_mighty_mouse.blk	1	nar_ap_small	FFAR Mighty Mouse rockets x7	Rockets	93.268	93.268
rockets	gameData/Weapons/rocketGuns/su_ros132.blk	4	rockets_he_middle_group_x4	ROS-132 rockets	Rockets	23.508	94.032
rockets	gameData/Weapons/containers/oro_57k_su_s5k.blk	1	nar_ap_small	S-5KP rockets x8	Rockets	95.08	95.08
rockets	gameData/Weapons/containers/matra_6_mk_1_14.blk	1	nar_he_large	RP rockets x14	Rockets	95.503	95.503
rockets	gameData/Weapons/rocketGuns/jp_navy_rocket_type3_number1_9kg.blk	10		10x Type 3 No.1 Mod.28 Mk.1 rockets	Rockets	10	100
rockets	gameData/Weapons/containers/lau_131a_hydra_70_m247_default.blk	1	nar_ap_small	70 mm Hydra-70 M247 rocket x7	Rockets	101.12	101.12
rockets	gameData/Weapons/containers/lau_131a_desert_hydra_70_m247.blk	1	nar_ap_small	70 mm Hydra-70 M247 rocket x7	Rockets	101.12	101.12
rockets	gameData/Weapons/containers/lau_131a_olive_hydra_70_m247.blk	1	nar_ap_small	70 mm Hydra-70 M247 rocket x7	Rockets	101.12	101.12
rockets	gameData/Weapons/containers/hl_7_70_heli_stone_hydra_70_m247.blk	1	nar_ap_middle	70 mm Hydra-70 M247 rocket x7	Rockets	101.12	101.12
rockets	gameData/Weapons/containers/lau_131a_hydra_70_m247.blk	1	nar_ap_small	70 mm Hydra-70 M247 rocket x7	Rockets	101.12	101.12
rockets	gameData/Weapons/containers/type_90_cn_hf9.blk	1	nar_ap_middle	Type 90-1 HEAT rockets x7	Rockets	102.2	102.2
rockets	gameData/Weapons/rocketGuns/de_wgr41.blk	3	rockets_he_middle_group_x3	150 mm Wgr.41 Spr rocket	Rockets	34.15	102.45
rockets	gameData/Weapons/rocketGuns/su_rbs132.blk	2	rockets_ap_large_group	RBS-132 rockets	Rockets	51.6	103.2
rockets	gameData/Weapons/containers/telson_12_tda_x12.blk	1	nar_ap_rocket_s	Type 23 SNEB rockets x12	Rockets	103.6	103.6
rockets	gameData/Weapons/rocketGuns/us_m8bazooka.blk	6		6x M8 rocket	Rockets	17.28	103.68
rockets	gameData/Weapons/rocketGuns/uk_25lb_ap_mk1_1.blk	4	rockets_ap_small_group	AP Mk I rockets	Rockets	27.2	108.8
rockets	gameData/Weapons/rocketGuns/uk_25lb_ap_mk2_late.blk	4	rockets_ap_small_group	AP Mk II rockets	Rockets	27.26	109.04
rockets	gameData/Weapons/rocketGuns/de_br20.blk	1	rockets_he_large	Wfr.Gr.21 rockets	Rockets	112	112
rockets	gameData/Weapons/containers/hf7d_cn_fs_70.blk	1	nar_ap_special	FS70 rockets x7	Rockets	112.83	112.83
rockets	gameData/Weapons/containers/lau_35a_zuni_left.blk	1	rockets_he_large_group_x2	Zuni Mk32 Mod 0 ATAP rockets x2	Rockets	114.514	114.514
rockets	gameData/Weapons/containers/lau_35a_zuni.blk	1	rockets_he_large_group_x2	Zuni Mk32 Mod 0 ATAP rockets x2	Rockets	114.514	114.514
rockets	gameData/Weapons/containers/lau_35a_zuni_right.blk	1	rockets_he_large_group_x2	Zuni Mk32 Mod 0 ATAP rockets x2	Rockets	114.514	114.514
rockets	gameData/Weapons/containers/us_xm_158_2_75_in_ffar_mighty_mouse.blk	1	nar_ap_small	FFAR Mighty Mouse rockets x7	Rockets	114.868	114.868
rockets	gameData/Weapons/containers/lpr_57_su_s5k.blk	1	nar_rocket_s	S-5KP rockets x12	Rockets	115.12	115.12
rockets	gameData/Weapons/containers/hf25_type_57.blk	1	nar_ap_large	Type 57-1 rockets x18	Rockets	115.52	115.52
rockets	gameData/Weapons/rocketGuns/swd_180mm_hpsrak_m49.blk	1	rockets_he_large	18 cm hprak m/49 rockets	Rockets	120	120
rockets	gameData/Weapons/rocketGuns/su_rbs82.blk	8		8x RBS-82 rockets	Rockets	15	120
rockets	gameData/Weapons/rocketGuns/us_5_in_hvar_c.blk	2	rockets_he_large_group_x6	HVAR rockets	Rockets	62.8	125.6
rockets	gameData/Weapons/rocketGuns/uk_hvar.blk	2	rockets_he_middle_group	HVAR rockets	Rockets	62.8	125.6
rockets	gameData/Weapons/rocketGuns/us_5_in_hvar_b.blk	2	rockets_he_middle_group_x4	HVAR rockets	Rockets	62.8	125.6
rockets	gameData/Weapons/rocketGuns/us_5_in_hvar_a.blk	2	rockets_he_large_group	HVAR rockets	Rockets	62.8	125.6
rockets	gameData/Weapons/containers/br_av_lm_70_7_sf_skyfire.blk	1	nar_ap_middle	70 mm Skyfire-70 AC/AP rocket x7	Rockets	126.96	126.96
rockets	gameData/Weapons/rocketGuns/su_m13uk.blk	3	rockets_he_middle_group_x3	M-13UK rockets	Rockets	42.36	127.08
rockets	gameData/Weapons/containers/sws_80mm_4hsr_sura_he.blk	2	rockets_he_large_group_x6	Type R80 SURA rockets T-80-US 3 x4	Rockets	64	128
rockets	gameData/Weapons/containers/matra_116.blk	1	nar_ap_large	Type 23 SNEB rockets x19	Rockets	130	130
rockets	gameData/Weapons/containers/lpr2_122_2x_prn_122_left.blk	1	rockets_he_large_special_group_x2	PRN-122 rockets x2	Rockets	131.4	131.4
rockets	gameData/Weapons/containers/lpr2_122_2x_prn_122_right.blk	1	rockets_he_large_special_group_x2	PRN-122 rockets x2	Rockets	131.4	131.4
rockets	gameData/Weapons/rocketGuns/jp_navy_rocket_type3_number6_66kg.blk	2		2x Type 3 No.6 Mod.27 Mk.1 rockets	Rockets	65.8	131.6
rockets	gameData/Weapons/containers/lrp_57_16_su_s5k.blk	1	nar_he_middle	S-5KP rockets x16	Rockets	132.16	132.16
rockets	gameData/Weapons/containers/ub_16_57_su_s5k.blk	1	nar_ap_small	S-5KP rockets x16	Rockets	132.16	132.16
rockets	gameData/Weapons/containers/ub_16_57_2_su_s5k.blk	1	nar_ap_small	S-5KP rockets x16	Rockets	132.16	132.16
rockets	gameData/Weapons/containers/ub_16_57_su_s5kp.blk	1	nar_ap_small	S-5KP rockets x16	Rockets	132.16	132.16
rockets	gameData/Weapons/containers/sws_80mm_4hsr_sura_heat.blk	2	rockets_ap_large_group_x6	Type R80 SURA rockets T-80-P 3 x4	Rockets	67.6	135.2
rockets	gameData/Weapons/rocketGuns/uk_180lb_triplex.blk	1	rockets_he_large	Triplex R.P. rockets	Rockets	139.4	139.4
rockets	gameData/Weapons/containers/it_al_25_50a.blk	1	nar_ap_large	ARF/8M3(AP-AT) rockets x25	Rockets	144.9	144.9
rockets	gameData/Weapons/containers/lau_32_fz.blk	1	nar_ap_small	FZ49 HEAT rockets x7	Rockets	145.84	145.84
rockets	gameData/Weapons/containers/lau_32.blk	1	nar_ap_small	FFAR Mighty Mouse rockets x7	Rockets	151.868	151.868
rockets	gameData/Weapons/containers/type_90_cn_hf7.blk	1	nar_ap_middle	Type 90-1 HEAT rockets x7	Rockets	153.45	153.45
rockets	gameData/Weapons/rocketGuns/su_rbs132.blk	3	rockets_ap_middle_group_x3	RBS-132 rockets	Rockets	51.6	154.8
rockets	gameData/Weapons/containers/lr_100_4_tba_100_ecc.blk	1	nar_ap_block	TBA ECC rockets x4	Rockets	155.2	155.2
rockets	gameData/Weapons/containers/ter_mamboreta_aspid.blk	1	nar_ap_small_group_x3	Aspid 1057 rockets x6 x3	Rockets	156	156
rockets	gameData/Weapons/containers/lr_100_4_tba_100_multi_dart.blk	1	nar_ap_type_b_block	TBA Multi-Dart 100 AB rockets x4	Rockets	162	162
rockets	gameData/Weapons/containers/matra_7.blk	1	nar_he_large	RP rockets x36	Rockets	163.293	163.293
rockets	gameData/Weapons/rocketGuns/swd_135mm_srak_m56d.blk	4	rockets_ap_large_group_x4	m/56D rockets	Rockets	41	164
rockets	gameData/Weapons/rocketGuns/su_rofs132.blk	4	rockets_he_middle_group_x4	ROFS-132 rockets	Rockets	41.9	167.6
rockets	gameData/Weapons/rocketGuns/swd_145mm_psrak_m49a.blk	4	rockets_ap_small_group	14,5 cm psrak m/49B rockets	Rockets	42	168
rockets	gameData/Weapons/rocketGuns/jp_navy_rocket_type5_number6_84kg.blk	2		2x Type 5 No.6 Mod.9 rockets	Rockets	84	168
rockets	gameData/Weapons/rocketGuns/su_rs132.blk	4	rockets_he_middle_group_x4	RS-132 rockets	Rockets	42.36	169.44
rockets	gameData/Weapons/rocketGuns/uk_rp3_3.blk	4	rockets_he_small_group	RP-3 rockets	Rockets	43.1	172.4
rockets	gameData/Weapons/rocketGuns/uk_rp3.blk	4	rockets_he_middle_group_x4	RP-3 rockets	Rockets	43.1	172.4
rockets	gameData/Weapons/rocketGuns/uk_rp3_4b.blk	4	rockets_he_middle_group_x4	RP-3 rockets	Rockets	43.1	172.4
rockets	gameData/Weapons/containers/fr_lr68_sneb_type23_tda.blk	1	nar_ap_rocket_b	68 mm TDA rocket x22	Rockets	174.2	174.2
rockets	gameData/Weapons/containers/telson_22_tda_x22.blk	1	nar_ap_rocket_b	Type 23 SNEB rockets x22	Rockets	176.1	176.1
rockets	gameData/Weapons/rocketGuns/fr_sneb_type23_md_460.blk	35	nar_ap_rocket_b	Type 23 SNEB rockets	Rockets	5.05	176.75
rockets	gameData/Weapons/containers/matra_lr_f1.blk	1	nar_ap_large	Type 23 SNEB rockets x36	Rockets	181.8	181.8
rockets	gameData/Weapons/containers/sws_80mm_oerlikon_late.blk	4	rockets_ap_large_group_x6	8-cm Flz.-Rakete Oerlikon rockets x2	Rockets	45.68	182.72
rockets	gameData/Weapons/containers/swd_arak_m57b.blk	1	nar_he_large	7,5 cm srak m/57B rockets x19	Rockets	183	183
rockets	gameData/Weapons/containers/uk_25lb_late_ap_mk2.blk	1	rockets_ap_large_group_x6	AP Mk II rockets x6	Rockets	183.56	183.56
rockets	gameData/Weapons/containers/uk_rp3_late_ap_25lb_x6.blk	1	rockets_ap_large_group_x6	AP Mk II rockets x6	Rockets	183.56	183.56
rockets	gameData/Weapons/containers/fr_matra_type_155_sneb_type23.blk	1	nar_ap_large	Type 23 SNEB rockets x18	Rockets	183.9	183.9
rockets	gameData/Weapons/containers/fr_matra_type_155_sneb_type23_expo.blk	1	nar_ap_large	Type 23 SNEB rockets x18	Rockets	183.9	183.9
rockets	gameData/Weapons/rocketGuns/de_r4m_orkan_rocket.blk	48		48x R4M rockets	Rockets	3.85	184.8
rockets	gameData/Weapons/rocketGuns/su_s_5m_rocket.blk	48		49x S-5M rockets	Rockets	3.86	185.28
rockets	gameData/Weapons/containers/it_mb_326_hvar_x2_launcher_right.blk	1	rockets_he_middle_group	HVAR rockets x2	Rockets	187.2	187.2
rockets	gameData/Weapons/containers/it_mb_326_hvar_x2_launcher_left.blk	1	rockets_he_middle_group	HVAR rockets x2	Rockets	187.2	187.2
rockets	gameData/Weapons/rocketGuns/us_5_in_hvar_b.blk	3	rockets_he_large_group_x6	HVAR rockets	Rockets	62.8	188.4
rockets	gameData/Weapons/rocketGuns/uk_hvar.blk	3	rockets_he_middle_group_x3	HVAR rockets	Rockets	62.8	188.4
rockets	gameData/Weapons/rocketGuns/fr_sneb_type23.blk	38		38x Type 23 SNEB rockets	Rockets	5.05	191.9
rockets	gameData/Weapons/containers/us_pylon_hurl_rah_66_quad.blk	1	nar_ap_block_group_x4	70 mm Hydra-70 M247 rocket x16	Rockets	192.56	192.56
rockets	gameData/Weapons/containers/fz207_ffar_x19.blk	1	nar_ap_large	FZ49 HEAT rockets x19	Rockets	200.28	200.28
rockets	gameData/weapons/rocketGuns/sws_oerlikon_oe82.blk	16		16x 8-cm Flz.-Rakete Oerlikon rockets	Rockets	12.84	205.44
rockets	gameData/Weapons/rocketGuns/su_rbs132.blk	4	rockets_ap_large_group_x4	RBS-132 rockets	Rockets	51.6	206.4
rockets	gameData/Weapons/rocketGuns/us_m8bazooka.blk	12		12x M8 rocket	Rockets	17.28	207.36
rockets	gameData/Weapons/rocketGuns/su_m13uk.blk	5	rockets_he_large_group_x5	M-13UK rockets	Rockets	42.36	211.8
rockets	gameData/Weapons/rocketGuns/su_rs132.blk	5	rockets_he_large_group_x5	RS-132 rockets	Rockets	42.36	211.8
rockets	gameData/Weapons/containers/apu_14u_s3k.blk	1	rockets_he_small_group_x7	S-3K rockets x7	Rockets	216.5	216.5
rockets	gameData/Weapons/containers/fz225_ffar_x19.blk	1	nar_ap_large	FFAR Mighty Mouse rockets x19	Rockets	216.641	216.641
rockets	gameData/Weapons/rocketGuns/uk_25lb_ap_mk1.blk	8		8x AP Mk I rockets	Rockets	27.26	218.08
rockets	gameData/Weapons/rocketGuns/fr_sneb_type23_4fin.blk	44	nar_ap_rocket_b	SNEB type 23 rockets	Rockets	5.05	222.2
rockets	gameData/Weapons/containers/yaguarete_105mm_pampero_rocket.blk	1	nar_he_special	Pampero rockets x6	Rockets	223	223
rockets	gameData/Weapons/rocketGuns/fr_matra_t_10_140b.blk	8		4x T10 140 rockets; 4x T10 140 rockets	Rockets	28	224
rockets	gameData/Weapons/rocketGuns/fr_matra_t_10_151b.blk	8		4x T10 151 rockets; 4x T10 151 rockets	Rockets	28	224
rockets	gameData/Weapons/rocketGuns/de_br20.blk	2	rockets_he_large_group	Wfr.Gr.21 rockets	Rockets	112	224
rockets	gameData/Weapons/containers/hl_19_70_hydra_70_m247.blk	1	nar_ap_large	70 mm Hydra-70 M247 rocket x19	Rockets	225.04	225.04
rockets	gameData/Weapons/containers/ub_32a_24_cn_hf5.blk	1	nar_ap_middle	Type 57-1 rockets x32	Rockets	225.48	225.48
rockets	gameData/Weapons/containers/lau_3a_ffar_mighty_mouse.blk	1	nar_ap_large	FFAR Mighty Mouse rockets x19	Rockets	229.641	229.641
rockets	gameData/Weapons/containers/lau_3a_ffar_mighty_mouse_green.blk	1	nar_ap_large	FFAR Mighty Mouse rockets x19	Rockets	229.641	229.641
rockets	gameData/Weapons/containers/jl_100r_fr_matra_sneb_type23.blk	1	nar_ap_middle	Type 23 SNEB rockets x18	Rockets	230.9	230.9
rockets	gameData/Weapons/containers/m261_hydra_70_m247.blk	1	nar_ap_large	70 mm Hydra-70 M247 rocket x19	Rockets	231.64	231.64
rockets	gameData/Weapons/containers/m261_crv_7_m247.blk	1	nar_ap_large	70 mm CRV7 M247 rocket x19	Rockets	232.83	232.83
rockets	gameData/Weapons/containers/aero_7a_white_2_75_in_ffar_mighty_mouse.blk	1	nar_ap_large	FFAR Mighty Mouse rockets x19	Rockets	233.741	233.741
rockets	gameData/Weapons/containers/lau_5003b_white_2_75_in_ffar_mighty_mouse.blk	1	nar_ap_large	FFAR Mighty Mouse rockets x19	Rockets	233.741	233.741
rockets	gameData/Weapons/containers/lau_5003b_green_2_75_in_ffar_mighty_mouse.blk	1	nar_large	FFAR Mighty Mouse rockets x19	Rockets	233.741	233.741
rockets	gameData/Weapons/containers/aero_7a_not_cup_stone_2_75_in_ffar_mighty_mouse.blk	1	nar_ap_large	FFAR Mighty Mouse rockets x19	Rockets	233.741	233.741
rockets	gameData/Weapons/containers/aero_7a_not_cup_2_75_in_ffar_mighty_mouse_deafult.blk	1	nar_ap_large	FFAR Mighty Mouse rockets x19	Rockets	233.741	233.741
rockets	gameData/Weapons/containers/aero_7a_2_75_in_ffar_mighty_mouse.blk	1	nar_ap_large	FFAR Mighty Mouse rockets x19	Rockets	233.741	233.741
rockets	gameData/Weapons/containers/aero_7a_not_cup_desert_2_75_in_ffar_mighty_mouse.blk	1	nar_ap_large	FFAR Mighty Mouse rockets x19	Rockets	233.741	233.741
rockets	gameData/Weapons/containers/lau_5003b_olive_2_75_in_ffar_mighty_mouse.blk	1	nar_large	FFAR Mighty Mouse rockets x19	Rockets	233.741	233.741
rockets	gameData/Weapons/containers/aero_7a_not_cup_2_75_in_ffar_mighty_mouse.blk	1	nar_ap_large	FFAR Mighty Mouse rockets x19	Rockets	233.741	233.741
rockets	gameData/Weapons/rocketGuns/uk_2_inch_rocket_expo.blk	48	nar_rocket_b	RP rockets	Rockets	4.88	234.24
rockets	gameData/Weapons/rocketGuns/in_nasser_240.blk	1	rockets_he_large	Nasser 240 rockets	Rockets	235	235
rockets	gameData/Weapons/rocketGuns/su_s_24_rocket.blk	1	rockets_he_large	S-24 rockets	Rockets	235	235
rockets	gameData/Weapons/rocketGuns/su_s_24b_rocket.blk	1	rockets_he_middle	S-24B rockets	Rockets	235	235
rockets	gameData/Weapons/containers/rs_apu_68um2_s_24.blk	1	rockets_he_large	S-24B rockets	Rockets	235	235
rockets	gameData/Weapons/containers/type_130_cn_hf14.blk	1	nar_special	Type 130-2 rockets x4	Rockets	235.25	235.25
rockets	gameData/Weapons/rocketGuns/su_s_21_rocket.blk	2		2x S-21 rockets	Rockets	117.8	235.6
rockets	gameData/Weapons/rocketGuns/swd_180mm_hpsrak_m49.blk	2	rockets_he_large_group	18 cm hprak m/49 rockets	Rockets	120	240
rockets	gameData/Weapons/rocketGuns/su_s_5kp_rocket.blk	48		49x S-5KP rockets	Rockets	5.01	240.48
rockets	gameData/Weapons/rocketGuns/swd_135mm_srak_m56d.blk	6	rockets_ap_large_group_x6	m/56D rockets	Rockets	41	246
rockets	gameData/Weapons/rocketGuns/us_5_in_hvar_2.blk	4	rockets_he_middle_group_x4	HVAR rockets	Rockets	62.8	251.2
rockets	gameData/Weapons/rocketGuns/us_5_in_hvar_a.blk	4	rockets_he_middle_group_x4	HVAR rockets	Rockets	62.8	251.2
rockets	gameData/Weapons/containers/hf_6_type90_heat.blk	1	nar_ap_special	Type 90-1 HEAT rockets x7	Rockets	252.2	252.2
rockets	gameData/Weapons/rocketGuns/fr_sneb_type23s.blk	50	nar_ap_rocket_b	Type 23 SNEB rockets	Rockets	5.05	252.5
rockets	gameData/Weapons/rocketGuns/swd_150mm_srak_m51.blk	4	rockets_he_middle_group_x4	15 cm srak m/51 rockets	Rockets	64	256
rockets	gameData/Weapons/containers/aero_7a_hydra_70.blk	1	nar_ap_large	70 mm Hydra-70 M247 rocket x19	Rockets	256.14	256.14
rockets	gameData/Weapons/rocketGuns/su_rbs132.blk	5	rockets_ap_large_group_x5	RBS-132 rockets	Rockets	51.6	258
rockets	gameData/Weapons/rocketGuns/uk_rp3.blk	6		6x RP-3 rockets	Rockets	43.1	258.6
rockets	gameData/Weapons/containers/lau_5003b_a_cvr_7_m247.blk	1	nar_ap_large	70 mm CRV7 M247 rocket x19	Rockets	263.93	263.93
rockets	gameData/Weapons/containers/ub_32a_24_su_s5kp.blk	1	nar_ap_large	S-5KP rockets x32	Rockets	269.32	269.32
rockets	gameData/Weapons/containers/ub_32a_24_su_s5k.blk	1	nar_ap_large	S-5KP rockets x32	Rockets	269.32	269.32
rockets	gameData/Weapons/containers/lrp_57_32_su_s5k.blk	1	nar_ap_large	S-5KP rockets x32	Rockets	269.32	269.32
rockets	gameData/Weapons/containers/br_lm_70_19_r.blk	1	nar_ap_large	70 mm Skyfire-70 AC/AP rocket x19	Rockets	275.52	275.52
rockets	gameData/Weapons/rocketGuns/fr_sneb_type23_md_460.blk	55	nar_ap_rocket_b	Type 23 SNEB rockets	Rockets	5.05	277.75
rockets	gameData/Weapons/containers/lau_10a_zuni_wafar_mk32.blk	1	nar_ap_special	Zuni Mk32 Mod 0 ATAP rockets x4	Rockets	280.278	280.278
rockets	gameData/Weapons/containers/lr_4_zuni_wafar.blk	1	nar_ap_special	Zuni Mk32 Mod 0 ATAP rockets x4	Rockets	280.278	280.278
rockets	gameData/Weapons/containers/lau_10da_zuni_wafar_mk32.blk	1	nar_ap_special	Zuni Mk32 Mod 0 ATAP rockets x4	Rockets	280.278	280.278
rockets	gameData/Weapons/containers/lau_10a_zuni_wafar_not_cup.blk	1	nar_ap_special	Zuni Mk32 Mod 0 ATAP rockets x4	Rockets	280.278	280.278
rockets	gameData/Weapons/rocketGuns/us_2_75_in_ffar_mighty_mouse.blk	32	nar_rocket_b	FFAR Mighty Mouse rockets	Rockets	8.981	287.396
rockets	gameData/Weapons/containers/rs_l_128_04_heat.blk	1	nar_ap_special	128 mm M80 rockets x4	Rockets	295.8	295.8
rockets	gameData/Weapons/rocketGuns/us_5_in_ar_mk1.blk	8		8x AR rockets	Rockets	37.6	300.8
rockets	gameData/Weapons/containers/ter_lau_32_ffar_mighty_mouse_on_both_side.blk	1	nar_ap_small_group	FFAR Mighty Mouse rockets x7 x2	Rockets	303.736	303.736
rockets	gameData/Weapons/containers/type_90_cn_hf7.blk	2	nar_large_group	Type 90-1 HEAT rockets x7	Rockets	153.45	306.9
rockets	gameData/Weapons/containers/f_82e_hvar_pylon.blk	1	rockets_he_large_group_x5	HVAR rockets x5	Rockets	326	326
rockets	gameData/Weapons/containers/b8m_20.blk	1	nar_ap_large	S-8KO rockets x20	Rockets	326	326
rockets	gameData/Weapons/containers/uk_dlt_matra_7_2_inch_rp_left_wing.blk	1	nar_he_large_group	RP rockets x36 x2	Rockets	326.587	326.587
rockets	gameData/Weapons/containers/uk_dlt_matra_7_2_inch_rp_right_wing.blk	1	nar_he_large_group	RP rockets x36 x2	Rockets	326.587	326.587
rockets	gameData/Weapons/containers/ter_uk_matra_7_2_inch_rp_x2_right.blk	1	nar_he_large_group	RP rockets x36 x2	Rockets	326.587	326.587
rockets	gameData/Weapons/containers/ter_uk_matra_7_2_inch_rp_x2_left.blk	1	nar_he_large_group	RP rockets x36 x2	Rockets	326.587	326.587
rockets	gameData/Weapons/rocketGuns/su_rofs132.blk	8		8x ROFS-132 rockets	Rockets	41.9	335.2
rockets	gameData/Weapons/rocketGuns/swd_145mm_psrak_m49a_mount.blk	8		4x 14,5 cm psrak m/49B rockets; 4x 14,5 cm psrak m/49B rockets	Rockets	42	336
rockets	gameData/Weapons/containers/swd_arak_m70b.blk	1	nar_ap_special	13,5 cm psrak m/70 rockets x6	Rockets	337.45	337.45
rockets	gameData/Weapons/containers/matra_36r_matra_sneb_type23.blk	1	nar_ap_large	Type 23 SNEB rockets x36	Rockets	341.8	341.8
rockets	gameData/Weapons/rocketGuns/uk_rp3_4b.blk	8		4x RP-3 rockets; 4x RP-3 rockets	Rockets	43.1	344.8
rockets	gameData/Weapons/rocketGuns/uk_rp3_2.blk	8		4x RP-3 rockets; 4x RP-3 rockets	Rockets	43.1	344.8
rockets	gameData/Weapons/rocketGuns/uk_rp3_4a.blk	8		8x RP-3 rockets	Rockets	43.1	344.8
rockets	gameData/Weapons/rocketGuns/uk_rp3.blk	8		8x RP-3 rockets	Rockets	43.1	344.8
rockets	gameData/Weapons/rocketGuns/uk_rp3_3.blk	8		8x RP-3 rockets	Rockets	43.1	344.8
rockets	gameData/Weapons/containers/gr_tcs_av_lm_70_7_sf_skyfire.blk	1	nar_ap_middle_group	70 mm Skyfire-70 AC/AP rocket x7 x2	Rockets	353.72	353.72
rockets	gameData/Weapons/rocketGuns/su_s_25of_rocket.blk	1	rockets_he_large_special	S-25OF rockets	Rockets	367	367
rockets	gameData/Weapons/rocketGuns/su_s_25ofm_rocket.blk	1	rockets_he_large_special	S-25OFM rockets	Rockets	367	367
rockets	gameData/Weapons/containers/fr_matra_type_155_sneb_type23_expo.blk	2	nar_ap_large_group	Type 23 SNEB rockets x18	Rockets	183.9	367.8
rockets	gameData/Weapons/containers/uk_dlt_matra_155_sneb_type23_x2_left_wing.blk	1	nar_ap_large_group	Type 23 SNEB rockets x18 x2	Rockets	367.8	367.8
rockets	gameData/Weapons/containers/uk_dlt_matra_155_sneb_type23_x2_right_wing.blk	1	nar_ap_large_group	Type 23 SNEB rockets x18 x2	Rockets	367.8	367.8
rockets	gameData/Weapons/containers/ter_fr_matra_sneb_type23_x2_right_wing.blk	1	nar_ap_large_group	Type 23 SNEB rockets x18 x2	Rockets	367.8	367.8
rockets	gameData/Weapons/containers/ter_fr_matra_sneb_type23_x2_left_wing.blk	1	nar_ap_large_group	Type 23 SNEB rockets x18 x2	Rockets	367.8	367.8
rockets	gameData/Weapons/rocketGuns/su_s_25o_rocket.blk	1	rockets_he_large_special	S-25O rockets	Rockets	370	370
rockets	gameData/Weapons/containers/b8m_s8ko.blk	1	nar_large	S-8KO rockets x20	Rockets	376	376
rockets	gameData/Weapons/containers/it_tcs_al_25_50a.blk	1	nar_ap_large_group	ARF/8M3(AP-AT) rockets x25 x2	Rockets	389.6	389.6
rockets	gameData/Weapons/containers/lau_131a_hydra_70_m247_x3.blk	1	nar_ap_small_group_x3	70 mm Hydra-70 M247 rocket x7 x3	Rockets	393.36	393.36
rockets	gameData/Weapons/rocketGuns/su_rbs132.blk	8		8x RBS-132 rockets	Rockets	51.6	412.8
rockets	gameData/Weapons/rocketGuns/swd_145mm_psrak_m49a.blk	10	rockets_ap_large_group_x6	14,5 cm psrak m/49B rockets	Rockets	42	420
rockets	gameData/Weapons/rocketGuns/us_5_in_hvar_2.blk	7	rockets_he_small_group_x7	HVAR rockets	Rockets	62.8	439.6
rockets	gameData/Weapons/containers/auf_1_tri_matra_lr_f4_x2.blk	1	nar_ap_middle_group	Type 23 SNEB rockets x18 x2	Rockets	447.8	447.8
rockets	gameData/Weapons/rocketGuns/de_br20.blk	4		5x Wfr.Gr.21 rockets	Rockets	112	448
rockets	gameData/Weapons/containers/lau_35a_zuni_left_cwp.blk	4	rockets_he_small_group	Zuni Mk32 Mod 0 ATAP rockets x2	Rockets	114.514	458.056
rockets	gameData/Weapons/containers/lau_35a_zuni_cwp.blk	4	rockets_he_small_group	Zuni Mk32 Mod 0 ATAP rockets x2	Rockets	114.514	458.056
rockets	gameData/Weapons/containers/lau_35a_zuni_right_cwp.blk	4	rockets_he_small_group	Zuni Mk32 Mod 0 ATAP rockets x2	Rockets	114.514	458.056
rockets	gameData/Weapons/containers/ter_lau_3a_ffar_mighty_mouse_right_wing_x2.blk	1	nar_ap_large_group	FFAR Mighty Mouse rockets x19 x2	Rockets	459.283	459.283
rockets	gameData/Weapons/containers/ter_lau_3a_ffar_mighty_mouse_on_both_side.blk	1	nar_ap_large_group	FFAR Mighty Mouse rockets x19 x2	Rockets	459.283	459.283
rockets	gameData/Weapons/containers/ter_lau_3a_ffar_mighty_mouse_left_wing_x2.blk	1	nar_ap_large_group	FFAR Mighty Mouse rockets x19 x2	Rockets	459.283	459.283
rockets	gameData/Weapons/containers/jl_100r_fr_matra_sneb_type23_expo.blk	2	nar_ap_large_group	Type 23 SNEB rockets x18	Rockets	230.9	461.8
rockets	gameData/Weapons/containers/m261_hydra_70_m247.blk	2	nar_ap_large_group	70 mm Hydra-70 M247 rocket x19	Rockets	231.64	463.28
rockets	gameData/Weapons/rocketGuns/uk_uncle_tom_b.blk	1	rockets_he_large	Uncle Tom rockets	Rockets	467.2	467.2
rockets	gameData/Weapons/rocketGuns/uk_uncle_tom_a.blk	1	rockets_he_large	Uncle Tom rockets	Rockets	467.2	467.2
rockets	gameData/Weapons/containers/uk_dlt_lau_5003b_olive_2_75_in_ffar_mighty_mouse_right_wing.blk	1	nar_ap_large_group	FFAR Mighty Mouse rockets x19 x2	Rockets	467.483	467.483
rockets	gameData/Weapons/containers/uk_dlt_lau_5003b_olive_2_75_in_ffar_mighty_mouse_left_wing.blk	1	nar_ap_large_group	FFAR Mighty Mouse rockets x19 x2	Rockets	467.483	467.483
rockets	gameData/Weapons/containers/gr_tcs_lau_5003b_olive_2_75_in_ffar_mighty_mouse.blk	1	nar_large_group	FFAR Mighty Mouse rockets x19 x2	Rockets	467.483	467.483
rockets	gameData/Weapons/rocketGuns/uk_1000lb_ap_redangel.blk	1	rockets_he_large	Red Angel rockets	Rockets	478.6	478.6
rockets	gameData/Weapons/rocketGuns/swd_180mm_hpsrak_m49.blk	4	rockets_he_middle_group_x4	18 cm hprak m/49 rockets	Rockets	120	480
rockets	gameData/Weapons/containers/ter_uk_matra_7_2_inch_rp_x3.blk	1	nar_he_large_group_x3	RP rockets x36 x3	Rockets	489.88	489.88
rockets	gameData/Weapons/rocketGuns/uk_hvar.blk	8		8x HVAR rockets	Rockets	62.8	502.4
rockets	gameData/Weapons/rocketGuns/us_5_in_hvar.blk	8		8x HVAR rockets	Rockets	62.8	502.4
rockets	gameData/Weapons/rocketGuns/us_5_in_hvar_2.blk	8		8x HVAR rockets	Rockets	62.8	502.4
rockets	gameData/Weapons/containers/b13l_s13of.blk	1	nar_he_special	S-13OF rockets x5	Rockets	505	505
rockets	gameData/Weapons/rocketGuns/swd_150mm_srak_m51_mount.blk	8		4x 15 cm srak m/51 rockets; 4x 15 cm srak m/51 rockets	Rockets	64	512
rockets	gameData/Weapons/containers/us_bru_33aa_lau_61_hydra_70_x2.blk	1	nar_ap_large_group	70 mm Hydra-70 M247 rocket x19 x2	Rockets	512.28	512.28
rockets	gameData/Weapons/rocketGuns/uk_rp3_2.blk	12		6x RP-3 rockets; 6x RP-3 rockets	Rockets	43.1	517.2
rockets	gameData/Weapons/containers/us_bru_33aa_lau_5003_crv7_x2.blk	1	nar_ap_large_group	70 mm CRV7 M247 rocket x19 x2	Rockets	527.86	527.86
rockets	gameData/Weapons/rocketGuns/us_11_75_in_tiny_tim_army.blk	1	rockets_he_large	Tiny Tim rockets	Rockets	534.15	534.15
rockets	gameData/Weapons/rocketGuns/us_11_75_in_tiny_tim.blk	1	rockets_he_large	Tiny Tim rockets	Rockets	534.15	534.15
rockets	gameData/Weapons/containers/ub_32a_24_su_s5k.blk	2	nar_ap_large_group	S-5KP rockets x32	Rockets	269.32	538.64
rockets	gameData/Weapons/containers/auf_1_tri_us_lau3a_x2.blk	1	nar_large_group	FFAR Mighty Mouse rockets x19 x2	Rockets	539.283	539.283
rockets	gameData/Weapons/containers/ter_fr_matra_sneb_type23_x3.blk	1	nar_ap_large_group_x3	Type 23 SNEB rockets x18 x3	Rockets	551.7	551.7
rockets	gameData/Weapons/containers/ter_lau_10a_ffar_mighty_mouse_left_wing_x2.blk	1	nar_ap_special_group	Zuni Mk32 Mod 0 ATAP rockets x4 x2	Rockets	560.556	560.556
rockets	gameData/Weapons/containers/us_bru_33aa_lau_10_zuni_x2.blk	1	nar_ap_special_group	Zuni Mk32 Mod 0 ATAP rockets x4 x2	Rockets	560.556	560.556
rockets	gameData/Weapons/containers/ter_lau_10a_ffar_mighty_mouse_on_both_side.blk	1	nar_ap_special_group	Zuni Mk32 Mod 0 ATAP rockets x4 x2	Rockets	560.556	560.556
rockets	gameData/Weapons/containers/ter_lau_10a_ffar_mighty_mouse_right_wing_x2.blk	1	nar_ap_special_group	Zuni Mk32 Mod 0 ATAP rockets x4 x2	Rockets	560.556	560.556
rockets	gameData/Weapons/rocketGuns/fr_sneb_type23_md_460.blk	112	nar_rocket_b	Type 23 SNEB rockets	Rockets	5.05	565.6
rockets	gameData/Weapons/containers/lau_3a_ffar_mighty_mouse_x2_right_wing.blk	1	nar_ap_large_group	FFAR Mighty Mouse rockets x19 x2	Rockets	579.283	579.283
rockets	gameData/Weapons/containers/lau_3a_ffar_mighty_mouse_x2_left_wing.blk	1	nar_ap_large_group	FFAR Mighty Mouse rockets x19 x2	Rockets	579.283	579.283
rockets	gameData/Weapons/rocketGuns/swd_180mm_hpsrak_m49.blk	5	rockets_he_large_group_x5	18 cm hprak m/49 rockets	Rockets	120	600
rockets	gameData/Weapons/rocketGuns/us_5_in_hvar.blk	10		10x HVAR rockets	Rockets	62.8	628
rockets	gameData/Weapons/rocketGuns/uk_hvar.blk	10		10x HVAR rockets	Rockets	62.8	628
rockets	gameData/Weapons/rocketGuns/swd_150mm_srak_m51.blk	10	rockets_he_small_group_x5	15 cm srak m/51 rockets	Rockets	64	640
rockets	gameData/Weapons/containers/auf_1_tri_us_lau10a_x2.blk	1	nar_ap_special_group	Zuni Mk32 Mod 0 ATAP rockets x4 x2	Rockets	640.556	640.556
rockets	gameData/Weapons/containers/gr_tcs_lm_70_19_r.blk	1	nar_ap_large_group	70 mm Skyfire-70 AC/AP rocket x19 x2	Rockets	650.84	650.84
rockets	gameData/Weapons/containers/ter_yaguarete_pampeto.blk	1	nar_he_special_group_x3	Pampero rockets x6 x3	Rockets	669	669
rockets	gameData/Weapons/containers/ter_lau_3a_ffar_mighty_mouse.blk	1	nar_ap_large_group_x3	FFAR Mighty Mouse rockets x19 x3	Rockets	688.924	688.924
rockets	gameData/Weapons/containers/mer_lau_3a_ffar_mighty_mouse.blk	1	nar_ap_large_group_x3	FFAR Mighty Mouse rockets x19 x3	Rockets	688.924	688.924
rockets	gameData/Weapons/containers/ter_lau_3a_ffar_mighty_mouse_green.blk	1	nar_ap_large_group_x3	FFAR Mighty Mouse rockets x19 x3	Rockets	688.924	688.924
rockets	gameData/Weapons/rocketGuns/uk_rp3.blk	16		16x RP-3 rockets	Rockets	43.1	689.6
rockets	gameData/Weapons/rocketGuns/uk_rp3_4b.blk	16		8x RP-3 rockets; 8x RP-3 rockets	Rockets	43.1	689.6
rockets	gameData/Weapons/containers/lau_10a_zuni_wafar_mk32_x2_right_wing.blk	1	nar_ap_special_group	Zuni Mk32 Mod 0 ATAP rockets x4 x2	Rockets	716.556	716.556
rockets	gameData/Weapons/containers/lau_10a_zuni_wafar_mk32_x2_left_wing.blk	1	nar_ap_special_group	Zuni Mk32 Mod 0 ATAP rockets x4 x2	Rockets	716.556	716.556
rockets	gameData/Weapons/rocketGuns/su_s_25of_rocket.blk	2	rockets_he_large_special_group_x2	S-25OF rockets	Rockets	367	734
rockets	gameData/Weapons/rocketGuns/su_s_25ofm_rocket.blk	2	rockets_he_large_special_group_x2	S-25OFM rockets	Rockets	367	734
rockets	gameData/Weapons/rocketGuns/su_s_25o_rocket.blk	2	rockets_he_large_special_group_x2	S-25O rockets	Rockets	370	740
rockets	gameData/Weapons/containers/b8m_s8ko.blk	2	nar_large_group	S-8KO rockets x20	Rockets	376	752
rockets	gameData/Weapons/rocketGuns/us_5_in_hvar_2.blk	12		12x HVAR rockets	Rockets	62.8	753.6
rockets	gameData/Weapons/rocketGuns/ir_yasser.blk	1	rockets_he_special	Yasser rockets	Rockets	760	760
rockets	gameData/Weapons/rocketGuns/su_c1of_rocket.blk	8		9x S-1of rockets	Rockets	102.4	819.2
rockets	gameData/Weapons/containers/ter_lau_10a_ffar_mighty_mouse.blk	1	nar_ap_special_group_x3	Zuni Mk32 Mod 0 ATAP rockets x4 x3	Rockets	840.834	840.834
rockets	gameData/Weapons/containers/ter_lau_10a_f_4j_ffar_mighty_mouse.blk	1	nar_ap_special_group_x3	Zuni Mk32 Mod 0 ATAP rockets x4 x3	Rockets	840.834	840.834
rockets	gameData/Weapons/containers/mer_lau_10a_ffar_mighty_mouse.blk	1	nar_ap_special_group_x3	Zuni Mk32 Mod 0 ATAP rockets x4 x3	Rockets	840.834	840.834
rockets	gameData/Weapons/rocketGuns/us_2_75_in_ffar_mighty_mouse_m439.blk	104		104x FFAR Mighty Mouse rockets M439	Rockets	8.12	844.48
rockets	gameData/Weapons/rocketGuns/us_5_in_hvar_2.blk	14		14x HVAR rockets	Rockets	62.8	879.2
rockets	gameData/Weapons/containers/mer_lau_10a_mk34_ffar_mighty_mouse.blk	1	nar_special_group_x3	Zuni Mk34 (Smoke) rockets x4 x3	Rockets	881.276	881.276
rockets	gameData/Weapons/rocketGuns/us_2_75_in_ffar_mighty_mouse.blk	104		104x FFAR Mighty Mouse rockets	Rockets	8.981	934.037
rockets	gameData/Weapons/rocketGuns/uk_rp3.blk	23		15x 1000 lb M.C. Mk.I bomb; 8x RP-3 rockets	Rockets	43.1	991.3
rockets	gameData/Weapons/rocketGuns/us_5_in_hvar_b.blk	16		8x HVAR rockets; 8x HVAR rockets	Rockets	62.8	1004.8
rockets	gameData/Weapons/containers/b13l_s13of.blk	2	nar_he_special_group	S-13OF rockets x5	Rockets	505	1010
rockets	gameData/Weapons/rocketGuns/uk_rp3_4b.blk	24		12x RP-3 rockets; 12x RP-3 rockets	Rockets	43.1	1034.4
rockets	gameData/weapons/rocketGuns/us_11_75_in_tiny_tim.blk	2		2x Tiny Tim rockets	Rockets	534.15	1068.3
rockets	gameData/Weapons/rocketGuns/uk_rp3.blk	26		18x G.P. 250 lb Mk.IV bomb; 8x RP-3 rockets	Rockets	43.1	1120.6
rockets	gameData/Weapons/rocketGuns/uk_rp3.blk	33		25x 500 lb H.E. M.C. Mk.II bomb; 8x RP-3 rockets	Rockets	43.1	1422.3
rockets	gameData/Weapons/rocketGuns/uk_uncle_tom_a.blk	4		2x Uncle Tom rockets; 2x Uncle Tom rockets	Rockets	467.2	1868.8
rockets	gameData/Weapons/rocketGuns/us_5_in_hvar_b.blk	120		104x FFAR Mighty Mouse rockets; 8x HVAR rockets; 8x HVAR rockets	Rockets	62.8	7536
targetingPod	gameData/Weapons/equipment/su_apk_9.blk	1	rls	APK-9 targeting pod	Targeting & Sensor Pods	20	20
targetingPod	gameData/Weapons/equipment/it_aspide_control_station.blk	1	rls	Aspide aim block	Targeting & Sensor Pods	20	20
targetingPod	gameData/Weapons/equipment/su_delta_ng_station.blk	1	rls	Delta-NG targeting pod	Targeting & Sensor Pods	20	20
targetingPod	gameData/Weapons/equipment/cn_k_pzs_01_targeting_pod.blk	1	flir_container	K/PZS-01 targeting pod	Targeting & Sensor Pods	20	20
targetingPod	gameData/Weapons/equipment/su_phantasmagoria_a.blk	1	rls_type_s	Phantasmagoria-A targeting pod	Targeting & Sensor Pods	20	20
targetingPod	gameData/Weapons/equipment/su_phantasmagoria_b_beck.blk	1	rls_type_c	Phantasmagoria-B targeting pod	Targeting & Sensor Pods	20	20
targetingPod	gameData/Weapons/equipment/su_phantasmagoria_b_front.blk	1	rls_type_b	Phantasmagoria-B targeting pod	Targeting & Sensor Pods	20	20
targetingPod	gameData/Weapons/equipment/su_projector_1.blk	1	rls	Projector-1 targeting pod	Targeting & Sensor Pods	20	20
targetingPod	gameData/Weapons/equipment/us_agm_12b_station.blk	1	rls	Targeting pod	Targeting & Sensor Pods	20	20
targetingPod	gameData/Weapons/equipment/us_an_asq_213.blk	1	rls_type_	AN/ASQ-213 R5 HARM targeting pod	Targeting & Sensor Pods	41	41
targetingPod	gameData/Weapons/equipment/rls_kopio_25.blk	1	rls	Kopyo-25 radar pod	Targeting & Sensor Pods	90	90
targetingPod	gameData/Weapons/equipment/ch_kd88_datalink_pod.blk	1	rls	Data Link pod	Targeting & Sensor Pods	100	100
targetingPod	gameData/Weapons/equipment/uk_atlis2_targeting_pod.blk	1	optic_container	ATLIS II targeting pod	Targeting & Sensor Pods	120	120
targetingPod	gameData/Weapons/equipment/uk_tiald_targeting_pod.blk	1	flir_container	TIALD targeting pod	Targeting & Sensor Pods	120	120
targetingPod	gameData/Weapons/equipment/jp_i_aaq2_targeting_pod.blk	1	flir_container	J/AAQ-2 targeting pod	Targeting & Sensor Pods	145	145
targetingPod	gameData/Weapons/equipment/an_aas_38.blk	1	flir_container	AN/AAS-38 optical pod	Targeting & Sensor Pods	158	158
targetingPod	gameData/Weapons/equipment/an_aas_38a.blk	1	flir_container	AN/AAS-38A targeting pod	Targeting & Sensor Pods	158	158
targetingPod	gameData/Weapons/equipment/an_aas_38b.blk	1	flir_container	AN/AAS-38B targeting pod	Targeting & Sensor Pods	158	158
targetingPod	gameData/Weapons/equipment/an_asq_228_pod.blk	1	flir_container	ATFLIR targeting pod	Targeting & Sensor Pods	192	192
targetingPod	gameData/Weapons/equipment/su_l_066_viuga.blk	1	rls_type_s	L-066 "Viuga" targeting pod	Targeting & Sensor Pods	200	200
targetingPod	gameData/Weapons/equipment/su_l_086_viuga_17.blk	1	rls_type_s	L-086 "Viuga-17" targeting pod	Targeting & Sensor Pods	200	200
targetingPod	gameData/Weapons/equipment/us_sniper_atp_targeting_pod.blk	1	flir_container	Sniper targeting pod	Targeting & Sensor Pods	202	202
targetingPod	gameData/Weapons/equipment/gr_litening_pod_targeting_pod.blk	1	flir_container	LITENING II targeting pod	Targeting & Sensor Pods	208	208
targetingPod	gameData/Weapons/equipment/gr_litening_iii_targeting_pod.blk	1	flir_container	LITENING III targeting pod	Targeting & Sensor Pods	208	208
targetingPod	gameData/Weapons/equipment/us_pave_spike_targeting_pod.blk	1	optic_container	Pave Spike targeting pod	Targeting & Sensor Pods	209	209
targetingPod	gameData/Weapons/equipment/us_pave_tack_targeting_pod.blk	1	flir_container	Pave Tack targeting pod	Targeting & Sensor Pods	209	209
targetingPod	gameData/Weapons/equipment/an_aaq_25_lantirn.blk	1	flir_container	LANTIRN targeting pod	Targeting & Sensor Pods	211.5	211.5
targetingPod	gameData/Weapons/equipment/ntps_mercury.blk	1	night_container	Mercury targeting pod	Targeting & Sensor Pods	211.5	211.5
targetingPod	gameData/Weapons/equipment/cn_k_adc03a_targeting_pod.blk	1	flir_container	K/ADC03A targeting pod	Targeting & Sensor Pods	227	227
targetingPod	gameData/Weapons/equipment/cn_yings_3a_targeting_pod.blk	1	flir_container	YINGS-III targeting pod	Targeting & Sensor Pods	227	227
targetingPod	gameData/Weapons/equipment/it_cldp_targeting_pod.blk	1	flir_container	CLDP targeting pod	Targeting & Sensor Pods	230	230
targetingPod	gameData/Weapons/equipment/uk_data_lin_pod.blk	1	rls	Data link pod	Targeting & Sensor Pods	239.043	239.043
targetingPod	gameData/Weapons/equipment/tr_aselpod.blk	1	flir_container	ASELPOD targeting pod	Targeting & Sensor Pods	240	240
targetingPod	gameData/Weapons/equipment/su_l_080_a.blk	1	rls_type_s	L-080 A' "Fantasmagoria-A" targeting pod	Targeting & Sensor Pods	250	250
targetingPod	gameData/Weapons/equipment/su_l_081_b.blk	1	rls_type_b	L-081 B "Fantasmagoria-B" targeting pod	Targeting & Sensor Pods	250	250
targetingPod	gameData/Weapons/equipment/su_l_081_c.blk	1	rls_type_	L-081 C "Fantasmagoria-B" targeting pod	Targeting & Sensor Pods	250	250
targetingPod	gameData/Weapons/equipment/fr_damocles_pod_targeting_pod.blk	1	flir_container	DAMOCLES targeting pod	Targeting & Sensor Pods	265	265
targetingPod	gameData/Weapons/equipment/su_t_220_targeting_pod.blk	1	flir_container	T220 targeting pod	Targeting & Sensor Pods	265	265
targetingPod	gameData/Weapons/equipment/fr_talios_pod_targeting_pod.blk	1	flir_container	TALIOS targeting pod	Targeting & Sensor Pods	265	265
targetingPod	gameData/Weapons/equipment/us_lana_flir_pod.blk	1	night_container	LANA Flir Navigation Pod	Targeting & Sensor Pods	322.051	322.051
torpedoes	gameData/Weapons/torpedoes/test_torpedo.blk	2		2x Test Torpedo	Torpedoes	100	200
torpedoes	gameData/Weapons/torpedoes/fr_400_mle_1926da_torpedo.blk	1	air_torpedo	400 mm 1926DA torpedo	Torpedoes	674	674
torpedoes	gameData/Weapons/torpedoes/uk_mk12_torpedo.blk	1	air_torpedo	18 inch Mark XII torpedo (1548 lbs)	Torpedoes	702	702
torpedoes	gameData/Weapons/torpedoes/de_450_torpedo_f5b.blk	1		F5b torpedo	Torpedoes	752	752
torpedoes	gameData/Weapons/torpedoes/swd_m38_torpedo.blk	1		m/38 torpedo	Torpedoes	805	805
torpedoes	gameData/Weapons/torpedoes/uk_mk15_torpedo.blk	1	air_torpedo	18 inch Mark XV torpedo (1801 lbs)	Torpedoes	816	816
torpedoes	gameData/Weapons/torpedoes/uk_mk15_torpedo_no_stab.blk	1		18 inch Mark XV torpedo (1801 lbs)	Torpedoes	816	816
torpedoes	gameData/Weapons/torpedoes/jp_type91mod2_torpedo.blk	1		Type 91 Model 2 torpedo (835 kg)	Torpedoes	835	835
torpedoes	gameData/Weapons/torpedoes/jp_type91mod3_torpedo.blk	1		Type 91 Model 3 torpedo (850 kg)	Torpedoes	850	850
torpedoes	gameData/Weapons/torpedoes/swd_m41_torpedo.blk	1		m/41 torpedo	Torpedoes	853	853
torpedoes	gameData/Weapons/torpedoes/us_mk13_mod1.blk	1		Mk.13-1 torpedo (2216 lbs)	Torpedoes	884.05	884.05
torpedoes	gameData/Weapons/torpedoes/us_mk13_torpedo_no_case.blk	1	air_torpedo	Mk.13-6 torpedo (2216 lbs)	Torpedoes	884.05	884.05
torpedoes	gameData/Weapons/torpedoes/it_f200_450_torpedo_no_fin.blk	1	air_torpedo	450 mm W 170/450/5.46 torpedo	Torpedoes	905	905
torpedoes	gameData/Weapons/torpedoes/it_f200_450_torpedo.blk	1		450 mm W 170/450/5.46 torpedo	Torpedoes	905	905
torpedoes	gameData/Weapons/torpedoes/de_f5w_torpedo.blk	1	air_torpedo	F5W torpedo	Torpedoes	905	905
torpedoes	gameData/weapons/torpedoes/su_45_36an_1939_torpedo.blk	1	air_torpedo	450 mm 45-36AN torpedo	Torpedoes	935	935
torpedoes	gameData/weapons/torpedoes/su_45_54vt_1954_torpedo.blk	1		450 mm 45-54VT torpedo for high-altitude torpedo dropping	Torpedoes	950	950
torpedoes	gameData/Weapons/torpedoes/ussr_450mm_45_36nu_1939_torpedo.blk	1	air_torpedo	450 mm wet-heating 45-36NU torpedo	Torpedoes	951	951
torpedoes	gameData/Weapons/torpedoes/us_mk13_torpedo.blk	1	air_torpedo	Mk.13-6 Case Torpedo (2216 lbs)	Torpedoes	964.79	964.79
torpedoes	gameData/weapons/torpedoes/su_45_36man_1952_torpedo.blk	1	air_torpedo	450 mm 45-36MAN torpedo	Torpedoes	970	970
torpedoes	gameData/Weapons/torpedoes/uk_mk12_torpedo.blk	2		2x 18 inch Mark XII torpedo (1548 lbs)	Torpedoes	702	1404
torpedoes	gameData/Weapons/torpedoes/jp_type91mod2_torpedo.blk	2		2x Type 91 Model 2 torpedo (835 kg)	Torpedoes	835	1670
torpedoes	gameData/Weapons/torpedoes/jp_type91mod3_torpedo.blk	2		2x Type 91 Model 3 torpedo (850 kg)	Torpedoes	850	1700
torpedoes	gameData/Weapons/torpedoes/us_mk13_torpedo_no_case.blk	2	air_torpedo_x2	Mk.13-6 torpedo (2216 lbs)	Torpedoes	884.05	1768.1
torpedoes	gameData/Weapons/torpedoes/it_f200_450_torpedo.blk	2		2x 450 mm W 170/450/5.46 torpedo	Torpedoes	905	1810
torpedoes	gameData/Weapons/torpedoes/de_f5w_torpedo.blk	2		2x F5W torpedo	Torpedoes	905	1810
torpedoes	gameData/Weapons/torpedoes/us_mk13_torpedo.blk	2	air_torpedo_x2	Mk.13-6 Case Torpedo (2216 lbs)	Torpedoes	964.79	1929.58
torpedoes	gameData/Weapons/torpedoes/it_f200_450_torpedo.blk	3		3x 450 mm W 170/450/5.46 torpedo	Torpedoes	905	2715
